id_pili,hydrant_id_uuid,station_id_uuid,station_id,station_code,zon,no_pili,pili_num_combine,alamat,alamat2,penanda_kawasan,id_kedudukan,kedudukan,lokasi,latitud,longitud,id_negeri,state_id_uuid,negeri,id_daerah,daerah,id_pemilikan_pili,pemilikan_pili,id_status_pili,status_pili,diameter_pengeluaran,image_1,id_jenis_pili,jenis_pili,id_parlimen,parlimen,id_dun,dun,tarikh_pili,id_syarikat_air,flag_migrasi,id_bandar,bandar,city_id_uuid
337707,7d0d0918-a118-47f2-96cc-e3fa642ed6bd,94e691f5-a2ac-4fbe-bb7f-5228dc2c49f3,153,CBY,A,001,CBY-A-001,Pintu Masuk Balai Bomba Dan Penyelamat 63000 Cyberjaya,BALAI BOMBA DAN PENYELAMAT CYBERJAYA,Dalam Kawasan,3,Berhampiran,Cyberjaya,2.912785,101.656833,6,b74645e5-3ad2-4dd9-ba72-3b7eb8f16643,Selangor,72,Sepang,2,Swasta,1,Berfungsi,1766690,images/img_pili/20201219180155740.jpeg,1,Pillar Hydrant,113,Sepang,324,Dengkil,0000-00-00,0,SELANGOR_CYBERJAYA_ZON A_WANI_29052015,18,CYBERJAYA (SL),f0713184-ab0b-4409-aa47-b8af8163de67
337708,33ef621c-2de9-41fe-b6d1-f0346322d142,94e691f5-a2ac-4fbe-bb7f-5228dc2c49f3,153,CBY,A,002,CBY-A-002,Hose Tower Tengah Balai Bomba Dan Penyelamat 63000 Cyberjaya,BALAI BOMBA DAN PENYELAMAT CYBERJAYA,Dalam Kawasan,1,Hadapan,Cyberjaya,2.912785,101.656833,6,b74645e5-3ad2-4dd9-ba72-3b7eb8f16643,Selangor,72,Sepang,2,Swasta,1,Berfungsi,1766690,images/img_pili/20201219180351877.jpeg,1,Pillar Hydrant,113,Sepang,324,Dengkil,0000-00-00,0,SELANGOR_CYBERJAYA_ZON A_WANI_29052015,18,CYBERJAYA (SL),f0713184-ab0b-4409-aa47-b8af8163de67
337709,b818892f-ab37-4cbf-914f-ab69121f9e88,94e691f5-a2ac-4fbe-bb7f-5228dc2c49f3,153,CBY,A,003,CBY-A-003,Surau Balai Bomba Dan Penyelamat 63000 Cyberjaya,BALAI BOMBA DAN PENYELAMAT CYBERJAYA,Dalam Kawasan,1,Hadapan,Cyberjaya,2.912785,101.656833,6,b74645e5-3ad2-4dd9-ba72-3b7eb8f16643,Selangor,72,Sepang,1,Awam,1,Berfungsi,1766690,images/img_pili/20201219180418475.jpeg,1,Pillar Hydrant,113,Sepang,324,Dengkil,0000-00-00,0,SELANGOR_CYBERJAYA_ZON A_WANI_29052015,18,CYBERJAYA (SL),f0713184-ab0b-4409-aa47-b8af8163de67
337710,e671f792-f57f-412b-8cdf-4003f560dadd,94e691f5-a2ac-4fbe-bb7f-5228dc2c49f3,153,CBY,A,004,CBY-A-004,Kuarters Block B Balai Bomba Dan Penyelamat 63000 Cyberjaya,BALAI BOMBA DAN PENYELAMAT CYBERJAYA,Dalam Kawasan,1,Hadapan,Cyberjaya,2.912468,101.658432,6,b74645e5-3ad2-4dd9-ba72-3b7eb8f16643,Selangor,72,Sepang,2,Swasta,1,Berfungsi,1766690,images/img_pili/20201219180450743.jpeg,1,Pillar Hydrant,113,Sepang,324,Dengkil,0000-00-00,0,SELANGOR_CYBERJAYA_ZON A_WANI_29052015,18,CYBERJAYA (SL),f0713184-ab0b-4409-aa47-b8af8163de67
337711,c37d24e0-8240-4cb3-814b-aa1cb6f74bc4,94e691f5-a2ac-4fbe-bb7f-5228dc2c49f3,153,CBY,A,005,CBY-A-005,Tempat Pembuangan Sampah Block A Balai Bomba Dan Penyelamat 63000 Cyberjaya,BALAI BOMBA DAN PENYELAMAT CYBERJAYA,Dalam Kawasan,3,Berhampiran,Cyberjaya,2.912899,101.658008,6,b74645e5-3ad2-4dd9-ba72-3b7eb8f16643,Selangor,72,Sepang,2,Swasta,1,Berfungsi,1766690,images/img_pili/20201219180513235.jpeg,1,Pillar Hydrant,113,Sepang,324,Dengkil,0000-00-00,0,SELANGOR_CYBERJAYA_ZON A_WANI_29052015,18,CYBERJAYA (SL),f0713184-ab0b-4409-aa47-b8af8163de67
337712,f9281946-6314-4def-a45e-0311f4ca1f14,94e691f5-a2ac-4fbe-bb7f-5228dc2c49f3,153,CBY,A,006,CBY-A-006,Rumah Pegawai Balai Bomba Dan Penyelamat 63000 Cyberjaya,BALAI BOMBA DAN PENYELAMAT CYBERJAYA,Dalam Kawasan,1,Hadapan,Cyberjaya,2.912522,101.658624,6,b74645e5-3ad2-4dd9-ba72-3b7eb8f16643,Selangor,72,Sepang,2,Swasta,1,Berfungsi,1766690,images/img_pili/20201219180545138.jpeg,1,Pillar Hydrant,113,Sepang,324,Dengkil,0000-00-00,0,SELANGOR_CYBERJAYA_ZON A_WANI_29052015,62,SEPANG (SL),62bf9b6b-4dc0-4c5e-9eaa-4cc26d493a2e
337713,d31f0e44-ea6d-4176-84a6-c46c9570d262,94e691f5-a2ac-4fbe-bb7f-5228dc2c49f3,153,CBY,A,007,CBY-A-007,"Rumah Ketua Balai, Balai Bomba Dan Penyelamat 63000 Cyberjaya",BALAI BOMBA DAN PENYELAMAT CYBERJAYA,Dalam Kawasan,1,Hadapan,Cyberjaya,2.912522,101.658624,6,b74645e5-3ad2-4dd9-ba72-3b7eb8f16643,Selangor,72,Sepang,2,Swasta,1,Berfungsi,1766690,images/img_pili/20201219180607106.jpeg,1,Pillar Hydrant,113,Sepang,324,Dengkil,0000-00-00,0,SELANGOR_CYBERJAYA_ZON A_WANI_29052015,62,SEPANG (SL),62bf9b6b-4dc0-4c5e-9eaa-4cc26d493a2e
337714,0aebbb21-8847-4c1a-8fe8-6d183cce0416,94e691f5-a2ac-4fbe-bb7f-5228dc2c49f3,153,CBY,A,008,CBY-A-008,HADAPAN SURAU BALAI POLIS 63000 CYBERJAYA,SMART SCHOOL,Dalam Kawasan,1,Hadapan,Cyberjaya,2.90708,101.65276,6,b74645e5-3ad2-4dd9-ba72-3b7eb8f16643,Selangor,72,Sepang,2,Swasta,1,Berfungsi,1766690,,1,Pillar Hydrant,113,Sepang,324,Dengkil,0000-00-00,0,SELANGOR_CYBERJAYA_ZON A_WANI_29052015,18,CYBERJAYA (SL),f0713184-ab0b-4409-aa47-b8af8163de67
337715,66bb4ade-caac-40e6-986b-6006dbf34750,94e691f5-a2ac-4fbe-bb7f-5228dc2c49f3,153,CBY,A,009,CBY-A-009,HADAPAN DEWAN BALAI POLIS 63000 CYBERJAYA,SMART SCHOOL,BALAI POLIS,4,Tepi,Cyberjaya,2.9074,101.65244,6,b74645e5-3ad2-4dd9-ba72-3b7eb8f16643,Selangor,72,Sepang,2,Swasta,1,Berfungsi,1766690,,1,Pillar Hydrant,113,Sepang,324,Dengkil,0000-00-00,0,SELANGOR_CYBERJAYA_ZON A_WANI_29052015,18,CYBERJAYA (SL),f0713184-ab0b-4409-aa47-b8af8163de67
337716,3c38c5f6-8e46-45d1-88d4-d324be1f077f,94e691f5-a2ac-4fbe-bb7f-5228dc2c49f3,153,CBY,A,010,CBY-A-010,SEBELAH KIRI BAHAGIAN BELAKANG BLOK B1 BALAI POLIS 63000 CYBERJAYA,SMART SCHOOL,BALAI POLIS,3,Berhampiran,Cyberjaya,2.90718,101.65351,6,b74645e5-3ad2-4dd9-ba72-3b7eb8f16643,Selangor,72,Sepang,2,Swasta,1,Berfungsi,1766690,,1,Pillar Hydrant,113,Sepang,324,Dengkil,0000-00-00,0,SELANGOR_CYBERJAYA_ZON A_WANI_29052015,18,CYBERJAYA (SL),f0713184-ab0b-4409-aa47-b8af8163de67
337717,2e9d7a31-8e23-41ac-97bf-8357bc081d60,94e691f5-a2ac-4fbe-bb7f-5228dc2c49f3,153,CBY,A,011,CBY-A-011,HADAPAN RUMAH SAMPAH BELAKANG KUATERS BALAI POLIS 63000 CYBERJAYA,SMART SCHOOL,BALAI POLIS,1,Hadapan,Cyberjaya,2.90776,101.65344,6,b74645e5-3ad2-4dd9-ba72-3b7eb8f16643,Selangor,72,Sepang,2,Swasta,1,Berfungsi,1766690,,1,Pillar Hydrant,113,Sepang,324,Dengkil,0000-00-00,0,SELANGOR_CYBERJAYA_ZON A_WANI_29052015,18,CYBERJAYA (SL),f0713184-ab0b-4409-aa47-b8af8163de67
337718,628a0878-f073-49c8-a5fa-8f19da9295d5,94e691f5-a2ac-4fbe-bb7f-5228dc2c49f3,153,CBY,A,012,CBY-A-012,SEBELAH PADANG KUATERS BALAI POLIS 63000 CYBERJAYA,SMART SCHOOL,BALAI POLIS,3,Berhampiran,Cyberjaya,2.90783,101.6527,6,b74645e5-3ad2-4dd9-ba72-3b7eb8f16643,Selangor,72,Sepang,2,Swasta,1,Berfungsi,1766690,,1,Pillar Hydrant,113,Sepang,324,Dengkil,0000-00-00,0,SELANGOR_CYBERJAYA_ZON A_WANI_29052015,18,CYBERJAYA (SL),f0713184-ab0b-4409-aa47-b8af8163de67
337719,e800bf40-a3c0-4da8-93be-c3142f23cc6e,94e691f5-a2ac-4fbe-bb7f-5228dc2c49f3,153,CBY,A,013,CBY-A-013,HADAPAN PEJABAT SK CYBERJAYA 63000 CYBERJAYA,SMART SCHOOL,Dalam Kawasan,1,Hadapan,Cyberjaya,2.91921,101.63866,6,b74645e5-3ad2-4dd9-ba72-3b7eb8f16643,Selangor,72,Sepang,2,Swasta,1,Berfungsi,1766690,,1,Pillar Hydrant,113,Sepang,324,Dengkil,0000-00-00,0,SELANGOR_CYBERJAYA_ZON A_WANI_29052015,18,CYBERJAYA (SL),f0713184-ab0b-4409-aa47-b8af8163de67
337720,c8d42313-50da-40c6-8a24-7328829bf200,94e691f5-a2ac-4fbe-bb7f-5228dc2c49f3,153,CBY,A,014,CBY-A-014,SEBELAH KANTIN SK CYBERJAYA 63000 CYBERJAYA,SMART SCHOOL,Dalam Kawasan,3,Berhampiran,Cyberjaya,2.91883,101.63841,6,b74645e5-3ad2-4dd9-ba72-3b7eb8f16643,Selangor,72,Sepang,2,Swasta,2,Tidak Berfungsi,0,images/img_pili/20210103164129546.jpeg,1,Pillar Hydrant,113,Sepang,324,Dengkil,0000-00-00,0,SELANGOR_CYBERJAYA_ZON A_WANI_29052015,18,CYBERJAYA (SL),f0713184-ab0b-4409-aa47-b8af8163de67
337721,ec0f17e6-c436-4842-b7ca-a8a1a1f40509,94e691f5-a2ac-4fbe-bb7f-5228dc2c49f3,153,CBY,A,015,CBY-A-015,BERSEBELAHAN PARKING MOTOR SK CYBERJAYA 63000 CYBERJAYA,SMART SCHOOL,Dalam Kawasan,3,Berhampiran,Cyberjaya,2.91926,101.63808,6,b74645e5-3ad2-4dd9-ba72-3b7eb8f16643,Selangor,72,Sepang,1,Awam,2,Tidak Berfungsi,0,,1,Pillar Hydrant,113,Sepang,324,Dengkil,0000-00-00,0,SELANGOR_CYBERJAYA_ZON A_WANI_29052015,18,CYBERJAYA (SL),f0713184-ab0b-4409-aa47-b8af8163de67
337722,b3c4dfcb-e1f3-4e74-a16f-3c0bcd49e55a,94e691f5-a2ac-4fbe-bb7f-5228dc2c49f3,153,CBY,A,016,CBY-A-016,BERSEBELAHAN DEWAN TERBUKA SK CYBERJAYA 63000 CYBERJAYA,BESEBELAH SEK MEN CYBERJAYA,Besebelah Sek Ren Cyberjaya,3,Berhampiran,Cyberjaya,2.91964,101.63889,6,b74645e5-3ad2-4dd9-ba72-3b7eb8f16643,Selangor,72,Sepang,1,Awam,2,Tidak Berfungsi,0,,1,Pillar Hydrant,113,Sepang,324,Dengkil,0000-00-00,0,SELANGOR_CYBERJAYA_ZON A_WANI_29052015,18,CYBERJAYA (SL),f0713184-ab0b-4409-aa47-b8af8163de67
337723,a6012ded-0fd4-4156-8837-f27470c3a853,94e691f5-a2ac-4fbe-bb7f-5228dc2c49f3,153,CBY,A,017,CBY-A-017,GARAJ PARKING MOTOR S.M.K CYBERJAYA 63000 CYBERJAYA,BESEBELAH SEK MEN CYBERJAYA,Besebelah Sek Men Cyberjaya,3,Berhampiran,Cyberjaya,2.91899,101.63979,6,b74645e5-3ad2-4dd9-ba72-3b7eb8f16643,Selangor,72,Sepang,2,Swasta,1,Berfungsi,1766690,,1,Pillar Hydrant,113,Sepang,324,Dengkil,0000-00-00,0,SELANGOR_CYBERJAYA_ZON A_WANI_29052015,18,CYBERJAYA (SL),f0713184-ab0b-4409-aa47-b8af8163de67
337724,bacaf44a-ad22-4377-b187-113ca590a75a,94e691f5-a2ac-4fbe-bb7f-5228dc2c49f3,153,CBY,A,018,CBY-A-018,HADAPAN KANTIN S.M.K CYBERJAYA 63000 CYBERJAYA,SEK. MEN. Seri Puteri,Dalam Kawasan,1,Hadapan,Cyberjaya,2.91827,101.6394,6,b74645e5-3ad2-4dd9-ba72-3b7eb8f16643,Selangor,72,Sepang,1,Awam,2,Tidak Berfungsi,0,,1,Pillar Hydrant,113,Sepang,324,Dengkil,0000-00-00,0,SELANGOR_CYBERJAYA_ZON A_WANI_29052015,18,CYBERJAYA (SL),f0713184-ab0b-4409-aa47-b8af8163de67
337725,e6783e88-d7f8-4e45-aba8-76ef52feff10,94e691f5-a2ac-4fbe-bb7f-5228dc2c49f3,153,CBY,A,019,CBY-A-019,HADAPAN PEJABAT S.M.K CYBERJAYA 63000 CYBERJAYA,SEK. MEN. Seri Puteri,Dalam Kawasan,1,Hadapan,Cyberjaya,2.91917,101.63919,6,b74645e5-3ad2-4dd9-ba72-3b7eb8f16643,Selangor,72,Sepang,1,Awam,1,Berfungsi,1766690,,1,Pillar Hydrant,113,Sepang,324,Dengkil,0000-00-00,0,SELANGOR_CYBERJAYA_ZON A_WANI_29052015,18,CYBERJAYA (SL),f0713184-ab0b-4409-aa47-b8af8163de67
337726,358a9673-9810-4b27-82c8-553cc94f5a90,94e691f5-a2ac-4fbe-bb7f-5228dc2c49f3,153,CBY,A,020,CBY-A-020,HADAPAN RUMAH SAMPAH S.M.K CYBERJAYA 63000 CYBERJAYA,SEK. MEN. Seri Puteri,Dalam Kawasan,1,Hadapan,Cyberjaya,2.91984,101.64008,6,b74645e5-3ad2-4dd9-ba72-3b7eb8f16643,Selangor,72,Sepang,1,Awam,2,Tidak Berfungsi,0,,1,Pillar Hydrant,113,Sepang,324,Dengkil,0000-00-00,0,SELANGOR_CYBERJAYA_ZON A_WANI_29052015,18,CYBERJAYA (SL),f0713184-ab0b-4409-aa47-b8af8163de67
337727,d05722c2-b8a7-458d-ae7d-93106489a121,94e691f5-a2ac-4fbe-bb7f-5228dc2c49f3,153,CBY,A,021,CBY-A-021,HADAPAN DEWAN SJK© CYBERJAYA 63000 CYBERJAYA,SEK. MEN. Seri Puteri,SEKOLAH,1,Hadapan,Cyberjaya,2.92584,101.63007,6,b74645e5-3ad2-4dd9-ba72-3b7eb8f16643,Selangor,72,Sepang,1,Awam,1,Berfungsi,1666510,,1,Pillar Hydrant,113,Sepang,324,Dengkil,0000-00-00,0,SELANGOR_CYBERJAYA_ZON A_WANI_29052015,18,CYBERJAYA (SL),f0713184-ab0b-4409-aa47-b8af8163de67
337728,ea4a5195-a493-4a41-ac42-4124c64754aa,94e691f5-a2ac-4fbe-bb7f-5228dc2c49f3,153,CBY,A,022,CBY-A-022,SEBELAH GELANGGANG BOLA KERANJANG SJK© CYBERJAYA 63000 CYBERJAYA,SEK. MEN. Seri Puteri,Dalam Kawasan,3,Berhampiran,Cyberjaya,2.92643,101.63002,6,b74645e5-3ad2-4dd9-ba72-3b7eb8f16643,Selangor,72,Sepang,1,Awam,1,Berfungsi,1666510,,1,Pillar Hydrant,113,Sepang,324,Dengkil,0000-00-00,0,SELANGOR_CYBERJAYA_ZON A_WANI_29052015,18,CYBERJAYA (SL),f0713184-ab0b-4409-aa47-b8af8163de67
337729,9964b6d9-7dde-4315-b0e5-bc354b8aaae1,94e691f5-a2ac-4fbe-bb7f-5228dc2c49f3,153,CBY,A,023,CBY-A-023,BELAKANG KANTIN SJK© CYBERJAYA 63000 CYBERJAYA,SEK. MEN. Seri Puteri,SEKOLAH,2,Belakang,Cyberjaya,2.92653,101.63053,6,b74645e5-3ad2-4dd9-ba72-3b7eb8f16643,Selangor,72,Sepang,1,Awam,1,Berfungsi,1666510,,1,Pillar Hydrant,113,Sepang,324,Dengkil,0000-00-00,0,SELANGOR_CYBERJAYA_ZON A_WANI_29052015,18,CYBERJAYA (SL),f0713184-ab0b-4409-aa47-b8af8163de67
337730,2b1c6961-07f9-403b-97ee-4f4ff0e7ea61,94e691f5-a2ac-4fbe-bb7f-5228dc2c49f3,153,CBY,A,024,CBY-A-024,SEBELAH LOBI SJK© CYBERJAYA 63000 CYBERJAYA,SEK. MEN. Seri Puteri,SEKOLAH,3,Berhampiran,Cyberjaya,2.92584,101.63007,6,b74645e5-3ad2-4dd9-ba72-3b7eb8f16643,Selangor,72,Sepang,1,Awam,1,Berfungsi,1666510,,1,Pillar Hydrant,113,Sepang,324,Dengkil,0000-00-00,0,SELANGOR_CYBERJAYA_ZON A_WANI_29052015,18,CYBERJAYA (SL),f0713184-ab0b-4409-aa47-b8af8163de67
337731,1ac2e522-a805-4c55-9b45-6bb647a7f7a4,94e691f5-a2ac-4fbe-bb7f-5228dc2c49f3,153,CBY,A,025,CBY-A-025,BERDEKATAN LOBI/PINTU MASUK  UTAMA BANGUNAN PEJABAT SEKOLAH SERI PUTERI 63000 CYBERJAYA,SEK. MEN. Seri Puteri,SEKOLAH,3,Berhampiran,Cyberjaya,2.91069,101.66402,6,b74645e5-3ad2-4dd9-ba72-3b7eb8f16643,Selangor,72,Sepang,1,Awam,1,Berfungsi,1666510,,1,Pillar Hydrant,113,Sepang,324,Dengkil,0000-00-00,0,SELANGOR_CYBERJAYA_ZON A_WANI_29052015,18,CYBERJAYA (SL),f0713184-ab0b-4409-aa47-b8af8163de67
337732,73af7f89-2ef9-4d96-8683-f90622bc61d2,94e691f5-a2ac-4fbe-bb7f-5228dc2c49f3,153,CBY,A,026,CBY-A-026,BERDEKATAN FEEDER PILLAR FP-CL 1 SEKOLAH SERI PUTERI 63000 CYBERJAYA,SEK. MEN. Seri Puteri,SEKOLAH,3,Berhampiran,Cyberjaya,2.91088,101.66334,6,b74645e5-3ad2-4dd9-ba72-3b7eb8f16643,Selangor,72,Sepang,1,Awam,1,Berfungsi,1766690,,1,Pillar Hydrant,113,Sepang,324,Dengkil,0000-00-00,0,SELANGOR_CYBERJAYA_ZON A_WANI_29052015,18,CYBERJAYA (SL),f0713184-ab0b-4409-aa47-b8af8163de67
337733,3c3fa75e-7eb6-42b4-9a10-1a04667d9d18,94e691f5-a2ac-4fbe-bb7f-5228dc2c49f3,153,CBY,A,027,CBY-A-027,BERDEKATAN STESEN SERVIS GAS SEKOLAH SERI PUTERI 63000 CYBERJAYA,PROMENADE LAKESIDE TIMUR,SEKOLAH,3,Berhampiran,Cyberjaya,2.91144,101.66267,6,b74645e5-3ad2-4dd9-ba72-3b7eb8f16643,Selangor,72,Sepang,1,Awam,1,Berfungsi,1766690,,1,Pillar Hydrant,113,Sepang,324,Dengkil,0000-00-00,0,SELANGOR_CYBERJAYA_ZON A_WANI_29052015,18,CYBERJAYA (SL),f0713184-ab0b-4409-aa47-b8af8163de67
337734,69d23f0e-2a4b-4dd2-a312-b225e5c1e90b,94e691f5-a2ac-4fbe-bb7f-5228dc2c49f3,153,CBY,A,028,CBY-A-028,BELAKANG DEWAN KULIAH SEKOLAH SERI PUTERI 63000 CYBERJAYA,PROMENADE LAKESIDE TIMUR,Dalam Kawasan,2,Belakang,Cyberjaya,2.91217,101.66317,6,b74645e5-3ad2-4dd9-ba72-3b7eb8f16643,Selangor,72,Sepang,1,Awam,1,Berfungsi,1766690,,1,Pillar Hydrant,113,Sepang,324,Dengkil,0000-00-00,0,SELANGOR_CYBERJAYA_ZON A_WANI_29052015,18,CYBERJAYA (SL),f0713184-ab0b-4409-aa47-b8af8163de67
337735,c3f11007-c65e-4d8e-aa04-1af68b14eb77,94e691f5-a2ac-4fbe-bb7f-5228dc2c49f3,153,CBY,A,029,CBY-A-029,BERSEBELAHAN DEWAN MAKAN/GELANGGANG SEKOLAH SERI PUTERI 63000 CYBERJAYA,PROMENADE LAKESIDE TIMUR,SEKOLAH,3,Berhampiran,Cyberjaya,2.9121,101.66375,6,b74645e5-3ad2-4dd9-ba72-3b7eb8f16643,Selangor,72,Sepang,2,Swasta,1,Berfungsi,1766690,,1,Pillar Hydrant,113,Sepang,324,Dengkil,0000-00-00,0,SELANGOR_CYBERJAYA_ZON A_WANI_29052015,18,CYBERJAYA (SL),f0713184-ab0b-4409-aa47-b8af8163de67
337736,7efd3e3b-ad60-4d17-87b7-d6c6bbcba130,94e691f5-a2ac-4fbe-bb7f-5228dc2c49f3,153,CBY,A,030,CBY-A-030,BERSEBELAHAN PARKING BAS SEKOLAH SERI PUTERI 63000 CYBERJAYA,PROMENADE LAKESIDE TIMUR,SEKOLAH,3,Berhampiran,Cyberjaya,2.91287,101.6637,6,b74645e5-3ad2-4dd9-ba72-3b7eb8f16643,Selangor,72,Sepang,1,Awam,1,Berfungsi,1766690,,1,Pillar Hydrant,113,Sepang,324,Dengkil,0000-00-00,0,SELANGOR_CYBERJAYA_ZON A_WANI_29052015,18,CYBERJAYA (SL),f0713184-ab0b-4409-aa47-b8af8163de67
337737,4c66d880-e7eb-42a0-abdb-cfc0ebeabef8,94e691f5-a2ac-4fbe-bb7f-5228dc2c49f3,153,CBY,A,031,CBY-A-031,HADAPAN RUMAH SAMPAH BELAKANG ASRAMA RUBY SEKOLAH SERI PUTERI 63000 CYBERJAYA,PROMENADE LAKESIDE TIMUR,SEKOLAH,1,Hadapan,Cyberjaya,2.91339,101.66421,6,b74645e5-3ad2-4dd9-ba72-3b7eb8f16643,Selangor,72,Sepang,2,Swasta,1,Berfungsi,1766690,,1,Pillar Hydrant,113,Sepang,324,Dengkil,0000-00-00,0,SELANGOR_CYBERJAYA_ZON A_WANI_29052015,18,CYBERJAYA (SL),f0713184-ab0b-4409-aa47-b8af8163de67
337738,c4bdd672-061d-4e14-9574-f79baede7a57,94e691f5-a2ac-4fbe-bb7f-5228dc2c49f3,153,CBY,A,032,CBY-A-032,BERSEBELAHAN DEWAN BERHAMPIRAN TREK BALAPAN SERI PUTERI 63000 CYBERJAYA,PROMENADE LAKESIDE TIMUR,SEKOLAH,3,Berhampiran,Cyberjaya,2.9112,101.66467,6,b74645e5-3ad2-4dd9-ba72-3b7eb8f16643,Selangor,72,Sepang,1,Awam,1,Berfungsi,1766690,,1,Pillar Hydrant,113,Sepang,324,Dengkil,0000-00-00,0,SELANGOR_CYBERJAYA_ZON A_WANI_29052015,18,CYBERJAYA (SL),f0713184-ab0b-4409-aa47-b8af8163de67
337739,a29b58d2-a217-4b19-a50d-de5db9ebb5c3,94e691f5-a2ac-4fbe-bb7f-5228dc2c49f3,153,CBY,A,033,CBY-A-033,BERSEBELAHAN BLOK ASRAMA BERDEKATAN TREK BALAPAN SERI PUTERI 63000 CYBERJAYA,PROMENADE LAKESIDE TIMUR,Dalam Kawasan,3,Berhampiran,Cyberjaya,2.91289,101.66493,6,b74645e5-3ad2-4dd9-ba72-3b7eb8f16643,Selangor,72,Sepang,1,Awam,1,Berfungsi,1766690,,1,Pillar Hydrant,113,Sepang,324,Dengkil,0000-00-00,0,SELANGOR_CYBERJAYA_ZON A_WANI_29052015,18,CYBERJAYA (SL),f0713184-ab0b-4409-aa47-b8af8163de67
337740,0769d2e0-1f86-4aed-812b-0127d7f5edfc,94e691f5-a2ac-4fbe-bb7f-5228dc2c49f3,153,CBY,A,034,CBY-A-034,BERSEBELAHAN KUARTERS GURU BLOK B SERI PUTERI 63000 CYBERJAYA,PROMENADE LAKESIDE TIMUR,SEKOLAH,3,Berhampiran,Cyberjaya,2.91115,101.66528,6,b74645e5-3ad2-4dd9-ba72-3b7eb8f16643,Selangor,72,Sepang,1,Awam,1,Berfungsi,1766690,,1,Pillar Hydrant,113,Sepang,324,Dengkil,0000-00-00,0,SELANGOR_CYBERJAYA_ZON A_WANI_29052015,18,CYBERJAYA (SL),f0713184-ab0b-4409-aa47-b8af8163de67
337741,1287cde3-945e-4f22-ae2b-433b69518f4d,94e691f5-a2ac-4fbe-bb7f-5228dc2c49f3,153,CBY,A,035,CBY-A-035,BERSEBELAHAN KUARTERS GURU BLOK C SERI PUTERI 63000 CYBERJAYA,PROMENADE LAKESIDE TIMUR,SEKOLAH,3,Berhampiran,Cyberjaya,2.91071,101.66459,6,b74645e5-3ad2-4dd9-ba72-3b7eb8f16643,Selangor,72,Sepang,1,Awam,1,Berfungsi,1766690,,1,Pillar Hydrant,113,Sepang,324,Dengkil,0000-00-00,0,SELANGOR_CYBERJAYA_ZON A_WANI_29052015,18,CYBERJAYA (SL),f0713184-ab0b-4409-aa47-b8af8163de67
337742,1792a5b3-3a5d-4504-b9a4-e57e58f13a8b,94e691f5-a2ac-4fbe-bb7f-5228dc2c49f3,153,CBY,A,036,CBY-A-036,HADAPAN RUMAH TNB JLN SERI TASIK BARAT 63000 CYBERJAYA,PROMENADE LAKESIDE TIMUR,Dalam Kawasan,1,Hadapan,Cyberjaya,2.91298,101.66595,6,b74645e5-3ad2-4dd9-ba72-3b7eb8f16643,Selangor,72,Sepang,1,Awam,1,Berfungsi,1766690,,1,Pillar Hydrant,113,Sepang,324,Dengkil,0000-00-00,0,SELANGOR_CYBERJAYA_ZON A_WANI_29052015,18,CYBERJAYA (SL),f0713184-ab0b-4409-aa47-b8af8163de67
337743,accddb27-5b7c-4eb2-a01a-2518d539a9f6,94e691f5-a2ac-4fbe-bb7f-5228dc2c49f3,153,CBY,A,037,CBY-A-037,JLN MASUK SEBELAH KANAN HADAPAN LOT KOSONG JLN SERI TASIK BARAT 63000 CYBERJAYA,PROMENADE LAKESIDE TIMUR,Dalam Kawasan,6,Kanan,Cyberjaya,2.91218,101.66671,6,b74645e5-3ad2-4dd9-ba72-3b7eb8f16643,Selangor,72,Sepang,1,Awam,1,Berfungsi,1766690,,1,Pillar Hydrant,113,Sepang,324,Dengkil,0000-00-00,0,SELANGOR_CYBERJAYA_ZON A_WANI_29052015,18,CYBERJAYA (SL),f0713184-ab0b-4409-aa47-b8af8163de67
337744,7b31e74e-044f-41be-9e61-cd11151afc46,94e691f5-a2ac-4fbe-bb7f-5228dc2c49f3,153,CBY,A,038,CBY-A-038,HADAPAN LOT 16 JLN SERI TASIK BARAT 63000 CYBERJAYA,PROMENADE LAKESIDE TIMUR,Dalam Kawasan,1,Hadapan,Cyberjaya,2.91134,101.6671,6,b74645e5-3ad2-4dd9-ba72-3b7eb8f16643,Selangor,72,Sepang,1,Awam,1,Berfungsi,1766690,,1,Pillar Hydrant,113,Sepang,324,Dengkil,0000-00-00,0,SELANGOR_CYBERJAYA_ZON A_WANI_29052015,18,CYBERJAYA (SL),f0713184-ab0b-4409-aa47-b8af8163de67
337745,dae4acbb-f045-4d2e-a805-f4b6e6837fe5,94e691f5-a2ac-4fbe-bb7f-5228dc2c49f3,153,CBY,A,039,CBY-A-039,SEBELAH FEEDER PILLAR ROSAK JLN SERI TASIK BARAT 63000 CYBERJAYA,PROMENADE LAKESIDE TIMUR,Dalam Kawasan,3,Berhampiran,Cyberjaya,2.91072,101.66755,6,b74645e5-3ad2-4dd9-ba72-3b7eb8f16643,Selangor,72,Sepang,1,Awam,1,Berfungsi,1766690,,1,Pillar Hydrant,113,Sepang,324,Dengkil,0000-00-00,0,SELANGOR_CYBERJAYA_ZON A_WANI_29052015,18,CYBERJAYA (SL),f0713184-ab0b-4409-aa47-b8af8163de67
337746,cb55cabe-4ac4-4a8d-9e2d-2e9f5c6783d2,94e691f5-a2ac-4fbe-bb7f-5228dc2c49f3,153,CBY,A,040,CBY-A-040,HADAPAN RUMAH LOT 23 JLN SERI TASIK BARAT 63000 CYBERJAYA,PROMENADE LAKESIDE TIMUR,Dalam Kawasan,1,Hadapan,Cyberjaya,2.91071,101.6682,6,b74645e5-3ad2-4dd9-ba72-3b7eb8f16643,Selangor,72,Sepang,1,Awam,1,Berfungsi,1766690,,1,Pillar Hydrant,113,Sepang,324,Dengkil,0000-00-00,0,SELANGOR_CYBERJAYA_ZON A_WANI_29052015,18,CYBERJAYA (SL),f0713184-ab0b-4409-aa47-b8af8163de67
337747,f8b3c2fb-4f42-4012-bedb-6f620ecace6a,94e691f5-a2ac-4fbe-bb7f-5228dc2c49f3,153,CBY,A,041,CBY-A-041,HADAPAN RUMAH LOT 27 JLN SERI TASIK BARAT 63000 CYBERJAYA,PROMENADE LAKESIDE TIMUR,Dalam Kawasan,1,Hadapan,Cyberjaya,2.91126,101.66879,6,b74645e5-3ad2-4dd9-ba72-3b7eb8f16643,Selangor,72,Sepang,1,Awam,1,Berfungsi,1766690,,1,Pillar Hydrant,113,Sepang,324,Dengkil,0000-00-00,0,SELANGOR_CYBERJAYA_ZON A_WANI_29052015,18,CYBERJAYA (SL),f0713184-ab0b-4409-aa47-b8af8163de67
337748,96027eda-8ea6-4f2c-b8ea-70b00a98461a,94e691f5-a2ac-4fbe-bb7f-5228dc2c49f3,153,CBY,A,042,CBY-A-042,HADAPAN LOT 40/42 JLN SERI TASIK BARAT 63000 CYBERJAYA,PROMENADE LAKESIDE TIMUR,Dalam Kawasan,1,Hadapan,Cyberjaya,2.91221,101.66865,6,b74645e5-3ad2-4dd9-ba72-3b7eb8f16643,Selangor,72,Sepang,1,Awam,1,Berfungsi,1766690,,1,Pillar Hydrant,113,Sepang,324,Dengkil,0000-00-00,0,SELANGOR_CYBERJAYA_ZON A_WANI_29052015,18,CYBERJAYA (SL),f0713184-ab0b-4409-aa47-b8af8163de67
337749,61b0dd4c-37dc-4343-93dc-5470035556e8,94e691f5-a2ac-4fbe-bb7f-5228dc2c49f3,153,CBY,A,043,CBY-A-043,SEBELAH TIANG LAMPU FP2 JLN SERI TASIK BARAT 63000 CYBERJAYA,PROMENADE LAKESIDE TIMUR,Dalam Kawasan,1,Hadapan,Cyberjaya,2.91342,101.66821,6,b74645e5-3ad2-4dd9-ba72-3b7eb8f16643,Selangor,72,Sepang,1,Awam,1,Berfungsi,1766690,,1,Pillar Hydrant,113,Sepang,324,Dengkil,0000-00-00,0,SELANGOR_CYBERJAYA_ZON A_WANI_29052015,18,CYBERJAYA (SL),f0713184-ab0b-4409-aa47-b8af8163de67
337750,bbcd14ba-1dfd-4f8b-8e38-76e7e49bffbc,94e691f5-a2ac-4fbe-bb7f-5228dc2c49f3,153,CBY,A,044,CBY-A-044,HADAPAN LOT 3A JLN SERI TASIK BARAT 63000 CYBERJAYA,PROMENADE LAKESIDE TIMUR,Dalam Kawasan,1,Hadapan,Cyberjaya,2.91321,101.66719,6,b74645e5-3ad2-4dd9-ba72-3b7eb8f16643,Selangor,72,Sepang,1,Awam,1,Berfungsi,1766690,,1,Pillar Hydrant,113,Sepang,324,Dengkil,0000-00-00,0,SELANGOR_CYBERJAYA_ZON A_WANI_29052015,18,CYBERJAYA (SL),f0713184-ab0b-4409-aa47-b8af8163de67
337751,ade48554-0ffd-4af7-ac71-afd092dd4b46,94e691f5-a2ac-4fbe-bb7f-5228dc2c49f3,153,CBY,A,045,CBY-A-045,HADAPAN SIMPANG 3 JLN SERI TASIK BARAT 63000 CYBERJAYA,PROMENADE LAKESIDE TIMUR,Dalam Kawasan,1,Hadapan,Cyberjaya,2.91285,101.66645,6,b74645e5-3ad2-4dd9-ba72-3b7eb8f16643,Selangor,72,Sepang,1,Awam,1,Berfungsi,1766690,,1,Pillar Hydrant,113,Sepang,324,Dengkil,0000-00-00,0,SELANGOR_CYBERJAYA_ZON A_WANI_29052015,18,CYBERJAYA (SL),f0713184-ab0b-4409-aa47-b8af8163de67
337752,e83db783-a010-419c-8beb-ce12fce2ee11,94e691f5-a2ac-4fbe-bb7f-5228dc2c49f3,153,CBY,A,046,CBY-A-046,HADAPAN RUMAH NO.1 JLN MIRAGE 4 63000 CYBERJAYA,PROMENADE LAKESIDE TIMUR,Dalam Kawasan,1,Hadapan,Cyberjaya,2.91455,101.66661,6,b74645e5-3ad2-4dd9-ba72-3b7eb8f16643,Selangor,72,Sepang,1,Awam,2,Tidak Berfungsi,0,,1,Pillar Hydrant,113,Sepang,324,Dengkil,0000-00-00,0,SELANGOR_CYBERJAYA_ZON A_WANI_29052015,18,CYBERJAYA (SL),f0713184-ab0b-4409-aa47-b8af8163de67
337753,c7aa9e58-e5eb-473e-ae26-ebaa446857e3,94e691f5-a2ac-4fbe-bb7f-5228dc2c49f3,153,CBY,A,047,CBY-A-047,HADAPAN RUMAH NO.19 JLN MIRAGE 4 63000 CYBERJAYA,BALAI POLIS CYBERJAYA,Dalam Kawasan,1,Hadapan,Cyberjaya,2.91388,101.66641,6,b74645e5-3ad2-4dd9-ba72-3b7eb8f16643,Selangor,72,Sepang,1,Awam,1,Berfungsi,1766690,,1,Pillar Hydrant,113,Sepang,324,Dengkil,0000-00-00,0,SELANGOR_CYBERJAYA_ZON A_WANI_29052015,18,CYBERJAYA (SL),f0713184-ab0b-4409-aa47-b8af8163de67
337754,7a9843d5-e1b2-4ee9-bcb4-069c9e1a9424,94e691f5-a2ac-4fbe-bb7f-5228dc2c49f3,153,CBY,A,048,CBY-A-048,HADAPAN RUMAH NO.52 JLN MIRAGE 1 63000 CYBERJAYA,BALAI POLIS CYBERJAYA,Dalam Kawasan,1,Hadapan,Cyberjaya,2.91498,101.66584,6,b74645e5-3ad2-4dd9-ba72-3b7eb8f16643,Selangor,72,Sepang,1,Awam,1,Berfungsi,1766690,,1,Pillar Hydrant,113,Sepang,324,Dengkil,0000-00-00,0,SELANGOR_CYBERJAYA_ZON A_WANI_29052015,18,CYBERJAYA (SL),f0713184-ab0b-4409-aa47-b8af8163de67
337755,2083936b-c271-4d30-b76a-3ef960ac01d7,94e691f5-a2ac-4fbe-bb7f-5228dc2c49f3,153,CBY,A,049,CBY-A-049,HADAPAN RUMAH NO.22A JLN MIRAGE 1 63000 CYBERJAYA,BALAI POLIS CYBERJAYA,Dalam Kawasan,1,Hadapan,Cyberjaya,2.91541,101.66665,6,b74645e5-3ad2-4dd9-ba72-3b7eb8f16643,Selangor,72,Sepang,1,Awam,1,Berfungsi,1766690,,1,Pillar Hydrant,113,Sepang,324,Dengkil,0000-00-00,0,SELANGOR_CYBERJAYA_ZON A_WANI_29052015,18,CYBERJAYA (SL),f0713184-ab0b-4409-aa47-b8af8163de67
337756,a7dd4149-c82a-45bb-b37d-1f0e350e87c0,94e691f5-a2ac-4fbe-bb7f-5228dc2c49f3,153,CBY,A,050,CBY-A-050,HADAPAN PONDOK KAWALAN JLN SERI TASIK BARAT 1A SUMMERGLADES 63000 CYBERJAYA,BALAI POLIS CYBERJAYA,Dalam Kawasan,1,Hadapan,Cyberjaya,2.91612,101.66707,6,b74645e5-3ad2-4dd9-ba72-3b7eb8f16643,Selangor,72,Sepang,1,Awam,1,Berfungsi,1766690,,1,Pillar Hydrant,113,Sepang,324,Dengkil,0000-00-00,0,SELANGOR_CYBERJAYA_ZON A_WANI_29052015,18,CYBERJAYA (SL),f0713184-ab0b-4409-aa47-b8af8163de67
337757,d0312ef7-3609-4e69-aa2e-bde3213ce51a,94e691f5-a2ac-4fbe-bb7f-5228dc2c49f3,153,CBY,A,051,CBY-A-051,HADAPAN RUMAH NO.42A JLN SERI TASIK BARAT 1B SUMMERGLADES 63000 CYBERJAYA,PROMENADE LAKESIDE BARAT,Dalam Kawasan,4,Tepi,Cyberjaya,2.91663,101.66735,6,b74645e5-3ad2-4dd9-ba72-3b7eb8f16643,Selangor,72,Sepang,1,Awam,1,Berfungsi,1766690,,1,Pillar Hydrant,113,Sepang,324,Dengkil,0000-00-00,0,SELANGOR_CYBERJAYA_ZON A_WANI_29052015,18,CYBERJAYA (SL),f0713184-ab0b-4409-aa47-b8af8163de67
337758,769a8a60-0ab2-4222-ad81-84181640e70d,94e691f5-a2ac-4fbe-bb7f-5228dc2c49f3,153,CBY,A,052,CBY-A-052,HADAPAN RUMAH NO.8 JLN SERI TASIK BARAT 1D SUMMERGLADES  63000 CYBERJAYA,PROMENADE LAKESIDE BARAT,Dalam Kawasan,1,Hadapan,Cyberjaya,2.91728,101.66691,6,b74645e5-3ad2-4dd9-ba72-3b7eb8f16643,Selangor,72,Sepang,1,Awam,1,Berfungsi,1766690,,1,Pillar Hydrant,113,Sepang,324,Dengkil,0000-00-00,0,SELANGOR_CYBERJAYA_ZON A_WANI_29052015,18,CYBERJAYA (SL),f0713184-ab0b-4409-aa47-b8af8163de67
337759,164a684a-9ed2-4c2d-a56b-148c538e6ea9,94e691f5-a2ac-4fbe-bb7f-5228dc2c49f3,153,CBY,A,053,CBY-A-053,HADAPAN RUMAH NO.21 JLN SERI TASIK BARAT 1D SUMMERGLADES  63000 CYBERJAYA,PROMENADE LAKESIDE BARAT,Dalam Kawasan,1,Hadapan,Cyberjaya,2.91649,101.6663,6,b74645e5-3ad2-4dd9-ba72-3b7eb8f16643,Selangor,72,Sepang,1,Awam,1,Berfungsi,1766690,,1,Pillar Hydrant,113,Sepang,324,Dengkil,0000-00-00,0,SELANGOR_CYBERJAYA_ZON A_WANI_29052015,18,CYBERJAYA (SL),f0713184-ab0b-4409-aa47-b8af8163de67
337760,ebdb8a02-a930-4e61-813b-704287b080c6,94e691f5-a2ac-4fbe-bb7f-5228dc2c49f3,153,CBY,A,054,CBY-A-054,HADAPAN RUMAH NO.56 JLN SERI TASIK BARAT 1B SUMMERGLADE 63000 CYBERJAYA,PROMENADE LAKESIDE BARAT,Dalam Kawasan,1,Hadapan,Cyberjaya,2.9174,101.66752,6,b74645e5-3ad2-4dd9-ba72-3b7eb8f16643,Selangor,72,Sepang,1,Awam,1,Berfungsi,1766690,,1,Pillar Hydrant,113,Sepang,324,Dengkil,0000-00-00,0,SELANGOR_CYBERJAYA_ZON A_WANI_29052015,18,CYBERJAYA (SL),f0713184-ab0b-4409-aa47-b8af8163de67
337761,ad80b3c0-f3c8-4da8-b0d8-5e63cc9edf21,94e691f5-a2ac-4fbe-bb7f-5228dc2c49f3,153,CBY,A,055,CBY-A-055,HADAPAN RUMAH NO.16 JLN SERI TASIK BARAT 1E SUMMERGLADE 63000 CYBERJAYA,PROMENADE LAKESIDE BARAT,Dalam Kawasan,1,Hadapan,Cyberjaya,2.9182,101.66737,6,b74645e5-3ad2-4dd9-ba72-3b7eb8f16643,Selangor,72,Sepang,1,Awam,1,Berfungsi,1766690,,1,Pillar Hydrant,113,Sepang,324,Dengkil,0000-00-00,0,SELANGOR_CYBERJAYA_ZON A_WANI_29052015,18,CYBERJAYA (SL),f0713184-ab0b-4409-aa47-b8af8163de67
337762,36581560-d43b-4280-9bb6-598f635611fd,94e691f5-a2ac-4fbe-bb7f-5228dc2c49f3,153,CBY,A,056,CBY-A-056,HADAPAN RUMAH NO.22A JLN SERI TASIK BARAT 1B SUMMERGLADE 63000 CYBERJAYA,PROMENADE LAKESIDE BARAT,Dalam Kawasan,1,Hadapan,Cyberjaya,2.91566,101.66741,6,b74645e5-3ad2-4dd9-ba72-3b7eb8f16643,Selangor,72,Sepang,1,Awam,1,Berfungsi,1766690,,1,Pillar Hydrant,113,Sepang,324,Dengkil,0000-00-00,0,SELANGOR_CYBERJAYA_ZON A_WANI_29052015,18,CYBERJAYA (SL),f0713184-ab0b-4409-aa47-b8af8163de67
337763,320b22bf-de06-4b56-9c43-d43f00eeefc9,94e691f5-a2ac-4fbe-bb7f-5228dc2c49f3,153,CBY,A,057,CBY-A-057,HADAPAN RUMAH NO.2 JLN SERI TASIK BARAT 1B SUMMERGLADE 63000 CYBERJAYA,PROMENADE LAKESIDE BARAT,Dalam Kawasan,1,Hadapan,Cyberjaya,2.9141,101.66747,6,b74645e5-3ad2-4dd9-ba72-3b7eb8f16643,Selangor,72,Sepang,1,Awam,1,Berfungsi,1766690,,1,Pillar Hydrant,113,Sepang,324,Dengkil,0000-00-00,0,SELANGOR_CYBERJAYA_ZON A_WANI_29052015,18,CYBERJAYA (SL),f0713184-ab0b-4409-aa47-b8af8163de67
337764,4a402c9f-d4cc-4955-ba3e-41f6ee0fd315,94e691f5-a2ac-4fbe-bb7f-5228dc2c49f3,153,CBY,A,058,CBY-A-058,HADAPAN RUMAH NO.1 JLN SERI TASIK BARAT 1C SUMMERGLADE 63000 CYBERJAYA,PROMENADE LAKESIDE BARAT,Dalam Kawasan,4,Tepi,Cyberjaya,2.91485,101.6677,6,b74645e5-3ad2-4dd9-ba72-3b7eb8f16643,Selangor,72,Sepang,1,Awam,1,Berfungsi,1766690,,1,Pillar Hydrant,113,Sepang,324,Dengkil,0000-00-00,0,SELANGOR_CYBERJAYA_ZON A_WANI_29052015,18,CYBERJAYA (SL),f0713184-ab0b-4409-aa47-b8af8163de67
337765,0ac1d5b8-dae5-4ebd-adc5-a7913f9a64e7,94e691f5-a2ac-4fbe-bb7f-5228dc2c49f3,153,CBY,A,059,CBY-A-059,HADAPAN RUMAH NO.23 JLN SERI TASIK BARAT 1C SUMMERGLADE 63000 CYBERJAYA,PROMENADE LAKESIDE BARAT,Dalam Kawasan,1,Hadapan,Cyberjaya,2.91466,101.66858,6,b74645e5-3ad2-4dd9-ba72-3b7eb8f16643,Selangor,72,Sepang,1,Awam,2,Tidak Berfungsi,0,,1,Pillar Hydrant,113,Sepang,324,Dengkil,0000-00-00,0,SELANGOR_CYBERJAYA_ZON A_WANI_29052015,18,CYBERJAYA (SL),f0713184-ab0b-4409-aa47-b8af8163de67
337766,32e3eef4-45ba-4949-818a-256dc782022f,94e691f5-a2ac-4fbe-bb7f-5228dc2c49f3,153,CBY,A,060,CBY-A-060,HADAPAN RUMAH NO.43 JLN 1/3  SERI TASIK TIMUR 63000 CYBERJAYA,PROMENADE LAKESIDE BARAT,Dalam Kawasan,1,Hadapan,Cyberjaya,2.91646,101.67065,6,b74645e5-3ad2-4dd9-ba72-3b7eb8f16643,Selangor,72,Sepang,1,Awam,1,Berfungsi,1766690,,1,Pillar Hydrant,113,Sepang,324,Dengkil,0000-00-00,0,SELANGOR_CYBERJAYA_ZON A_WANI_29052015,18,CYBERJAYA (SL),f0713184-ab0b-4409-aa47-b8af8163de67
337767,b35e7e80-1f2a-46c0-b9c3-1544482b3d03,94e691f5-a2ac-4fbe-bb7f-5228dc2c49f3,153,CBY,A,061,CBY-A-061,HADAPAN RUMAH NO.23 JLN 1/2 SERI TASIK TIMUR 63000 CYBERJAYA,PROMENADE LAKESIDE BARAT,Dalam Kawasan,1,Hadapan,Cyberjaya,2.9164,101.66989,6,b74645e5-3ad2-4dd9-ba72-3b7eb8f16643,Selangor,72,Sepang,1,Awam,1,Berfungsi,1766690,,1,Pillar Hydrant,113,Sepang,324,Dengkil,0000-00-00,0,SELANGOR_CYBERJAYA_ZON A_WANI_29052015,18,CYBERJAYA (SL),f0713184-ab0b-4409-aa47-b8af8163de67
337768,d14114b0-4703-4f52-bc1e-f5d9c2bcb80f,94e691f5-a2ac-4fbe-bb7f-5228dc2c49f3,153,CBY,A,062,CBY-A-062,HADAPAN RUMAH NO.1 JLN 1/1 SERI TASIK TIMUR 63000 CYBERJAYA,PROMENADE LAKESIDE BARAT,Dalam Kawasan,1,Hadapan,Cyberjaya,2.91644,101.66913,6,b74645e5-3ad2-4dd9-ba72-3b7eb8f16643,Selangor,72,Sepang,1,Awam,1,Berfungsi,1766690,,1,Pillar Hydrant,113,Sepang,324,Dengkil,0000-00-00,0,SELANGOR_CYBERJAYA_ZON A_WANI_29052015,18,CYBERJAYA (SL),f0713184-ab0b-4409-aa47-b8af8163de67
337769,1216b8cf-0076-4d01-9275-8ff189294c32,94e691f5-a2ac-4fbe-bb7f-5228dc2c49f3,153,CBY,A,063,CBY-A-063,BAHU KIRI JLN SERI TASIK TIMUR (JLN UTAMA) 63000 CYBERJAYA,PROMENADE LAKESIDE BARAT,Dalam Kawasan,1,Hadapan,Cyberjaya,2.91784,101.6698,6,b74645e5-3ad2-4dd9-ba72-3b7eb8f16643,Selangor,72,Sepang,1,Awam,1,Berfungsi,1766690,images/img_pili/20210107170629422.jpeg,1,Pillar Hydrant,113,Sepang,324,Dengkil,0000-00-00,0,SELANGOR_CYBERJAYA_ZON A_WANI_29052015,18,CYBERJAYA (SL),f0713184-ab0b-4409-aa47-b8af8163de67
337770,982115e9-6d0d-47df-a4f6-a59deb3f22fc,94e691f5-a2ac-4fbe-bb7f-5228dc2c49f3,153,CBY,A,064,CBY-A-064,SEBELAH SIMPANG 3 BERDEKATAN FEEDER PILLAR 1-1 JLN SERI TASIK TIMUR 63000 CYBERJAYA,PROMENADE LAKESIDE BARAT,Dalam Kawasan,1,Hadapan,Cyberjaya,2.91906,101.66973,6,b74645e5-3ad2-4dd9-ba72-3b7eb8f16643,Selangor,72,Sepang,1,Awam,1,Berfungsi,1766690,,1,Pillar Hydrant,113,Sepang,324,Dengkil,0000-00-00,0,SELANGOR_CYBERJAYA_ZON A_WANI_29052015,18,CYBERJAYA (SL),f0713184-ab0b-4409-aa47-b8af8163de67
337771,b9a65d0a-cc63-4bb6-bd8f-ad0af198246b,94e691f5-a2ac-4fbe-bb7f-5228dc2c49f3,153,CBY,A,065,CBY-A-065,HADAPAN RUMAH LOT 18 JLN SERI TASIK TIMUR 63000 CYBERJAYA,CBD PERDANA,Dalam Kawasan,1,Hadapan,Cyberjaya,2.92061,101.66966,6,b74645e5-3ad2-4dd9-ba72-3b7eb8f16643,Selangor,72,Sepang,1,Awam,1,Berfungsi,1766690,,1,Pillar Hydrant,113,Sepang,324,Dengkil,0000-00-00,0,SELANGOR_CYBERJAYA_ZON A_WANI_29052015,18,CYBERJAYA (SL),f0713184-ab0b-4409-aa47-b8af8163de67
337772,676cb34d-6ff9-4d66-b6a0-897d318ba931,94e691f5-a2ac-4fbe-bb7f-5228dc2c49f3,153,CBY,A,066,CBY-A-066,HADAPAN RUMAH NO.29 JLN SERI TASIK TIMUR 63000 CYBERJAYA,CBD PERDANA,Dalam Kawasan,1,Hadapan,Cyberjaya,2.92301,101.67015,6,b74645e5-3ad2-4dd9-ba72-3b7eb8f16643,Selangor,72,Sepang,1,Awam,1,Berfungsi,1766690,,1,Pillar Hydrant,113,Sepang,324,Dengkil,0000-00-00,0,SELANGOR_CYBERJAYA_ZON A_WANI_29052015,18,CYBERJAYA (SL),f0713184-ab0b-4409-aa47-b8af8163de67
337773,e69ecb5c-8a0e-48b2-ae5d-118f0a377520,94e691f5-a2ac-4fbe-bb7f-5228dc2c49f3,153,CBY,A,067,CBY-A-067,SEBELAH FEEDER PILLAR NO.3-1 JLN SERI TASIK TIMUR 63000 CYBERJAYA,CBD PERDANA,Dalam Kawasan,1,Hadapan,Cyberjaya,2.92222,101.67166,6,b74645e5-3ad2-4dd9-ba72-3b7eb8f16643,Selangor,72,Sepang,1,Awam,1,Berfungsi,1766690,,1,Pillar Hydrant,113,Sepang,324,Dengkil,0000-00-00,0,SELANGOR_CYBERJAYA_ZON A_WANI_29052015,18,CYBERJAYA (SL),f0713184-ab0b-4409-aa47-b8af8163de67
337774,8545e56d-ff64-4ac3-badf-abbaebbf8161,94e691f5-a2ac-4fbe-bb7f-5228dc2c49f3,153,CBY,A,068,CBY-A-068,HADAPAN RUMAH LOT 132 JLN SERI TASIK TIMUR 63000 CYBERJAYA,CBD PERDANA,Dalam Kawasan,3,Berhampiran,Cyberjaya,2.92055,101.67146,6,b74645e5-3ad2-4dd9-ba72-3b7eb8f16643,Selangor,72,Sepang,1,Awam,1,Berfungsi,1766690,,1,Pillar Hydrant,113,Sepang,324,Dengkil,0000-00-00,0,SELANGOR_CYBERJAYA_ZON A_WANI_29052015,18,CYBERJAYA (SL),f0713184-ab0b-4409-aa47-b8af8163de67
337775,0ee2326d-b589-48a8-aea4-697dc0842dec,94e691f5-a2ac-4fbe-bb7f-5228dc2c49f3,153,CBY,A,069,CBY-A-069,SEBELAH RUMAH N0.126 JLN SERI TASIK TIMUR 63000 CYBERJAYA,CBD PERDANA,Dalam Kawasan,3,Berhampiran,Cyberjaya,2.91911,101.67156,6,b74645e5-3ad2-4dd9-ba72-3b7eb8f16643,Selangor,72,Sepang,1,Awam,1,Berfungsi,1766690,,1,Pillar Hydrant,113,Sepang,324,Dengkil,0000-00-00,0,SELANGOR_CYBERJAYA_ZON A_WANI_29052015,18,CYBERJAYA (SL),f0713184-ab0b-4409-aa47-b8af8163de67
337776,f8378590-971c-4f42-a270-8457e4b95255,94e691f5-a2ac-4fbe-bb7f-5228dc2c49f3,153,CBY,A,070,CBY-A-070,HADAPAN RUMAH NO.115 JLN SERI TASIK TIMUR 63000 CYBERJAYA,CBD PERDANA,Dalam Kawasan,1,Hadapan,Cyberjaya,2.91777,101.67175,6,b74645e5-3ad2-4dd9-ba72-3b7eb8f16643,Selangor,72,Sepang,1,Awam,1,Berfungsi,1766690,,1,Pillar Hydrant,113,Sepang,324,Dengkil,0000-00-00,0,SELANGOR_CYBERJAYA_ZON A_WANI_29052015,18,CYBERJAYA (SL),f0713184-ab0b-4409-aa47-b8af8163de67
337777,764e2166-f39c-4f65-ade7-72c8c2f33328,94e691f5-a2ac-4fbe-bb7f-5228dc2c49f3,153,CBY,A,071,CBY-A-071,SEBELAH FEEDER PILLAR NO.2-1 JLN SERI TASIK TIMUR 63000 CYBERJAYA,COTAGE WALKE,Hadapan,3,Berhampiran,Cyberjaya,2.91664,101.67127,6,b74645e5-3ad2-4dd9-ba72-3b7eb8f16643,Selangor,72,Sepang,1,Awam,1,Berfungsi,1766690,,1,Pillar Hydrant,113,Sepang,324,Dengkil,0000-00-00,0,SELANGOR_CYBERJAYA_ZON A_WANI_29052015,18,CYBERJAYA (SL),f0713184-ab0b-4409-aa47-b8af8163de67
337778,c528e068-e66b-477b-9359-ba5c26a01e6b,94e691f5-a2ac-4fbe-bb7f-5228dc2c49f3,153,CBY,A,072,CBY-A-072,HADAPAN LOT 59 JLN SERI TASIK TIMUR 63000 CYBERJAYA,COTAGE WALKE,Hadapan,1,Hadapan,Cyberjaya,2.91656,101.67096,6,b74645e5-3ad2-4dd9-ba72-3b7eb8f16643,Selangor,72,Sepang,1,Awam,1,Berfungsi,1766690,,1,Pillar Hydrant,113,Sepang,324,Dengkil,0000-00-00,0,SELANGOR_CYBERJAYA_ZON A_WANI_29052015,18,CYBERJAYA (SL),f0713184-ab0b-4409-aa47-b8af8163de67
337779,1b0cbd74-4095-4195-b7cc-7ff221d9dfd8,94e691f5-a2ac-4fbe-bb7f-5228dc2c49f3,153,CBY,A,073,CBY-A-073,SEBELAH GELANGGANG BOLA KERANJANG JLN OPUS 1 SERI TASIK TIMUR 63000 CYBERJAYA,PETRONAS CYBERJAYA,Hadapan,3,Berhampiran,Cyberjaya,2.91714,101.66937,6,b74645e5-3ad2-4dd9-ba72-3b7eb8f16643,Selangor,72,Sepang,1,Awam,1,Berfungsi,1766690,,1,Pillar Hydrant,113,Sepang,324,Dengkil,0000-00-00,0,SELANGOR_CYBERJAYA_ZON A_WANI_29052015,18,CYBERJAYA (SL),f0713184-ab0b-4409-aa47-b8af8163de67
337780,c29769a2-9c61-490c-a36f-48c846841ff1,94e691f5-a2ac-4fbe-bb7f-5228dc2c49f3,153,CBY,A,074,CBY-A-074,HADAPAN RUMAH NO.22A JLN OPUS 1 SERI TASIK TIMUR 63000 CYBERJAYA,TAMAN PINGGIRAN CYBER,Hadapan,1,Hadapan,Cyberjaya,2.91769,101.66901,6,b74645e5-3ad2-4dd9-ba72-3b7eb8f16643,Selangor,72,Sepang,1,Awam,1,Berfungsi,1766690,,1,Pillar Hydrant,113,Sepang,324,Dengkil,0000-00-00,0,SELANGOR_CYBERJAYA_ZON A_WANI_29052015,18,CYBERJAYA (SL),f0713184-ab0b-4409-aa47-b8af8163de67
337781,ee07b043-87d7-4346-a2b3-5465d4c861d8,94e691f5-a2ac-4fbe-bb7f-5228dc2c49f3,153,CBY,A,075,CBY-A-075,HADAPAN RUMAH N0.2A JLN OPUS 3 SERI TASIK TIMUR 63000 CYBERJAYA,TAMAN PINGGIRAN CYBER,Hadapan,1,Hadapan,Cyberjaya,2.91809,101.66932,6,b74645e5-3ad2-4dd9-ba72-3b7eb8f16643,Selangor,72,Sepang,1,Awam,1,Berfungsi,1766690,,1,Pillar Hydrant,113,Sepang,324,Dengkil,0000-00-00,0,SELANGOR_CYBERJAYA_ZON A_WANI_29052015,18,CYBERJAYA (SL),f0713184-ab0b-4409-aa47-b8af8163de67
337782,69800954-49af-4acb-bdc1-3a7977410954,94e691f5-a2ac-4fbe-bb7f-5228dc2c49f3,153,CBY,A,076,CBY-A-076,HADAPAN RUMAH NO.2 JLN SERI TASIK TIMUR 8A 63000 CYBERJAYA,TAMAN PINGGIRAN CYBER,Hadapan,1,Hadapan,Cyberjaya,2.92093,101.66906,6,b74645e5-3ad2-4dd9-ba72-3b7eb8f16643,Selangor,72,Sepang,1,Awam,1,Berfungsi,1766690,images/img_pili/20210107135016288.jpeg,1,Pillar Hydrant,113,Sepang,324,Dengkil,0000-00-00,0,SELANGOR_CYBERJAYA_ZON A_WANI_29052015,18,CYBERJAYA (SL),f0713184-ab0b-4409-aa47-b8af8163de67
337783,8a2f0c4b-640b-403c-9e86-2827a00f2809,94e691f5-a2ac-4fbe-bb7f-5228dc2c49f3,153,CBY,A,077,CBY-A-077,HADAPAN RUMAH NO.18 JLN SERI TASIK TIMUR 8B 63000 CYBERJAYA,TAMAN PINGGIRAN CYBER,Hadapan,1,Hadapan,Cyberjaya,2.92036,101.66868,6,b74645e5-3ad2-4dd9-ba72-3b7eb8f16643,Selangor,72,Sepang,1,Awam,1,Berfungsi,1766690,images/img_pili/20210107135054485.jpeg,1,Pillar Hydrant,113,Sepang,324,Dengkil,0000-00-00,0,SELANGOR_CYBERJAYA_ZON A_WANI_29052015,18,CYBERJAYA (SL),f0713184-ab0b-4409-aa47-b8af8163de67
337784,b9f0d22e-8034-4982-b644-e51078c66798,94e691f5-a2ac-4fbe-bb7f-5228dc2c49f3,153,CBY,A,078,CBY-A-078,HADAPAN RUMAH NO.12 JLN SERI TASIK TIMUR 8C 63000 CYBERJAYA,TAMAN PINGGIRAN CYBER,Hadapan,1,Hadapan,Cyberjaya,2.92021,101.66938,6,b74645e5-3ad2-4dd9-ba72-3b7eb8f16643,Selangor,72,Sepang,1,Awam,1,Berfungsi,1766690,images/img_pili/20210107135137179.jpeg,1,Pillar Hydrant,113,Sepang,324,Dengkil,0000-00-00,0,SELANGOR_CYBERJAYA_ZON A_WANI_29052015,18,CYBERJAYA (SL),f0713184-ab0b-4409-aa47-b8af8163de67
337785,b4939d78-854f-4aa6-bdf2-dd0ea820a61b,94e691f5-a2ac-4fbe-bb7f-5228dc2c49f3,153,CBY,A,079,CBY-A-079,SEBELAH FEEDER PILLAR NO.2A JLN SERI TASIK TIMUR 8D 63000 CYBERJAYAa,TAMAN PINGGIRAN CYBER,Hadapan,3,Berhampiran,Cyberjaya,2.91957,101.66841,6,b74645e5-3ad2-4dd9-ba72-3b7eb8f16643,Selangor,72,Sepang,1,Awam,1,Berfungsi,1766690,images/img_pili/20210107135214988.jpeg,1,Pillar Hydrant,113,Sepang,324,Dengkil,0000-00-00,0,SELANGOR_CYBERJAYA_ZON A_WANI_29052015,18,CYBERJAYA (SL),f0713184-ab0b-4409-aa47-b8af8163de67
337786,59bece4f-c288-429e-8b2a-04b238250570,94e691f5-a2ac-4fbe-bb7f-5228dc2c49f3,153,CBY,A,080,CBY-A-080,HADAPAN RUMAH NO.12 JLN SERI TASIK TIMUR 8D 63000 CYBERJAYA,TAMAN PINGGIRAN CYBER,Hadapan,1,Hadapan,Cyberjaya,2.91956,101.66918,6,b74645e5-3ad2-4dd9-ba72-3b7eb8f16643,Selangor,72,Sepang,1,Awam,1,Berfungsi,1766690,images/img_pili/20210107135321211.jpeg,1,Pillar Hydrant,113,Sepang,324,Dengkil,0000-00-00,0,SELANGOR_CYBERJAYA_ZON A_WANI_29052015,18,CYBERJAYA (SL),f0713184-ab0b-4409-aa47-b8af8163de67
337787,f5ee4335-553d-48ab-8950-dc1301a60a5a,94e691f5-a2ac-4fbe-bb7f-5228dc2c49f3,153,CBY,A,081,CBY-A-081,HADAPAN RUMAH NO.12A JLN SERI TASIK TIMUR 7A 63000 CYBERJAYA,TAMAN PINGGIRAN CYBER,Hadapan,1,Hadapan,Cyberjaya,2.92165,101.66887,6,b74645e5-3ad2-4dd9-ba72-3b7eb8f16643,Selangor,72,Sepang,1,Awam,1,Berfungsi,1766690,images/img_pili/20210108150812847.jpeg,1,Pillar Hydrant,113,Sepang,324,Dengkil,0000-00-00,0,SELANGOR_CYBERJAYA_ZON A_WANI_29052015,18,CYBERJAYA (SL),f0713184-ab0b-4409-aa47-b8af8163de67
337788,56e242da-47a5-49c6-970d-04f26a12fc38,94e691f5-a2ac-4fbe-bb7f-5228dc2c49f3,153,CBY,A,082,CBY-A-082,HADAPAN RUMAH NO.9 JLN SERI TASIK TIMUR 7C 63000 CYBERJAYA,TAMAN PINGGIRAN CYBER,Hadapan,1,Hadapan,Cyberjaya,2.9222,101.66973,6,b74645e5-3ad2-4dd9-ba72-3b7eb8f16643,Selangor,72,Sepang,1,Awam,1,Berfungsi,1766690,images/img_pili/20210108150915803.jpeg,1,Pillar Hydrant,113,Sepang,324,Dengkil,0000-00-00,0,SELANGOR_CYBERJAYA_ZON A_WANI_29052015,18,CYBERJAYA (SL),f0713184-ab0b-4409-aa47-b8af8163de67
337789,4aeec40c-c79e-4d1f-88ac-dc39ede86c8a,94e691f5-a2ac-4fbe-bb7f-5228dc2c49f3,153,CBY,A,083,CBY-A-083,HADAPAN RUMAH NO.11 JLN SERI TASIK TIMUR 7B 63000 CYBERJAYA,TAMAN PINGGIRAN CYBER,Hadapan,1,Hadapan,Cyberjaya,2.9228,101.66938,6,b74645e5-3ad2-4dd9-ba72-3b7eb8f16643,Selangor,72,Sepang,1,Awam,1,Berfungsi,1766690,images/img_pili/20210108151031249.jpeg,1,Pillar Hydrant,113,Sepang,324,Dengkil,0000-00-00,0,SELANGOR_CYBERJAYA_ZON A_WANI_29052015,18,CYBERJAYA (SL),f0713184-ab0b-4409-aa47-b8af8163de67
337790,76be4948-265f-43dd-8676-00a51700c1f1,94e691f5-a2ac-4fbe-bb7f-5228dc2c49f3,153,CBY,A,084,CBY-A-084,HADAPAN RUMAH NO.10 JLN SERI TASIK TIMUR 7D 63000 CYBERJAYA,TAMAN PINGGIRAN CYBER,Hadapan,1,Hadapan,Cyberjaya,2.92242,101.66903,6,b74645e5-3ad2-4dd9-ba72-3b7eb8f16643,Selangor,72,Sepang,1,Awam,1,Berfungsi,1766690,images/img_pili/20210108151124533.jpeg,1,Pillar Hydrant,113,Sepang,324,Dengkil,0000-00-00,0,SELANGOR_CYBERJAYA_ZON A_WANI_29052015,18,CYBERJAYA (SL),f0713184-ab0b-4409-aa47-b8af8163de67
337791,29645efe-7aa6-4f13-a065-72745a652aa0,94e691f5-a2ac-4fbe-bb7f-5228dc2c49f3,153,CBY,A,085,CBY-A-085,HADAPAN RUMAH NO.18 JLN SERI TASIK TIMUR 7G 63000 CYBERJAYA,TAMAN PINGGIRAN CYBER,Hadapan,1,Hadapan,Cyberjaya,2.92431,101.66977,6,b74645e5-3ad2-4dd9-ba72-3b7eb8f16643,Selangor,72,Sepang,1,Awam,1,Berfungsi,1766690,images/img_pili/20210108151328865.jpeg,1,Pillar Hydrant,113,Sepang,324,Dengkil,0000-00-00,0,SELANGOR_CYBERJAYA_ZON A_WANI_29052015,18,CYBERJAYA (SL),f0713184-ab0b-4409-aa47-b8af8163de67
337792,1b193256-058e-4aa0-84c6-6d88467eacd4,94e691f5-a2ac-4fbe-bb7f-5228dc2c49f3,153,CBY,A,086,CBY-A-086,HADAPAN RUMAH NO.2 JLN SERI TASIK TIMUR 7G 63000 CYBERJAYA,TAMAN PINGGIRAN CYBER,Hadapan,1,Hadapan,Cyberjaya,2.9251,101.67001,6,b74645e5-3ad2-4dd9-ba72-3b7eb8f16643,Selangor,72,Sepang,1,Awam,1,Berfungsi,1766690,images/img_pili/20210108151230831.jpeg,1,Pillar Hydrant,113,Sepang,324,Dengkil,0000-00-00,0,SELANGOR_CYBERJAYA_ZON A_WANI_29052015,18,CYBERJAYA (SL),f0713184-ab0b-4409-aa47-b8af8163de67
337793,832a3982-1fc0-45b3-a534-885c75381e30,94e691f5-a2ac-4fbe-bb7f-5228dc2c49f3,153,CBY,A,087,CBY-A-087,HADAPAN RUMAH NO.148 JLN SERI TASIK TIMUR 6 63000 CYBERJAYA,TAMAN PINGGIRAN CYBER,Hadapan,1,Hadapan,Cyberjaya,2.9239,101.67125,6,b74645e5-3ad2-4dd9-ba72-3b7eb8f16643,Selangor,72,Sepang,1,Awam,1,Berfungsi,1766690,,1,Pillar Hydrant,113,Sepang,324,Dengkil,0000-00-00,0,SELANGOR_CYBERJAYA_ZON A_WANI_29052015,18,CYBERJAYA (SL),f0713184-ab0b-4409-aa47-b8af8163de67
337794,5c3fcae1-8587-4537-8110-0b57e7eb79fa,94e691f5-a2ac-4fbe-bb7f-5228dc2c49f3,153,CBY,A,088,CBY-A-088,HADAPAN RUMAH LOT 80 JLN SERI TASIK TIMUR 63000 CYBERJAYA,TAMAN PINGGIRAN CYBER,Hadapan,1,Hadapan,Cyberjaya,2.92226,101.67077,6,b74645e5-3ad2-4dd9-ba72-3b7eb8f16643,Selangor,72,Sepang,1,Awam,1,Berfungsi,1766690,,1,Pillar Hydrant,113,Sepang,324,Dengkil,0000-00-00,0,SELANGOR_CYBERJAYA_ZON A_WANI_29052015,18,CYBERJAYA (SL),f0713184-ab0b-4409-aa47-b8af8163de67
337795,4709de31-34c2-4cd1-a303-236f70db3935,94e691f5-a2ac-4fbe-bb7f-5228dc2c49f3,153,CBY,A,089,CBY-A-089,HADAPAN RUMAH NO.11 JLN SERI TASIK TIMUR 7F 63000 CYBERJAYA,TAMAN PINGGIRAN CYBER,Hadapan,1,Hadapan,Cyberjaya,2.92413,101.67043,6,b74645e5-3ad2-4dd9-ba72-3b7eb8f16643,Selangor,72,Sepang,1,Awam,1,Berfungsi,1766690,,1,Pillar Hydrant,113,Sepang,324,Dengkil,0000-00-00,0,SELANGOR_CYBERJAYA_ZON A_WANI_29052015,18,CYBERJAYA (SL),f0713184-ab0b-4409-aa47-b8af8163de67
337796,34e50a9f-fc9c-4d47-a809-5879e564cd81,94e691f5-a2ac-4fbe-bb7f-5228dc2c49f3,153,CBY,A,090,CBY-A-090,HADAPAN RUMAH LOT 140 JLN SERI TASIK TIMUR 3A 63000 CYBERJAYA,TAMAN PINGGIRAN CYBER,Hadapan,1,Hadapan,Cyberjaya,2.92256,101.67215,6,b74645e5-3ad2-4dd9-ba72-3b7eb8f16643,Selangor,72,Sepang,1,Awam,1,Berfungsi,1766690,images/img_pili/20210107170703870.jpeg,1,Pillar Hydrant,113,Sepang,324,Dengkil,0000-00-00,0,SELANGOR_CYBERJAYA_ZON A_WANI_29052015,18,CYBERJAYA (SL),f0713184-ab0b-4409-aa47-b8af8163de67
337797,eedbced4-881d-4e5c-900a-8f75c14b3fb8,94e691f5-a2ac-4fbe-bb7f-5228dc2c49f3,153,CBY,A,091,CBY-A-091,HADAPAN RUMAH N0.42 JLN SERI TASIK TIMUR 3/1 63000 CYBERJAYA,TAMAN PINGGIRAN CYBER,Hadapan,1,Hadapan,Cyberjaya,2.92066,101.67056,6,b74645e5-3ad2-4dd9-ba72-3b7eb8f16643,Selangor,72,Sepang,1,Awam,2,Tidak Berfungsi,0,,1,Pillar Hydrant,113,Sepang,324,Dengkil,0000-00-00,0,SELANGOR_CYBERJAYA_ZON A_WANI_29052015,18,CYBERJAYA (SL),f0713184-ab0b-4409-aa47-b8af8163de67
337798,05c123d8-1539-4c44-b636-5ea97d434b32,94e691f5-a2ac-4fbe-bb7f-5228dc2c49f3,153,CBY,A,092,CBY-A-092,HADAPAN LOT 47 JALAN SERI TASIK TIMUR 3/1 63000 CYBERJAYA,TAMAN PINGGIRAN CYBER,Hadapan,1,Hadapan,Cyberjaya,2.91954,101.67061,6,b74645e5-3ad2-4dd9-ba72-3b7eb8f16643,Selangor,72,Sepang,1,Awam,2,Tidak Berfungsi,0,,1,Pillar Hydrant,113,Sepang,324,Dengkil,0000-00-00,0,SELANGOR_CYBERJAYA_ZON A_WANI_29052015,18,CYBERJAYA (SL),f0713184-ab0b-4409-aa47-b8af8163de67
337799,1908307a-1cd2-4c78-9e59-729880abe677,94e691f5-a2ac-4fbe-bb7f-5228dc2c49f3,153,CBY,A,093,CBY-A-093,HADAPAN RUMAH NO.128 JLN SERI TASIK TIMUR 2 63000 CYBERJAYA,TAMAN PINGGIRAN CYBER,Hadapan,1,Hadapan,Cyberjaya,2.91982,101.67195,6,b74645e5-3ad2-4dd9-ba72-3b7eb8f16643,Selangor,72,Sepang,1,Awam,1,Berfungsi,1766690,,1,Pillar Hydrant,113,Sepang,324,Dengkil,0000-00-00,0,SELANGOR_CYBERJAYA_ZON A_WANI_29052015,18,CYBERJAYA (SL),f0713184-ab0b-4409-aa47-b8af8163de67
337800,09f7d679-65f6-4a59-81e1-1861b0cd2ee7,94e691f5-a2ac-4fbe-bb7f-5228dc2c49f3,153,CBY,A,094,CBY-A-094,BERDEKATAN FEEDER PILLAR 53 JLN SERI TASIK TIMUR 9 63000 CYBERJAYA,TAMAN PINGGIRAN CYBER,Hadapan,3,Berhampiran,Cyberjaya,2.91808,101.67061,6,b74645e5-3ad2-4dd9-ba72-3b7eb8f16643,Selangor,72,Sepang,1,Awam,2,Tidak Berfungsi,0,,1,Pillar Hydrant,113,Sepang,324,Dengkil,0000-00-00,0,SELANGOR_CYBERJAYA_ZON A_WANI_29052015,18,CYBERJAYA (SL),f0713184-ab0b-4409-aa47-b8af8163de67
339880,62172cef-9911-4b28-9d53-8f6c1b3cad88,94e691f5-a2ac-4fbe-bb7f-5228dc2c49f3,153,CBY,E,001,CBY-E-001,BERHAMPIRAN PONDOK KAWALAN APARTMENT LAKEVIEW RESIDENCY 63000 CYBERJAYA,CSF ADVISERS 1,BERHAMPIRAN,3,Berhampiran,Cyberjaya,2.904555,101.660823,6,b74645e5-3ad2-4dd9-ba72-3b7eb8f16643,Selangor,72,Sepang,2,Swasta,1,Berfungsi,1766690,,1,Pillar Hydrant,113,Sepang,324,Dengkil,0000-00-00,0,SELANGOR_CYBERJAYA_ZON S_WANI_29052015,18,CYBERJAYA (SL),f0713184-ab0b-4409-aa47-b8af8163de67
339881,64d59d31-cfb8-44aa-9b17-1d276992d970,94e691f5-a2ac-4fbe-bb7f-5228dc2c49f3,153,CBY,E,002,CBY-E-002,HADAPAN RUMAH TNB NO PE 24.15  APARTMENT LAKEVIEW RESIDENCY 63000 CYBERJAYA,CSF ADVISERS 2,HADAPAN,1,Hadapan,Cyberjaya,2.905102,101.661203,6,b74645e5-3ad2-4dd9-ba72-3b7eb8f16643,Selangor,72,Sepang,2,Swasta,1,Berfungsi,1766690,,1,Pillar Hydrant,113,Sepang,324,Dengkil,0000-00-00,0,SELANGOR_CYBERJAYA_ZON S_WANI_29052015,18,CYBERJAYA (SL),f0713184-ab0b-4409-aa47-b8af8163de67
339882,bd9877ba-1ccb-40d5-b3ca-3aec427006c4,94e691f5-a2ac-4fbe-bb7f-5228dc2c49f3,153,CBY,E,003,CBY-E-003,HADAPAN BLOK C  APARTMENT LAKEVIEW RESIDENCY 63000 CYBERJAYA,FSBM,HADAPAN ,1,Hadapan,Cyberjaya,2.905891,101.661327,6,b74645e5-3ad2-4dd9-ba72-3b7eb8f16643,Selangor,72,Sepang,1,Awam,1,Berfungsi,1766690,,1,Pillar Hydrant,113,Sepang,324,Dengkil,0000-00-00,0,SELANGOR_CYBERJAYA_ZON S_WANI_29052015,18,CYBERJAYA (SL),f0713184-ab0b-4409-aa47-b8af8163de67
339883,a3d4a59b-9b02-46c0-acf3-592132350609,94e691f5-a2ac-4fbe-bb7f-5228dc2c49f3,153,CBY,E,004,CBY-E-004,HADAPAN BLOK B  APARTMENT LAKEVIEW RESIDENCY 63000 CYBERJAYA,FSBM,HADAPAN,1,Hadapan,Cyberjaya,2.906672,101.661556,6,b74645e5-3ad2-4dd9-ba72-3b7eb8f16643,Selangor,72,Sepang,1,Awam,1,Berfungsi,1766690,,1,Pillar Hydrant,113,Sepang,324,Dengkil,0000-00-00,0,SELANGOR_CYBERJAYA_ZON S_WANI_29052015,18,CYBERJAYA (SL),f0713184-ab0b-4409-aa47-b8af8163de67
339884,7dea2cb1-02ed-4787-bac5-c993ab540c04,94e691f5-a2ac-4fbe-bb7f-5228dc2c49f3,153,CBY,E,005,CBY-E-005,BELAKANG BLOK E  APARTMENT LAKEVIEW RESIDENCY 63000 CYBERJAYA,FSBM,belakang,2,Belakang,Cyberjaya,2.905212,101.660674,6,b74645e5-3ad2-4dd9-ba72-3b7eb8f16643,Selangor,72,Sepang,1,Awam,1,Berfungsi,1766690,,1,Pillar Hydrant,113,Sepang,324,Dengkil,0000-00-00,0,SELANGOR_CYBERJAYA_ZON S_WANI_29052015,18,CYBERJAYA (SL),f0713184-ab0b-4409-aa47-b8af8163de67
339885,54fdaa6a-aba4-4422-95b9-4e094b93a801,94e691f5-a2ac-4fbe-bb7f-5228dc2c49f3,153,CBY,E,006,CBY-E-006,BELAKANG BLOK C  APARTMENT LAKEVIEW RESIDENCY 63000 CYBERJAYA,FSBM,belakang,2,Belakang,Cyberjaya,2.905963,101.660821,6,b74645e5-3ad2-4dd9-ba72-3b7eb8f16643,Selangor,72,Sepang,1,Awam,2,Tidak Berfungsi,0,,1,Pillar Hydrant,113,Sepang,324,Dengkil,0000-00-00,0,SELANGOR_CYBERJAYA_ZON S_WANI_29052015,18,CYBERJAYA (SL),f0713184-ab0b-4409-aa47-b8af8163de67
339886,25efb76f-1f8c-4a91-8b6a-8be59fcbbac7,94e691f5-a2ac-4fbe-bb7f-5228dc2c49f3,153,CBY,E,007,CBY-E-007,BELAKANG BLOK B  APARTMENT LAKEVIEW RESIDENCY 63000 CYBERJAYA,MOTORROLA,belakang,2,Belakang,Cyberjaya,2.906611,101.660976,6,b74645e5-3ad2-4dd9-ba72-3b7eb8f16643,Selangor,72,Sepang,1,Awam,1,Berfungsi,1766690,,1,Pillar Hydrant,113,Sepang,324,Dengkil,0000-00-00,0,SELANGOR_CYBERJAYA_ZON S_WANI_29052015,18,CYBERJAYA (SL),f0713184-ab0b-4409-aa47-b8af8163de67
339887,c3eae988-7469-4105-8953-6376a2487e57,94e691f5-a2ac-4fbe-bb7f-5228dc2c49f3,153,CBY,E,008,CBY-E-008,HADAPAN CARPARK A MASRECCA APARTMENT 63000 CYBERJAYA,MOTORROLA,HADAPAN,1,Hadapan,Cyberjaya,2.899892,101.628953,6,b74645e5-3ad2-4dd9-ba72-3b7eb8f16643,Selangor,72,Sepang,1,Awam,2,Tidak Berfungsi,0,,1,Pillar Hydrant,113,Sepang,324,Dengkil,0000-00-00,0,SELANGOR_CYBERJAYA_ZON S_WANI_29052015,18,CYBERJAYA (SL),f0713184-ab0b-4409-aa47-b8af8163de67
339888,af099841-0aaf-483b-9980-9bd100463651,94e691f5-a2ac-4fbe-bb7f-5228dc2c49f3,153,CBY,E,009,CBY-E-009,HADAPAN BLOK C  MASRECCA APARTMENT 63000 CYBERJAYA,MOTORROLA,HADAPAN,1,Hadapan,Cyberjaya,2.899899,101.629614,6,b74645e5-3ad2-4dd9-ba72-3b7eb8f16643,Selangor,72,Sepang,1,Awam,1,Berfungsi,1766690,,1,Pillar Hydrant,113,Sepang,324,Dengkil,0000-00-00,0,SELANGOR_CYBERJAYA_ZON S_WANI_29052015,18,CYBERJAYA (SL),f0713184-ab0b-4409-aa47-b8af8163de67
339889,c6cc1073-fefb-42e3-b1c2-6e12ddf8a75f,94e691f5-a2ac-4fbe-bb7f-5228dc2c49f3,153,CBY,E,010,CBY-E-010,HADAPAN CARPARK B  MASRECCA APARTMENT 63000 CYBERJAYA,MOTORROLA,HADAPAN,1,Hadapan,Cyberjaya,2.899879,101.630535,6,b74645e5-3ad2-4dd9-ba72-3b7eb8f16643,Selangor,72,Sepang,1,Awam,1,Berfungsi,1766690,,1,Pillar Hydrant,113,Sepang,324,Dengkil,0000-00-00,0,SELANGOR_CYBERJAYA_ZON S_WANI_29052015,18,CYBERJAYA (SL),f0713184-ab0b-4409-aa47-b8af8163de67
339890,7b52fc59-d2c4-4830-a702-4544419625e9,94e691f5-a2ac-4fbe-bb7f-5228dc2c49f3,153,CBY,E,011,CBY-E-011,BELAKANG BLOK B MASRECCA APARTMENT 63000 CYBERJAYA,PENDINGINAN MEGAJANA,belakang,2,Belakang,Cyberjaya,2.900547,101.630711,6,b74645e5-3ad2-4dd9-ba72-3b7eb8f16643,Selangor,72,Sepang,1,Awam,1,Berfungsi,1766690,,1,Pillar Hydrant,113,Sepang,324,Dengkil,0000-00-00,0,SELANGOR_CYBERJAYA_ZON S_WANI_29052015,18,CYBERJAYA (SL),f0713184-ab0b-4409-aa47-b8af8163de67
339891,0f3815b1-6205-4c36-a0ee-2fef2bec75d5,94e691f5-a2ac-4fbe-bb7f-5228dc2c49f3,153,CBY,E,012,CBY-E-012,BERHAMPIRAN TAMAN PERMAINAN  MASRECCA APARTMENT 63000 CYBERJAYA,PENDINGINAN MEGAJANA,BERHAMPIRAN,3,Berhampiran,Cyberjaya,2.900478,101.630091,6,b74645e5-3ad2-4dd9-ba72-3b7eb8f16643,Selangor,72,Sepang,1,Awam,1,Berfungsi,1766690,,1,Pillar Hydrant,113,Sepang,324,Dengkil,0000-00-00,0,SELANGOR_CYBERJAYA_ZON S_WANI_29052015,18,CYBERJAYA (SL),f0713184-ab0b-4409-aa47-b8af8163de67
339892,76cffd09-c319-461a-971d-0c0a00809178,94e691f5-a2ac-4fbe-bb7f-5228dc2c49f3,153,CBY,E,013,CBY-E-013,HADAPAN BLOK A  MASRECCA APARTMENT 63000 CYBERJAYA,PENDINGINAN MEGAJANA,SEBELAH,3,Berhampiran,Cyberjaya,2.900506,101.629389,6,b74645e5-3ad2-4dd9-ba72-3b7eb8f16643,Selangor,72,Sepang,1,Awam,1,Berfungsi,1766690,,1,Pillar Hydrant,113,Sepang,324,Dengkil,0000-00-00,0,SELANGOR_CYBERJAYA_ZON S_WANI_29052015,18,CYBERJAYA (SL),f0713184-ab0b-4409-aa47-b8af8163de67
339893,360177a9-a450-4645-a687-72c3b9b6bb9e,94e691f5-a2ac-4fbe-bb7f-5228dc2c49f3,153,CBY,E,014,CBY-E-014,BELAKANG CARPARK A  MASRECCA APARTMENT 63000 CYBERJAYA,PENDINGINAN MEGAJANA,belakang,2,Belakang,Cyberjaya,2.900537,101.628852,6,b74645e5-3ad2-4dd9-ba72-3b7eb8f16643,Selangor,72,Sepang,1,Awam,1,Berfungsi,1766690,,1,Pillar Hydrant,113,Sepang,324,Dengkil,0000-00-00,0,SELANGOR_CYBERJAYA_ZON S_WANI_29052015,18,CYBERJAYA (SL),f0713184-ab0b-4409-aa47-b8af8163de67
339894,98d6137a-cc78-46ba-988d-1df2bbc0334f,94e691f5-a2ac-4fbe-bb7f-5228dc2c49f3,153,CBY,E,015,CBY-E-015,BELAKANG BLOK A  MASRECCA APARTMENT 63000 CYBERJAYA,NTT MSC SDN. BHD.,belakang,2,Belakang,Cyberjaya,2.901044,101.629665,6,b74645e5-3ad2-4dd9-ba72-3b7eb8f16643,Selangor,72,Sepang,1,Awam,1,Berfungsi,1766690,,1,Pillar Hydrant,113,Sepang,324,Dengkil,0000-00-00,0,SELANGOR_CYBERJAYA_ZON S_WANI_29052015,18,CYBERJAYA (SL),f0713184-ab0b-4409-aa47-b8af8163de67
339895,5145aaa1-06f0-4fe9-a7b6-9313684b10a9,94e691f5-a2ac-4fbe-bb7f-5228dc2c49f3,153,CBY,E,016,CBY-E-016,HADAPAN BLOK B  MASRECCA APARTMENT 63000 CYBERJAYA,NTT MSC SDN. BHD.,HADAPAN ,1,Hadapan,Cyberjaya,2.900938,101.630333,6,b74645e5-3ad2-4dd9-ba72-3b7eb8f16643,Selangor,72,Sepang,1,Awam,1,Berfungsi,1766690,,1,Pillar Hydrant,113,Sepang,324,Dengkil,0000-00-00,0,SELANGOR_CYBERJAYA_ZON S_WANI_29052015,18,CYBERJAYA (SL),f0713184-ab0b-4409-aa47-b8af8163de67
339896,d04d48d7-1055-486b-ab84-202b8a1f5acf,94e691f5-a2ac-4fbe-bb7f-5228dc2c49f3,153,CBY,E,017,CBY-E-017,SEBELAH PARKIR BLOK A CRYSTAL SERIN 63000 CYBERJAYA,EDS (BLOCK 3502),sebelah,3,Berhampiran,Cyberjaya,2.919826,101.6459,6,b74645e5-3ad2-4dd9-ba72-3b7eb8f16643,Selangor,72,Sepang,1,Awam,1,Berfungsi,1766690,,1,Pillar Hydrant,113,Sepang,324,Dengkil,0000-00-00,0,SELANGOR_CYBERJAYA_ZON S_WANI_29052015,18,CYBERJAYA (SL),f0713184-ab0b-4409-aa47-b8af8163de67
339897,1d44a234-8679-4bff-9293-b7004b9805d3,94e691f5-a2ac-4fbe-bb7f-5228dc2c49f3,153,CBY,E,018,CBY-E-018,BELAKANG BLOK A BERHAMPIRAN TAMAN PERMAINAN  CRYSTAL SERIN 63000 CYBERJAYA,EDS (BLOCK 3502),belakang,2,Belakang,Cyberjaya,2.919254,101.646536,6,b74645e5-3ad2-4dd9-ba72-3b7eb8f16643,Selangor,72,Sepang,1,Awam,1,Berfungsi,1766690,,1,Pillar Hydrant,113,Sepang,324,Dengkil,0000-00-00,0,SELANGOR_CYBERJAYA_ZON S_WANI_29052015,18,CYBERJAYA (SL),f0713184-ab0b-4409-aa47-b8af8163de67
339898,35de4b60-fd22-4cb5-9eee-514c068af6ae,94e691f5-a2ac-4fbe-bb7f-5228dc2c49f3,153,CBY,E,019,CBY-E-019,HADAPAN PONDOK KAWALAN  CRYSTAL SERIN 63000 CYBERJAYA,EDS (BLOCK 3502),HADAPAN ,1,Hadapan,Cyberjaya,2.918477,101.645939,6,b74645e5-3ad2-4dd9-ba72-3b7eb8f16643,Selangor,72,Sepang,1,Awam,1,Berfungsi,1766690,,1,Pillar Hydrant,113,Sepang,324,Dengkil,0000-00-00,0,SELANGOR_CYBERJAYA_ZON S_WANI_29052015,18,CYBERJAYA (SL),f0713184-ab0b-4409-aa47-b8af8163de67
339899,032dc861-ddfd-43be-a354-7754a1480baa,94e691f5-a2ac-4fbe-bb7f-5228dc2c49f3,153,CBY,E,020,CBY-E-020,SEBELAH PARKIR KERETA BLOK B  CRYSTAL SERIN 63000 CYBERJAYA,BMW,SEBELAH,3,Berhampiran,Cyberjaya,2.917323,101.64589,6,b74645e5-3ad2-4dd9-ba72-3b7eb8f16643,Selangor,72,Sepang,1,Awam,1,Berfungsi,1766690,,1,Pillar Hydrant,113,Sepang,324,Dengkil,0000-00-00,0,SELANGOR_CYBERJAYA_ZON S_WANI_29052015,18,CYBERJAYA (SL),f0713184-ab0b-4409-aa47-b8af8163de67
339900,8aaf5b26-8402-4ed2-9678-0bad0b9a9dd1,94e691f5-a2ac-4fbe-bb7f-5228dc2c49f3,153,CBY,E,021,CBY-E-021,HADAPAN SURAU  CRYSTAL SERIN 63000 CYBERJAYA,BMW,HADAPAN,1,Hadapan,Cyberjaya,2.918445,101.646707,6,b74645e5-3ad2-4dd9-ba72-3b7eb8f16643,Selangor,72,Sepang,1,Awam,1,Berfungsi,1766690,,1,Pillar Hydrant,113,Sepang,324,Dengkil,0000-00-00,0,SELANGOR_CYBERJAYA_ZON S_WANI_29052015,18,CYBERJAYA (SL),f0713184-ab0b-4409-aa47-b8af8163de67
339901,b95d60b8-ae8a-4744-a8fb-b9c35d58f7ec,94e691f5-a2ac-4fbe-bb7f-5228dc2c49f3,153,CBY,E,022,CBY-E-022,HADAPAN RUMAH NO 2 JALAN CSR 4  CRYSTAL SERIN 63000 CYBERJAYA,BMW,HADAPAN,1,Hadapan,Cyberjaya,2.917393,101.646897,6,b74645e5-3ad2-4dd9-ba72-3b7eb8f16643,Selangor,72,Sepang,1,Awam,1,Berfungsi,1766690,,1,Pillar Hydrant,113,Sepang,324,Dengkil,0000-00-00,0,SELANGOR_CYBERJAYA_ZON S_WANI_29052015,18,CYBERJAYA (SL),f0713184-ab0b-4409-aa47-b8af8163de67
339902,62da5900-c42a-4218-927e-a4f0a330983c,94e691f5-a2ac-4fbe-bb7f-5228dc2c49f3,153,CBY,E,023,CBY-E-023,HADAPAN RUMAH NO 2 JALAN CSR 4  CRYSTAL SERIN 63000 CYBERJAYA,BMW,HADAPAN,1,Hadapan,Cyberjaya,2.918019,101.64708,6,b74645e5-3ad2-4dd9-ba72-3b7eb8f16643,Selangor,72,Sepang,1,Awam,1,Berfungsi,1766690,,1,Pillar Hydrant,113,Sepang,324,Dengkil,0000-00-00,0,SELANGOR_CYBERJAYA_ZON S_WANI_29052015,18,CYBERJAYA (SL),f0713184-ab0b-4409-aa47-b8af8163de67
339903,8ad19ef4-05f6-4fcc-a576-5686f044ad0b,94e691f5-a2ac-4fbe-bb7f-5228dc2c49f3,153,CBY,E,024,CBY-E-024,SEBELAH RUMAH SAMPAH BERHAMPIRAN PARKIR TINGKAT BAWAH 2 CYBERIA CRESENT 1 63000 CYBERJAYA ,CYBERRIA,SEBELAH,4,Tepi,Cyberjaya,2.921702,101.641099,6,b74645e5-3ad2-4dd9-ba72-3b7eb8f16643,Selangor,72,Sepang,1,Awam,1,Berfungsi,1766690,,1,Pillar Hydrant,113,Sepang,324,Dengkil,0000-00-00,0,SELANGOR_CYBERJAYA_ZON S_WANI_29052015,18,CYBERJAYA (SL),f0713184-ab0b-4409-aa47-b8af8163de67
339904,ef057864-69ca-4ce1-b64b-46fee5f508d6,94e691f5-a2ac-4fbe-bb7f-5228dc2c49f3,153,CBY,E,025,CBY-E-025,HADAPAN SWIMMING POOL  CYBERIA CRESENT 1 63000 CYBERJAYA,CYBERRIA,HADAPAN,1,Hadapan,Cyberjaya,2.921571,101.641614,6,b74645e5-3ad2-4dd9-ba72-3b7eb8f16643,Selangor,72,Sepang,1,Awam,1,Berfungsi,1766690,,1,Pillar Hydrant,113,Sepang,324,Dengkil,0000-00-00,0,SELANGOR_CYBERJAYA_ZON S_WANI_29052015,18,CYBERJAYA (SL),f0713184-ab0b-4409-aa47-b8af8163de67
339905,f97c46cf-8671-411a-9e55-0c6dd425bd69,94e691f5-a2ac-4fbe-bb7f-5228dc2c49f3,153,CBY,E,026,CBY-E-026,HADAPAN SURAU  CYBERIA CRESENT 1 63000 CYBERJAYA,CYBERRIA,HADAPAN,1,Hadapan,Cyberjaya,2.92201,101.642419,6,b74645e5-3ad2-4dd9-ba72-3b7eb8f16643,Selangor,72,Sepang,1,Awam,1,Berfungsi,1766690,,1,Pillar Hydrant,113,Sepang,324,Dengkil,0000-00-00,0,SELANGOR_CYBERJAYA_ZON S_WANI_29052015,18,CYBERJAYA (SL),f0713184-ab0b-4409-aa47-b8af8163de67
339906,e70799c0-f017-4302-b6b8-8f45409ed514,94e691f5-a2ac-4fbe-bb7f-5228dc2c49f3,153,CBY,E,027,CBY-E-027,HADAPAN RUMAH NO 5-05-A  CYBERIA CRESENT 1 63000 CYBERJAYA,CYBERRIA,HADAPAN,1,Hadapan,Cyberjaya,2.922052,101.643336,6,b74645e5-3ad2-4dd9-ba72-3b7eb8f16643,Selangor,72,Sepang,1,Awam,1,Berfungsi,1766690,,1,Pillar Hydrant,113,Sepang,324,Dengkil,0000-00-00,0,SELANGOR_CYBERJAYA_ZON S_WANI_29052015,18,CYBERJAYA (SL),f0713184-ab0b-4409-aa47-b8af8163de67
339907,1f8ac290-1a91-4415-8c97-8fc361f6ec70,94e691f5-a2ac-4fbe-bb7f-5228dc2c49f3,153,CBY,E,028,CBY-E-028,HADAPAN RUMAH NO 8-08-A  CYBERIA CRESENT 1 63000 CYBERJAYA,CYBERRIA,HADAPAN,1,Hadapan,Cyberjaya,2.922086,101.641747,6,b74645e5-3ad2-4dd9-ba72-3b7eb8f16643,Selangor,72,Sepang,1,Awam,1,Berfungsi,1766690,,1,Pillar Hydrant,113,Sepang,324,Dengkil,0000-00-00,0,SELANGOR_CYBERJAYA_ZON S_WANI_29052015,18,CYBERJAYA (SL),f0713184-ab0b-4409-aa47-b8af8163de67
339908,e9780c04-dae2-419a-a020-263b9899e458,94e691f5-a2ac-4fbe-bb7f-5228dc2c49f3,153,CBY,E,029,CBY-E-029,HADAPAN MULTIPURPOSE HALL CYBERIA CRESENT 2 63000 CYBERJAYA,CYBERRIA,HADAPAN,1,Hadapan,Cyberjaya,2.92043,101.646079,6,b74645e5-3ad2-4dd9-ba72-3b7eb8f16643,Selangor,72,Sepang,1,Awam,1,Berfungsi,1766690,,1,Pillar Hydrant,113,Sepang,324,Dengkil,0000-00-00,0,SELANGOR_CYBERJAYA_ZON S_WANI_29052015,18,CYBERJAYA (SL),f0713184-ab0b-4409-aa47-b8af8163de67
339909,9188d434-abcf-4904-ba16-e0895194700e,94e691f5-a2ac-4fbe-bb7f-5228dc2c49f3,153,CBY,E,030,CBY-E-030,HDAPAN RUMAH TNB NO PE 22.44 CYBERIA CRESENT 2 63000 CYBERJAYA,CYBERRIA,HADAPAN,1,Hadapan,Cyberjaya,2.920028,101.646225,6,b74645e5-3ad2-4dd9-ba72-3b7eb8f16643,Selangor,72,Sepang,1,Awam,1,Berfungsi,1766690,,1,Pillar Hydrant,113,Sepang,324,Dengkil,0000-00-00,0,SELANGOR_CYBERJAYA_ZON S_WANI_29052015,18,CYBERJAYA (SL),f0713184-ab0b-4409-aa47-b8af8163de67
339910,a5308709-ebcc-4378-a449-42a4910b9c44,94e691f5-a2ac-4fbe-bb7f-5228dc2c49f3,153,CBY,E,031,CBY-E-031,SEBELAH LOT KEDAI NO A-G-01 CYBERSQUARE 63000 CYBERJAYA,CYBERRIA,sebelah,4,Tepi,Cyberjaya,2.919335,101.656416,6,b74645e5-3ad2-4dd9-ba72-3b7eb8f16643,Selangor,72,Sepang,1,Awam,1,Berfungsi,1766690,,1,Pillar Hydrant,113,Sepang,324,Dengkil,0000-00-00,0,SELANGOR_CYBERJAYA_ZON S_WANI_29052015,18,CYBERJAYA (SL),f0713184-ab0b-4409-aa47-b8af8163de67
339911,18ef1839-a855-49a8-bfff-331ff3991a4c,94e691f5-a2ac-4fbe-bb7f-5228dc2c49f3,153,CBY,E,032,CBY-E-032,HADAPAN LOT KEDAI A-1-09  CYBERSQUARE 63000 CYBERJAYA,CYBERRIA,HADAPAN,1,Hadapan,Cyberjaya,2.91971,101.657033,6,b74645e5-3ad2-4dd9-ba72-3b7eb8f16643,Selangor,72,Sepang,1,Awam,1,Berfungsi,1766690,,1,Pillar Hydrant,113,Sepang,324,Dengkil,0000-00-00,0,SELANGOR_CYBERJAYA_ZON S_WANI_29052015,18,CYBERJAYA (SL),f0713184-ab0b-4409-aa47-b8af8163de67
339912,19715813-f04f-4d1e-a764-4dfb06bf8114,94e691f5-a2ac-4fbe-bb7f-5228dc2c49f3,153,CBY,E,033,CBY-E-033,HADAPAN LOT KEDAI B-1-06  CYBERSQUARE 63000 CYBERJAYA,CYBERRIA,HADAPAN,1,Hadapan,Cyberjaya,2.919714,101.657787,6,b74645e5-3ad2-4dd9-ba72-3b7eb8f16643,Selangor,72,Sepang,1,Awam,1,Berfungsi,1766690,,1,Pillar Hydrant,113,Sepang,324,Dengkil,0000-00-00,0,SELANGOR_CYBERJAYA_ZON S_WANI_29052015,18,CYBERJAYA (SL),f0713184-ab0b-4409-aa47-b8af8163de67
339913,ccb76ba5-c973-44ce-b573-c7b1065dd523,94e691f5-a2ac-4fbe-bb7f-5228dc2c49f3,153,CBY,E,034,CBY-E-034,HADAPAN LOT KEDAI D-G-05  CYBERSQUARE 63000 CYBERJAYA,CYBERRIA,HADAPAN,1,Hadapan,Cyberjaya,2.919005,101.658086,6,b74645e5-3ad2-4dd9-ba72-3b7eb8f16643,Selangor,72,Sepang,1,Awam,1,Berfungsi,1766690,,1,Pillar Hydrant,113,Sepang,324,Dengkil,0000-00-00,0,SELANGOR_CYBERJAYA_ZON S_WANI_29052015,18,CYBERJAYA (SL),f0713184-ab0b-4409-aa47-b8af8163de67
339914,9e7a75bf-fb90-4dea-bd9d-5b34711a5ec8,94e691f5-a2ac-4fbe-bb7f-5228dc2c49f3,153,CBY,E,035,CBY-E-035,SEBELAH BANGGUNAN VERTEX  CYBERSQUARE 63000 CYBERJAYA,CYBERRIA,SEBELAH,4,Tepi,Cyberjaya,2.918343,101.657909,6,b74645e5-3ad2-4dd9-ba72-3b7eb8f16643,Selangor,72,Sepang,1,Awam,1,Berfungsi,1766690,,1,Pillar Hydrant,113,Sepang,324,Dengkil,0000-00-00,0,SELANGOR_CYBERJAYA_ZON S_WANI_29052015,18,CYBERJAYA (SL),f0713184-ab0b-4409-aa47-b8af8163de67
339915,48ffb599-e52a-4b8a-a7d3-5b85e931c360,94e691f5-a2ac-4fbe-bb7f-5228dc2c49f3,153,CBY,E,036,CBY-E-036,HADAPAN BANGGUNAN VERTEC  CYBERSQUARE 63000 CYBERJAYA,CYBERRIA,HADAPAN,1,Hadapan,Cyberjaya,2.918207,101.657246,6,b74645e5-3ad2-4dd9-ba72-3b7eb8f16643,Selangor,72,Sepang,1,Awam,1,Berfungsi,1766690,,1,Pillar Hydrant,113,Sepang,324,Dengkil,0000-00-00,0,SELANGOR_CYBERJAYA_ZON S_WANI_29052015,18,CYBERJAYA (SL),f0713184-ab0b-4409-aa47-b8af8163de67
339916,243a23ad-02a3-4154-b265-32f3bfcbd435,94e691f5-a2ac-4fbe-bb7f-5228dc2c49f3,153,CBY,E,037,CBY-E-037,HADAPAN PINTU MASUK PARKIR APEX  CYBERSQUARE 63000 CYBERJAYA,CYBERRIA,HADAPAN,1,Hadapan,Cyberjaya,2.918641,101.656722,6,b74645e5-3ad2-4dd9-ba72-3b7eb8f16643,Selangor,72,Sepang,1,Awam,1,Berfungsi,1766690,,1,Pillar Hydrant,113,Sepang,324,Dengkil,0000-00-00,0,SELANGOR_CYBERJAYA_ZON S_WANI_29052015,18,CYBERJAYA (SL),f0713184-ab0b-4409-aa47-b8af8163de67
339917,e44794d9-b5d5-435f-b69a-ca8b451e7640,94e691f5-a2ac-4fbe-bb7f-5228dc2c49f3,153,CBY,E,038,CBY-E-038,SEBELAH BLOK A D’MELOR KONDOMINIUM 63000 CYBERJAYA ,CYBERRIA,SEBELAH,4,Tepi,Cyberjaya,2.919929,101.647364,6,b74645e5-3ad2-4dd9-ba72-3b7eb8f16643,Selangor,72,Sepang,1,Awam,1,Berfungsi,1766690,,1,Pillar Hydrant,113,Sepang,324,Dengkil,0000-00-00,0,SELANGOR_CYBERJAYA_ZON S_WANI_29052015,18,CYBERJAYA (SL),f0713184-ab0b-4409-aa47-b8af8163de67
339918,9036dc25-b927-4314-8a11-476280e398c8,94e691f5-a2ac-4fbe-bb7f-5228dc2c49f3,153,CBY,E,039,CBY-E-039,SEBELAH BLOK B  D’MELOR KONDOMINIUM 63000 CYBERJAYA,CYBERRIA,SEBELAH,4,Tepi,Cyberjaya,2.920451,101.647176,6,b74645e5-3ad2-4dd9-ba72-3b7eb8f16643,Selangor,72,Sepang,1,Awam,1,Berfungsi,1766690,,1,Pillar Hydrant,113,Sepang,324,Dengkil,0000-00-00,0,SELANGOR_CYBERJAYA_ZON S_WANI_29052015,18,CYBERJAYA (SL),f0713184-ab0b-4409-aa47-b8af8163de67
339919,25071d4a-0a08-43a0-bee2-4362ac72382b,94e691f5-a2ac-4fbe-bb7f-5228dc2c49f3,153,CBY,E,040,CBY-E-040,SEBELAH BLOK D  D’MELOR KONDOMINIUM 63000 CYBERJAYA,CYBERRIA,SEBELAH,4,Tepi,Cyberjaya,2.921271,101.647097,6,b74645e5-3ad2-4dd9-ba72-3b7eb8f16643,Selangor,72,Sepang,1,Awam,1,Berfungsi,1766690,,1,Pillar Hydrant,113,Sepang,324,Dengkil,0000-00-00,0,SELANGOR_CYBERJAYA_ZON S_WANI_29052015,18,CYBERJAYA (SL),f0713184-ab0b-4409-aa47-b8af8163de67
339920,df64167c-22c1-407e-b8ee-3d9b4770c6a4,94e691f5-a2ac-4fbe-bb7f-5228dc2c49f3,153,CBY,E,041,CBY-E-041,BELAKANG BLOK E BERHAMPIRAN RUMAH SAMPAH  D’MELOR KONDOMINIUM 63000 CYBERJAYA,CYBERRIA,belakang,2,Belakang,Cyberjaya,2.921157,101.647625,6,b74645e5-3ad2-4dd9-ba72-3b7eb8f16643,Selangor,72,Sepang,1,Awam,1,Berfungsi,1766690,,1,Pillar Hydrant,113,Sepang,324,Dengkil,0000-00-00,0,SELANGOR_CYBERJAYA_ZON S_WANI_29052015,18,CYBERJAYA (SL),f0713184-ab0b-4409-aa47-b8af8163de67
339921,70da2eba-e96a-4713-80d0-ac127155a0b4,94e691f5-a2ac-4fbe-bb7f-5228dc2c49f3,153,CBY,E,042,CBY-E-042,BELAKANG BLOK C BERHAMPIRAN PARKIR BERBUMBUNG D’MELOR KONDOMINIUM 63000 CYBERJAYA,CYBERRIA,belakang,2,Belakang,Cyberjaya,2.920711,101.647573,6,b74645e5-3ad2-4dd9-ba72-3b7eb8f16643,Selangor,72,Sepang,1,Awam,1,Berfungsi,1766690,,1,Pillar Hydrant,113,Sepang,324,Dengkil,0000-00-00,0,SELANGOR_CYBERJAYA_ZON S_WANI_29052015,18,CYBERJAYA (SL),f0713184-ab0b-4409-aa47-b8af8163de67
339922,5123b951-8ace-4a15-8fe9-c56f731b6767,94e691f5-a2ac-4fbe-bb7f-5228dc2c49f3,153,CBY,E,043,CBY-E-043,SEBELAH BLOK F BERHAMPIRAN RUMAH SAMPAH  D’MELOR KONDOMINIUM 63000 CYBERJAYA,BANGUNAN SETIA HARUMAN (PEJABAT PROPEL),SEBELAH,4,Tepi,Cyberjaya,2.920957,101.648548,6,b74645e5-3ad2-4dd9-ba72-3b7eb8f16643,Selangor,72,Sepang,1,Awam,1,Berfungsi,1766690,,1,Pillar Hydrant,113,Sepang,324,Dengkil,0000-00-00,0,SELANGOR_CYBERJAYA_ZON S_WANI_29052015,18,CYBERJAYA (SL),f0713184-ab0b-4409-aa47-b8af8163de67
339923,d70a96dd-c5f2-4694-acb1-2c9ac09842b0,94e691f5-a2ac-4fbe-bb7f-5228dc2c49f3,153,CBY,E,044,CBY-E-044,SEBELAH BLOK G  D’MELOR KONDOMINIUM 63000 CYBERJAYA,BANGUNAN SETIA HARUMAN (PEJABAT PROPEL),SEBELAH,4,Tepi,Cyberjaya,2.920263,101.648612,6,b74645e5-3ad2-4dd9-ba72-3b7eb8f16643,Selangor,72,Sepang,1,Awam,1,Berfungsi,1766690,,1,Pillar Hydrant,113,Sepang,324,Dengkil,0000-00-00,0,SELANGOR_CYBERJAYA_ZON S_WANI_29052015,18,CYBERJAYA (SL),f0713184-ab0b-4409-aa47-b8af8163de67
339924,ed89af48-e9fb-4980-8d3a-b31cf7577fe4,94e691f5-a2ac-4fbe-bb7f-5228dc2c49f3,153,CBY,E,045,CBY-E-045,HADAPAN BLOK H  D’MELOR KONDOMINIUM 63000 CYBERJAYA,BANGUNAN SETIA HARUMAN (PEJABAT PROPEL),HADAPAN,1,Hadapan,Cyberjaya,2.919898,101.648135,6,b74645e5-3ad2-4dd9-ba72-3b7eb8f16643,Selangor,72,Sepang,1,Awam,1,Berfungsi,1766690,,1,Pillar Hydrant,113,Sepang,324,Dengkil,0000-00-00,0,SELANGOR_CYBERJAYA_ZON S_WANI_29052015,18,CYBERJAYA (SL),f0713184-ab0b-4409-aa47-b8af8163de67
339925,6e160a82-80c4-4a89-b659-81e1b5e99bae,94e691f5-a2ac-4fbe-bb7f-5228dc2c49f3,153,CBY,E,046,CBY-E-046,BELAKANG BLOK E1  D’MELOR KONDOMINIUM 63000 CYBERJAYA,BANGUNAN SETIA HARUMAN (PEJABAT PROPEL),belakang,2,Belakang,Cyberjaya,2.920383,101.647818,6,b74645e5-3ad2-4dd9-ba72-3b7eb8f16643,Selangor,72,Sepang,1,Awam,1,Berfungsi,1766690,,1,Pillar Hydrant,113,Sepang,324,Dengkil,0000-00-00,0,SELANGOR_CYBERJAYA_ZON S_WANI_29052015,18,CYBERJAYA (SL),f0713184-ab0b-4409-aa47-b8af8163de67
339926,152e0412-f0b8-494e-b7da-8b9b96acea09,94e691f5-a2ac-4fbe-bb7f-5228dc2c49f3,153,CBY,E,047,CBY-E-047,BERHAMPIRAN PONDOK KAWALAN PINTU MASUK DOMAIN 1 THE DOMAIN 63000 CYBERJAYA,BANGUNAN SETIA HARUMAN (PEJABAT PROPEL),BERHAMPIRAN,3,Berhampiran,Cyberjaya,2.918146,101.64909,6,b74645e5-3ad2-4dd9-ba72-3b7eb8f16643,Selangor,72,Sepang,1,Awam,1,Berfungsi,1766690,,1,Pillar Hydrant,113,Sepang,324,Dengkil,0000-00-00,0,SELANGOR_CYBERJAYA_ZON S_WANI_29052015,18,CYBERJAYA (SL),f0713184-ab0b-4409-aa47-b8af8163de67
339927,a19f4164-208a-445f-9cd5-cad3db90c440,94e691f5-a2ac-4fbe-bb7f-5228dc2c49f3,153,CBY,E,048,CBY-E-048,BELAKANG DOMAIN 1 BERHAMPIRAN PARKIR BERTINGKAT  THE DOMAIN 63000 CYBERJAYA,BANGUNAN SETIA HARUMAN (PEJABAT PROPEL),belakang,2,Belakang,Cyberjaya,2.917813,101.648699,6,b74645e5-3ad2-4dd9-ba72-3b7eb8f16643,Selangor,72,Sepang,1,Awam,1,Berfungsi,1766690,,1,Pillar Hydrant,113,Sepang,324,Dengkil,0000-00-00,0,SELANGOR_CYBERJAYA_ZON S_WANI_29052015,18,CYBERJAYA (SL),f0713184-ab0b-4409-aa47-b8af8163de67
339928,9e06d11a-c725-43cb-b684-6d178842fc8a,94e691f5-a2ac-4fbe-bb7f-5228dc2c49f3,153,CBY,E,049,CBY-E-049,SEBELAH PARKIR BERTINGKAT DOMAIN 1  THE DOMAIN 63000 CYBERJAYA,BANGUNAN SETIA HARUMAN (PEJABAT PROPEL),sebelah,4,Tepi,Cyberjaya,2.917221,101.648704,6,b74645e5-3ad2-4dd9-ba72-3b7eb8f16643,Selangor,72,Sepang,1,Awam,1,Berfungsi,1766690,,1,Pillar Hydrant,113,Sepang,324,Dengkil,0000-00-00,0,SELANGOR_CYBERJAYA_ZON S_WANI_29052015,18,CYBERJAYA (SL),f0713184-ab0b-4409-aa47-b8af8163de67
339929,cf44e9e7-4782-4a7d-9019-273a26539db1,94e691f5-a2ac-4fbe-bb7f-5228dc2c49f3,153,CBY,E,050,CBY-E-050,HADAPAN DOMAIN 5  THE DOMAIN 63000 CYBERJAYA,BANGUNAN SETIA HARUMAN (PEJABAT PROPEL),HADAPAN ,1,Hadapan,Cyberjaya,2.916447,101.648452,6,b74645e5-3ad2-4dd9-ba72-3b7eb8f16643,Selangor,72,Sepang,1,Awam,1,Berfungsi,1766690,,1,Pillar Hydrant,113,Sepang,324,Dengkil,0000-00-00,0,SELANGOR_CYBERJAYA_ZON S_WANI_29052015,18,CYBERJAYA (SL),f0713184-ab0b-4409-aa47-b8af8163de67
339930,098ab251-a0fa-4aa9-a3f4-3da7c4ee4fe4,94e691f5-a2ac-4fbe-bb7f-5228dc2c49f3,153,CBY,E,051,CBY-E-051,HADAPAN PARKIR BERTINGKAT DOMAIN 3  THE DOMAIN 63000 CYBERJAYA,BANGUNAN SETIA HARUMAN (PEJABAT PROPEL),HADAPAN ,1,Hadapan,Cyberjaya,2.916073,101.648873,6,b74645e5-3ad2-4dd9-ba72-3b7eb8f16643,Selangor,72,Sepang,1,Awam,1,Berfungsi,1766690,,1,Pillar Hydrant,113,Sepang,324,Dengkil,0000-00-00,0,SELANGOR_CYBERJAYA_ZON S_WANI_29052015,18,CYBERJAYA (SL),f0713184-ab0b-4409-aa47-b8af8163de67
339931,f680a385-4b74-48ae-84e3-266e4b16848c,94e691f5-a2ac-4fbe-bb7f-5228dc2c49f3,153,CBY,E,052,CBY-E-052,BELAKANG DOMAIN 3  THE DOMAIN 63000 CYBERJAYA,BANGUNAN SETIA HARUMAN (PEJABAT PROPEL),belakang,2,Belakang,Cyberjaya,2.916501,101.649543,6,b74645e5-3ad2-4dd9-ba72-3b7eb8f16643,Selangor,72,Sepang,1,Awam,1,Berfungsi,1766690,,1,Pillar Hydrant,113,Sepang,324,Dengkil,0000-00-00,0,SELANGOR_CYBERJAYA_ZON S_WANI_29052015,18,CYBERJAYA (SL),f0713184-ab0b-4409-aa47-b8af8163de67
339932,c7fe72ca-e982-4868-a316-1d38bb09b462,94e691f5-a2ac-4fbe-bb7f-5228dc2c49f3,153,CBY,E,053,CBY-E-053,BELAKANG DOMAIN 2  THE DOMAIN 63000 CYBERJAYA,BANGUNAN SETIA HARUMAN (PEJABAT PROPEL),belakang,2,Belakang,Cyberjaya,2.916674,101.649491,6,b74645e5-3ad2-4dd9-ba72-3b7eb8f16643,Selangor,72,Sepang,1,Awam,1,Berfungsi,1766690,,1,Pillar Hydrant,113,Sepang,324,Dengkil,0000-00-00,0,SELANGOR_CYBERJAYA_ZON S_WANI_29052015,18,CYBERJAYA (SL),f0713184-ab0b-4409-aa47-b8af8163de67
339933,2cae9676-2714-4a0e-86ef-a1e7c2b08140,94e691f5-a2ac-4fbe-bb7f-5228dc2c49f3,153,CBY,E,054,CBY-E-054,BELAKANG RUMAH TNB NO PE 22.80  THE DOMAIN 63000 CYBERJAYA,BANGUNAN SETIA HARUMAN (PEJABAT PROPEL),belakang,2,Belakang,Cyberjaya,2.917401,101.649427,6,b74645e5-3ad2-4dd9-ba72-3b7eb8f16643,Selangor,72,Sepang,1,Awam,1,Berfungsi,1766690,,1,Pillar Hydrant,113,Sepang,324,Dengkil,0000-00-00,0,SELANGOR_CYBERJAYA_ZON S_WANI_29052015,18,CYBERJAYA (SL),f0713184-ab0b-4409-aa47-b8af8163de67
339934,46ea8eb8-0e3d-4787-b8f5-bbd0b9b4d6e3,94e691f5-a2ac-4fbe-bb7f-5228dc2c49f3,153,CBY,E,055,CBY-E-055,SEBELAH PARKIR TOWER 2  ECLIPSE RESIDENCE 63000 CYBERJAYA,BANGUNAN SETIA HARUMAN (PEJABAT PROPEL),sebelah,4,Tepi,Cyberjaya,2.924499,101.635523,6,b74645e5-3ad2-4dd9-ba72-3b7eb8f16643,Selangor,72,Sepang,1,Awam,1,Berfungsi,1766690,,1,Pillar Hydrant,113,Sepang,324,Dengkil,0000-00-00,0,SELANGOR_CYBERJAYA_ZON S_WANI_29052015,18,CYBERJAYA (SL),f0713184-ab0b-4409-aa47-b8af8163de67
339935,e82f405e-a39e-4314-9db9-f7942d4b337b,94e691f5-a2ac-4fbe-bb7f-5228dc2c49f3,153,CBY,E,056,CBY-E-056,BELAKANG TOWER 1 BERHAMPIRAN PARKIR BERTINGKAT  ECLIPSE RESIDENCE 63000 CYBERJAYA,BANGUNAN SETIA HARUMAN (PEJABAT PROPEL),belakang,2,Belakang,Cyberjaya,2.924145,101.636291,6,b74645e5-3ad2-4dd9-ba72-3b7eb8f16643,Selangor,72,Sepang,1,Awam,1,Berfungsi,1766690,,1,Pillar Hydrant,113,Sepang,324,Dengkil,0000-00-00,0,SELANGOR_CYBERJAYA_ZON S_WANI_29052015,18,CYBERJAYA (SL),f0713184-ab0b-4409-aa47-b8af8163de67
339936,caa2325c-3412-42d6-82ed-e85c9ec5078e,94e691f5-a2ac-4fbe-bb7f-5228dc2c49f3,153,CBY,E,057,CBY-E-057,HADAPAN RUMAH SAMPAH TOWER 1 ECLIPSE RESIDENCE 63000 CYBERJAYA ,BANGUNAN SETIA HARUMAN (PEJABAT PROPEL),HADAPAN ,1,Hadapan,Cyberjaya,2.923491,101.636081,6,b74645e5-3ad2-4dd9-ba72-3b7eb8f16643,Selangor,72,Sepang,1,Awam,1,Berfungsi,1766690,,1,Pillar Hydrant,113,Sepang,324,Dengkil,0000-00-00,0,SELANGOR_CYBERJAYA_ZON S_WANI_29052015,18,CYBERJAYA (SL),f0713184-ab0b-4409-aa47-b8af8163de67
339937,f9d9e0ca-6fc8-4368-be59-b20a2d1bc9f5,94e691f5-a2ac-4fbe-bb7f-5228dc2c49f3,153,CBY,E,058,CBY-E-058,HADAPAN TOWER 1  ECLIPSE RESIDENCE 63000 CYBERJAYA,LIM KOK WING UNIVESITY (LUCCT),HADAPAN ,1,Hadapan,Cyberjaya,2.923963,101.635626,6,b74645e5-3ad2-4dd9-ba72-3b7eb8f16643,Selangor,72,Sepang,1,Awam,1,Berfungsi,1766690,,1,Pillar Hydrant,113,Sepang,324,Dengkil,0000-00-00,0,SELANGOR_CYBERJAYA_ZON S_WANI_29052015,103,CYEBERJAYA (SL),7202f75f-2864-47b2-a2cc-fbe4b6db62b3
339938,6468b288-7246-45f9-b9c4-41aca53ea151,94e691f5-a2ac-4fbe-bb7f-5228dc2c49f3,153,CBY,E,059,CBY-E-059,SEBELAH LOBI CAMBRIDGE GARDEN PLAZA GARDEN RESIDENCE 63000 CYBERJAYA,LIM KOK WING UNIVESITY (LUCCT),sebelah,4,Tepi,Cyberjaya,2.949236,101.665052,6,b74645e5-3ad2-4dd9-ba72-3b7eb8f16643,Selangor,72,Sepang,1,Awam,1,Berfungsi,1766690,,1,Pillar Hydrant,113,Sepang,324,Dengkil,0000-00-00,0,SELANGOR_CYBERJAYA_ZON S_WANI_29052015,18,CYBERJAYA (SL),f0713184-ab0b-4409-aa47-b8af8163de67
339939,6e7a5de6-44d8-4a5f-a7fa-f5940e94d85d,94e691f5-a2ac-4fbe-bb7f-5228dc2c49f3,153,CBY,E,060,CBY-E-060,HADAPAN LOBI HAVARD GARDEN PLAZA GARDEN RESIDENCE 63000 CYBERJAYA,LIM KOK WING UNIVESITY (LUCCT),HADAPAN,1,Hadapan,Cyberjaya,2.949326,101.665533,6,b74645e5-3ad2-4dd9-ba72-3b7eb8f16643,Selangor,72,Sepang,1,Awam,1,Berfungsi,1766690,,1,Pillar Hydrant,113,Sepang,324,Dengkil,0000-00-00,0,SELANGOR_CYBERJAYA_ZON S_WANI_29052015,18,CYBERJAYA (SL),f0713184-ab0b-4409-aa47-b8af8163de67
339940,eb236dad-ca24-4071-9b6a-14b6fc8e712c,94e691f5-a2ac-4fbe-bb7f-5228dc2c49f3,153,CBY,E,061,CBY-E-061,HADAPAN LOT KEDAI NO 0T-G-03 OXFORD  GARDEN PLAZA GARDEN RESIDENCE 63000 CYBERJAYA,LIM KOK WING UNIVESITY (LUCCT),HADAPAN ,1,Hadapan,Cyberjaya,2.948854,101.665347,6,b74645e5-3ad2-4dd9-ba72-3b7eb8f16643,Selangor,72,Sepang,1,Awam,1,Berfungsi,1766690,,1,Pillar Hydrant,113,Sepang,324,Dengkil,0000-00-00,0,SELANGOR_CYBERJAYA_ZON S_WANI_29052015,18,CYBERJAYA (SL),f0713184-ab0b-4409-aa47-b8af8163de67
339941,0ce04762-2dc9-4101-9790-50830b825a39,94e691f5-a2ac-4fbe-bb7f-5228dc2c49f3,153,CBY,E,062,CBY-E-062,HADAPAN LOT KEDAI 0T-G-11 OXFORD  GARDEN PLAZA GARDEN RESIDENCE 63000 CYBERJAYA,LIM KOK WING UNIVESITY (LUCCT),HADAPAN,1,Hadapan,Cyberjaya,2.948916,101.664963,6,b74645e5-3ad2-4dd9-ba72-3b7eb8f16643,Selangor,72,Sepang,1,Awam,1,Berfungsi,1766690,,1,Pillar Hydrant,113,Sepang,324,Dengkil,0000-00-00,0,SELANGOR_CYBERJAYA_ZON S_WANI_29052015,18,CYBERJAYA (SL),f0713184-ab0b-4409-aa47-b8af8163de67
339942,8d2440f2-792d-4eb2-857f-20b485bfdd07,94e691f5-a2ac-4fbe-bb7f-5228dc2c49f3,153,CBY,E,063,CBY-E-063,BELAKANG LOT KEDAI NO 0T-G-03A OXFORD  GARDEN PLAZA GARDEN RESIDENCE 63000 CYBERJAYA,LIM KOK WING UNIVESITY (LUCCT),belakang,2,Belakang,Cyberjaya,2.948577,101.66547,6,b74645e5-3ad2-4dd9-ba72-3b7eb8f16643,Selangor,72,Sepang,1,Awam,1,Berfungsi,1766690,,1,Pillar Hydrant,113,Sepang,324,Dengkil,0000-00-00,0,SELANGOR_CYBERJAYA_ZON S_WANI_29052015,18,CYBERJAYA (SL),f0713184-ab0b-4409-aa47-b8af8163de67
339943,c29ba327-23ea-4781-bfb7-9ea39e751c68,94e691f5-a2ac-4fbe-bb7f-5228dc2c49f3,153,CBY,E,064,CBY-E-064,BELAKANG BLOK HAVARD  GARDEN PLAZA GARDEN RESIDENCE 63000 CYBERJAYA,LIM KOK WING UNIVESITY (LUCCT),belakang,2,Belakang,Cyberjaya,2.949267,101.665932,6,b74645e5-3ad2-4dd9-ba72-3b7eb8f16643,Selangor,72,Sepang,1,Awam,1,Berfungsi,1766690,,1,Pillar Hydrant,113,Sepang,324,Dengkil,0000-00-00,0,SELANGOR_CYBERJAYA_ZON S_WANI_29052015,18,CYBERJAYA (SL),f0713184-ab0b-4409-aa47-b8af8163de67
339944,df44a574-d308-41da-b587-7ff1e6791b75,94e691f5-a2ac-4fbe-bb7f-5228dc2c49f3,153,CBY,E,065,CBY-E-065,SEBELAH PAPAN TANDA  GARDEN PLAZA GARDEN RESIDENCE 63000 CYBERJAYA,LIM KOK WING UNIVESITY (LUCCT),sebelah,4,Tepi,Cyberjaya,2.949229,101.664403,6,b74645e5-3ad2-4dd9-ba72-3b7eb8f16643,Selangor,72,Sepang,1,Awam,1,Berfungsi,1766690,,1,Pillar Hydrant,113,Sepang,324,Dengkil,0000-00-00,0,SELANGOR_CYBERJAYA_ZON S_WANI_29052015,18,CYBERJAYA (SL),f0713184-ab0b-4409-aa47-b8af8163de67
339945,f48a65bb-bc4f-4efc-a22e-12b4fb29ed1c,94e691f5-a2ac-4fbe-bb7f-5228dc2c49f3,153,CBY,E,066,CBY-E-066,HADAPAN PONDOK KAWALAN  GARDEN PLAZA GARDEN RESIDENCE 63000 CYBERJAYA,LIM KOK WING UNIVESITY (LUCCT),HADAPAN ,1,Hadapan,Cyberjaya,2.949609,101.664545,6,b74645e5-3ad2-4dd9-ba72-3b7eb8f16643,Selangor,72,Sepang,1,Awam,1,Berfungsi,1766690,,1,Pillar Hydrant,113,Sepang,324,Dengkil,0000-00-00,0,SELANGOR_CYBERJAYA_ZON S_WANI_29052015,18,CYBERJAYA (SL),f0713184-ab0b-4409-aa47-b8af8163de67
339946,7c659623-54f4-4954-a072-a443cb2b97f7,94e691f5-a2ac-4fbe-bb7f-5228dc2c49f3,153,CBY,E,067,CBY-E-067,BERHAMPIRAN PONDOK KAWALAN THE HYVE SOHO 63000 CYBERJAYA ,LIM KOK WING UNIVESITY (LUCCT),BERHAMPIRAN,3,Berhampiran,Cyberjaya,2.920716,101.661136,6,b74645e5-3ad2-4dd9-ba72-3b7eb8f16643,Selangor,72,Sepang,1,Awam,1,Berfungsi,1766690,,1,Pillar Hydrant,113,Sepang,324,Dengkil,0000-00-00,0,SELANGOR_CYBERJAYA_ZON S_WANI_29052015,18,CYBERJAYA (SL),f0713184-ab0b-4409-aa47-b8af8163de67
339947,09d24964-d618-4a70-8216-41abb591d389,94e691f5-a2ac-4fbe-bb7f-5228dc2c49f3,153,CBY,E,068,CBY-E-068,SEBELAH RUMAH TNB NO SS 24.22  THE HYVE SOHO 63000 CYBERJAYA,LIM KOK WING UNIVESITY (LUCCT),sebelah,4,Tepi,Cyberjaya,2.921196,101.660548,6,b74645e5-3ad2-4dd9-ba72-3b7eb8f16643,Selangor,72,Sepang,1,Awam,1,Berfungsi,1766690,,1,Pillar Hydrant,113,Sepang,324,Dengkil,0000-00-00,0,SELANGOR_CYBERJAYA_ZON S_WANI_29052015,18,CYBERJAYA (SL),f0713184-ab0b-4409-aa47-b8af8163de67
339948,4ce7b0f5-01f2-4c7e-b723-25f60bc91112,94e691f5-a2ac-4fbe-bb7f-5228dc2c49f3,153,CBY,E,069,CBY-E-069,BERHAMPIRAN PINTU MASUK PARKIR P6  THE HYVE SOHO 63000 CYBERJAYA,LIM KOK WING UNIVESITY (LUCCT),BERHAMPIRAN,3,Berhampiran,Cyberjaya,2.920876,101.660167,6,b74645e5-3ad2-4dd9-ba72-3b7eb8f16643,Selangor,72,Sepang,1,Awam,1,Berfungsi,1766690,,1,Pillar Hydrant,113,Sepang,324,Dengkil,0000-00-00,0,SELANGOR_CYBERJAYA_ZON S_WANI_29052015,18,CYBERJAYA (SL),f0713184-ab0b-4409-aa47-b8af8163de67
339949,355bddcc-5b04-4087-80ce-2bf6de6d47d2,94e691f5-a2ac-4fbe-bb7f-5228dc2c49f3,153,CBY,E,070,CBY-E-070,BERHAMPIRAN TANGGA P6  THE HYVE SOHO 63000 CYBERJAYA,LIM KOK WING UNIVESITY (LUCCT),BERHAMPIRAN,3,Berhampiran,Cyberjaya,2.920202,101.660145,6,b74645e5-3ad2-4dd9-ba72-3b7eb8f16643,Selangor,72,Sepang,1,Awam,1,Berfungsi,1766690,,1,Pillar Hydrant,113,Sepang,324,Dengkil,0000-00-00,0,SELANGOR_CYBERJAYA_ZON S_WANI_29052015,18,CYBERJAYA (SL),f0713184-ab0b-4409-aa47-b8af8163de67
339950,62bef7e9-0f74-4005-b74c-509e46ffd5a6,94e691f5-a2ac-4fbe-bb7f-5228dc2c49f3,153,CBY,E,071,CBY-E-071,BERHAMPIRAN PINTU MASUK PARKIR P4  THE HYVE SOHO 63000 CYBERJAYA, CYBERVIEW GARDEN,BERHAMPIRAN,3,Berhampiran,Cyberjaya,2.920086,101.660594,6,b74645e5-3ad2-4dd9-ba72-3b7eb8f16643,Selangor,72,Sepang,1,Awam,1,Berfungsi,1766690,,1,Pillar Hydrant,113,Sepang,324,Dengkil,0000-00-00,0,SELANGOR_CYBERJAYA_ZON S_WANI_29052015,18,CYBERJAYA (SL),f0713184-ab0b-4409-aa47-b8af8163de67
339951,cf3d268d-cf95-44ee-b60b-0cc708bb0f98,94e691f5-a2ac-4fbe-bb7f-5228dc2c49f3,153,CBY,E,072,CBY-E-072,BERHAMPIRAN RUMAH SAMPAH TOWER B  THE HYVE SOHO 63000 CYBERJAYA, CYBERVIEW GARDEN,BERHAMPIRAN,3,Berhampiran,Cyberjaya,2.920244,101.661524,6,b74645e5-3ad2-4dd9-ba72-3b7eb8f16643,Selangor,72,Sepang,1,Awam,1,Berfungsi,1766690,,1,Pillar Hydrant,113,Sepang,324,Dengkil,0000-00-00,0,SELANGOR_CYBERJAYA_ZON S_WANI_29052015,18,CYBERJAYA (SL),f0713184-ab0b-4409-aa47-b8af8163de67
339952,b705245e-f70b-43b9-a8c1-272966c0ec9d,94e691f5-a2ac-4fbe-bb7f-5228dc2c49f3,153,CBY,E,073,CBY-E-073,HADAPAN TOWER B  THE HYVE SOHO 63000 CYBERJAYA, CYBERVIEW GARDEN,HADAPAN ,1,Hadapan,Cyberjaya,2.920356,101.660891,6,b74645e5-3ad2-4dd9-ba72-3b7eb8f16643,Selangor,72,Sepang,1,Awam,1,Berfungsi,1766690,,1,Pillar Hydrant,113,Sepang,324,Dengkil,0000-00-00,0,SELANGOR_CYBERJAYA_ZON S_WANI_29052015,18,CYBERJAYA (SL),f0713184-ab0b-4409-aa47-b8af8163de67
339953,a316d762-2437-402d-bf0c-451e7f3f940b,94e691f5-a2ac-4fbe-bb7f-5228dc2c49f3,153,CBY,E,074,CBY-E-074,BERHAMPIRAN PONDOK KAWALAN PINTU MASUK KANVAS SOHO 63000 CYBERJAYA, CYBERVIEW GARDEN,BERHAMPIRAN,3,Berhampiran,Cyberjaya,2.913361,101.654643,6,b74645e5-3ad2-4dd9-ba72-3b7eb8f16643,Selangor,72,Sepang,1,Awam,1,Berfungsi,1666510,,1,Pillar Hydrant,113,Sepang,324,Dengkil,0000-00-00,0,SELANGOR_CYBERJAYA_ZON S_WANI_29052015,18,CYBERJAYA (SL),f0713184-ab0b-4409-aa47-b8af8163de67
339954,086cf067-9253-4049-a524-ada02b950c24,94e691f5-a2ac-4fbe-bb7f-5228dc2c49f3,153,CBY,E,075,CBY-E-075,HADAPAN LOT KEAI G-7  KANVAS SOHO 63000 CYBERJAYA, CYBERVIEW GARDEN,HADAPAN ,1,Hadapan,Cyberjaya,2.913689,101.655115,6,b74645e5-3ad2-4dd9-ba72-3b7eb8f16643,Selangor,72,Sepang,1,Awam,1,Berfungsi,1666510,,1,Pillar Hydrant,113,Sepang,324,Dengkil,0000-00-00,0,SELANGOR_CYBERJAYA_ZON S_WANI_29052015,18,CYBERJAYA (SL),f0713184-ab0b-4409-aa47-b8af8163de67
339955,727769b2-92b0-47b4-9e43-4b27fb8b6f8a,94e691f5-a2ac-4fbe-bb7f-5228dc2c49f3,153,CBY,E,076,CBY-E-076,HADAPAN RUMAH TNB PE 24.37 TOWER A  KANVAS SOHO 63000 CYBERJAYA, CYBERVIEW GARDEN,HADAPAN,1,Hadapan,Cyberjaya,2.912989,101.655329,6,b74645e5-3ad2-4dd9-ba72-3b7eb8f16643,Selangor,72,Sepang,1,Awam,1,Berfungsi,1666510,,1,Pillar Hydrant,113,Sepang,324,Dengkil,0000-00-00,0,SELANGOR_CYBERJAYA_ZON S_WANI_29052015,18,CYBERJAYA (SL),f0713184-ab0b-4409-aa47-b8af8163de67
339956,69a00d0b-593e-4322-a28b-b3803590c0d1,94e691f5-a2ac-4fbe-bb7f-5228dc2c49f3,153,CBY,E,077,CBY-E-077,BERHAMPIRAN PARKIR G FLOOR TOWER A  KANVAS SOHO 63000 CYBERJAYA, CYBERVIEW GARDEN,BERHAMPIRAN,3,Berhampiran,Cyberjaya,2.912638,101.654862,6,b74645e5-3ad2-4dd9-ba72-3b7eb8f16643,Selangor,72,Sepang,1,Awam,1,Berfungsi,1666510,,1,Pillar Hydrant,113,Sepang,324,Dengkil,0000-00-00,0,SELANGOR_CYBERJAYA_ZON S_WANI_29052015,18,CYBERJAYA (SL),f0713184-ab0b-4409-aa47-b8af8163de67
339957,437ec107-b5e5-44d4-abec-d30426fd5066,94e691f5-a2ac-4fbe-bb7f-5228dc2c49f3,153,CBY,E,078,CBY-E-078,SEBELAH RUMAH TNB PE 24.38  KANVAS SOHO 63000 CYBERJAYA, CYBERVIEW GARDEN,SEBELAH,4,Tepi,Cyberjaya,2.912929,101.65414,6,b74645e5-3ad2-4dd9-ba72-3b7eb8f16643,Selangor,72,Sepang,1,Awam,1,Berfungsi,1666510,,1,Pillar Hydrant,113,Sepang,324,Dengkil,0000-00-00,0,SELANGOR_CYBERJAYA_ZON S_WANI_29052015,18,CYBERJAYA (SL),f0713184-ab0b-4409-aa47-b8af8163de67
339958,3a361646-af65-4f63-af27-fd9cd4f904e3,94e691f5-a2ac-4fbe-bb7f-5228dc2c49f3,153,CBY,E,079,CBY-E-079,BERHAMPIRAN PONDOK KAWALAN KENWINGSTON SQUARE GARDEN 63000 CYBERJAYA , CYBERVIEW GARDEN,BERHAMPIRAN,3,Berhampiran,Cyberjaya,2.910277,101.638964,6,b74645e5-3ad2-4dd9-ba72-3b7eb8f16643,Selangor,72,Sepang,1,Awam,1,Berfungsi,1666510,,1,Pillar Hydrant,113,Sepang,324,Dengkil,0000-00-00,0,SELANGOR_CYBERJAYA_ZON S_WANI_29052015,18,CYBERJAYA (SL),f0713184-ab0b-4409-aa47-b8af8163de67
339959,7c2f0ecf-d6f7-45ce-8f28-c04627750cb3,94e691f5-a2ac-4fbe-bb7f-5228dc2c49f3,153,CBY,E,080,CBY-E-080,BELAKANG TOWER A  KENWINGSTON SQUARE GARDEN 63000 CYBERJAYA, CYBERVIEW GARDEN,belakang,2,Belakang,Cyberjaya,2.909605,101.639315,6,b74645e5-3ad2-4dd9-ba72-3b7eb8f16643,Selangor,72,Sepang,1,Awam,1,Berfungsi,1666510,,1,Pillar Hydrant,113,Sepang,324,Dengkil,0000-00-00,0,SELANGOR_CYBERJAYA_ZON S_WANI_29052015,18,CYBERJAYA (SL),f0713184-ab0b-4409-aa47-b8af8163de67
339960,eb2528dd-8ccb-4a91-99d2-bf406a38a133,94e691f5-a2ac-4fbe-bb7f-5228dc2c49f3,153,CBY,E,081,CBY-E-081,HADAPAN RUMAH SAMPAH  KENWINGSTON SQUARE GARDEN 63000 CYBERJAYA, CYBERVIEW GARDEN,HADAPAN ,1,Hadapan,Cyberjaya,2.909572,101.640066,6,b74645e5-3ad2-4dd9-ba72-3b7eb8f16643,Selangor,72,Sepang,1,Awam,1,Berfungsi,1666510,,1,Pillar Hydrant,113,Sepang,324,Dengkil,0000-00-00,0,SELANGOR_CYBERJAYA_ZON S_WANI_29052015,18,CYBERJAYA (SL),f0713184-ab0b-4409-aa47-b8af8163de67
339961,ba6d13cf-66d7-4fde-be3a-91553525d348,94e691f5-a2ac-4fbe-bb7f-5228dc2c49f3,153,CBY,E,082,CBY-E-082,HADAPAN RUMAH TNB PE 24.59 KENWINGSTON SQUARE GARDEN 63000 CYBERJAYA,STREET MALL,HADAPAN ,1,Hadapan,Cyberjaya,2.910425,101.640354,6,b74645e5-3ad2-4dd9-ba72-3b7eb8f16643,Selangor,72,Sepang,1,Awam,1,Berfungsi,1666510,,1,Pillar Hydrant,113,Sepang,324,Dengkil,0000-00-00,0,SELANGOR_CYBERJAYA_ZON S_WANI_29052015,18,CYBERJAYA (SL),f0713184-ab0b-4409-aa47-b8af8163de67
339962,38bdf914-e5ad-448e-8bcc-3a63f6257f13,94e691f5-a2ac-4fbe-bb7f-5228dc2c49f3,153,CBY,E,083,CBY-E-083,SEBELAH LOT KEDAI NO 01-13A  KENWINGSTON SQUARE GARDEN 63000 CYBERJAYA,STREET MALL,sebelah,4,Tepi,Cyberjaya,2.910977,101.640287,6,b74645e5-3ad2-4dd9-ba72-3b7eb8f16643,Selangor,72,Sepang,1,Awam,1,Berfungsi,1666510,,1,Pillar Hydrant,113,Sepang,324,Dengkil,0000-00-00,0,SELANGOR_CYBERJAYA_ZON S_WANI_29052015,18,CYBERJAYA (SL),f0713184-ab0b-4409-aa47-b8af8163de67
339963,4ea688e7-c379-4abc-801b-5e442d0fb9d8,94e691f5-a2ac-4fbe-bb7f-5228dc2c49f3,153,CBY,E,084,CBY-E-084,HADAPAN LOT KEDAI NO 01-06  KENWINGSTON SQUARE GARDEN 63000 CYBERJAYA,STREET MALL,HADAPAN ,1,Hadapan,Cyberjaya,2.911168,101.63947,6,b74645e5-3ad2-4dd9-ba72-3b7eb8f16643,Selangor,72,Sepang,1,Awam,1,Berfungsi,1766690,,1,Pillar Hydrant,113,Sepang,324,Dengkil,0000-00-00,0,SELANGOR_CYBERJAYA_ZON S_WANI_29052015,18,CYBERJAYA (SL),f0713184-ab0b-4409-aa47-b8af8163de67
339964,89a8724f-0894-4c6c-974e-4e321fa65192,94e691f5-a2ac-4fbe-bb7f-5228dc2c49f3,153,CBY,E,085,CBY-E-085,SEBELAH LOT KEDAI NO 01-01  KENWINGSTON SQUARE GARDEN 63000 CYBERJAYA,STREET MALL,SEBELAH,4,Tepi,Cyberjaya,2.910843,101.63905,6,b74645e5-3ad2-4dd9-ba72-3b7eb8f16643,Selangor,72,Sepang,1,Awam,1,Berfungsi,1766690,,1,Pillar Hydrant,113,Sepang,324,Dengkil,0000-00-00,0,SELANGOR_CYBERJAYA_ZON S_WANI_29052015,18,CYBERJAYA (SL),f0713184-ab0b-4409-aa47-b8af8163de67
339965,1469b831-6a7f-4e4e-820f-9f86789b1371,94e691f5-a2ac-4fbe-bb7f-5228dc2c49f3,153,CBY,E,086,CBY-E-086,SEBELAH PEJABAT PENGURUSAN LAKEFRONT RESIDENCE 63000 CYBERJAYA ,TM NET,SEBELAH,4,Tepi,Cyberjaya,2.93262,101.630997,6,b74645e5-3ad2-4dd9-ba72-3b7eb8f16643,Selangor,72,Sepang,1,Awam,1,Berfungsi,1766690,,1,Pillar Hydrant,113,Sepang,324,Dengkil,0000-00-00,0,SELANGOR_CYBERJAYA_ZON S_WANI_29052015,18,CYBERJAYA (SL),f0713184-ab0b-4409-aa47-b8af8163de67
339966,a9642555-3cb4-488f-9f06-264413b2247c,94e691f5-a2ac-4fbe-bb7f-5228dc2c49f3,153,CBY,E,087,CBY-E-087,HADAPAN TOWER 3  LAKEFRONT RESIDENCE 63000 CYBERJAYA,TM NET,HADAPAN,1,Hadapan,Cyberjaya,2.932071,101.630916,6,b74645e5-3ad2-4dd9-ba72-3b7eb8f16643,Selangor,72,Sepang,1,Awam,1,Berfungsi,1766690,,1,Pillar Hydrant,113,Sepang,324,Dengkil,0000-00-00,0,SELANGOR_CYBERJAYA_ZON S_WANI_29052015,18,CYBERJAYA (SL),f0713184-ab0b-4409-aa47-b8af8163de67
339967,6600c4c8-86c3-44b4-8a63-7600bfbbdc08,94e691f5-a2ac-4fbe-bb7f-5228dc2c49f3,153,CBY,E,088,CBY-E-088,BELAKANG TOWER 4  LAKEFRONT RESIDENCE 63000 CYBERJAYA,TM NET,belakang,2,Belakang,Cyberjaya,2.93147,101.630502,6,b74645e5-3ad2-4dd9-ba72-3b7eb8f16643,Selangor,72,Sepang,1,Awam,1,Berfungsi,1766690,,1,Pillar Hydrant,113,Sepang,324,Dengkil,0000-00-00,0,SELANGOR_CYBERJAYA_ZON S_WANI_29052015,18,CYBERJAYA (SL),f0713184-ab0b-4409-aa47-b8af8163de67
339968,fbd8ef36-1d80-47fe-956a-a06a3e6ec350,94e691f5-a2ac-4fbe-bb7f-5228dc2c49f3,153,CBY,E,089,CBY-E-089,SEBELAH TOWER 4  LAKEFRONT RESIDENCE 63000 CYBERJAYA,TM NET,SEBELAH,4,Tepi,Cyberjaya,2.931334,101.631116,6,b74645e5-3ad2-4dd9-ba72-3b7eb8f16643,Selangor,72,Sepang,1,Awam,1,Berfungsi,1766690,,1,Pillar Hydrant,113,Sepang,324,Dengkil,0000-00-00,0,SELANGOR_CYBERJAYA_ZON S_WANI_29052015,18,CYBERJAYA (SL),f0713184-ab0b-4409-aa47-b8af8163de67
339969,67daa9d8-aef4-44e2-a6d8-6fce6e3744e8,94e691f5-a2ac-4fbe-bb7f-5228dc2c49f3,153,CBY,E,090,CBY-E-090,PINTU MASUK UTAMA TOWER 4  LAKEFRONT RESIDENCE 63000 CYBERJAYA,TM NET,HADAPAN,1,Hadapan,Cyberjaya,2.931036,101.630647,6,b74645e5-3ad2-4dd9-ba72-3b7eb8f16643,Selangor,72,Sepang,1,Awam,1,Berfungsi,1766690,,1,Pillar Hydrant,113,Sepang,324,Dengkil,0000-00-00,0,SELANGOR_CYBERJAYA_ZON S_WANI_29052015,18,CYBERJAYA (SL),f0713184-ab0b-4409-aa47-b8af8163de67
339970,7cbea636-8838-4a17-b0ab-561f12d23f7e,94e691f5-a2ac-4fbe-bb7f-5228dc2c49f3,153,CBY,E,091,CBY-E-091,BERHAMPIRAN KOLAM RENANG TOWER 3  LAKEFRONT RESIDENCE 63000 CYBERJAYA,TM NET,BERHAMPIRAN,3,Berhampiran,Cyberjaya,2.932038,101.630263,6,b74645e5-3ad2-4dd9-ba72-3b7eb8f16643,Selangor,72,Sepang,1,Awam,1,Berfungsi,1766690,,1,Pillar Hydrant,113,Sepang,324,Dengkil,0000-00-00,0,SELANGOR_CYBERJAYA_ZON S_WANI_29052015,18,CYBERJAYA (SL),f0713184-ab0b-4409-aa47-b8af8163de67
339971,77512ee1-997f-4779-b0df-c9b359bc8034,94e691f5-a2ac-4fbe-bb7f-5228dc2c49f3,153,CBY,E,092,CBY-E-092,HADAPAN TOWER 2  LAKEFRONT RESIDENCE 63000 CYBERJAYA,TM NET,HADAPAN ,1,Hadapan,Cyberjaya,2.932656,101.630498,6,b74645e5-3ad2-4dd9-ba72-3b7eb8f16643,Selangor,72,Sepang,1,Awam,1,Berfungsi,1766690,,1,Pillar Hydrant,113,Sepang,324,Dengkil,0000-00-00,0,SELANGOR_CYBERJAYA_ZON S_WANI_29052015,18,CYBERJAYA (SL),f0713184-ab0b-4409-aa47-b8af8163de67
339972,b28371e7-93ca-42d4-a593-1bce3337ab93,94e691f5-a2ac-4fbe-bb7f-5228dc2c49f3,153,CBY,E,093,CBY-E-093,BELAKANG TOWER 2  LAKEFRONT RESIDENCE 63000 CYBERJAYA,TM NET,belakang,2,Belakang,Cyberjaya,2.933155,101.630064,6,b74645e5-3ad2-4dd9-ba72-3b7eb8f16643,Selangor,72,Sepang,1,Awam,1,Berfungsi,1766690,,1,Pillar Hydrant,113,Sepang,324,Dengkil,0000-00-00,0,SELANGOR_CYBERJAYA_ZON S_WANI_29052015,18,CYBERJAYA (SL),f0713184-ab0b-4409-aa47-b8af8163de67
339973,987e55ea-8a24-42ea-bb90-54d8b39888f4,94e691f5-a2ac-4fbe-bb7f-5228dc2c49f3,153,CBY,E,094,CBY-E-094,BERHAMPIRAN KOLAM IKAN PERTENGAHAN TOWER 1 DAN TOWER 2  LAKEFRONT RESIDENCE 63000 CYBERJAYA,COLLEGE MEDICAL,BERHAMPIRAN,3,Berhampiran,Cyberjaya,2.933031,101.629913,6,b74645e5-3ad2-4dd9-ba72-3b7eb8f16643,Selangor,72,Sepang,1,Awam,1,Berfungsi,1766690,,1,Pillar Hydrant,113,Sepang,324,Dengkil,0000-00-00,0,SELANGOR_CYBERJAYA_ZON S_WANI_29052015,18,CYBERJAYA (SL),f0713184-ab0b-4409-aa47-b8af8163de67
339974,99ca3484-900b-489e-a1a5-fef4e07f40c0,94e691f5-a2ac-4fbe-bb7f-5228dc2c49f3,153,CBY,E,095,CBY-E-095,BELAKANG TOWER 1  LAKEFRONT RESIDENCE 63000 CYBERJAYA,COLLEGE MEDICAL,belakang,2,Belakang,Cyberjaya,2.933647,101.630225,6,b74645e5-3ad2-4dd9-ba72-3b7eb8f16643,Selangor,72,Sepang,1,Awam,1,Berfungsi,1766690,,1,Pillar Hydrant,113,Sepang,324,Dengkil,0000-00-00,0,SELANGOR_CYBERJAYA_ZON S_WANI_29052015,18,CYBERJAYA (SL),f0713184-ab0b-4409-aa47-b8af8163de67
339975,ed44b124-6f11-405b-8b53-f51fb5fc99d2,94e691f5-a2ac-4fbe-bb7f-5228dc2c49f3,153,CBY,E,096,CBY-E-096,SEBELAH TOWER 1  LAKEFRONT RESIDENCE 63000 CYBERJAYA,COLLEGE MEDICAL,SEBELAH,4,Tepi,Cyberjaya,2.933686,101.630869,6,b74645e5-3ad2-4dd9-ba72-3b7eb8f16643,Selangor,72,Sepang,1,Awam,1,Berfungsi,1766690,,1,Pillar Hydrant,113,Sepang,324,Dengkil,0000-00-00,0,SELANGOR_CYBERJAYA_ZON S_WANI_29052015,18,CYBERJAYA (SL),f0713184-ab0b-4409-aa47-b8af8163de67
339976,21026b85-eec6-4f83-8180-e811505f531d,94e691f5-a2ac-4fbe-bb7f-5228dc2c49f3,153,CBY,E,097,CBY-E-097,SEBELAH BLOK A CUCMS MUTIARA VILLE 63000 CYBERJAYA,HSBC CYBERJAYA,SEBELAH,4,Tepi,Cyberjaya,2.922694,101.634098,6,b74645e5-3ad2-4dd9-ba72-3b7eb8f16643,Selangor,72,Sepang,1,Awam,1,Berfungsi,1766690,images/img_pili/20201228141514294.jpeg,1,Pillar Hydrant,113,Sepang,324,Dengkil,0000-00-00,0,SELANGOR_CYBERJAYA_ZON S_WANI_29052015,18,CYBERJAYA (SL),f0713184-ab0b-4409-aa47-b8af8163de67
339977,1bdfd894-dcfb-46b5-8ef9-43074a999601,94e691f5-a2ac-4fbe-bb7f-5228dc2c49f3,153,CBY,E,098,CBY-E-098,SEBELAH PARKIR BERTINGKAT BERHAMPIRAN RUMAH SAMPAH  MUTIARA VILLE 63000 CYBERJAYA,HSBC CYBERJAYA,SEBELAH,3,Berhampiran,Cyberjaya,2.922227,101.633101,6,b74645e5-3ad2-4dd9-ba72-3b7eb8f16643,Selangor,72,Sepang,1,Awam,1,Berfungsi,1766690,,1,Pillar Hydrant,113,Sepang,324,Dengkil,0000-00-00,0,SELANGOR_CYBERJAYA_ZON S_WANI_29052015,18,CYBERJAYA (SL),f0713184-ab0b-4409-aa47-b8af8163de67
339978,9487e84d-ea03-4117-9f13-3e9145042e7f,94e691f5-a2ac-4fbe-bb7f-5228dc2c49f3,153,CBY,E,099,CBY-E-099,BELAKANG BLOK B  MUTIARA VILLE 63000 CYBERJAYA,HSBC CYBERJAYA,belakang,2,Belakang,Cyberjaya,2.923041,101.633967,6,b74645e5-3ad2-4dd9-ba72-3b7eb8f16643,Selangor,72,Sepang,1,Awam,1,Berfungsi,1766690,,1,Pillar Hydrant,113,Sepang,324,Dengkil,0000-00-00,0,SELANGOR_CYBERJAYA_ZON S_WANI_29052015,18,CYBERJAYA (SL),f0713184-ab0b-4409-aa47-b8af8163de67
339979,549bbc61-c71e-4076-8a5b-0a9f68657725,94e691f5-a2ac-4fbe-bb7f-5228dc2c49f3,153,CBY,E,100,CBY-E-100,SEBELAH RUMAH SAMPAH BERHAMPIRAN SIMPANG MASUK PARKIR BLOK G  MUTIARA VILLE 63000 CYBERJAYA,HSBC CYBERJAYA,SEBELAH,3,Berhampiran,Cyberjaya,2.923097,101.632797,6,b74645e5-3ad2-4dd9-ba72-3b7eb8f16643,Selangor,72,Sepang,1,Awam,1,Berfungsi,1766690,,1,Pillar Hydrant,113,Sepang,324,Dengkil,0000-00-00,0,SELANGOR_CYBERJAYA_ZON S_WANI_29052015,18,CYBERJAYA (SL),f0713184-ab0b-4409-aa47-b8af8163de67
339980,44394937-eb17-435d-808e-3713f088a965,94e691f5-a2ac-4fbe-bb7f-5228dc2c49f3,153,CBY,E,101,CBY-E-101,HADAPAN BILIK PAM BLOK C  MUTIARA VILLE 63000 CYBERJAYA,HSBC CYBERJAYA,HADAPAN ,1,Hadapan,Cyberjaya,2.923069,101.634907,6,b74645e5-3ad2-4dd9-ba72-3b7eb8f16643,Selangor,72,Sepang,1,Awam,1,Berfungsi,1766690,,1,Pillar Hydrant,113,Sepang,324,Dengkil,0000-00-00,0,SELANGOR_CYBERJAYA_ZON S_WANI_29052015,18,CYBERJAYA (SL),f0713184-ab0b-4409-aa47-b8af8163de67
339981,1411fbab-fd02-4cf3-9228-bef49fffadd2,94e691f5-a2ac-4fbe-bb7f-5228dc2c49f3,153,CBY,E,102,CBY-E-102,SEBELAH TOWER D BERHAMPIRAN PINTU MASUK PARKIR  MUTIARA VILLE 63000 CYBERJAYA,HSBC CYBERJAYA,SEBELAH,3,Berhampiran,Cyberjaya,2.924081,101.634231,6,b74645e5-3ad2-4dd9-ba72-3b7eb8f16643,Selangor,72,Sepang,1,Awam,1,Berfungsi,1766690,,1,Pillar Hydrant,113,Sepang,324,Dengkil,0000-00-00,0,SELANGOR_CYBERJAYA_ZON S_WANI_29052015,18,CYBERJAYA (SL),f0713184-ab0b-4409-aa47-b8af8163de67
339982,f9d4051a-16db-4c77-84a8-5ef13640dd98,94e691f5-a2ac-4fbe-bb7f-5228dc2c49f3,153,CBY,E,103,CBY-E-103,HADAPAN TOWER E BERHAMPIRAN PINTU MASUK PARKIR  MUTIARA VILLE 63000 CYBERJAYA,TERMINAL BAS CYBERJAYA,HADAPAN ,1,Hadapan,Cyberjaya,2.923594,101.635148,6,b74645e5-3ad2-4dd9-ba72-3b7eb8f16643,Selangor,72,Sepang,1,Awam,1,Berfungsi,1766690,,1,Pillar Hydrant,113,Sepang,324,Dengkil,0000-00-00,0,SELANGOR_CYBERJAYA_ZON S_WANI_29052015,18,CYBERJAYA (SL),f0713184-ab0b-4409-aa47-b8af8163de67
339983,55745992-adb2-4e8a-9cf4-04968b6ab4d6,94e691f5-a2ac-4fbe-bb7f-5228dc2c49f3,153,CBY,E,104,CBY-E-104,HADAPAN TOWER F2  MUTIARA VILLE 63000 CYBERJAYA,TERMINAL BAS CYBERJAYA,HADAPAN ,1,Hadapan,Cyberjaya,2.924435,101.635237,6,b74645e5-3ad2-4dd9-ba72-3b7eb8f16643,Selangor,72,Sepang,1,Awam,1,Berfungsi,1666510,,1,Pillar Hydrant,113,Sepang,324,Dengkil,0000-00-00,0,SELANGOR_CYBERJAYA_ZON S_WANI_29052015,18,CYBERJAYA (SL),f0713184-ab0b-4409-aa47-b8af8163de67
339984,3cd87c2b-9cd6-4f6b-bc26-cca9a8c18db6,94e691f5-a2ac-4fbe-bb7f-5228dc2c49f3,153,CBY,E,105,CBY-E-105,SEBELAH TOWER F MUTIARA VILLE 63000 CYBERJAYA,TERMINAL BAS CYBERJAYA,SEBELAH,3,Berhampiran,Cyberjaya,2.924426,101.634037,6,b74645e5-3ad2-4dd9-ba72-3b7eb8f16643,Selangor,72,Sepang,1,Awam,1,Berfungsi,1666510,,1,Pillar Hydrant,113,Sepang,324,Dengkil,0000-00-00,0,SELANGOR_CYBERJAYA_ZON S_WANI_29052015,18,CYBERJAYA (SL),f0713184-ab0b-4409-aa47-b8af8163de67
339985,dd67fbaf-f6ae-4816-9baa-77d150e754dc,94e691f5-a2ac-4fbe-bb7f-5228dc2c49f3,153,CBY,E,106,CBY-E-106,SEBELAH TOWER J MUTIARA VILLE 63000 CYBERJAYA, SKMM,SEBELAH,4,Tepi,Cyberjaya,2.924574,101.633333,6,b74645e5-3ad2-4dd9-ba72-3b7eb8f16643,Selangor,72,Sepang,1,Awam,1,Berfungsi,1666510,images/img_pili/20210612211215968.jpeg,1,Pillar Hydrant,113,Sepang,324,Dengkil,0000-00-00,0,SELANGOR_CYBERJAYA_ZON S_WANI_29052015,18,CYBERJAYA (SL),f0713184-ab0b-4409-aa47-b8af8163de67
339986,eb544e3f-cfa1-4f01-b081-0fe1062cd56a,94e691f5-a2ac-4fbe-bb7f-5228dc2c49f3,153,CBY,E,107,CBY-E-107,HADAPAN TOWER J  MUTIARA VILLE 63000 CYBERJAYA, SKMM,HADAPAN ,1,Hadapan,Cyberjaya,2.924421,101.63268,6,b74645e5-3ad2-4dd9-ba72-3b7eb8f16643,Selangor,72,Sepang,1,Awam,1,Berfungsi,1666510,,1,Pillar Hydrant,113,Sepang,324,Dengkil,0000-00-00,0,SELANGOR_CYBERJAYA_ZON S_WANI_29052015,18,CYBERJAYA (SL),f0713184-ab0b-4409-aa47-b8af8163de67
339987,89cb6cdb-5bc2-4e08-9480-b2f6cecb6c4a,94e691f5-a2ac-4fbe-bb7f-5228dc2c49f3,153,CBY,E,108,CBY-E-108,SEBELAH PARKIR BERTINGKAT TOWER H MUTIARA VILLE 63000 CYBERJAYA, SKMM,SEBELAH,3,Berhampiran,Cyberjaya,2.924088,101.633429,6,b74645e5-3ad2-4dd9-ba72-3b7eb8f16643,Selangor,72,Sepang,1,Awam,1,Berfungsi,1666510,,1,Pillar Hydrant,113,Sepang,324,Dengkil,0000-00-00,0,SELANGOR_CYBERJAYA_ZON S_WANI_29052015,18,CYBERJAYA (SL),f0713184-ab0b-4409-aa47-b8af8163de67
339988,b4074271-ede2-4b04-a0f8-c55e38ef6b86,94e691f5-a2ac-4fbe-bb7f-5228dc2c49f3,153,CBY,E,109,CBY-E-109,SEBELAH PONDOK KAWALAN  MUTIARA VILLE 63000 CYBERJAYA, SKMM,SEBELAH,4,Tepi,Cyberjaya,2.92368,101.632642,6,b74645e5-3ad2-4dd9-ba72-3b7eb8f16643,Selangor,72,Sepang,1,Awam,1,Berfungsi,1666510,,1,Pillar Hydrant,113,Sepang,324,Dengkil,0000-00-00,0,SELANGOR_CYBERJAYA_ZON S_WANI_29052015,18,CYBERJAYA (SL),f0713184-ab0b-4409-aa47-b8af8163de67
339989,95ff3cf4-961c-4b92-bd57-83685093eb39,94e691f5-a2ac-4fbe-bb7f-5228dc2c49f3,153,CBY,E,110,CBY-E-110,HADAPAN RUMAH SAMPAH GEM IN MALL  MUTIARA VILLE 63000 CYBERJAYA, SKMM,HADAPAN ,1,Hadapan,Cyberjaya,2.92257,101.635132,6,b74645e5-3ad2-4dd9-ba72-3b7eb8f16643,Selangor,72,Sepang,1,Awam,1,Berfungsi,1666510,,1,Pillar Hydrant,113,Sepang,324,Dengkil,0000-00-00,0,SELANGOR_CYBERJAYA_ZON S_WANI_29052015,18,CYBERJAYA (SL),f0713184-ab0b-4409-aa47-b8af8163de67
339990,a58797ff-7cd3-430e-9c86-91a78079354b,94e691f5-a2ac-4fbe-bb7f-5228dc2c49f3,153,CBY,E,111,CBY-E-111,HADAPAN LOBI GEM IN MALL  MUTIARA VILLE 63000 CYBERJAYA, SKMM,HADAPAN,1,Hadapan,Cyberjaya,2.921948,101.634532,6,b74645e5-3ad2-4dd9-ba72-3b7eb8f16643,Selangor,72,Sepang,1,Awam,1,Berfungsi,1666510,,1,Pillar Hydrant,113,Sepang,324,Dengkil,0000-00-00,0,SELANGOR_CYBERJAYA_ZON S_WANI_29052015,18,CYBERJAYA (SL),f0713184-ab0b-4409-aa47-b8af8163de67
339991,6d616568-d39b-4675-b938-ae6863618552,94e691f5-a2ac-4fbe-bb7f-5228dc2c49f3,153,CBY,E,112,CBY-E-112,HADAPAN LOT KEDAI GF-2 TOWER A PARAGON 63000 CYBERJAYA," ""D"" MELUR CONDOMINIUM", HADAPAN ,1,Hadapan,Cyberjaya,2.923362,101.637305,6,b74645e5-3ad2-4dd9-ba72-3b7eb8f16643,Selangor,72,Sepang,1,Awam,1,Berfungsi,1666510,,1,Pillar Hydrant,113,Sepang,324,Dengkil,0000-00-00,0,SELANGOR_CYBERJAYA_ZON S_WANI_29052015,18,CYBERJAYA (SL),f0713184-ab0b-4409-aa47-b8af8163de67
339992,#NUM!,94e691f5-a2ac-4fbe-bb7f-5228dc2c49f3,153,CBY,E,113,CBY-E-113,BERHAMPIRAN LORONG KELUAR PARKING LG TOWER A  PARAGON 63000 CYBERJAYA," ""D"" MELUR CONDOMINIUM",BERHAMPIRAN,3,Berhampiran,Cyberjaya,2.923914,101.636924,6,b74645e5-3ad2-4dd9-ba72-3b7eb8f16643,Selangor,72,Sepang,1,Awam,1,Berfungsi,1666510,,1,Pillar Hydrant,113,Sepang,324,Dengkil,0000-00-00,0,SELANGOR_CYBERJAYA_ZON S_WANI_29052015,18,CYBERJAYA (SL),f0713184-ab0b-4409-aa47-b8af8163de67
339993,9798725f-d8ea-4f03-ab91-971e9f1aab6c,94e691f5-a2ac-4fbe-bb7f-5228dc2c49f3,153,CBY,E,114,CBY-E-114,BELAKANG TOWER B BERHAMPIRAN PARKIR LG  PARAGON 63000 CYBERJAYA," ""D"" MELUR CONDOMINIUM",belakang,2,Belakang,Cyberjaya,2.924537,101.63698,6,b74645e5-3ad2-4dd9-ba72-3b7eb8f16643,Selangor,72,Sepang,1,Awam,1,Berfungsi,1766690,,1,Pillar Hydrant,113,Sepang,324,Dengkil,0000-00-00,0,SELANGOR_CYBERJAYA_ZON S_WANI_29052015,18,CYBERJAYA (SL),f0713184-ab0b-4409-aa47-b8af8163de67
339994,bf576d8a-7458-42c8-9c62-2694c2585045,94e691f5-a2ac-4fbe-bb7f-5228dc2c49f3,153,CBY,E,115,CBY-E-115,SEBELAH LOT KEDAI GF-16 TOWER B  PARAGON 63000 CYBERJAYA," ""D"" MELUR CONDOMINIUM",SEBELAH,4,Tepi,Cyberjaya,2.924761,101.637264,6,b74645e5-3ad2-4dd9-ba72-3b7eb8f16643,Selangor,72,Sepang,1,Awam,1,Berfungsi,1766690,,1,Pillar Hydrant,113,Sepang,324,Dengkil,0000-00-00,0,SELANGOR_CYBERJAYA_ZON S_WANI_29052015,18,CYBERJAYA (SL),f0713184-ab0b-4409-aa47-b8af8163de67
339995,2ea52c3a-08b6-41b3-bbad-728de9000f24,94e691f5-a2ac-4fbe-bb7f-5228dc2c49f3,153,CBY,E,116,CBY-E-116,HADAPAN LOT KEDAI GF-09 TOWER A  PARAGON 63000 CYBERJAYA," ""D"" MELUR CONDOMINIUM",HADAPAN ,1,Hadapan,Cyberjaya,2.923912,101.637246,6,b74645e5-3ad2-4dd9-ba72-3b7eb8f16643,Selangor,72,Sepang,1,Awam,1,Berfungsi,1766690,,1,Pillar Hydrant,113,Sepang,324,Dengkil,0000-00-00,0,SELANGOR_CYBERJAYA_ZON S_WANI_29052015,18,CYBERJAYA (SL),f0713184-ab0b-4409-aa47-b8af8163de67
339996,fab223bf-e53c-4146-8ebd-73d20b8798a9,94e691f5-a2ac-4fbe-bb7f-5228dc2c49f3,153,CBY,E,117,CBY-E-117,BERHAMPIRAN PONDOK KAWALAN PRIMA 2 LAMAN VIEW 63000 CYBERJAYA ," ""D"" MELUR CONDOMINIUM",BERHAMPIRAN,3,Berhampiran,Cyberjaya,2.903426,101.640953,6,b74645e5-3ad2-4dd9-ba72-3b7eb8f16643,Selangor,72,Sepang,1,Awam,1,Berfungsi,1766690,,1,Pillar Hydrant,113,Sepang,324,Dengkil,0000-00-00,0,SELANGOR_CYBERJAYA_ZON S_WANI_29052015,18,CYBERJAYA (SL),f0713184-ab0b-4409-aa47-b8af8163de67
339997,bf887b2a-5c4e-4ad3-a8ff-6be73bda37f2,94e691f5-a2ac-4fbe-bb7f-5228dc2c49f3,153,CBY,E,118,CBY-E-118,HADAPAN BLOK A  PRIMA 2 LAMAN VIEW 63000 CYBERJAYA," ""D"" MELUR CONDOMINIUM",HADAPAN,1,Hadapan,Cyberjaya,2.903452,101.640287,6,b74645e5-3ad2-4dd9-ba72-3b7eb8f16643,Selangor,72,Sepang,1,Awam,1,Berfungsi,1766690,,1,Pillar Hydrant,113,Sepang,324,Dengkil,0000-00-00,0,SELANGOR_CYBERJAYA_ZON S_WANI_29052015,18,CYBERJAYA (SL),f0713184-ab0b-4409-aa47-b8af8163de67
339998,1eefbd3f-326b-4615-94ba-d3aa1145a976,94e691f5-a2ac-4fbe-bb7f-5228dc2c49f3,153,CBY,E,119,CBY-E-119,HADAPAN PINTU MASUK PARKIR BLOK C  PRIMA 2 LAMAN VIEW 63000 CYBERJAYA," ""D"" MELUR CONDOMINIUM",HADAPAN,1,Hadapan,Cyberjaya,2.904198,101.639988,6,b74645e5-3ad2-4dd9-ba72-3b7eb8f16643,Selangor,72,Sepang,1,Awam,1,Berfungsi,1766690,,1,Pillar Hydrant,113,Sepang,324,Dengkil,0000-00-00,0,SELANGOR_CYBERJAYA_ZON S_WANI_29052015,18,CYBERJAYA (SL),f0713184-ab0b-4409-aa47-b8af8163de67
339999,4a2c4687-a5de-48f4-8c41-8f6ec507cb4b,94e691f5-a2ac-4fbe-bb7f-5228dc2c49f3,153,CBY,E,120,CBY-E-120,SEBELAH RUMAH SAMPAH  PRIMA 2 LAMAN VIEW 63000 CYBERJAYA," ""D"" MELUR CONDOMINIUM",SEBELAH,4,Tepi,Cyberjaya,2.904541,101.640766,6,b74645e5-3ad2-4dd9-ba72-3b7eb8f16643,Selangor,72,Sepang,1,Awam,1,Berfungsi,1766690,,1,Pillar Hydrant,113,Sepang,324,Dengkil,0000-00-00,0,SELANGOR_CYBERJAYA_ZON S_WANI_29052015,18,CYBERJAYA (SL),f0713184-ab0b-4409-aa47-b8af8163de67
340000,4a3a6a1a-2542-4fdb-b9e0-33ad9ca6e530,94e691f5-a2ac-4fbe-bb7f-5228dc2c49f3,153,CBY,E,121,CBY-E-121,SEBELAH BLOK B  PRIMA 2 LAMAN VIEW 63000 CYBERJAYA,ERICSON CYBERJAYA,SEBELAH,4,Tepi,Cyberjaya,2.904606,101.641331,6,b74645e5-3ad2-4dd9-ba72-3b7eb8f16643,Selangor,72,Sepang,1,Awam,1,Berfungsi,1766690,,1,Pillar Hydrant,113,Sepang,324,Dengkil,0000-00-00,0,SELANGOR_CYBERJAYA_ZON S_WANI_29052015,18,CYBERJAYA (SL),f0713184-ab0b-4409-aa47-b8af8163de67
340001,16c6422e-74ee-492d-abca-4b8533969c73,94e691f5-a2ac-4fbe-bb7f-5228dc2c49f3,153,CBY,E,122,CBY-E-122,HADAPAN BLOK B  PRIMA 2 LAMAN VIEW 63000 CYBERJAYA,ERICSON CYBERJAYA,HADAPAN,1,Hadapan,Cyberjaya,2.903915,101.641476,6,b74645e5-3ad2-4dd9-ba72-3b7eb8f16643,Selangor,72,Sepang,1,Awam,1,Berfungsi,1766690,,1,Pillar Hydrant,113,Sepang,324,Dengkil,0000-00-00,0,SELANGOR_CYBERJAYA_ZON S_WANI_29052015,18,CYBERJAYA (SL),f0713184-ab0b-4409-aa47-b8af8163de67
340002,d28eaadd-fbae-4404-ae3c-f1e2a1796ae0,94e691f5-a2ac-4fbe-bb7f-5228dc2c49f3,153,CBY,E,123,CBY-E-123,SEBELAH PONDOK KAWALAN APARTMENT PRIMA ONE LAMAN VIEW 63000 CYBERJAYA ,ERICSON CYBERJAYA,SEBELAH,4,Tepi,Cyberjaya,2.900081,101.641974,6,b74645e5-3ad2-4dd9-ba72-3b7eb8f16643,Selangor,72,Sepang,1,Awam,1,Berfungsi,1766690,,1,Pillar Hydrant,113,Sepang,324,Dengkil,0000-00-00,0,SELANGOR_CYBERJAYA_ZON S_WANI_29052015,18,CYBERJAYA (SL),f0713184-ab0b-4409-aa47-b8af8163de67
340003,d20bd44b-b468-490c-bf1e-2ac21c6d999d,94e691f5-a2ac-4fbe-bb7f-5228dc2c49f3,153,CBY,E,124,CBY-E-124,HADAPAN BLOK B  APARTMENT PRIMA ONE LAMAN VIEW 63000 CYBERJAYA,ERICSON CYBERJAYA,HADAPAN ,1,Hadapan,Cyberjaya,2.8995,101.642642,6,b74645e5-3ad2-4dd9-ba72-3b7eb8f16643,Selangor,72,Sepang,1,Awam,1,Berfungsi,1766690,,1,Pillar Hydrant,113,Sepang,324,Dengkil,0000-00-00,0,SELANGOR_CYBERJAYA_ZON S_WANI_29052015,18,CYBERJAYA (SL),f0713184-ab0b-4409-aa47-b8af8163de67
340004,9e124331-f4bd-4f38-bd06-3776138f4ff9,94e691f5-a2ac-4fbe-bb7f-5228dc2c49f3,153,CBY,E,125,CBY-E-125,SEBELAH BLOK B BERHAMPIRAN BILIK GENSET  APARTMENT PRIMA ONE LAMAN VIEW 63000 CYBERJAYA,ERICSON CYBERJAYA,SEBELAH,3,Berhampiran,Cyberjaya,2.898823,101.642519,6,b74645e5-3ad2-4dd9-ba72-3b7eb8f16643,Selangor,72,Sepang,1,Awam,1,Berfungsi,1766690,,1,Pillar Hydrant,113,Sepang,324,Dengkil,0000-00-00,0,SELANGOR_CYBERJAYA_ZON S_WANI_29052015,18,CYBERJAYA (SL),f0713184-ab0b-4409-aa47-b8af8163de67
340005,7a783a63-8e7b-4bd2-9e34-52dd14e80d06,94e691f5-a2ac-4fbe-bb7f-5228dc2c49f3,153,CBY,E,126,CBY-E-126,SEBELAH BLOK A  APARTMENT PRIMA ONE LAMAN VIEW 63000 CYBERJAYA,CYBERVIEW LODGH,SEBELAH,3,Berhampiran,Cyberjaya,2.89896,101.641814,6,b74645e5-3ad2-4dd9-ba72-3b7eb8f16643,Selangor,72,Sepang,1,Awam,1,Berfungsi,1766690,,1,Pillar Hydrant,113,Sepang,324,Dengkil,0000-00-00,0,SELANGOR_CYBERJAYA_ZON S_WANI_29052015,18,CYBERJAYA (SL),f0713184-ab0b-4409-aa47-b8af8163de67
340006,dd809297-cb68-445c-86bf-1beb6dd5213a,94e691f5-a2ac-4fbe-bb7f-5228dc2c49f3,153,CBY,E,127,CBY-E-127,HADAPAN BLOK A  APARTMENT PRIMA ONE LAMAN VIEW 63000 CYBERJAYA,CYBERVIEW LODGH,HADAPAN ,1,Hadapan,Cyberjaya,2.899487,101.641486,6,b74645e5-3ad2-4dd9-ba72-3b7eb8f16643,Selangor,72,Sepang,1,Awam,1,Berfungsi,1766690,,1,Pillar Hydrant,113,Sepang,324,Dengkil,0000-00-00,0,SELANGOR_CYBERJAYA_ZON S_WANI_29052015,18,CYBERJAYA (SL),f0713184-ab0b-4409-aa47-b8af8163de67
340007,788df232-4cc2-4396-b110-23eeebabd472,94e691f5-a2ac-4fbe-bb7f-5228dc2c49f3,153,CBY,E,128,CBY-E-128,BERHAMPIRAN PONDOK KAWALAN SERIN RESIDENCY 63000 CYBERJAYA,CYBERVIEW LODGH,BERHAMPIRAN,3,Berhampiran,Cyberjaya,2.916392,101.645747,6,b74645e5-3ad2-4dd9-ba72-3b7eb8f16643,Selangor,72,Sepang,1,Awam,1,Berfungsi,1766690,,1,Pillar Hydrant,113,Sepang,324,Dengkil,0000-00-00,0,SELANGOR_CYBERJAYA_ZON S_WANI_29052015,18,CYBERJAYA (SL),f0713184-ab0b-4409-aa47-b8af8163de67
340008,567dca87-9fb5-4b92-9afa-be1c6888b865,94e691f5-a2ac-4fbe-bb7f-5228dc2c49f3,153,CBY,E,129,CBY-E-129,HADAPAN BLOK A  SERIN RESIDENCY 63000 CYBERJAYA,CYBERVIEW LODGH,HADAPAN,1,Hadapan,Cyberjaya,2.915694,101.645933,6,b74645e5-3ad2-4dd9-ba72-3b7eb8f16643,Selangor,72,Sepang,1,Awam,1,Berfungsi,1766690,,1,Pillar Hydrant,113,Sepang,324,Dengkil,0000-00-00,0,SELANGOR_CYBERJAYA_ZON S_WANI_29052015,18,CYBERJAYA (SL),f0713184-ab0b-4409-aa47-b8af8163de67
340009,b55884c4-a253-41ca-9581-efade42d1f7f,94e691f5-a2ac-4fbe-bb7f-5228dc2c49f3,153,CBY,E,130,CBY-E-130,BELAKANG BLOK A  SERIN RESIDENCY 63000 CYBERJAYA,CYBERVIEW LODGH,BELAKANG,2,Belakang,Cyberjaya,2.915526,101.646727,6,b74645e5-3ad2-4dd9-ba72-3b7eb8f16643,Selangor,72,Sepang,1,Awam,1,Berfungsi,1766690,,1,Pillar Hydrant,113,Sepang,324,Dengkil,0000-00-00,0,SELANGOR_CYBERJAYA_ZON S_WANI_29052015,18,CYBERJAYA (SL),f0713184-ab0b-4409-aa47-b8af8163de67
340010,28541124-9acb-4b07-afb1-52fdf4871eef,94e691f5-a2ac-4fbe-bb7f-5228dc2c49f3,153,CBY,E,131,CBY-E-131,HADAPAN PINTU MASUK PARKIR P1 BLOK C DAN D  SERIN RESIDENCY 63000 CYBERJAYA,CYBERVIEW LODGH,HADAPAN ,1,Hadapan,Cyberjaya,2.91603,101.647254,6,b74645e5-3ad2-4dd9-ba72-3b7eb8f16643,Selangor,72,Sepang,1,Awam,1,Berfungsi,1766690,,1,Pillar Hydrant,113,Sepang,324,Dengkil,0000-00-00,0,SELANGOR_CYBERJAYA_ZON S_WANI_29052015,18,CYBERJAYA (SL),f0713184-ab0b-4409-aa47-b8af8163de67
340011,8feeaf0b-710c-4b52-a8ba-3640c8db92e5,94e691f5-a2ac-4fbe-bb7f-5228dc2c49f3,153,CBY,E,132,CBY-E-132,SEBELAH PERKIR BLOK C DAN D  SERIN RESIDENCY 63000 CYBERJAYA,CYBERVIEW LODGH,SEBELAH,3,Berhampiran,Cyberjaya,2.916712,101.647734,6,b74645e5-3ad2-4dd9-ba72-3b7eb8f16643,Selangor,72,Sepang,1,Awam,1,Berfungsi,1766690,,1,Pillar Hydrant,113,Sepang,324,Dengkil,0000-00-00,0,SELANGOR_CYBERJAYA_ZON S_WANI_29052015,18,CYBERJAYA (SL),f0713184-ab0b-4409-aa47-b8af8163de67
340012,d0266a52-7da6-4daf-a079-8b5d0a427c8c,94e691f5-a2ac-4fbe-bb7f-5228dc2c49f3,153,CBY,E,133,CBY-E-133,HADAPAN LOBI TOWER C  SERIN RESIDENCY 63000 CYBERJAYA,CYBERVIEW LODGH,HADAPAN,1,Hadapan,Cyberjaya,2.917109,101.646919,6,b74645e5-3ad2-4dd9-ba72-3b7eb8f16643,Selangor,72,Sepang,1,Awam,1,Berfungsi,1766690,,1,Pillar Hydrant,113,Sepang,324,Dengkil,0000-00-00,0,SELANGOR_CYBERJAYA_ZON S_WANI_29052015,18,CYBERJAYA (SL),f0713184-ab0b-4409-aa47-b8af8163de67
340013,9af18b91-1dbb-4a9e-9a15-d7f137d3bcbe,94e691f5-a2ac-4fbe-bb7f-5228dc2c49f3,153,CBY,E,134,CBY-E-134,HADAPAN PINTU MASUK PARKIR BLOK B  SERIN RESIDENCY 63000 CYBERJAYA,CYBERVIEW LODGH,HADAPAN,1,Hadapan,Cyberjaya,2.917713,101.646047,6,b74645e5-3ad2-4dd9-ba72-3b7eb8f16643,Selangor,72,Sepang,1,Awam,1,Berfungsi,1666510,,1,Pillar Hydrant,113,Sepang,324,Dengkil,0000-00-00,0,SELANGOR_CYBERJAYA_ZON S_WANI_29052015,18,CYBERJAYA (SL),f0713184-ab0b-4409-aa47-b8af8163de67
340014,b128784e-7ee0-48ef-b582-ebb31f029152,94e691f5-a2ac-4fbe-bb7f-5228dc2c49f3,153,CBY,E,135,CBY-E-135,BELAKANG TOWER C BERHAMPIRAN PARKIR BERBUMBUNG  SERIN RESIDENCY 63000 CYBERJAYA,CYBERVIEW LODGH,BELAKANG,2,Belakang,Cyberjaya,2.916645,101.646588,6,b74645e5-3ad2-4dd9-ba72-3b7eb8f16643,Selangor,72,Sepang,1,Awam,1,Berfungsi,1666510,images/img_pili/2021091415543565.jpeg,1,Pillar Hydrant,113,Sepang,324,Dengkil,0000-00-00,0,SELANGOR_CYBERJAYA_ZON S_WANI_29052015,18,CYBERJAYA (SL),f0713184-ab0b-4409-aa47-b8af8163de67
340015,a4ca45b3-6eaf-49ef-8996-e375b39fe8f9,94e691f5-a2ac-4fbe-bb7f-5228dc2c49f3,153,CBY,E,136,CBY-E-136,HADAPAN LOBI UTAMA SHAFTBURY RESIDENCE 63000 CYBERJAYA,CYBERVIEW LODGH,HADAPAN ,1,Hadapan,Cyberjaya,2.922339,101.660876,6,b74645e5-3ad2-4dd9-ba72-3b7eb8f16643,Selangor,72,Sepang,1,Awam,1,Berfungsi,1666510,images/img_pili/20210914155615702.jpeg,1,Pillar Hydrant,113,Sepang,324,Dengkil,0000-00-00,0,SELANGOR_CYBERJAYA_ZON S_WANI_29052015,18,CYBERJAYA (SL),f0713184-ab0b-4409-aa47-b8af8163de67
340016,caa5ed05-7551-4b12-ac6c-31882a393e6f,94e691f5-a2ac-4fbe-bb7f-5228dc2c49f3,153,CBY,E,137,CBY-E-137,BELAKANG BLOK A  SHAFTBURY RESIDENCE 63000 CYBERJAYA,CYBERVIEW LODGH,BELAKANG,2,Belakang,Cyberjaya,2.921507,101.6603,6,b74645e5-3ad2-4dd9-ba72-3b7eb8f16643,Selangor,72,Sepang,1,Awam,1,Berfungsi,1666510,,1,Pillar Hydrant,113,Sepang,324,Dengkil,0000-00-00,0,SELANGOR_CYBERJAYA_ZON S_WANI_29052015,18,CYBERJAYA (SL),f0713184-ab0b-4409-aa47-b8af8163de67
340017,47f1e96e-292b-40ec-bb0c-0b9219f8f582,94e691f5-a2ac-4fbe-bb7f-5228dc2c49f3,153,CBY,E,138,CBY-E-138,BELAKANG BLOK B  SHAFTBURY RESIDENCE 63000 CYBERJAYA, MULTIMEDIA UNIVERSITI (MMU),BELAKANG,2,Belakang,Cyberjaya,2.922961,101.660907,6,b74645e5-3ad2-4dd9-ba72-3b7eb8f16643,Selangor,72,Sepang,1,Awam,1,Berfungsi,1666510,,1,Pillar Hydrant,113,Sepang,324,Dengkil,0000-00-00,0,SELANGOR_CYBERJAYA_ZON S_WANI_29052015,18,CYBERJAYA (SL),f0713184-ab0b-4409-aa47-b8af8163de67
340018,1b7a33e2-8617-48f0-b551-57a65d372b4b,94e691f5-a2ac-4fbe-bb7f-5228dc2c49f3,153,CBY,E,139,CBY-E-139,HADAPAN LOBI TOWER 2 SOLTICE APARTMENT 63000 CYBERJAYA, MULTIMEDIA UNIVERSITI (MMU),HADAPAN ,1,Hadapan,Cyberjaya,2.92473,101.636189,6,b74645e5-3ad2-4dd9-ba72-3b7eb8f16643,Selangor,72,Sepang,1,Awam,1,Berfungsi,1666510,,1,Pillar Hydrant,113,Sepang,324,Dengkil,0000-00-00,0,SELANGOR_CYBERJAYA_ZON S_WANI_29052015,18,CYBERJAYA (SL),f0713184-ab0b-4409-aa47-b8af8163de67
340019,e25bcb41-b0b6-444a-8b5d-2b4e2ca0c0e4,94e691f5-a2ac-4fbe-bb7f-5228dc2c49f3,153,CBY,E,140,CBY-E-140,BERHAMPIRAN LORONG KELUAR PARKIR LEVEL G  SOLTICE APARTMENT 63000 CYBERJAYA, MULTIMEDIA UNIVERSITI (MMU),BERHAMPIRAN,3,Berhampiran,Cyberjaya,2.924754,101.635808,6,b74645e5-3ad2-4dd9-ba72-3b7eb8f16643,Selangor,72,Sepang,1,Awam,1,Berfungsi,1666510,,1,Pillar Hydrant,113,Sepang,324,Dengkil,0000-00-00,0,SELANGOR_CYBERJAYA_ZON S_WANI_29052015,18,CYBERJAYA (SL),f0713184-ab0b-4409-aa47-b8af8163de67
340020,c2549be5-9da7-4c1d-9e27-bd2dacc38fc4,94e691f5-a2ac-4fbe-bb7f-5228dc2c49f3,153,CBY,E,141,CBY-E-141,HADAPAN PINTU MASUK PARKIR BERBUMBUNG LEVEL G  SOLTICE APARTMENT 63000 CYBERJAYA, MULTIMEDIA UNIVERSITI (MMU),HADAPAN,1,Hadapan,Cyberjaya,2.924514,101.636049,6,b74645e5-3ad2-4dd9-ba72-3b7eb8f16643,Selangor,72,Sepang,1,Awam,1,Berfungsi,1666510,,1,Pillar Hydrant,113,Sepang,324,Dengkil,0000-00-00,0,SELANGOR_CYBERJAYA_ZON S_WANI_29052015,18,CYBERJAYA (SL),f0713184-ab0b-4409-aa47-b8af8163de67
340021,25d1b036-1336-41f9-95cf-434f3169bf3a,94e691f5-a2ac-4fbe-bb7f-5228dc2c49f3,153,CBY,E,142,CBY-E-142,BERHAMPIRAN PARKIR MOTORSIKAL LEVEL G  SOLTICE APARTMENT 63000 CYBERJAYA, MULTIMEDIA UNIVERSITI (MMU),BERHAMPIRAN,3,Berhampiran,Cyberjaya,2.924203,101.63642,6,b74645e5-3ad2-4dd9-ba72-3b7eb8f16643,Selangor,72,Sepang,1,Awam,1,Berfungsi,1666510,images/img_pili/202109141600215.jpeg,1,Pillar Hydrant,113,Sepang,324,Dengkil,0000-00-00,0,SELANGOR_CYBERJAYA_ZON S_WANI_29052015,18,CYBERJAYA (SL),f0713184-ab0b-4409-aa47-b8af8163de67
340022,b303114a-2544-4624-9b93-905dde096899,94e691f5-a2ac-4fbe-bb7f-5228dc2c49f3,153,CBY,E,143,CBY-E-143,BERHAMPIRAN RUMAH SAMPAH TOWER 1 SOLTICE APARTMENT 63000 CYBERJAYA, MULTIMEDIA UNIVERSITI (MMU),BERHAMPIRAN,3,Berhampiran,Cyberjaya,2.92422,101.636853,6,b74645e5-3ad2-4dd9-ba72-3b7eb8f16643,Selangor,72,Sepang,1,Awam,1,Berfungsi,1666510,images/img_pili/20210914160201409.jpeg,1,Pillar Hydrant,113,Sepang,324,Dengkil,0000-00-00,0,SELANGOR_CYBERJAYA_ZON S_WANI_29052015,18,CYBERJAYA (SL),f0713184-ab0b-4409-aa47-b8af8163de67
340023,ef2cf0be-f325-4609-a1da-c9be1050b4e7,94e691f5-a2ac-4fbe-bb7f-5228dc2c49f3,153,CBY,E,144,CBY-E-144,BERHAMPIRAN PONDOK KAWALAN SIMPANG MASUK  SOLTICE APARTMENT 63000 CYBERJAYA, MULTIMEDIA UNIVERSITI (MMU),BERHAMPIRAN,3,Berhampiran,Cyberjaya,2.92474,101.636976,6,b74645e5-3ad2-4dd9-ba72-3b7eb8f16643,Selangor,72,Sepang,1,Awam,1,Berfungsi,1766690,,1,Pillar Hydrant,113,Sepang,324,Dengkil,0000-00-00,0,SELANGOR_CYBERJAYA_ZON S_WANI_29052015,18,CYBERJAYA (SL),f0713184-ab0b-4409-aa47-b8af8163de67
340024,abd5426f-58d5-4090-b84f-45de43eb4136,94e691f5-a2ac-4fbe-bb7f-5228dc2c49f3,153,CBY,E,145,CBY-E-145,HADAPAN TOWER A THE ARC APARTMENT 63000 CYBERJAYA, MULTIMEDIA UNIVERSITI (MMU),HADAPAN ,1,Hadapan,Cyberjaya,2.925414,101.637007,6,b74645e5-3ad2-4dd9-ba72-3b7eb8f16643,Selangor,72,Sepang,1,Awam,1,Berfungsi,1766690,,1,Pillar Hydrant,113,Sepang,324,Dengkil,0000-00-00,0,SELANGOR_CYBERJAYA_ZON S_WANI_29052015,18,CYBERJAYA (SL),f0713184-ab0b-4409-aa47-b8af8163de67
340025,295bf82e-9eb4-461f-ac58-3e6a1d1497b1,94e691f5-a2ac-4fbe-bb7f-5228dc2c49f3,153,CBY,E,146,CBY-E-146,BELAKANG MENARA A  THE ARC APARTMENT 63000 CYBERJAYA, MULTIMEDIA UNIVERSITI (MMU),HADAPAN KEDAI,2,Belakang,Cyberjaya,2.924926,101.637001,6,b74645e5-3ad2-4dd9-ba72-3b7eb8f16643,Selangor,72,Sepang,1,Awam,1,Berfungsi,1766690,,1,Pillar Hydrant,113,Sepang,324,Dengkil,0000-00-00,0,SELANGOR_CYBERJAYA_ZON S_WANI_29052015,18,CYBERJAYA (SL),f0713184-ab0b-4409-aa47-b8af8163de67
340026,3e7deef0-7058-443b-bdde-529446fef167,94e691f5-a2ac-4fbe-bb7f-5228dc2c49f3,153,CBY,E,147,CBY-E-147,BELAKANG MENARA B  THE ARC APARTMENT 63000 CYBERJAYA, MULTIMEDIA UNIVERSITI (MMU),BELAKANG,2,Belakang,Cyberjaya,2.924903,101.636117,6,b74645e5-3ad2-4dd9-ba72-3b7eb8f16643,Selangor,72,Sepang,1,Awam,1,Berfungsi,1766690,,1,Pillar Hydrant,113,Sepang,324,Dengkil,0000-00-00,0,SELANGOR_CYBERJAYA_ZON S_WANI_29052015,18,CYBERJAYA (SL),f0713184-ab0b-4409-aa47-b8af8163de67
340027,1e22a873-97b9-4cd7-9918-3c50f25248da,94e691f5-a2ac-4fbe-bb7f-5228dc2c49f3,153,CBY,E,148,CBY-E-148,SEBELAH MENARA B  THE ARC APARTMENT 63000 CYBERJAYA, MULTIMEDIA UNIVERSITI (MMU),SEBELAH,3,Berhampiran,Cyberjaya,2.925301,101.63563,6,b74645e5-3ad2-4dd9-ba72-3b7eb8f16643,Selangor,72,Sepang,1,Awam,1,Berfungsi,1766690,,1,Pillar Hydrant,113,Sepang,324,Dengkil,0000-00-00,0,SELANGOR_CYBERJAYA_ZON S_WANI_29052015,18,CYBERJAYA (SL),f0713184-ab0b-4409-aa47-b8af8163de67
340028,7bd82ec8-1d1e-46cb-a8d1-c572bbadc8e8,94e691f5-a2ac-4fbe-bb7f-5228dc2c49f3,153,CBY,E,149,CBY-E-149,HADAPAN MENARA B  THE ARC APARTMENT 63000 CYBERJAYA, MULTIMEDIA UNIVERSITI (MMU),HADAPAN ,1,Hadapan,Cyberjaya,2.925427,101.636121,6,b74645e5-3ad2-4dd9-ba72-3b7eb8f16643,Selangor,72,Sepang,1,Awam,1,Berfungsi,1766690,,1,Pillar Hydrant,113,Sepang,324,Dengkil,0000-00-00,0,SELANGOR_CYBERJAYA_ZON S_WANI_29052015,18,CYBERJAYA (SL),f0713184-ab0b-4409-aa47-b8af8163de67
340029,d60a688b-86d8-46b5-80db-bb550ebc83ed,94e691f5-a2ac-4fbe-bb7f-5228dc2c49f3,153,CBY,E,150,CBY-E-150,HADAPAN MENARA D  THE ARC APARTMENT 63000 CYBERJAYA, MULTIMEDIA UNIVERSITI (MMU),HADAPAN ,1,Hadapan,Cyberjaya,2.926121,101.636121,6,b74645e5-3ad2-4dd9-ba72-3b7eb8f16643,Selangor,72,Sepang,1,Awam,1,Berfungsi,1766690,,1,Pillar Hydrant,113,Sepang,324,Dengkil,0000-00-00,0,SELANGOR_CYBERJAYA_ZON S_WANI_29052015,18,CYBERJAYA (SL),f0713184-ab0b-4409-aa47-b8af8163de67
340030,a1aaf0c5-0ebe-4e7a-ba36-25c8633595df,94e691f5-a2ac-4fbe-bb7f-5228dc2c49f3,153,CBY,E,151,CBY-E-151,BELAKANGMENARA D  THE ARC APARTMENT 63000 CYBERJAYA, MULTIMEDIA UNIVERSITI (MMU),BELAKANG,2,Belakang,Cyberjaya,2.926244,101.635514,6,b74645e5-3ad2-4dd9-ba72-3b7eb8f16643,Selangor,72,Sepang,1,Awam,1,Berfungsi,1766690,,1,Pillar Hydrant,113,Sepang,324,Dengkil,0000-00-00,0,SELANGOR_CYBERJAYA_ZON S_WANI_29052015,18,CYBERJAYA (SL),f0713184-ab0b-4409-aa47-b8af8163de67
340031,bd7f26bf-785c-4a74-a55a-17f268b6929c,94e691f5-a2ac-4fbe-bb7f-5228dc2c49f3,153,CBY,E,152,CBY-E-152,SEBELAH MENARA D  THE ARC APARTMENT 63000 CYBERJAYA, MULTIMEDIA UNIVERSITI (MMU),SEBELAH,3,Berhampiran,Cyberjaya,2.926797,101.635837,6,b74645e5-3ad2-4dd9-ba72-3b7eb8f16643,Selangor,72,Sepang,1,Awam,1,Berfungsi,1766690,,1,Pillar Hydrant,113,Sepang,324,Dengkil,0000-00-00,0,SELANGOR_CYBERJAYA_ZON S_WANI_29052015,18,CYBERJAYA (SL),f0713184-ab0b-4409-aa47-b8af8163de67
340032,a2b2669c-8748-40de-93a3-16f8ccceb7b7,94e691f5-a2ac-4fbe-bb7f-5228dc2c49f3,153,CBY,E,153,CBY-E-153,HADAPAN LOT G-D-02 THE PLACE 63000 CYBERJAYA, MULTIMEDIA UNIVERSITI (MMU),HADAPAN ,1,Hadapan,Cyberjaya,2.937341,101.66225,6,b74645e5-3ad2-4dd9-ba72-3b7eb8f16643,Selangor,72,Sepang,1,Awam,1,Berfungsi,1766690,,1,Pillar Hydrant,113,Sepang,324,Dengkil,0000-00-00,0,SELANGOR_CYBERJAYA_ZON S_WANI_29052015,18,CYBERJAYA (SL),f0713184-ab0b-4409-aa47-b8af8163de67
340033,6290096a-ab32-4026-99f6-04eaf22f1013,94e691f5-a2ac-4fbe-bb7f-5228dc2c49f3,153,CBY,E,154,CBY-E-154,HADAPAN LOT G-C-01  THE PLACE 63000 CYBERJAYA, MULTIMEDIA UNIVERSITI (MMU),HADAPAN ,1,Hadapan,Cyberjaya,2.963802,101.662677,6,b74645e5-3ad2-4dd9-ba72-3b7eb8f16643,Selangor,72,Sepang,1,Awam,1,Berfungsi,1766690,,1,Pillar Hydrant,113,Sepang,324,Dengkil,0000-00-00,0,SELANGOR_CYBERJAYA_ZON S_WANI_29052015,18,CYBERJAYA (SL),f0713184-ab0b-4409-aa47-b8af8163de67
340034,e3e9930a-de51-4623-ba0a-ed81502566b9,94e691f5-a2ac-4fbe-bb7f-5228dc2c49f3,153,CBY,E,155,CBY-E-155,HADAPAN LOT G-D-02  THE PLACE 63000 CYBERJAYA, MULTIMEDIA UNIVERSITI (MMU),HADAPAN ,1,Hadapan,Cyberjaya,2.936378,101.662195,6,b74645e5-3ad2-4dd9-ba72-3b7eb8f16643,Selangor,72,Sepang,2,Swasta,1,Berfungsi,1766690,,1,Pillar Hydrant,113,Sepang,324,Dengkil,0000-00-00,0,SELANGOR_CYBERJAYA_ZON S_WANI_29052015,18,CYBERJAYA (SL),f0713184-ab0b-4409-aa47-b8af8163de67
340035,ffcd4825-447f-4c5c-a9bd-2c746fcd7afb,94e691f5-a2ac-4fbe-bb7f-5228dc2c49f3,153,CBY,E,156,CBY-E-156,HADAPAN LOT G-A-02  THE PLACE 63000 CYBERJAYA, MULTIMEDIA UNIVERSITI (MMU),HADAPAN,1,Hadapan,Cyberjaya,2.936838,101.661665,6,b74645e5-3ad2-4dd9-ba72-3b7eb8f16643,Selangor,72,Sepang,2,Swasta,1,Berfungsi,1766690,,1,Pillar Hydrant,113,Sepang,324,Dengkil,0000-00-00,0,SELANGOR_CYBERJAYA_ZON S_WANI_29052015,18,CYBERJAYA (SL),f0713184-ab0b-4409-aa47-b8af8163de67
340036,04ab1db4-2b72-4b64-af9d-a80339877feb,94e691f5-a2ac-4fbe-bb7f-5228dc2c49f3,153,CBY,E,157,CBY-E-157,BERHAMPIRAN PONDOK KAWALAN VEGA RESIDENT 63000 CYBERJAYA, MULTIMEDIA UNIVERSITI (MMU),BERHAMPIRAN,3,Berhampiran,Cyberjaya,2.916678,101.628516,6,b74645e5-3ad2-4dd9-ba72-3b7eb8f16643,Selangor,72,Sepang,2,Swasta,2,Tidak Berfungsi,0,,1,Pillar Hydrant,113,Sepang,324,Dengkil,0000-00-00,0,SELANGOR_CYBERJAYA_ZON S_WANI_29052015,18,CYBERJAYA (SL),f0713184-ab0b-4409-aa47-b8af8163de67
340037,95672d16-494b-48b3-a51d-cd27c3f780d6,94e691f5-a2ac-4fbe-bb7f-5228dc2c49f3,153,CBY,E,158,CBY-E-158,HADAPAN LOBI PEJABAT PENGURUSAN VEGA RESIDENT 63000 CYBERJAYA, MULTIMEDIA UNIVERSITI (MMU),HADAPAN,1,Hadapan,Cyberjaya,2.915937,101.628658,6,b74645e5-3ad2-4dd9-ba72-3b7eb8f16643,Selangor,72,Sepang,2,Swasta,2,Tidak Berfungsi,0,,1,Pillar Hydrant,113,Sepang,324,Dengkil,0000-00-00,0,SELANGOR_CYBERJAYA_ZON S_WANI_29052015,18,CYBERJAYA (SL),f0713184-ab0b-4409-aa47-b8af8163de67
340038,fd1154cc-2e29-450a-b501-8cdc121283f4,94e691f5-a2ac-4fbe-bb7f-5228dc2c49f3,153,CBY,E,159,CBY-E-159,BERHAMPIRAN RUMAH SAMPAH  VEGA RESIDENT 63000 CYBERJAYA, MULTIMEDIA UNIVERSITI (MMU),BERHAMPIRAN,3,Berhampiran,Cyberjaya,2.915912,101.629527,6,b74645e5-3ad2-4dd9-ba72-3b7eb8f16643,Selangor,72,Sepang,2,Swasta,2,Tidak Berfungsi,0,,1,Pillar Hydrant,113,Sepang,324,Dengkil,0000-00-00,0,SELANGOR_CYBERJAYA_ZON S_WANI_29052015,18,CYBERJAYA (SL),f0713184-ab0b-4409-aa47-b8af8163de67
340039,7440413e-8e15-4cc3-b9de-83c192ada9b3,94e691f5-a2ac-4fbe-bb7f-5228dc2c49f3,153,CBY,E,160,CBY-E-160,SEBELAH RUMAH TNB VEGA RESIDENT 63000 CYBERJAYA, MULTIMEDIA UNIVERSITI (MMU),SEBELAH,3,Berhampiran,Cyberjaya,2.9166,101.629153,6,b74645e5-3ad2-4dd9-ba72-3b7eb8f16643,Selangor,72,Sepang,2,Swasta,2,Tidak Berfungsi,0,,1,Pillar Hydrant,113,Sepang,324,Dengkil,0000-00-00,0,SELANGOR_CYBERJAYA_ZON S_WANI_29052015,18,CYBERJAYA (SL),f0713184-ab0b-4409-aa47-b8af8163de67
340040,683aa0ae-2008-4c5f-9e87-0c78d9dda715,94e691f5-a2ac-4fbe-bb7f-5228dc2c49f3,153,CBY,E,161,CBY-E-161,SEBELAH BLOK A BERHAMPIRAN PONDOK KAWALAN  VISION RESIDENCE 63000 CYBERJAYA, MULTIMEDIA UNIVERSITI (MMU),SEBELAH,3,Berhampiran,Cyberjaya,2.960685,101.656904,6,b74645e5-3ad2-4dd9-ba72-3b7eb8f16643,Selangor,72,Sepang,2,Swasta,1,Berfungsi,1766690,,1,Pillar Hydrant,113,Sepang,324,Dengkil,0000-00-00,0,SELANGOR_CYBERJAYA_ZON S_WANI_29052015,18,CYBERJAYA (SL),f0713184-ab0b-4409-aa47-b8af8163de67
340041,de92c8ff-4e62-43a6-ab6a-9e3c1c6d2eee,94e691f5-a2ac-4fbe-bb7f-5228dc2c49f3,153,CBY,E,162,CBY-E-162,HADAPAN LOBI UTAMA VISION RESIDENCE 63000 CYBERJAYA, MULTIMEDIA UNIVERSITI (MMU),HADAPAN,1,Hadapan,Cyberjaya,2.960229,101.657258,6,b74645e5-3ad2-4dd9-ba72-3b7eb8f16643,Selangor,72,Sepang,2,Swasta,1,Berfungsi,1766690,,1,Pillar Hydrant,113,Sepang,324,Dengkil,0000-00-00,0,SELANGOR_CYBERJAYA_ZON S_WANI_29052015,18,CYBERJAYA (SL),f0713184-ab0b-4409-aa47-b8af8163de67
340042,4cc9fcf1-bed2-433e-8f9a-a2230ab24675,94e691f5-a2ac-4fbe-bb7f-5228dc2c49f3,153,CBY,E,163,CBY-E-163,HADAPAN BLOK B VISION RESIDENCE 63000 CYBERJAYA,STALLIFTE ASTRO/ST. FRAM (MEASAT),HADAPAN,1,Hadapan,Cyberjaya,2.960624,101.657806,6,b74645e5-3ad2-4dd9-ba72-3b7eb8f16643,Selangor,72,Sepang,2,Swasta,1,Berfungsi,1766690,,1,Pillar Hydrant,113,Sepang,324,Dengkil,0000-00-00,0,SELANGOR_CYBERJAYA_ZON S_WANI_29052015,18,CYBERJAYA (SL),f0713184-ab0b-4409-aa47-b8af8163de67
340043,15acef2f-46d6-4db9-a715-71fc585a19e1,94e691f5-a2ac-4fbe-bb7f-5228dc2c49f3,153,CBY,E,164,CBY-E-164,BERHAMPIRAN PINTU MASUK PARKIR  VISION RESIDENCE 63000 CYBERJAYA,STALLIFTE ASTRO/ST. FRAM (MEASAT),BERHAMPIRAN,3,Berhampiran,Cyberjaya,2.961446,101.657419,6,b74645e5-3ad2-4dd9-ba72-3b7eb8f16643,Selangor,72,Sepang,2,Swasta,1,Berfungsi,1666510,,1,Pillar Hydrant,113,Sepang,324,Dengkil,0000-00-00,0,SELANGOR_CYBERJAYA_ZON S_WANI_29052015,18,CYBERJAYA (SL),f0713184-ab0b-4409-aa47-b8af8163de67
340044,a7236cdd-d237-4d84-b11c-a814933e2aa7,94e691f5-a2ac-4fbe-bb7f-5228dc2c49f3,153,CBY,E,165,CBY-E-165,BERHAMPIRAN PINTU KELUAR PARKIR  VISION RESIDENCE 63000 CYBERJAYA,STALLIFTE ASTRO/ST. FRAM (MEASAT),BERHAMPIRAN,4,Tepi,Cyberjaya,2.961191,101.657049,6,b74645e5-3ad2-4dd9-ba72-3b7eb8f16643,Selangor,72,Sepang,2,Swasta,1,Berfungsi,1666510,,1,Pillar Hydrant,113,Sepang,324,Dengkil,0000-00-00,0,SELANGOR_CYBERJAYA_ZON S_WANI_29052015,18,CYBERJAYA (SL),f0713184-ab0b-4409-aa47-b8af8163de67
340045,d4b3be5f-80ce-45ea-80e2-d985a2415a28,94e691f5-a2ac-4fbe-bb7f-5228dc2c49f3,153,CBY,E,166,CBY-E-166,HADAPAN THE MULIA CLUBHOUSE 63000 CYBERJAYA,STALLIFTE ASTRO/ST. FRAM (MEASAT),SEBELAH,1,Hadapan,Cyberjaya,2.903076,101.63659,6,b74645e5-3ad2-4dd9-ba72-3b7eb8f16643,Selangor,72,Sepang,2,Swasta,1,Berfungsi,0,,1,Pillar Hydrant,113,Sepang,324,Dengkil,0000-00-00,0,SELANGOR_CYBERJAYA_ZON S_WANI_29052015,18,CYBERJAYA (SL),f0713184-ab0b-4409-aa47-b8af8163de67
340046,cdc486ba-e0fa-4ae0-8aec-a1569a8eabf5,94e691f5-a2ac-4fbe-bb7f-5228dc2c49f3,153,CBY,E,167,CBY-E-167,HADAPAN RUMAH NO 1 JALAN MULIA 2/1 63000 CYBERJAYA,STALLIFTE ASTRO/ST. FRAM (MEASAT),HADAPAN,1,Hadapan,Cyberjaya,2.871031,101.635777,6,b74645e5-3ad2-4dd9-ba72-3b7eb8f16643,Selangor,72,Sepang,2,Swasta,2,Tidak Berfungsi,0,,1,Pillar Hydrant,113,Sepang,324,Dengkil,0000-00-00,0,SELANGOR_CYBERJAYA_ZON S_WANI_29052015,18,CYBERJAYA (SL),f0713184-ab0b-4409-aa47-b8af8163de67
340047,758f4aa9-a232-46a5-9aec-dd2a52bdd624,94e691f5-a2ac-4fbe-bb7f-5228dc2c49f3,153,CBY,E,168,CBY-E-168,HADAPAN RUMAH NO 25 JALAN MULIA 2/1 63000 CYBERJAYA,STALLIFTE ASTRO/ST. FRAM (MEASAT),BELAKANG,1,Hadapan,Cyberjaya,2.903904,101.636069,6,b74645e5-3ad2-4dd9-ba72-3b7eb8f16643,Selangor,72,Sepang,2,Swasta,2,Tidak Berfungsi,0,,1,Pillar Hydrant,113,Sepang,324,Dengkil,0000-00-00,0,SELANGOR_CYBERJAYA_ZON S_WANI_29052015,18,CYBERJAYA (SL),f0713184-ab0b-4409-aa47-b8af8163de67
340048,c6b200db-f1f8-4f95-a6dd-b6b067cda82f,94e691f5-a2ac-4fbe-bb7f-5228dc2c49f3,153,CBY,E,169,CBY-E-169,HADAPAN RUMAH NO 1 JALAN MULIA 2/2 63000 CYBERJAYA,STALLIFTE ASTRO/ST. FRAM (MEASAT),HADAPAN,1,Hadapan,Cyberjaya,2.903483,101.635359,6,b74645e5-3ad2-4dd9-ba72-3b7eb8f16643,Selangor,72,Sepang,2,Swasta,2,Tidak Berfungsi,0,,1,Pillar Hydrant,113,Sepang,324,Dengkil,0000-00-00,0,SELANGOR_CYBERJAYA_ZON S_WANI_29052015,18,CYBERJAYA (SL),f0713184-ab0b-4409-aa47-b8af8163de67
340049,4d615d76-5198-4313-bb36-82e2e979628c,94e691f5-a2ac-4fbe-bb7f-5228dc2c49f3,153,CBY,E,170,CBY-E-170,HADAPAN RUMAH NO 19 JALAN MULIA 2/2 63000 CYBERJAYA,STALLIFTE ASTRO/ST. FRAM (MEASAT),HADAPAN KEDAI,1,Hadapan,Cyberjaya,2.904101,101.635551,6,b74645e5-3ad2-4dd9-ba72-3b7eb8f16643,Selangor,72,Sepang,1,Awam,2,Tidak Berfungsi,0,,1,Pillar Hydrant,113,Sepang,324,Dengkil,0000-00-00,0,SELANGOR_CYBERJAYA_ZON S_WANI_29052015,18,CYBERJAYA (SL),f0713184-ab0b-4409-aa47-b8af8163de67
340050,9229bbdf-f252-4c76-a217-62a3761aa0bc,94e691f5-a2ac-4fbe-bb7f-5228dc2c49f3,153,CBY,E,171,CBY-E-171,HADAPAN RUMAH NO 1 JALAN MULIA 2/3 63000 CYBERJAYA,STALLIFTE ASTRO/ST. FRAM (MEASAT),,1,Hadapan,Cyberjaya,2.903753,101.634835,6,b74645e5-3ad2-4dd9-ba72-3b7eb8f16643,Selangor,72,Sepang,2,Swasta,2,Tidak Berfungsi,0,,1,Pillar Hydrant,113,Sepang,324,Dengkil,0000-00-00,0,SELANGOR_CYBERJAYA_ZON S_WANI_29052015,18,CYBERJAYA (SL),f0713184-ab0b-4409-aa47-b8af8163de67
340051,732d8af3-6b08-4cbd-9e46-7136bfaa23e7,94e691f5-a2ac-4fbe-bb7f-5228dc2c49f3,153,CBY,E,172,CBY-E-172,HADAPAN RUMAH NO 19 JALAN MULIA 2/3 63000 CYBERJAYA,STALLIFTE ASTRO/ST. FRAM (MEASAT),,1,Hadapan,Cyberjaya,2.904378,101.635056,6,b74645e5-3ad2-4dd9-ba72-3b7eb8f16643,Selangor,72,Sepang,2,Swasta,2,Tidak Berfungsi,0,,1,Pillar Hydrant,113,Sepang,324,Dengkil,0000-00-00,0,SELANGOR_CYBERJAYA_ZON S_WANI_29052015,18,CYBERJAYA (SL),f0713184-ab0b-4409-aa47-b8af8163de67
340052,31656656-9281-4385-ab3d-a6a01c6d2685,94e691f5-a2ac-4fbe-bb7f-5228dc2c49f3,153,CBY,E,173,CBY-E-173,HADAPAN RUMAH NO 32 JALAN MULIA 2/3 63000 CYBERJAYA,STALLIFTE ASTRO/ST. FRAM (MEASAT),,1,Hadapan,Cyberjaya,2.904708,101.635476,6,b74645e5-3ad2-4dd9-ba72-3b7eb8f16643,Selangor,72,Sepang,2,Swasta,2,Tidak Berfungsi,0,,1,Pillar Hydrant,113,Sepang,324,Dengkil,0000-00-00,0,SELANGOR_CYBERJAYA_ZON S_WANI_29052015,18,CYBERJAYA (SL),f0713184-ab0b-4409-aa47-b8af8163de67
340053,1d4f31da-49eb-439a-8cda-580dde146af1,94e691f5-a2ac-4fbe-bb7f-5228dc2c49f3,153,CBY,E,174,CBY-E-174,HADAPAN RUMAH NO 1 JALAN MULIA 2/4 63000 CYBERJAYA,STALLIFTE ASTRO/ST. FRAM (MEASAT),,1,Hadapan,Cyberjaya,2.903957,101.634316,6,b74645e5-3ad2-4dd9-ba72-3b7eb8f16643,Selangor,72,Sepang,2,Swasta,1,Berfungsi,1766690,,1,Pillar Hydrant,113,Sepang,324,Dengkil,0000-00-00,0,SELANGOR_CYBERJAYA_ZON S_WANI_29052015,18,CYBERJAYA (SL),f0713184-ab0b-4409-aa47-b8af8163de67
340054,6cd43a6d-32a3-4162-a830-7712f8525427,94e691f5-a2ac-4fbe-bb7f-5228dc2c49f3,153,CBY,E,175,CBY-E-175,HADAPAN RUMAH NO 23 JALAN MULIA 2/4 63000 CYBERJAYA,INVENTQJAYA,,1,Hadapan,Cyberjaya,2.904668,101.634584,6,b74645e5-3ad2-4dd9-ba72-3b7eb8f16643,Selangor,72,Sepang,2,Swasta,1,Berfungsi,1766690,,1,Pillar Hydrant,113,Sepang,324,Dengkil,0000-00-00,0,SELANGOR_CYBERJAYA_ZON S_WANI_29052015,18,CYBERJAYA (SL),f0713184-ab0b-4409-aa47-b8af8163de67
340055,b55907b9-5429-4b2a-a495-6c21055629f4,94e691f5-a2ac-4fbe-bb7f-5228dc2c49f3,153,CBY,E,176,CBY-E-176,HADAPAN RUMAH NO 38 JALAN MULIA 2/4 63000 CYBERJAYA,INVENTQJAYA,,1,Hadapan,Cyberjaya,2.905048,101.635029,6,b74645e5-3ad2-4dd9-ba72-3b7eb8f16643,Selangor,72,Sepang,2,Swasta,1,Berfungsi,1766690,,1,Pillar Hydrant,113,Sepang,324,Dengkil,0000-00-00,0,SELANGOR_CYBERJAYA_ZON S_WANI_29052015,18,CYBERJAYA (SL),f0713184-ab0b-4409-aa47-b8af8163de67
340056,4ff6b657-3066-4551-be04-2cf2b5c63169,94e691f5-a2ac-4fbe-bb7f-5228dc2c49f3,153,CBY,E,177,CBY-E-177,HADAPAN RUMAH NO 12 JALAN MULIA 2 63000 CYBERJAYA,INVENTQJAYA,,1,Hadapan,Cyberjaya,2.904613,101.634085,6,b74645e5-3ad2-4dd9-ba72-3b7eb8f16643,Selangor,72,Sepang,2,Swasta,1,Berfungsi,1766690,,1,Pillar Hydrant,113,Sepang,324,Dengkil,0000-00-00,0,SELANGOR_CYBERJAYA_ZON S_WANI_29052015,18,CYBERJAYA (SL),f0713184-ab0b-4409-aa47-b8af8163de67
340057,c9d3986c-6c89-4f37-aceb-8b03f8b4ef57,94e691f5-a2ac-4fbe-bb7f-5228dc2c49f3,153,CBY,E,178,CBY-E-178,HADAPAN RUMAH NO 50 JALAN MULIA 2 63000 CYBERJAYA,INVENTQJAYA,,1,Hadapan,Cyberjaya,2.90588,101.634994,6,b74645e5-3ad2-4dd9-ba72-3b7eb8f16643,Selangor,72,Sepang,2,Swasta,1,Berfungsi,1766690,,1,Pillar Hydrant,113,Sepang,324,Dengkil,0000-00-00,0,SELANGOR_CYBERJAYA_ZON S_WANI_29052015,18,CYBERJAYA (SL),f0713184-ab0b-4409-aa47-b8af8163de67
340058,4d885417-1f23-4a4e-b32c-3f6986b28bd4,94e691f5-a2ac-4fbe-bb7f-5228dc2c49f3,153,CBY,E,179,CBY-E-179,HADAPAN RUMAH NO 70 JALAN MULIA 2 63000 CYBERJAYA,INVENTQJAYA,,1,Hadapan,Cyberjaya,2.906177,101.635617,6,b74645e5-3ad2-4dd9-ba72-3b7eb8f16643,Selangor,72,Sepang,2,Swasta,1,Berfungsi,1766690,,1,Pillar Hydrant,113,Sepang,324,Dengkil,0000-00-00,0,SELANGOR_CYBERJAYA_ZON S_WANI_29052015,18,CYBERJAYA (SL),f0713184-ab0b-4409-aa47-b8af8163de67
340059,365cd278-72f7-4302-b61d-6d9cdda4a719,94e691f5-a2ac-4fbe-bb7f-5228dc2c49f3,153,CBY,E,180,CBY-E-180,HADAPAN RUMAH NO 90 JALAN MULIA 2 63000 CYBERJAYA,INVENTQJAYA,HADAPAN RUMAH,1,Hadapan,Cyberjaya,2.906462,101.636223,6,b74645e5-3ad2-4dd9-ba72-3b7eb8f16643,Selangor,72,Sepang,2,Swasta,1,Berfungsi,1766690,,1,Pillar Hydrant,113,Sepang,324,Dengkil,0000-00-00,0,SELANGOR_CYBERJAYA_ZON S_WANI_29052015,18,CYBERJAYA (SL),f0713184-ab0b-4409-aa47-b8af8163de67
340060,9cd14008-992b-4b2c-b0b7-af0fa0a022ae,94e691f5-a2ac-4fbe-bb7f-5228dc2c49f3,153,CBY,E,181,CBY-E-181,SEBELAH RUMAH NO 1 JALAN MULIA 2 63000 CYBERJAYA,DHL CYBERJAYA,,1,Hadapan,Cyberjaya,2.905751,101.636424,6,b74645e5-3ad2-4dd9-ba72-3b7eb8f16643,Selangor,72,Sepang,2,Swasta,1,Berfungsi,1766690,,1,Pillar Hydrant,113,Sepang,324,Dengkil,0000-00-00,0,SELANGOR_CYBERJAYA_ZON S_WANI_29052015,18,CYBERJAYA (SL),f0713184-ab0b-4409-aa47-b8af8163de67
340061,0424c337-812c-4a82-8d19-c1cfc912c72d,94e691f5-a2ac-4fbe-bb7f-5228dc2c49f3,153,CBY,E,182,CBY-E-182,HADAPAN RUMAH NO 13 JALAN MULIA 2/5 63000 CYBERJAYA,DHL CYBERJAYA,,1,Hadapan,Cyberjaya,2.905644,101.635867,6,b74645e5-3ad2-4dd9-ba72-3b7eb8f16643,Selangor,72,Sepang,2,Swasta,1,Berfungsi,1766690,,1,Pillar Hydrant,113,Sepang,324,Dengkil,0000-00-00,0,SELANGOR_CYBERJAYA_ZON S_WANI_29052015,18,CYBERJAYA (SL),f0713184-ab0b-4409-aa47-b8af8163de67
340062,970a4222-6765-4a07-a1c2-fb799cd20251,94e691f5-a2ac-4fbe-bb7f-5228dc2c49f3,153,CBY,E,183,CBY-E-183,HADAPAN RUMAH NO 31 JALAN MULIA 2/5 63000 CYBERJAYA,DHL CYBERJAYA,,1,Hadapan,Cyberjaya,2.905336,101.635281,6,b74645e5-3ad2-4dd9-ba72-3b7eb8f16643,Selangor,72,Sepang,2,Swasta,1,Berfungsi,1766690,,1,Pillar Hydrant,113,Sepang,324,Dengkil,0000-00-00,0,SELANGOR_CYBERJAYA_ZON S_WANI_29052015,18,CYBERJAYA (SL),f0713184-ab0b-4409-aa47-b8af8163de67
340063,93be6e82-3cb3-40e1-aad5-116811b0aa3b,94e691f5-a2ac-4fbe-bb7f-5228dc2c49f3,153,CBY,E,184,CBY-E-184,HADAPAN RUMAH NO 12 JALAN MULIA 2/6 63000 CYBERJAYA,DHL CYBERJAYA,,1,Hadapan,Cyberjaya,2.905263,101.6362,6,b74645e5-3ad2-4dd9-ba72-3b7eb8f16643,Selangor,72,Sepang,2,Swasta,1,Berfungsi,1766690,,1,Pillar Hydrant,113,Sepang,324,Dengkil,0000-00-00,0,SELANGOR_CYBERJAYA_ZON S_WANI_29052015,19,DENGKIL (SL),64d52084-9f40-47ff-8a15-5b947a1f25af
340064,5e4912b1-58a8-4569-b9df-ddedfdb06115,94e691f5-a2ac-4fbe-bb7f-5228dc2c49f3,153,CBY,E,185,CBY-E-185,HADAPAN RUMAH NO 26 JALAN MULIA 2/6 63000 CYBERJAYA,TELEKOM MALAYSIA CENTRE (TM CENTRE),,1,Hadapan,Cyberjaya,2.905032,101.635641,6,b74645e5-3ad2-4dd9-ba72-3b7eb8f16643,Selangor,72,Sepang,2,Swasta,1,Berfungsi,1766690,,1,Pillar Hydrant,113,Sepang,324,Dengkil,0000-00-00,0,SELANGOR_CYBERJAYA_ZON S_WANI_29052015,18,CYBERJAYA (SL),f0713184-ab0b-4409-aa47-b8af8163de67
340065,f1ac8691-c9b8-4fad-a1bb-1e959e26b5cd,94e691f5-a2ac-4fbe-bb7f-5228dc2c49f3,153,CBY,E,186,CBY-E-186,HADAPAN RUMAH NO 10 JALAN MULIA 2/7 63000 CYBERJAYA,TELEKOM MALAYSIA CENTRE (TM CENTRE),,1,Hadapan,Cyberjaya,2.904733,101.636203,6,b74645e5-3ad2-4dd9-ba72-3b7eb8f16643,Selangor,72,Sepang,2,Swasta,1,Berfungsi,1766690,,1,Pillar Hydrant,113,Sepang,324,Dengkil,0000-00-00,0,SELANGOR_CYBERJAYA_ZON S_WANI_29052015,18,CYBERJAYA (SL),f0713184-ab0b-4409-aa47-b8af8163de67
340066,24feceba-d1dd-4c41-9c02-d1bbbb99af48,94e691f5-a2ac-4fbe-bb7f-5228dc2c49f3,153,CBY,E,187,CBY-E-187,HADAPAN RUMAH NO 6 JALAN MULIA 2/7 63000 CYBERJAYA,SME THENOPRENEUR CENTRE,,1,Hadapan,Cyberjaya,2.904169,101.636441,6,b74645e5-3ad2-4dd9-ba72-3b7eb8f16643,Selangor,72,Sepang,2,Swasta,1,Berfungsi,1766690,,1,Pillar Hydrant,113,Sepang,324,Dengkil,0000-00-00,0,SELANGOR_CYBERJAYA_ZON S_WANI_29052015,18,CYBERJAYA (SL),f0713184-ab0b-4409-aa47-b8af8163de67
340067,a1e802f1-411c-4c56-9d56-492fe0932741,94e691f5-a2ac-4fbe-bb7f-5228dc2c49f3,153,CBY,E,188,CBY-E-188,BERHAMPIRAN PONDOK KAWALAN PINTU MASUK IDAMAN RESIDENSI SELANGORKU 63000 CYBERJAYA,SME THENOPRENEUR CENTRE,,3,Berhampiran,Cyberjaya,2.911126,101.629289,6,b74645e5-3ad2-4dd9-ba72-3b7eb8f16643,Selangor,72,Sepang,2,Swasta,1,Berfungsi,1766690,,1,Pillar Hydrant,113,Sepang,324,Dengkil,0000-00-00,0,SELANGOR_CYBERJAYA_ZON S_WANI_29052015,18,CYBERJAYA (SL),f0713184-ab0b-4409-aa47-b8af8163de67
340068,a1194e7b-6603-46da-a549-26ec03a1eb45,94e691f5-a2ac-4fbe-bb7f-5228dc2c49f3,153,CBY,E,189,CBY-E-189,BERHAMPIRAN RUMAH SAMPAH BLOK B1 IDAMAN RESIDENSI  SELANGORKU 63000 CYBERJAYA,SME THENOPRENEUR CENTRE,,3,Berhampiran,Cyberjaya,2.911525,101.630794,6,b74645e5-3ad2-4dd9-ba72-3b7eb8f16643,Selangor,72,Sepang,2,Swasta,1,Berfungsi,1766690,,1,Pillar Hydrant,113,Sepang,324,Dengkil,0000-00-00,0,SELANGOR_CYBERJAYA_ZON S_WANI_29052015,18,CYBERJAYA (SL),f0713184-ab0b-4409-aa47-b8af8163de67
340069,1c78b05e-01a3-4256-9112-2fc1d8069e66,94e691f5-a2ac-4fbe-bb7f-5228dc2c49f3,153,CBY,E,190,CBY-E-190,SEBELAH BLOK B1 IDAMAN RESIDENSI  SELANGORKU 63000 CYBERJAYA,SME THENOPRENEUR CENTRE,,4,Tepi,Cyberjaya,2.910741,101.63103,6,b74645e5-3ad2-4dd9-ba72-3b7eb8f16643,Selangor,72,Sepang,2,Swasta,1,Berfungsi,1766690,,1,Pillar Hydrant,113,Sepang,324,Dengkil,0000-00-00,0,SELANGOR_CYBERJAYA_ZON S_WANI_29052015,18,CYBERJAYA (SL),f0713184-ab0b-4409-aa47-b8af8163de67
340070,fa72ef7c-bd76-4816-a415-f85bce83f206,94e691f5-a2ac-4fbe-bb7f-5228dc2c49f3,153,CBY,E,191,CBY-E-191,SEBELAH BLOK B3 IDAMAN RESIDENSI  SELANGORKU 63000 CYBERJAYA,CITY COMAND CENTRE,,4,Tepi,Cyberjaya,2.909921,101.631088,6,b74645e5-3ad2-4dd9-ba72-3b7eb8f16643,Selangor,72,Sepang,2,Swasta,1,Berfungsi,1766690,,1,Pillar Hydrant,113,Sepang,324,Dengkil,0000-00-00,0,SELANGOR_CYBERJAYA_ZON S_WANI_29052015,18,CYBERJAYA (SL),f0713184-ab0b-4409-aa47-b8af8163de67
340071,aeb492f8-be1b-4b60-9569-27caa1d2e477,94e691f5-a2ac-4fbe-bb7f-5228dc2c49f3,153,CBY,E,192,CBY-E-192,PERTENGAHAN ANTARA BLOK B2 DAN B3 IDAMAN RESIDENSI  SELANGORKU 63000 CYBERJAYA,CITY COMAND CENTRE,,7,Tengah,Cyberjaya,2.909649,101.630527,6,b74645e5-3ad2-4dd9-ba72-3b7eb8f16643,Selangor,72,Sepang,2,Swasta,1,Berfungsi,1766690,,1,Pillar Hydrant,113,Sepang,324,Dengkil,0000-00-00,0,SELANGOR_CYBERJAYA_ZON S_WANI_29052015,18,CYBERJAYA (SL),f0713184-ab0b-4409-aa47-b8af8163de67
340072,70f89eb0-a246-479c-bdd7-52bfc1bfe62b,94e691f5-a2ac-4fbe-bb7f-5228dc2c49f3,153,CBY,E,193,CBY-E-193,SEBELAH BLOK A2 IDAMAN RESIDENSI  SELANGORKU 63000 CYBERJAYA,CITY COMAND CENTRE,,4,Tepi,Cyberjaya,2.910002,101.629218,6,b74645e5-3ad2-4dd9-ba72-3b7eb8f16643,Selangor,72,Sepang,2,Swasta,1,Berfungsi,1766690,,1,Pillar Hydrant,113,Sepang,324,Dengkil,0000-00-00,0,SELANGOR_CYBERJAYA_ZON S_WANI_29052015,18,CYBERJAYA (SL),f0713184-ab0b-4409-aa47-b8af8163de67
340073,5cfe9451-8bc7-454d-b585-5a80cd1b138b,94e691f5-a2ac-4fbe-bb7f-5228dc2c49f3,153,CBY,E,194,CBY-E-194,PERTENGAHAN HADAPAN ANTARA BLOK A1 DAN A2  SELANGORKU 63000 CYBERJAYA,CITY COMAND CENTRE,,7,Tengah,Cyberjaya,2.910697,101.629532,6,b74645e5-3ad2-4dd9-ba72-3b7eb8f16643,Selangor,72,Sepang,2,Swasta,1,Berfungsi,1666510,,1,Pillar Hydrant,113,Sepang,324,Dengkil,0000-00-00,0,SELANGOR_CYBERJAYA_ZON S_WANI_29052015,18,CYBERJAYA (SL),f0713184-ab0b-4409-aa47-b8af8163de67
340074,17c60d64-a624-4e8c-8af5-9a28b9ac4237,94e691f5-a2ac-4fbe-bb7f-5228dc2c49f3,153,CBY,E,195,CBY-E-195,HADAPAN RUMAH TNB P/E RSKU CYBERVALLEY NO 4 IDAMAN RESIDENSI  SELANGORKU 63000 CYBERJAYA,THE PROMENADE LAKESIDE,,1,Hadapan,Cyberjaya,2.910243,101.630198,6,b74645e5-3ad2-4dd9-ba72-3b7eb8f16643,Selangor,72,Sepang,2,Swasta,1,Berfungsi,1666510,,1,Pillar Hydrant,113,Sepang,324,Dengkil,0000-00-00,0,SELANGOR_CYBERJAYA_ZON S_WANI_29052015,18,CYBERJAYA (SL),f0713184-ab0b-4409-aa47-b8af8163de67
340075,892d0c4c-dce7-492b-ae00-49cd84102999,94e691f5-a2ac-4fbe-bb7f-5228dc2c49f3,153,CBY,E,196,CBY-E-196,SEBELAH BLOK A3 IDAMAN RESIDENSI  SELANGORKU 63000 CYBERJAYA,THE PROMENADE LAKESIDE,HADAPAN KEDAI,4,Tepi,Cyberjaya,2.911098,101.628714,6,b74645e5-3ad2-4dd9-ba72-3b7eb8f16643,Selangor,72,Sepang,2,Swasta,1,Berfungsi,1666510,,1,Pillar Hydrant,113,Sepang,324,Dengkil,0000-00-00,0,SELANGOR_CYBERJAYA_ZON S_WANI_29052015,18,CYBERJAYA (SL),f0713184-ab0b-4409-aa47-b8af8163de67
340076,be601e19-a7d4-4a1f-984f-5d4fdbe86ba4,94e691f5-a2ac-4fbe-bb7f-5228dc2c49f3,153,CBY,E,197,CBY-E-197,BELAKANG CLUBHOUSE SETIA SAFIRO JALAN 1/1 63000 CYBERJAYA,THE PROMENADE LAKESIDE,,2,Belakang,Cyberjaya,2.899786,101.635314,6,b74645e5-3ad2-4dd9-ba72-3b7eb8f16643,Selangor,72,Sepang,2,Swasta,1,Berfungsi,1666510,,1,Pillar Hydrant,113,Sepang,324,Dengkil,0000-00-00,0,SELANGOR_CYBERJAYA_ZON S_WANI_29052015,18,CYBERJAYA (SL),f0713184-ab0b-4409-aa47-b8af8163de67
340077,0ce3ab16-c3aa-4102-90fe-04ec704b15ec,94e691f5-a2ac-4fbe-bb7f-5228dc2c49f3,153,CBY,E,198,CBY-E-198,HADAPAN RUMAH TNB PE 24.70 SETIA SAFIRO 2 63000 CYBERJAYA,THE PROMENADE LAKESIDE,,1,Hadapan,Cyberjaya,2.899407,101.634977,6,b74645e5-3ad2-4dd9-ba72-3b7eb8f16643,Selangor,72,Sepang,2,Swasta,1,Berfungsi,1666510,,1,Pillar Hydrant,113,Sepang,324,Dengkil,0000-00-00,0,SELANGOR_CYBERJAYA_ZON S_WANI_29052015,18,CYBERJAYA (SL),f0713184-ab0b-4409-aa47-b8af8163de67
340078,9d9c3f67-de7c-4d82-adf1-6ce7bf750341,94e691f5-a2ac-4fbe-bb7f-5228dc2c49f3,153,CBY,E,199,CBY-E-199,HADAPAN RUMAH NO 2 JALAN SETIA SAFIRO 1/1 63000 CYBERJAYA,THE PROMENADE LAKESIDE,,1,Hadapan,Cyberjaya,2.900854,101.635975,6,b74645e5-3ad2-4dd9-ba72-3b7eb8f16643,Selangor,72,Sepang,2,Swasta,1,Berfungsi,1666510,,1,Pillar Hydrant,113,Sepang,324,Dengkil,0000-00-00,0,SELANGOR_CYBERJAYA_ZON S_WANI_29052015,18,CYBERJAYA (SL),f0713184-ab0b-4409-aa47-b8af8163de67
340079,e60264cd-7c3b-4d22-9dd1-e0a4527f8361,94e691f5-a2ac-4fbe-bb7f-5228dc2c49f3,153,CBY,E,200,CBY-E-200,HADAPAN RUMAH NO 22A JALAN SETIA SAFIRO 1/1 63000 CYBERJAYA,THE PROMENADE LAKESIDE,,1,Hadapan,Cyberjaya,2.90034,101.635468,6,b74645e5-3ad2-4dd9-ba72-3b7eb8f16643,Selangor,72,Sepang,2,Swasta,1,Berfungsi,1666510,,1,Pillar Hydrant,113,Sepang,324,Dengkil,0000-00-00,0,SELANGOR_CYBERJAYA_ZON S_WANI_29052015,18,CYBERJAYA (SL),f0713184-ab0b-4409-aa47-b8af8163de67
340080,76cb64c3-87b8-48f2-aaaa-3cb2bab551e2,94e691f5-a2ac-4fbe-bb7f-5228dc2c49f3,153,CBY,E,201,CBY-E-201,HADAPAN RUMAH NO 2 JALAN SETIA SAFIRO ½ 63000 CYBERJAYA, CYBER HEIGHT,,1,Hadapan,Cyberjaya,2.901458,101.635734,6,b74645e5-3ad2-4dd9-ba72-3b7eb8f16643,Selangor,72,Sepang,2,Swasta,1,Berfungsi,1666510,,1,Pillar Hydrant,113,Sepang,324,Dengkil,0000-00-00,0,SELANGOR_CYBERJAYA_ZON S_WANI_29052015,18,CYBERJAYA (SL),f0713184-ab0b-4409-aa47-b8af8163de67
340081,73b1782a-869c-4ec5-b19a-5e4e22b5f3fd,94e691f5-a2ac-4fbe-bb7f-5228dc2c49f3,153,CBY,E,202,CBY-E-202,HADAPAN UMAH NO 18 JALAN SETIA SAFIRO ½ 63000 CYBERJAYA, CYBER HEIGHT,,1,Hadapan,Cyberjaya,2.901039,101.635392,6,b74645e5-3ad2-4dd9-ba72-3b7eb8f16643,Selangor,72,Sepang,2,Swasta,1,Berfungsi,1666510,,1,Pillar Hydrant,113,Sepang,324,Dengkil,0000-00-00,0,SELANGOR_CYBERJAYA_ZON S_WANI_29052015,18,CYBERJAYA (SL),f0713184-ab0b-4409-aa47-b8af8163de67
340082,0ec75e76-6525-4d3f-bb13-91131e2f3cb5,94e691f5-a2ac-4fbe-bb7f-5228dc2c49f3,153,CBY,E,203,CBY-E-203,HADAPAN RUMAH NO 2 JALAN SETIA SAFIRO 1/3 63000 CYBERJAYA, CYBER HEIGHT,,1,Hadapan,Cyberjaya,2.902064,101.635465,6,b74645e5-3ad2-4dd9-ba72-3b7eb8f16643,Selangor,72,Sepang,2,Swasta,1,Berfungsi,1666510,,1,Pillar Hydrant,113,Sepang,324,Dengkil,0000-00-00,0,SELANGOR_CYBERJAYA_ZON S_WANI_29052015,18,CYBERJAYA (SL),f0713184-ab0b-4409-aa47-b8af8163de67
340083,23fd35f0-e628-4c69-bf7b-ee517b90d326,94e691f5-a2ac-4fbe-bb7f-5228dc2c49f3,153,CBY,E,204,CBY-E-204,HADAPAN RUMAH NO 22A JALAN SETIA SAFIRO 1/3  63000 CYBERJAYA, CYBER HEIGHT,,1,Hadapan,Cyberjaya,2.901512,101.635013,6,b74645e5-3ad2-4dd9-ba72-3b7eb8f16643,Selangor,72,Sepang,2,Swasta,1,Berfungsi,1766690,,1,Pillar Hydrant,113,Sepang,324,Dengkil,0000-00-00,0,SELANGOR_CYBERJAYA_ZON S_WANI_29052015,18,CYBERJAYA (SL),f0713184-ab0b-4409-aa47-b8af8163de67
340084,58667c77-e797-4858-a432-66fa5f59249b,94e691f5-a2ac-4fbe-bb7f-5228dc2c49f3,153,CBY,E,205,CBY-E-205,HADAPAN RUMAH NO 1 JALAN SETIA SAFIRO 1/3A 63000 CYBERJAYA, CYBER HEIGHT,,1,Hadapan,Cyberjaya,2.902439,101.635166,6,b74645e5-3ad2-4dd9-ba72-3b7eb8f16643,Selangor,72,Sepang,2,Swasta,1,Berfungsi,1766690,,1,Pillar Hydrant,113,Sepang,324,Dengkil,0000-00-00,0,SELANGOR_CYBERJAYA_ZON S_WANI_29052015,18,CYBERJAYA (SL),f0713184-ab0b-4409-aa47-b8af8163de67
340085,6d54b650-328b-41e7-8307-af8599e0a77e,94e691f5-a2ac-4fbe-bb7f-5228dc2c49f3,153,CBY,E,206,CBY-E-206,HADAPAN RUMAH NO 30 JALAN SETIA SAFIRO 1/3A 63000 CYBERJAYA, CYBER HEIGHT,,1,Hadapan,Cyberjaya,2.901906,101.634606,6,b74645e5-3ad2-4dd9-ba72-3b7eb8f16643,Selangor,72,Sepang,2,Swasta,1,Berfungsi,1766690,,1,Pillar Hydrant,113,Sepang,324,Dengkil,0000-00-00,0,SELANGOR_CYBERJAYA_ZON S_WANI_29052015,18,CYBERJAYA (SL),f0713184-ab0b-4409-aa47-b8af8163de67
340086,7a17507b-ee83-4d31-9168-a3960de4994a,94e691f5-a2ac-4fbe-bb7f-5228dc2c49f3,153,CBY,E,207,CBY-E-207,HADAPAN RUMAH NO 11 JALAN SETIA SAFIRO 1/5 63000 CYBERJAYA, CYBER HEIGHT,,1,Hadapan,Cyberjaya,2.902645,101.634472,6,b74645e5-3ad2-4dd9-ba72-3b7eb8f16643,Selangor,72,Sepang,2,Swasta,1,Berfungsi,1766690,,1,Pillar Hydrant,113,Sepang,324,Dengkil,0000-00-00,0,SELANGOR_CYBERJAYA_ZON S_WANI_29052015,18,CYBERJAYA (SL),f0713184-ab0b-4409-aa47-b8af8163de67
340087,3412f6fa-cb9e-4c35-9ad3-532ab542272e,94e691f5-a2ac-4fbe-bb7f-5228dc2c49f3,153,CBY,E,208,CBY-E-208,HADAPAN RUMAH NO 35 JALANA SETIA SAFIRO 1/5 63000 CYBERJAYA, CYBER HEIGHT,,1,Hadapan,Cyberjaya,2.902085,101.634054,6,b74645e5-3ad2-4dd9-ba72-3b7eb8f16643,Selangor,72,Sepang,2,Swasta,1,Berfungsi,1766690,,1,Pillar Hydrant,113,Sepang,324,Dengkil,0000-00-00,0,SELANGOR_CYBERJAYA_ZON S_WANI_29052015,18,CYBERJAYA (SL),f0713184-ab0b-4409-aa47-b8af8163de67
340088,727f113e-e65c-4c85-b2c5-3ce734fd1d15,94e691f5-a2ac-4fbe-bb7f-5228dc2c49f3,153,CBY,E,209,CBY-E-209,HADAPAN RUMAH NO 61 JALAN SETIA SAFIRO 1/5 63000 CYBERJAYA, CYBER HEIGHT,,1,Hadapan,Cyberjaya,2.901393,101.633549,6,b74645e5-3ad2-4dd9-ba72-3b7eb8f16643,Selangor,72,Sepang,2,Swasta,1,Berfungsi,1766690,images/img_pili/20210915163407745.jpeg,1,Pillar Hydrant,113,Sepang,324,Dengkil,0000-00-00,0,SELANGOR_CYBERJAYA_ZON S_WANI_29052015,18,CYBERJAYA (SL),f0713184-ab0b-4409-aa47-b8af8163de67
340089,7480217f-e699-4008-b77d-a3d4fbe7fce2,94e691f5-a2ac-4fbe-bb7f-5228dc2c49f3,153,CBY,E,210,CBY-E-210,HADAPAN RUMAH NO 77 JALAN SETIA SAFIRO 1/5 63000 CYBERJAYA, CYBER HEIGHT,,1,Hadapan,Cyberjaya,2.901126,101.633264,6,b74645e5-3ad2-4dd9-ba72-3b7eb8f16643,Selangor,72,Sepang,2,Swasta,1,Berfungsi,1766690,,1,Pillar Hydrant,113,Sepang,324,Dengkil,0000-00-00,0,SELANGOR_CYBERJAYA_ZON S_WANI_29052015,18,CYBERJAYA (SL),f0713184-ab0b-4409-aa47-b8af8163de67
340090,50abef81-0ea9-489a-9118-2c5ee8fae660,94e691f5-a2ac-4fbe-bb7f-5228dc2c49f3,153,CBY,E,211,CBY-E-211,HADAPAN RUMAH NO 1 JALAN SETIA SAFIRO 1/6 63000 CYBERJAYA, CYBER HEIGHT,,1,Hadapan,Cyberjaya,2.900447,101.633263,6,b74645e5-3ad2-4dd9-ba72-3b7eb8f16643,Selangor,72,Sepang,2,Swasta,1,Berfungsi,1766690,,1,Pillar Hydrant,113,Sepang,324,Dengkil,0000-00-00,0,SELANGOR_CYBERJAYA_ZON S_WANI_29052015,19,DENGKIL (SL),64d52084-9f40-47ff-8a15-5b947a1f25af
340091,24367990-6742-427e-ba87-31be1bd79ead,94e691f5-a2ac-4fbe-bb7f-5228dc2c49f3,153,CBY,E,212,CBY-E-212,HADAPAN RUMAH NO 21 JALAN SETIA SAFIRO 1/6 63000 CYBERJAYA, CYBER HEIGHT,,1,Hadapan,Cyberjaya,2.900813,101.633826,6,b74645e5-3ad2-4dd9-ba72-3b7eb8f16643,Selangor,72,Sepang,2,Swasta,1,Berfungsi,1766690,images/img_pili/20210915163506425.jpeg,1,Pillar Hydrant,113,Sepang,324,Dengkil,0000-00-00,0,SELANGOR_CYBERJAYA_ZON S_WANI_29052015,18,CYBERJAYA (SL),f0713184-ab0b-4409-aa47-b8af8163de67
340092,361f6029-04ea-4df7-a146-17acec5d44ba,94e691f5-a2ac-4fbe-bb7f-5228dc2c49f3,153,CBY,E,213,CBY-E-213,HADAPAN RUMAH NO 37 JALAN SETIA SAFIRO 1/6 63000 CYBERJAYA, CYBER HEIGHT,,1,Hadapan,Cyberjaya,2.90124,101.634137,6,b74645e5-3ad2-4dd9-ba72-3b7eb8f16643,Selangor,72,Sepang,2,Swasta,1,Berfungsi,1766690,,1,Pillar Hydrant,113,Sepang,324,Dengkil,0000-00-00,0,SELANGOR_CYBERJAYA_ZON S_WANI_29052015,18,CYBERJAYA (SL),f0713184-ab0b-4409-aa47-b8af8163de67
340093,4117a1e9-8ffc-4c35-bcec-955efcd477e8,94e691f5-a2ac-4fbe-bb7f-5228dc2c49f3,153,CBY,E,214,CBY-E-214,HADAPAN RUMAH NO 2 JALAN SETIA SAFIRO 1/7 63000 CYBERJAYA, CYBER HEIGHT,,1,Hadapan,Cyberjaya,2.89997,101.633489,6,b74645e5-3ad2-4dd9-ba72-3b7eb8f16643,Selangor,72,Sepang,2,Swasta,1,Berfungsi,1766690,,1,Pillar Hydrant,113,Sepang,324,Dengkil,0000-00-00,0,SELANGOR_CYBERJAYA_ZON S_WANI_29052015,18,CYBERJAYA (SL),f0713184-ab0b-4409-aa47-b8af8163de67
340094,5ba53946-b707-4e0f-bac2-84f7b6f286fa,94e691f5-a2ac-4fbe-bb7f-5228dc2c49f3,153,CBY,E,215,CBY-E-215,HADAPAN RUMAH NO 22 JALAN SETIA SAFIRO 1/7 63000 CYBERJAYA, CYBER HEIGHT,,1,Hadapan,Cyberjaya,2.900377,101.634166,6,b74645e5-3ad2-4dd9-ba72-3b7eb8f16643,Selangor,72,Sepang,2,Swasta,1,Berfungsi,1766690,,1,Pillar Hydrant,113,Sepang,324,Dengkil,0000-00-00,0,SELANGOR_CYBERJAYA_ZON S_WANI_29052015,18,CYBERJAYA (SL),f0713184-ab0b-4409-aa47-b8af8163de67
340095,02c8b09f-cddd-4be4-a59d-3e76e2e02ddf,94e691f5-a2ac-4fbe-bb7f-5228dc2c49f3,153,CBY,E,216,CBY-E-216,HADAPAN RUMAH NO 38 JALAN SETIA SAFIRO 1/7 63000 CYBERJAYA, CYBER HEIGHT,,1,Hadapan,Cyberjaya,2.900895,101.634595,6,b74645e5-3ad2-4dd9-ba72-3b7eb8f16643,Selangor,72,Sepang,2,Swasta,1,Berfungsi,1766690,,1,Pillar Hydrant,113,Sepang,324,Dengkil,0000-00-00,0,SELANGOR_CYBERJAYA_ZON S_WANI_29052015,18,CYBERJAYA (SL),f0713184-ab0b-4409-aa47-b8af8163de67
340096,6621809d-929f-4edb-9cc4-94e0e4cdd030,94e691f5-a2ac-4fbe-bb7f-5228dc2c49f3,153,CBY,E,217,CBY-E-217,HADAPAN RUMAH NO 1 JALAN SETIA SAFIRO 1/8 63000 CYBERJAYA, CYBER HEIGHT,,1,Hadapan,Cyberjaya,2.899542,101.633895,6,b74645e5-3ad2-4dd9-ba72-3b7eb8f16643,Selangor,72,Sepang,1,Awam,1,Berfungsi,1766690,,1,Pillar Hydrant,113,Sepang,324,Dengkil,0000-00-00,0,SELANGOR_CYBERJAYA_ZON S_WANI_29052015,18,CYBERJAYA (SL),f0713184-ab0b-4409-aa47-b8af8163de67
340097,fc8b096e-b046-42bb-8a07-aae69169b345,94e691f5-a2ac-4fbe-bb7f-5228dc2c49f3,153,CBY,E,218,CBY-E-218,HADAPAN RUMAH NO 22A JALAN SETIA SAFIRO 1/8 63000 CYBERJAYA, CYBER HEIGHT,,1,Hadapan,Cyberjaya,2.899963,101.634544,6,b74645e5-3ad2-4dd9-ba72-3b7eb8f16643,Selangor,72,Sepang,2,Swasta,1,Berfungsi,1766690,,1,Pillar Hydrant,113,Sepang,324,Dengkil,0000-00-00,0,SELANGOR_CYBERJAYA_ZON S_WANI_29052015,18,CYBERJAYA (SL),f0713184-ab0b-4409-aa47-b8af8163de67
340098,cce5539c-a22a-4ccb-988b-c8ddc372df6c,94e691f5-a2ac-4fbe-bb7f-5228dc2c49f3,153,CBY,E,219,CBY-E-219,HADAPAN RUMAH NO 43 JALAN SETIA SAFIRO 1/8 63000 CYBERJAYA, CYBER HEIGHT,,1,Hadapan,Cyberjaya,2.900538,101.635012,6,b74645e5-3ad2-4dd9-ba72-3b7eb8f16643,Selangor,72,Sepang,2,Swasta,1,Berfungsi,1766690,,1,Pillar Hydrant,113,Sepang,324,Dengkil,0000-00-00,0,SELANGOR_CYBERJAYA_ZON S_WANI_29052015,18,CYBERJAYA (SL),f0713184-ab0b-4409-aa47-b8af8163de67
340099,913e8869-40c0-46f7-80d6-07b6a83129fb,94e691f5-a2ac-4fbe-bb7f-5228dc2c49f3,153,CBY,E,220,CBY-E-220,SEBELAH GIMNASIUM SETIA SAFIRO JALAN 2/1 63000 CYBERJAYA, CYBER HEIGHT,,1,Hadapan,Cyberjaya,2.899519,101.635963,6,b74645e5-3ad2-4dd9-ba72-3b7eb8f16643,Selangor,72,Sepang,2,Swasta,1,Berfungsi,1766690,,1,Pillar Hydrant,113,Sepang,324,Dengkil,0000-00-00,0,SELANGOR_CYBERJAYA_ZON S_WANI_29052015,18,CYBERJAYA (SL),f0713184-ab0b-4409-aa47-b8af8163de67
340100,62ad271d-8072-4c9f-9197-1f24cf4ac656,94e691f5-a2ac-4fbe-bb7f-5228dc2c49f3,153,CBY,E,221,CBY-E-221,BERHAMPIRAN TAMAN PERMAINAN SETIA SAFIRO JALAN 2/1 63000 CYBERJAYA, CYBER HEIGHT,,3,Berhampiran,Cyberjaya,2.89926,101.635752,6,b74645e5-3ad2-4dd9-ba72-3b7eb8f16643,Selangor,72,Sepang,2,Swasta,1,Berfungsi,1766690,,1,Pillar Hydrant,113,Sepang,324,Dengkil,0000-00-00,0,SELANGOR_CYBERJAYA_ZON S_WANI_29052015,18,CYBERJAYA (SL),f0713184-ab0b-4409-aa47-b8af8163de67
340101,60ffef6f-01d1-4d10-ae9d-ee843d08dcad,94e691f5-a2ac-4fbe-bb7f-5228dc2c49f3,153,CBY,E,222,CBY-E-222,SEBELAH PONDOK KAWALAN QUILL 18 63000 CYBERJAYA, CYBER HEIGHT,,4,Tepi,Cyberjaya,2.924743,101.65508,6,b74645e5-3ad2-4dd9-ba72-3b7eb8f16643,Selangor,72,Sepang,2,Swasta,1,Berfungsi,1766690,,1,Pillar Hydrant,113,Sepang,324,Dengkil,0000-00-00,0,SELANGOR_CYBERJAYA_ZON S_WANI_29052015,18,CYBERJAYA (SL),f0713184-ab0b-4409-aa47-b8af8163de67
340102,b5f1528d-4a5c-458d-83bf-0dae477e32d1,94e691f5-a2ac-4fbe-bb7f-5228dc2c49f3,153,CBY,E,223,CBY-E-223,BERHAMPIRAN LOBI QUILL 18 63000 CYBERJAYA, CYBER HEIGHT,,3,Berhampiran,Cyberjaya,2.924126,101.6551,6,b74645e5-3ad2-4dd9-ba72-3b7eb8f16643,Selangor,72,Sepang,2,Swasta,1,Berfungsi,1766690,,1,Pillar Hydrant,113,Sepang,324,Dengkil,0000-00-00,0,SELANGOR_CYBERJAYA_ZON S_WANI_29052015,18,CYBERJAYA (SL),f0713184-ab0b-4409-aa47-b8af8163de67
340103,0bf4c005-4a09-485a-8771-70c776b5366c,94e691f5-a2ac-4fbe-bb7f-5228dc2c49f3,153,CBY,E,224,CBY-E-224,BERHAMPIRAN RUMAH SAMPAH QUILL 18 63000 CYBERJAYA,FUJITSHU CYBERJAYA,,3,Berhampiran,Cyberjaya,2.923981,101.654506,6,b74645e5-3ad2-4dd9-ba72-3b7eb8f16643,Selangor,72,Sepang,2,Swasta,1,Berfungsi,1666510,,1,Pillar Hydrant,113,Sepang,324,Dengkil,0000-00-00,0,SELANGOR_CYBERJAYA_ZON S_WANI_29052015,18,CYBERJAYA (SL),f0713184-ab0b-4409-aa47-b8af8163de67
340104,239109e9-6920-4b2b-a1b2-d822532db8c8,94e691f5-a2ac-4fbe-bb7f-5228dc2c49f3,153,CBY,E,225,CBY-E-225,HADAPAN BILIK COMMON QUILL 18 63000 CYBERJAYA,FUJITSHU CYBERJAYA,,1,Hadapan,Cyberjaya,2.92395,101.653615,6,b74645e5-3ad2-4dd9-ba72-3b7eb8f16643,Selangor,72,Sepang,2,Swasta,1,Berfungsi,1666510,,1,Pillar Hydrant,113,Sepang,324,Dengkil,0000-00-00,0,SELANGOR_CYBERJAYA_ZON S_WANI_29052015,18,CYBERJAYA (SL),f0713184-ab0b-4409-aa47-b8af8163de67
340105,27c711e7-33bc-47b2-8cfb-3d96b2a31f76,94e691f5-a2ac-4fbe-bb7f-5228dc2c49f3,153,CBY,E,226,CBY-E-226,BERHAMPIRAN PINTU MASUK PARKIR BERTINGKAT QUILL 18 63000 CYBERJAYA,FUJITSHU CYBERJAYA,,3,Berhampiran,Cyberjaya,2.92442,101.653391,6,b74645e5-3ad2-4dd9-ba72-3b7eb8f16643,Selangor,72,Sepang,2,Swasta,1,Berfungsi,1666510,,1,Pillar Hydrant,113,Sepang,324,Dengkil,0000-00-00,0,SELANGOR_CYBERJAYA_ZON S_WANI_29052015,18,CYBERJAYA (SL),f0713184-ab0b-4409-aa47-b8af8163de67
340106,1189948e-5fe4-4f36-b3fd-811485e2716e,94e691f5-a2ac-4fbe-bb7f-5228dc2c49f3,153,CBY,E,227,CBY-E-227,BERHAMPIRAN TANGGA QUILL 18 63000 CYBERJAYA,FUJITSHU CYBERJAYA,,3,Berhampiran,Cyberjaya,2.925201,101.653641,6,b74645e5-3ad2-4dd9-ba72-3b7eb8f16643,Selangor,72,Sepang,2,Swasta,1,Berfungsi,1666510,,1,Pillar Hydrant,113,Sepang,324,Dengkil,0000-00-00,0,SELANGOR_CYBERJAYA_ZON S_WANI_29052015,18,CYBERJAYA (SL),f0713184-ab0b-4409-aa47-b8af8163de67
340107,26b7a1ba-41ef-4168-87c5-0fd69ed4f0a1,94e691f5-a2ac-4fbe-bb7f-5228dc2c49f3,153,CBY,E,228,CBY-E-228,BERHAMPIRAN LOADING DOCK QUILL 18 63000 CYBERJAYA, TAMAN TASIK CYBERJAYA,,3,Berhampiran,Cyberjaya,2.925164,101.654432,6,b74645e5-3ad2-4dd9-ba72-3b7eb8f16643,Selangor,72,Sepang,2,Swasta,1,Berfungsi,1666510,,1,Pillar Hydrant,113,Sepang,324,Dengkil,0000-00-00,0,SELANGOR_CYBERJAYA_ZON S_WANI_29052015,18,CYBERJAYA (SL),f0713184-ab0b-4409-aa47-b8af8163de67
340108,e5e3872e-d3e4-4f0e-8015-cab5d9dcffe5,94e691f5-a2ac-4fbe-bb7f-5228dc2c49f3,153,CBY,E,229,CBY-E-229,BERHAMPIRAN PONDOK KAWALAN PINTU MASUK UTAMA HOSPITAL CYBERJAYA, TAMAN TASIK CYBERJAYA,,3,Berhampiran,Cyberjaya,2.919784,101.631069,6,b74645e5-3ad2-4dd9-ba72-3b7eb8f16643,Selangor,72,Sepang,2,Swasta,1,Berfungsi,1666510,,1,Pillar Hydrant,113,Sepang,324,Dengkil,0000-00-00,0,SELANGOR_CYBERJAYA_ZON S_WANI_29052015,18,CYBERJAYA (SL),f0713184-ab0b-4409-aa47-b8af8163de67
340109,dbf27b65-7d69-44f2-a279-54f319898d6f,94e691f5-a2ac-4fbe-bb7f-5228dc2c49f3,153,CBY,E,230,CBY-E-230,HADAPAN DEWAN BERSALIN HOSPITAL  CYBERJAYA, NEO CYBER,HADAPAN RUMAH,1,Hadapan,Cyberjaya,2.920472,101.630792,6,b74645e5-3ad2-4dd9-ba72-3b7eb8f16643,Selangor,72,Sepang,2,Swasta,1,Berfungsi,1666510,,1,Pillar Hydrant,113,Sepang,324,Dengkil,0000-00-00,0,SELANGOR_CYBERJAYA_ZON S_WANI_29052015,18,CYBERJAYA (SL),f0713184-ab0b-4409-aa47-b8af8163de67
340110,f175a720-921d-4865-97c9-1a418fd6fc24,94e691f5-a2ac-4fbe-bb7f-5228dc2c49f3,153,CBY,E,231,CBY-E-231,BERHAMPIRAN LOJI PENYEJUK HOSPITAL  CYBERJAYA, NEO CYBER,,3,Berhampiran,Cyberjaya,2.921005,101.630254,6,b74645e5-3ad2-4dd9-ba72-3b7eb8f16643,Selangor,72,Sepang,2,Swasta,1,Berfungsi,1666510,,1,Pillar Hydrant,113,Sepang,324,Dengkil,0000-00-00,0,SELANGOR_CYBERJAYA_ZON S_WANI_29052015,18,CYBERJAYA (SL),f0713184-ab0b-4409-aa47-b8af8163de67
340111,eafb1c1b-e774-48d7-b198-b80652531bdb,94e691f5-a2ac-4fbe-bb7f-5228dc2c49f3,153,CBY,E,232,CBY-E-232,BERHAMPIRAN TANGKI AIR HOSPITAL  CYBERJAYA, NEO CYBER,,1,Hadapan,Cyberjaya,2.921588,101.630584,6,b74645e5-3ad2-4dd9-ba72-3b7eb8f16643,Selangor,72,Sepang,2,Swasta,1,Berfungsi,1666510,,1,Pillar Hydrant,113,Sepang,324,Dengkil,0000-00-00,0,SELANGOR_CYBERJAYA_ZON S_WANI_29052015,18,CYBERJAYA (SL),f0713184-ab0b-4409-aa47-b8af8163de67
340112,622f63be-44da-4021-9973-71fae1ba18af,94e691f5-a2ac-4fbe-bb7f-5228dc2c49f3,153,CBY,E,233,CBY-E-233,HADAPAN FARMASI LOGISTIK HOSPITAL  CYBERJAYA, NEO CYBER,,1,Hadapan,Cyberjaya,2.921145,101.631032,6,b74645e5-3ad2-4dd9-ba72-3b7eb8f16643,Selangor,72,Sepang,2,Swasta,1,Berfungsi,1666510,,1,Pillar Hydrant,113,Sepang,324,Dengkil,0000-00-00,0,SELANGOR_CYBERJAYA_ZON S_WANI_29052015,18,CYBERJAYA (SL),f0713184-ab0b-4409-aa47-b8af8163de67
340113,2e7875cf-25e9-4e44-9778-f4e466cc809b,94e691f5-a2ac-4fbe-bb7f-5228dc2c49f3,153,CBY,E,234,CBY-E-234,HADAPAN PENGURUSAN LINEN HOSPITAL CYBERJAYA, NEO CYBER,,1,Hadapan,Cyberjaya,2.921201,101.631509,6,b74645e5-3ad2-4dd9-ba72-3b7eb8f16643,Selangor,72,Sepang,2,Swasta,1,Berfungsi,1766690,,1,Pillar Hydrant,113,Sepang,324,Dengkil,0000-00-00,0,SELANGOR_CYBERJAYA_ZON S_WANI_29052015,18,CYBERJAYA (SL),f0713184-ab0b-4409-aa47-b8af8163de67
340114,8597bf50-927a-4b14-a6d8-87d61b3a4217,94e691f5-a2ac-4fbe-bb7f-5228dc2c49f3,153,CBY,E,235,CBY-E-235,BERHAMPIRAN PINTU MASUK PARKIR BERTINGKAT HOSPITAL, NEO CYBER,,1,Hadapan,Cyberjaya,2.921654,101.631406,6,b74645e5-3ad2-4dd9-ba72-3b7eb8f16643,Selangor,72,Sepang,2,Swasta,1,Berfungsi,1766690,,1,Pillar Hydrant,113,Sepang,324,Dengkil,0000-00-00,0,SELANGOR_CYBERJAYA_ZON S_WANI_29052015,18,CYBERJAYA (SL),f0713184-ab0b-4409-aa47-b8af8163de67
340115,0aec2db3-3fb4-4e2a-9bee-43634b20ed10,94e691f5-a2ac-4fbe-bb7f-5228dc2c49f3,153,CBY,E,236,CBY-E-236,BERHAMPIRAN PONDOK KAWALAN KUATERS HOSPITAL CYBERJAYA, NEO CYBER,,1,Hadapan,Cyberjaya,2.921767,101.632159,6,b74645e5-3ad2-4dd9-ba72-3b7eb8f16643,Selangor,72,Sepang,2,Swasta,1,Berfungsi,1766690,,1,Pillar Hydrant,113,Sepang,324,Dengkil,0000-00-00,0,SELANGOR_CYBERJAYA_ZON S_WANI_29052015,18,CYBERJAYA (SL),f0713184-ab0b-4409-aa47-b8af8163de67
340116,d2317193-be74-4ed6-b838-44746cda8817,94e691f5-a2ac-4fbe-bb7f-5228dc2c49f3,153,CBY,E,237,CBY-E-237,BERHAMPIRAN PINTU MASUK ASRAMA JURURAWAT HOSPITAL  CYBERJAYA, NEO CYBER,,3,Berhampiran,Cyberjaya,2.921233,101.632269,6,b74645e5-3ad2-4dd9-ba72-3b7eb8f16643,Selangor,72,Sepang,2,Swasta,1,Berfungsi,1766690,,1,Pillar Hydrant,113,Sepang,324,Dengkil,0000-00-00,0,SELANGOR_CYBERJAYA_ZON S_WANI_29052015,18,CYBERJAYA (SL),f0713184-ab0b-4409-aa47-b8af8163de67
340117,ee4da403-9d87-413b-9fc3-0c46a52807b7,94e691f5-a2ac-4fbe-bb7f-5228dc2c49f3,153,CBY,E,238,CBY-E-238,HADAPAN LOBI NO 2 HOSPITAL  CYBERJAYA, NEO CYBER,,1,Hadapan,Cyberjaya,2.920675,101.632274,6,b74645e5-3ad2-4dd9-ba72-3b7eb8f16643,Selangor,72,Sepang,2,Swasta,1,Berfungsi,1766690,,1,Pillar Hydrant,113,Sepang,324,Dengkil,0000-00-00,0,SELANGOR_CYBERJAYA_ZON S_WANI_29052015,18,CYBERJAYA (SL),f0713184-ab0b-4409-aa47-b8af8163de67
340118,f3146b93-aaf4-4745-8798-3e1555805d09,94e691f5-a2ac-4fbe-bb7f-5228dc2c49f3,153,CBY,E,239,CBY-E-239,HADAPAN LOBI UTAMA HOSPITAL  CYBERJAYA, NEO CYBER,,1,Hadapan,Cyberjaya,2.920268,101.631622,6,b74645e5-3ad2-4dd9-ba72-3b7eb8f16643,Selangor,72,Sepang,2,Swasta,1,Berfungsi,1766690,,1,Pillar Hydrant,113,Sepang,324,Dengkil,0000-00-00,0,SELANGOR_CYBERJAYA_ZON S_WANI_29052015,18,CYBERJAYA (SL),f0713184-ab0b-4409-aa47-b8af8163de67
340119,ebd4f17b-42d9-4e82-9d90-13a140b019b6,94e691f5-a2ac-4fbe-bb7f-5228dc2c49f3,153,CBY,E,240,CBY-E-240,HADAPAN RUMAH NO 11 JALAN SETIA BOTANIKA 1 SETIA ECO GLADES CYBERJAYA, NEO CYBER,HADAPAN RUMAH,1,Hadapan,Cyberjaya,2.941743,101.635212,6,b74645e5-3ad2-4dd9-ba72-3b7eb8f16643,Selangor,72,Sepang,2,Swasta,1,Berfungsi,1766690,,1,Pillar Hydrant,113,Sepang,324,Dengkil,0000-00-00,0,SELANGOR_CYBERJAYA_ZON S_WANI_29052015,18,CYBERJAYA (SL),f0713184-ab0b-4409-aa47-b8af8163de67
340120,664be130-02e0-4c67-a55e-0599c051985d,94e691f5-a2ac-4fbe-bb7f-5228dc2c49f3,153,CBY,E,241,CBY-E-241,HADAPAN RUMAH NO 23 JALAN SETIA BOTANIKA 1  SETIA ECO GLADES CYBERJAYA, NEO CYBER,HADAPAN RUMAH,1,Hadapan,Cyberjaya,2.941704,101.634686,6,b74645e5-3ad2-4dd9-ba72-3b7eb8f16643,Selangor,72,Sepang,2,Swasta,1,Berfungsi,1766690,,1,Pillar Hydrant,113,Sepang,324,Dengkil,0000-00-00,0,SELANGOR_CYBERJAYA_ZON S_WANI_29052015,18,CYBERJAYA (SL),f0713184-ab0b-4409-aa47-b8af8163de67
340121,7835a4fb-b34b-4b3e-b5c1-b5ddc5db0f68,94e691f5-a2ac-4fbe-bb7f-5228dc2c49f3,153,CBY,E,242,CBY-E-242,HADAPAN RUMAH NO 35 JALAN SETIA BOTANIKA 1  SETIA ECO GLADES CYBERJAYA, NEO CYBER,HADAPAN RUMAH,1,Hadapan,Cyberjaya,2.941465,101.634175,6,b74645e5-3ad2-4dd9-ba72-3b7eb8f16643,Selangor,72,Sepang,2,Swasta,1,Berfungsi,1766690,,1,Pillar Hydrant,113,Sepang,324,Dengkil,0000-00-00,0,SELANGOR_CYBERJAYA_ZON S_WANI_29052015,18,CYBERJAYA (SL),f0713184-ab0b-4409-aa47-b8af8163de67
340122,0b5e5a67-1aed-442c-bc01-50150a510876,94e691f5-a2ac-4fbe-bb7f-5228dc2c49f3,153,CBY,E,243,CBY-E-243,HADAPAN RUMAH NO 47 JALAN SETIA BOTANIKA 1  SETIA ECO GLADES CYBERJAYA, NEO CYBER,HADAPAN RUMAH,1,Hadapan,Cyberjaya,2.9411,101.633753,6,b74645e5-3ad2-4dd9-ba72-3b7eb8f16643,Selangor,72,Sepang,2,Swasta,1,Berfungsi,1766690,,1,Pillar Hydrant,113,Sepang,324,Dengkil,0000-00-00,0,SELANGOR_CYBERJAYA_ZON S_WANI_29052015,18,CYBERJAYA (SL),f0713184-ab0b-4409-aa47-b8af8163de67
340123,e3090dec-71c7-4e43-ac50-d19379061c35,94e691f5-a2ac-4fbe-bb7f-5228dc2c49f3,153,CBY,E,244,CBY-E-244,HADAPAN RUMAH NO 82A JALAN SETIA BOTANIKA 1  SETIA ECO GLADES CYBERJAYA, NEO CYBER,HADAPAN RUMAH,1,Hadapan,Cyberjaya,2.940432,101.633721,6,b74645e5-3ad2-4dd9-ba72-3b7eb8f16643,Selangor,72,Sepang,2,Swasta,1,Berfungsi,1766690,,1,Pillar Hydrant,113,Sepang,324,Dengkil,0000-00-00,0,SELANGOR_CYBERJAYA_ZON S_WANI_29052015,18,CYBERJAYA (SL),f0713184-ab0b-4409-aa47-b8af8163de67
340124,3689ace5-d42e-4a68-94bf-ff10369d04d2,94e691f5-a2ac-4fbe-bb7f-5228dc2c49f3,153,CBY,E,245,CBY-E-245,HADAPAN RUMAH NO 98 JALAN SETIA BOTANIKA 1 SETIA ECO GLADES CYBERJAYA, NEO CYBER,HADAPAN RUMAH,1,Hadapan,Cyberjaya,2.940499,101.634791,6,b74645e5-3ad2-4dd9-ba72-3b7eb8f16643,Selangor,72,Sepang,2,Swasta,1,Berfungsi,1766690,,1,Pillar Hydrant,113,Sepang,324,Dengkil,0000-00-00,0,SELANGOR_CYBERJAYA_ZON S_WANI_29052015,18,CYBERJAYA (SL),f0713184-ab0b-4409-aa47-b8af8163de67
340125,52d536c1-a510-4923-bfb9-1b87659f5e8d,94e691f5-a2ac-4fbe-bb7f-5228dc2c49f3,153,CBY,E,246,CBY-E-246,HADAPAN RUMAH NO 2 JALAN SETIA BOTANIKA 2 SETIA ECO GLADES CYBERJAYA, NEO CYBER,HADAPAN RUMAH,1,Hadapan,Cyberjaya,2.941608,101.635826,6,b74645e5-3ad2-4dd9-ba72-3b7eb8f16643,Selangor,72,Sepang,2,Swasta,1,Berfungsi,1766690,,1,Pillar Hydrant,113,Sepang,324,Dengkil,0000-00-00,0,SELANGOR_CYBERJAYA_ZON S_WANI_29052015,18,CYBERJAYA (SL),f0713184-ab0b-4409-aa47-b8af8163de67
340126,fe905510-d560-4227-a620-f1156a209d53,94e691f5-a2ac-4fbe-bb7f-5228dc2c49f3,153,CBY,E,247,CBY-E-247,SEBELAH RUMAH NO 18 JALAN SETIA BOTANIKA 2 SETIA ECO GLADES CYBERJAYA,DELL,,4,Tepi,Cyberjaya,2.941212,101.636375,6,b74645e5-3ad2-4dd9-ba72-3b7eb8f16643,Selangor,72,Sepang,2,Swasta,1,Berfungsi,1766690,,1,Pillar Hydrant,113,Sepang,324,Dengkil,0000-00-00,0,SELANGOR_CYBERJAYA_ZON S_WANI_29052015,18,CYBERJAYA (SL),f0713184-ab0b-4409-aa47-b8af8163de67
340127,24ce79a7-af58-4182-a93f-4aace39264a4,94e691f5-a2ac-4fbe-bb7f-5228dc2c49f3,153,CBY,E,248,CBY-E-248,HADAPAN RUMAH NO 39 JALAN SETIA BOTANIKA 2 SETIA ECO GLADES CYBERJAYA,DELL,HADAPAN RUMAH,1,Hadapan,Cyberjaya,2.940602,101.635456,6,b74645e5-3ad2-4dd9-ba72-3b7eb8f16643,Selangor,72,Sepang,2,Swasta,1,Berfungsi,1766690,,1,Pillar Hydrant,113,Sepang,324,Dengkil,0000-00-00,0,SELANGOR_CYBERJAYA_ZON S_WANI_29052015,18,CYBERJAYA (SL),f0713184-ab0b-4409-aa47-b8af8163de67
340128,a8f64d1d-0e3f-46a6-a776-686403fc5cba,94e691f5-a2ac-4fbe-bb7f-5228dc2c49f3,153,CBY,E,249,CBY-E-249,HADAPAN RUMAH NO 2 JALAN SETIA BOTANIKA 3 SETIA ECO GLADES CYBERJAYA,DELL,,1,Hadapan,Cyberjaya,2.940516,101.634249,6,b74645e5-3ad2-4dd9-ba72-3b7eb8f16643,Selangor,72,Sepang,2,Swasta,1,Berfungsi,1766690,,1,Pillar Hydrant,113,Sepang,324,Dengkil,0000-00-00,0,SELANGOR_CYBERJAYA_ZON S_WANI_29052015,18,CYBERJAYA (SL),f0713184-ab0b-4409-aa47-b8af8163de67
340129,69d4d8ad-a892-4f7d-9f2d-77f712e61fc0,94e691f5-a2ac-4fbe-bb7f-5228dc2c49f3,153,CBY,E,250,CBY-E-250,HADAPAN RUMAH NO 8 SETIA BOTANIKA 3 SETIA ECO GLADES CYBERJAYA,DELL,,1,Hadapan,Cyberjaya,2.940916,101.634756,6,b74645e5-3ad2-4dd9-ba72-3b7eb8f16643,Selangor,72,Sepang,2,Swasta,1,Berfungsi,1766690,,1,Pillar Hydrant,113,Sepang,324,Dengkil,0000-00-00,0,SELANGOR_CYBERJAYA_ZON S_WANI_29052015,18,CYBERJAYA (SL),f0713184-ab0b-4409-aa47-b8af8163de67
340130,cc4fd628-4ad8-4540-b5b6-3e822e5ae929,94e691f5-a2ac-4fbe-bb7f-5228dc2c49f3,153,CBY,E,251,CBY-E-251,SEBELAH RUMAH NO 20 JALAN SETIA BOTANIKA 3 SETIA ECO GLADES CYBERJAYA,DELL,,1,Hadapan,Cyberjaya,2.941061,101.635526,6,b74645e5-3ad2-4dd9-ba72-3b7eb8f16643,Selangor,72,Sepang,2,Swasta,1,Berfungsi,1766690,,1,Pillar Hydrant,113,Sepang,324,Dengkil,0000-00-00,0,SELANGOR_CYBERJAYA_ZON S_WANI_29052015,18,CYBERJAYA (SL),f0713184-ab0b-4409-aa47-b8af8163de67
340131,cbc1f913-48af-46b1-a9e9-2191bbbcbbd9,94e691f5-a2ac-4fbe-bb7f-5228dc2c49f3,153,CBY,E,252,CBY-E-252,HADAPAN RUMAH NO 43 JALAN SETIA BOTANIKA 3 SETIA ECO GLADES CYBERJAYA,DELL,,1,Hadapan,Cyberjaya,2.940742,101.636136,6,b74645e5-3ad2-4dd9-ba72-3b7eb8f16643,Selangor,72,Sepang,2,Swasta,1,Berfungsi,1766690,,1,Pillar Hydrant,113,Sepang,324,Dengkil,0000-00-00,0,SELANGOR_CYBERJAYA_ZON S_WANI_29052015,18,CYBERJAYA (SL),f0713184-ab0b-4409-aa47-b8af8163de67
340132,dc2deb7e-612d-432c-9e8d-50937af23c5a,94e691f5-a2ac-4fbe-bb7f-5228dc2c49f3,153,CBY,E,253,CBY-E-253,HADAPAN RUMAH NO 1 JALAN SETIA TROPIKA 1 SETIA ECO GLADES CYBERJAYA,DELL,,1,Hadapan,Cyberjaya,2.942984,101.634282,6,b74645e5-3ad2-4dd9-ba72-3b7eb8f16643,Selangor,72,Sepang,2,Swasta,1,Berfungsi,1766690,,1,Pillar Hydrant,113,Sepang,324,Dengkil,0000-00-00,0,SELANGOR_CYBERJAYA_ZON S_WANI_29052015,18,CYBERJAYA (SL),f0713184-ab0b-4409-aa47-b8af8163de67
340133,833f7263-8f6c-4169-bfb9-a2943fb398d0,94e691f5-a2ac-4fbe-bb7f-5228dc2c49f3,153,CBY,E,254,CBY-E-254,SEBELAH RUMAH NO 19 JALAN SETIA TROPIKA 1 SETIA ECO GLADES CYBERJAYA,KWDT Knowledge Works Development Inst,,1,Hadapan,Cyberjaya,2.942443,101.633545,6,b74645e5-3ad2-4dd9-ba72-3b7eb8f16643,Selangor,72,Sepang,2,Swasta,1,Berfungsi,1666510,,1,Pillar Hydrant,113,Sepang,324,Dengkil,0000-00-00,0,SELANGOR_CYBERJAYA_ZON S_WANI_29052015,18,CYBERJAYA (SL),f0713184-ab0b-4409-aa47-b8af8163de67
340134,c4215fb9-77a0-4d58-87a3-68fcf679e975,94e691f5-a2ac-4fbe-bb7f-5228dc2c49f3,153,CBY,E,255,CBY-E-255,HADAPAN RUMAH NO 35 JALAN SETIA TROPIKA 1 SETIA ECO GLADES CYBERJAYA,KWDT Knowledge Works Development Inst,,1,Hadapan,Cyberjaya,2.942108,101.633093,6,b74645e5-3ad2-4dd9-ba72-3b7eb8f16643,Selangor,72,Sepang,2,Swasta,1,Berfungsi,1666510,,1,Pillar Hydrant,113,Sepang,324,Dengkil,0000-00-00,0,SELANGOR_CYBERJAYA_ZON S_WANI_29052015,18,CYBERJAYA (SL),f0713184-ab0b-4409-aa47-b8af8163de67
340135,e04ecb93-98af-49a8-b000-dc56fd397a58,94e691f5-a2ac-4fbe-bb7f-5228dc2c49f3,153,CBY,E,256,CBY-E-256,HADAPAN RUMAH NO 59 JALAN SETIA TROPIKA 1  SETIA ECO GLADES CYBERJAYA,KWDT Knowledge Works Development Inst,,1,Hadapan,Cyberjaya,2.941707,101.632449,6,b74645e5-3ad2-4dd9-ba72-3b7eb8f16643,Selangor,72,Sepang,2,Swasta,1,Berfungsi,1666510,,1,Pillar Hydrant,113,Sepang,324,Dengkil,0000-00-00,0,SELANGOR_CYBERJAYA_ZON S_WANI_29052015,18,CYBERJAYA (SL),f0713184-ab0b-4409-aa47-b8af8163de67
340136,b0e2b1a5-dcf4-471f-8556-c6ef9240cd76,94e691f5-a2ac-4fbe-bb7f-5228dc2c49f3,153,CBY,E,257,CBY-E-257,HADAPAN RUMAH NO 1 JALAN SETIA TROPIKA 2 SETIA ECO GLADES CYBERJAYA,KWDT Knowledge Works Development Inst,,1,Hadapan,Cyberjaya,2.943407,101.633908,6,b74645e5-3ad2-4dd9-ba72-3b7eb8f16643,Selangor,72,Sepang,2,Swasta,1,Berfungsi,1666510,,1,Pillar Hydrant,113,Sepang,324,Dengkil,0000-00-00,0,SELANGOR_CYBERJAYA_ZON S_WANI_29052015,18,CYBERJAYA (SL),f0713184-ab0b-4409-aa47-b8af8163de67
340137,805c73a8-6f3c-4f66-8b7f-8bdc53c6e62a,94e691f5-a2ac-4fbe-bb7f-5228dc2c49f3,153,CBY,E,258,CBY-E-258,HADAPAN RUMAH NO 21 JALAN SETIA TROPIKA 2 SETIA ECO GLADES CYBERJAYA,KWDT Knowledge Works Development Inst,,1,Hadapan,Cyberjaya,2.943048,101.633356,6,b74645e5-3ad2-4dd9-ba72-3b7eb8f16643,Selangor,72,Sepang,2,Swasta,1,Berfungsi,1666510,,1,Pillar Hydrant,113,Sepang,324,Dengkil,0000-00-00,0,SELANGOR_CYBERJAYA_ZON S_WANI_29052015,18,CYBERJAYA (SL),f0713184-ab0b-4409-aa47-b8af8163de67
340138,6e05b8c4-457b-4395-bd79-6821b313ba4c,94e691f5-a2ac-4fbe-bb7f-5228dc2c49f3,153,CBY,E,259,CBY-E-259,HADAPAN RUMAH NO 45 JALAN SETIA TROPIKA 2 SETIA ECO GLADES CYBERJAYA,BASIC BAY,,1,Hadapan,Cyberjaya,2.942609,101.63275,6,b74645e5-3ad2-4dd9-ba72-3b7eb8f16643,Selangor,72,Sepang,2,Swasta,1,Berfungsi,1666510,,1,Pillar Hydrant,113,Sepang,324,Dengkil,0000-00-00,0,SELANGOR_CYBERJAYA_ZON S_WANI_29052015,18,CYBERJAYA (SL),f0713184-ab0b-4409-aa47-b8af8163de67
340139,75a45660-e3a5-44a3-beaa-de7e40ea0bbe,94e691f5-a2ac-4fbe-bb7f-5228dc2c49f3,153,CBY,E,260,CBY-E-260,SEBELAH RUMAH NO 65 JALAN SETIA TROPIKA 2 SETIA ECO GLADES CYBERJAYA,BASIC BAY,,1,Hadapan,Cyberjaya,2.942232,101.632211,6,b74645e5-3ad2-4dd9-ba72-3b7eb8f16643,Selangor,72,Sepang,2,Swasta,1,Berfungsi,1666510,,1,Pillar Hydrant,113,Sepang,324,Dengkil,0000-00-00,0,SELANGOR_CYBERJAYA_ZON S_WANI_29052015,18,CYBERJAYA (SL),f0713184-ab0b-4409-aa47-b8af8163de67
340140,19c566e4-bd96-4c72-8352-a8e60e7915d3,94e691f5-a2ac-4fbe-bb7f-5228dc2c49f3,153,CBY,E,261,CBY-E-261,HADAPAN RUMAH NO 1 JALAN SETIA TROPIKA 3 SETIA ECO GLADES CYBERJAYA,KRU STUDIO,,1,Hadapan,Cyberjaya,2.94399,101.633463,6,b74645e5-3ad2-4dd9-ba72-3b7eb8f16643,Selangor,72,Sepang,2,Swasta,1,Berfungsi,1666510,,1,Pillar Hydrant,113,Sepang,324,Dengkil,0000-00-00,0,SELANGOR_CYBERJAYA_ZON S_WANI_29052015,18,CYBERJAYA (SL),f0713184-ab0b-4409-aa47-b8af8163de67
340141,d328cc9b-05f4-4f08-8d09-e72ee7e0a76c,94e691f5-a2ac-4fbe-bb7f-5228dc2c49f3,153,CBY,E,262,CBY-E-262,HADAPAN RUMAH NO 21 JALAN SETIA TROPIKA 3 SETIA ECO GLADES CYBERJAYA,KRU STUDIO,,1,Hadapan,Cyberjaya,2.94366,101.632991,6,b74645e5-3ad2-4dd9-ba72-3b7eb8f16643,Selangor,72,Sepang,2,Swasta,1,Berfungsi,1666510,,1,Pillar Hydrant,113,Sepang,324,Dengkil,0000-00-00,0,SELANGOR_CYBERJAYA_ZON S_WANI_29052015,18,CYBERJAYA (SL),f0713184-ab0b-4409-aa47-b8af8163de67
340142,645223cc-a6bb-4b08-b01d-61522881f572,94e691f5-a2ac-4fbe-bb7f-5228dc2c49f3,153,CBY,E,263,CBY-E-263,HADAPAN RUMAH NO 45 JALAN SETIA TROPIKA 3 SETIA ECO GLADES CYBERJAYA,KRU STUDIO,,1,Hadapan,Cyberjaya,2.943213,101.632397,6,b74645e5-3ad2-4dd9-ba72-3b7eb8f16643,Selangor,72,Sepang,2,Swasta,1,Berfungsi,1666510,,1,Pillar Hydrant,113,Sepang,324,Dengkil,0000-00-00,0,SELANGOR_CYBERJAYA_ZON S_WANI_29052015,18,CYBERJAYA (SL),f0713184-ab0b-4409-aa47-b8af8163de67
340143,a6758464-a200-43fa-8a65-884052744016,94e691f5-a2ac-4fbe-bb7f-5228dc2c49f3,153,CBY,E,264,CBY-E-264,HADAPAN RUMAH NO 65 JALAN SETIA TROPIKA 3 SETIA ECO GLADES CYBERJAYA,KRU STUDIO,,1,Hadapan,Cyberjaya,2.942853,101.631842,6,b74645e5-3ad2-4dd9-ba72-3b7eb8f16643,Selangor,72,Sepang,2,Swasta,1,Berfungsi,1766690,,1,Pillar Hydrant,113,Sepang,324,Dengkil,0000-00-00,0,SELANGOR_CYBERJAYA_ZON S_WANI_29052015,18,CYBERJAYA (SL),f0713184-ab0b-4409-aa47-b8af8163de67
340144,891aca6c-05bd-4b9f-8272-990e5dd13ae5,94e691f5-a2ac-4fbe-bb7f-5228dc2c49f3,153,CBY,E,265,CBY-E-265,HADAPAN RUMAH NO 5 JALAN CV 4B/1 RESIDENSI AURORA 63000 CYBERJAYA,Q-CELLS (Fasa 1),,1,Hadapan,Cyberjaya,2.910965,101.625133,6,b74645e5-3ad2-4dd9-ba72-3b7eb8f16643,Selangor,72,Sepang,2,Swasta,1,Berfungsi,1766690,,1,Pillar Hydrant,113,Sepang,324,Dengkil,0000-00-00,0,SELANGOR_CYBERJAYA_ZON S_WANI_29052015,18,CYBERJAYA (SL),f0713184-ab0b-4409-aa47-b8af8163de67
340145,6bac138a-e9c1-4896-8b51-83a79c971237,94e691f5-a2ac-4fbe-bb7f-5228dc2c49f3,153,CBY,E,266,CBY-E-266,HADAPAN RUMAH NO 31 JALAN CV 4B/1  RESIDENSI AURORA 63000 CYBERJAYA,Q-CELLS (Fasa 1),,1,Hadapan,Cyberjaya,2.911685,101.625855,6,b74645e5-3ad2-4dd9-ba72-3b7eb8f16643,Selangor,72,Sepang,2,Swasta,1,Berfungsi,1766690,,1,Pillar Hydrant,113,Sepang,324,Dengkil,0000-00-00,0,SELANGOR_CYBERJAYA_ZON S_WANI_29052015,18,CYBERJAYA (SL),f0713184-ab0b-4409-aa47-b8af8163de67
340146,c452d282-e1fd-45f7-8494-e10762721a90,94e691f5-a2ac-4fbe-bb7f-5228dc2c49f3,153,CBY,E,267,CBY-E-267,HADAPAN RUMAH NO 51 JALAN CV 4B/1  RESIDENSI AURORA 63000 CYBERJAYA,Q-CELLS (Fasa 1),,1,Hadapan,Cyberjaya,2.912225,101.62642,6,b74645e5-3ad2-4dd9-ba72-3b7eb8f16643,Selangor,72,Sepang,2,Swasta,1,Berfungsi,1766690,,1,Pillar Hydrant,113,Sepang,324,Dengkil,0000-00-00,0,SELANGOR_CYBERJAYA_ZON S_WANI_29052015,18,CYBERJAYA (SL),f0713184-ab0b-4409-aa47-b8af8163de67
340147,7fdb99d3-0460-4db1-8e46-7be9d51dc14d,94e691f5-a2ac-4fbe-bb7f-5228dc2c49f3,153,CBY,E,268,CBY-E-268,HADAPAN RUMAH NO 7 JALAN CV 4B/2  RESIDENSI AURORA 63000 CYBERJAYA,Q-CELLS (Fasa 1),,1,Hadapan,Cyberjaya,2.910656,101.625614,6,b74645e5-3ad2-4dd9-ba72-3b7eb8f16643,Selangor,72,Sepang,2,Swasta,1,Berfungsi,1766690,,1,Pillar Hydrant,113,Sepang,324,Dengkil,0000-00-00,0,SELANGOR_CYBERJAYA_ZON S_WANI_29052015,18,CYBERJAYA (SL),f0713184-ab0b-4409-aa47-b8af8163de67
340148,ea1ba6c4-41f1-4a2f-8465-8642fdcc2c40,94e691f5-a2ac-4fbe-bb7f-5228dc2c49f3,153,CBY,E,269,CBY-E-269,HADAPAN RUMAH NO 29 JALAN CV 4B/2  RESIDENSI AURORA 63000 CYBERJAYA,Q-CELLS (Fasa 1),,1,Hadapan,Cyberjaya,2.911283,101.626239,6,b74645e5-3ad2-4dd9-ba72-3b7eb8f16643,Selangor,72,Sepang,2,Swasta,1,Berfungsi,1766690,,1,Pillar Hydrant,113,Sepang,324,Dengkil,0000-00-00,0,SELANGOR_CYBERJAYA_ZON S_WANI_29052015,18,CYBERJAYA (SL),f0713184-ab0b-4409-aa47-b8af8163de67
340149,52866fee-5a8e-4409-9941-93459ae1429c,94e691f5-a2ac-4fbe-bb7f-5228dc2c49f3,153,CBY,E,270,CBY-E-270,HADAPAN RUMAH NO 45 JALAN CV 4B/2  RESIDENSI AURORA 63000 CYBERJAYA,Q-CELLS (Fasa 1),,1,Hadapan,Cyberjaya,2.911754,101.626723,6,b74645e5-3ad2-4dd9-ba72-3b7eb8f16643,Selangor,72,Sepang,2,Swasta,1,Berfungsi,1766690,,1,Pillar Hydrant,113,Sepang,324,Dengkil,0000-00-00,0,SELANGOR_CYBERJAYA_ZON S_WANI_29052015,18,CYBERJAYA (SL),f0713184-ab0b-4409-aa47-b8af8163de67
340150,ba7cb1b4-cac1-4374-a4fb-8758a6cd00af,94e691f5-a2ac-4fbe-bb7f-5228dc2c49f3,153,CBY,E,271,CBY-E-271,HADAPAN RUMAH NO 9 JALAN CV 4B/3  RESIDENSI AURORA 63000 CYBERJAYA,Q-CELLS (Fasa 1),,1,Hadapan,Cyberjaya,2.910307,101.626095,6,b74645e5-3ad2-4dd9-ba72-3b7eb8f16643,Selangor,72,Sepang,2,Swasta,1,Berfungsi,1766690,,1,Pillar Hydrant,113,Sepang,324,Dengkil,0000-00-00,0,SELANGOR_CYBERJAYA_ZON S_WANI_29052015,18,CYBERJAYA (SL),f0713184-ab0b-4409-aa47-b8af8163de67
340151,b28e87a7-a994-4bb6-837f-9069d66abcaf,94e691f5-a2ac-4fbe-bb7f-5228dc2c49f3,153,CBY,E,272,CBY-E-272,HADAPAN RUMAH NO 23 JALAN CV 4B/3  RESIDENSI AURORA 63000 CYBERJAYA,Q-CELLS (Fasa 1),,1,Hadapan,Cyberjaya,2.910769,101.626584,6,b74645e5-3ad2-4dd9-ba72-3b7eb8f16643,Selangor,72,Sepang,2,Swasta,1,Berfungsi,1766690,,1,Pillar Hydrant,113,Sepang,324,Dengkil,0000-00-00,0,SELANGOR_CYBERJAYA_ZON S_WANI_29052015,18,CYBERJAYA (SL),f0713184-ab0b-4409-aa47-b8af8163de67
340152,879153cb-917b-4c05-b4a4-897445bb1c06,94e691f5-a2ac-4fbe-bb7f-5228dc2c49f3,153,CBY,E,273,CBY-E-273,HADAPAN RUMAH NO 41 JALAN CV4B/3  RESIDENSI AURORA 63000 CYBERJAYA,Q-CELLS (Fasa 1),,1,Hadapan,Cyberjaya,2.911184,101.626982,6,b74645e5-3ad2-4dd9-ba72-3b7eb8f16643,Selangor,72,Sepang,2,Swasta,1,Berfungsi,1766690,,1,Pillar Hydrant,113,Sepang,324,Dengkil,0000-00-00,0,SELANGOR_CYBERJAYA_ZON S_WANI_29052015,18,CYBERJAYA (SL),f0713184-ab0b-4409-aa47-b8af8163de67
340153,dddb924d-6294-4fa2-b367-0a97e203b3af,94e691f5-a2ac-4fbe-bb7f-5228dc2c49f3,153,CBY,E,274,CBY-E-274,HADAPAN RUMAH NO 7 JALAN CV 4B/4  RESIDENSI AURORA 63000 CYBERJAYA,Q-CELLS (Fasa 1),,1,Hadapan,Cyberjaya,2.909893,101.626484,6,b74645e5-3ad2-4dd9-ba72-3b7eb8f16643,Selangor,72,Sepang,2,Swasta,1,Berfungsi,1766690,,1,Pillar Hydrant,113,Sepang,324,Dengkil,0000-00-00,0,SELANGOR_CYBERJAYA_ZON S_WANI_29052015,18,CYBERJAYA (SL),f0713184-ab0b-4409-aa47-b8af8163de67
340154,523412cd-5f72-41d7-8695-41c178eda3d9,94e691f5-a2ac-4fbe-bb7f-5228dc2c49f3,153,CBY,E,275,CBY-E-275,HADAPAN RUMAH NO 31 JALAN CV 4B/4  RESIDENSI AURORA 63000 CYBERJAYA,Q-CELLS (Fasa 1),,1,Hadapan,Cyberjaya,2.91068,101.627266,6,b74645e5-3ad2-4dd9-ba72-3b7eb8f16643,Selangor,72,Sepang,2,Swasta,1,Berfungsi,1766690,,1,Pillar Hydrant,113,Sepang,324,Dengkil,0000-00-00,0,SELANGOR_CYBERJAYA_ZON S_WANI_29052015,18,CYBERJAYA (SL),f0713184-ab0b-4409-aa47-b8af8163de67
340155,99f5af46-a572-4090-b5ca-ff71adee2922,94e691f5-a2ac-4fbe-bb7f-5228dc2c49f3,153,CBY,E,276,CBY-E-276,HADAPAN RUMAH NO 2 JALAN CV 4B/5  RESIDENSI AURORA 63000 CYBERJAYA,Q-CELLS (Fasa 1),,1,Hadapan,Cyberjaya,2.909488,101.626691,6,b74645e5-3ad2-4dd9-ba72-3b7eb8f16643,Selangor,72,Sepang,2,Swasta,1,Berfungsi,1766690,,1,Pillar Hydrant,113,Sepang,324,Dengkil,0000-00-00,0,SELANGOR_CYBERJAYA_ZON S_WANI_29052015,18,CYBERJAYA (SL),f0713184-ab0b-4409-aa47-b8af8163de67
340156,63b98604-f131-4ef4-8037-f380cfb486fe,94e691f5-a2ac-4fbe-bb7f-5228dc2c49f3,153,CBY,E,277,CBY-E-277,HADAPAN RUMAH NO 24 JALAN CV 4B/5  RESIDENSI AURORA 63000 CYBERJAYA, IWK KONSOTIUM SND BHD,,1,Hadapan,Cyberjaya,2.910194,101.627416,6,b74645e5-3ad2-4dd9-ba72-3b7eb8f16643,Selangor,72,Sepang,2,Swasta,1,Berfungsi,1766690,,1,Pillar Hydrant,113,Sepang,324,Dengkil,0000-00-00,0,SELANGOR_CYBERJAYA_ZON S_WANI_29052015,18,CYBERJAYA (SL),f0713184-ab0b-4409-aa47-b8af8163de67
340157,a9320873-10d5-4332-a948-7db65547089d,94e691f5-a2ac-4fbe-bb7f-5228dc2c49f3,153,CBY,E,278,CBY-E-278,HADAPAN RUMAH NO 1 JALAN CV 4B/6  RESIDENSI AURORA 63000 CYBERJAYA, IWK KONSOTIUM SND BHD,,1,Hadapan,Cyberjaya,2.909096,101.627005,6,b74645e5-3ad2-4dd9-ba72-3b7eb8f16643,Selangor,72,Sepang,2,Swasta,1,Berfungsi,1766690,,1,Pillar Hydrant,113,Sepang,324,Dengkil,0000-00-00,0,SELANGOR_CYBERJAYA_ZON S_WANI_29052015,18,CYBERJAYA (SL),f0713184-ab0b-4409-aa47-b8af8163de67
340158,4c54cdae-9964-49ef-b945-b8cb26cd6b3a,94e691f5-a2ac-4fbe-bb7f-5228dc2c49f3,153,CBY,E,279,CBY-E-279,HADAPAN RUMAH NO 21 JALAN CV 4B/6  RESIDENSI AURORA 63000 CYBERJAYA, IWK KONSOTIUM SND BHD,,1,Hadapan,Cyberjaya,2.909229,101.62785,6,b74645e5-3ad2-4dd9-ba72-3b7eb8f16643,Selangor,72,Sepang,2,Swasta,1,Berfungsi,1766690,,1,Pillar Hydrant,113,Sepang,324,Dengkil,0000-00-00,0,SELANGOR_CYBERJAYA_ZON S_WANI_29052015,18,CYBERJAYA (SL),f0713184-ab0b-4409-aa47-b8af8163de67
340159,1db33b5d-cfd5-4510-adf3-0070f9d08b66,94e691f5-a2ac-4fbe-bb7f-5228dc2c49f3,153,CBY,E,280,CBY-E-280,HADAPAN RUMAH NO 3 JALAN CV 4B/7  RESIDENSI AURORA 63000 CYBERJAYA, IWK KONSOTIUM SND BHD,,1,Hadapan,Cyberjaya,2.908631,101.627557,6,b74645e5-3ad2-4dd9-ba72-3b7eb8f16643,Selangor,72,Sepang,2,Swasta,1,Berfungsi,1766690,,1,Pillar Hydrant,113,Sepang,324,Dengkil,0000-00-00,0,SELANGOR_CYBERJAYA_ZON S_WANI_29052015,18,CYBERJAYA (SL),f0713184-ab0b-4409-aa47-b8af8163de67
340160,0fb829bc-0163-4fbc-a3e2-0799297e5969,94e691f5-a2ac-4fbe-bb7f-5228dc2c49f3,153,CBY,E,281,CBY-E-281,HADAPAN RUMAH NO 17 JALAN CV 4B/7  RESIDENSI AURORA 63000 CYBERJAYA, IWK KONSOTIUM SND BHD,,4,Tepi,Cyberjaya,2.908739,101.628343,6,b74645e5-3ad2-4dd9-ba72-3b7eb8f16643,Selangor,72,Sepang,2,Swasta,1,Berfungsi,1766690,,1,Pillar Hydrant,113,Sepang,324,Dengkil,0000-00-00,0,SELANGOR_CYBERJAYA_ZON S_WANI_29052015,18,CYBERJAYA (SL),f0713184-ab0b-4409-aa47-b8af8163de67
340161,ad094249-cb3a-472c-a758-bd88e142674a,94e691f5-a2ac-4fbe-bb7f-5228dc2c49f3,153,CBY,E,282,CBY-E-282,HADAPAN RUMAH NO 26 JALAN CV 4B/8  RESIDENSI AURORA 63000 CYBERJAYA, BANGUNAN BANK NEGARA CYBERJAYA,,1,Hadapan,Cyberjaya,2.908086,101.627907,6,b74645e5-3ad2-4dd9-ba72-3b7eb8f16643,Selangor,72,Sepang,2,Swasta,1,Berfungsi,1766690,,1,Pillar Hydrant,113,Sepang,324,Dengkil,0000-00-00,0,SELANGOR_CYBERJAYA_ZON S_WANI_29052015,18,CYBERJAYA (SL),f0713184-ab0b-4409-aa47-b8af8163de67
340162,a52d6b8a-28b1-4318-8cf1-fab45beec1c0,94e691f5-a2ac-4fbe-bb7f-5228dc2c49f3,153,CBY,E,283,CBY-E-283,HADAPAN RUMAH NO 10 JALAN CV 4B/8  RESIDENSI AURORA 63000 CYBERJAYA, BANGUNAN BANK NEGARA CYBERJAYA,,1,Hadapan,Cyberjaya,2.908193,101.628584,6,b74645e5-3ad2-4dd9-ba72-3b7eb8f16643,Selangor,72,Sepang,2,Swasta,1,Berfungsi,1766690,,1,Pillar Hydrant,113,Sepang,324,Dengkil,0000-00-00,0,SELANGOR_CYBERJAYA_ZON S_WANI_29052015,18,CYBERJAYA (SL),f0713184-ab0b-4409-aa47-b8af8163de67
340163,d82cbf57-055e-42ba-88ee-fcf1c2776fe2,94e691f5-a2ac-4fbe-bb7f-5228dc2c49f3,153,CBY,E,284,CBY-E-284,BERHAMPIRAN LOJI KUMBAHAN MMU CYBERJAYA, BANGUNAN BANK NEGARA CYBERJAYA,,1,Hadapan,Cyberjaya,2.923559,101.64113,6,b74645e5-3ad2-4dd9-ba72-3b7eb8f16643,Selangor,72,Sepang,2,Swasta,1,Berfungsi,1666510,,1,Pillar Hydrant,113,Sepang,324,Dengkil,0000-00-00,0,SELANGOR_CYBERJAYA_ZON S_WANI_29052015,18,CYBERJAYA (SL),f0713184-ab0b-4409-aa47-b8af8163de67
340164,cc716801-d39e-4d36-89b2-5afdde7d67de,94e691f5-a2ac-4fbe-bb7f-5228dc2c49f3,153,CBY,E,285,CBY-E-285,BERHAMPIRAN RUMAH SAMPAH EA 1 MMU CYBERJAYA, BANGUNAN BANK NEGARA CYBERJAYA,,3,Berhampiran,Cyberjaya,2.924931,101.641107,6,b74645e5-3ad2-4dd9-ba72-3b7eb8f16643,Selangor,72,Sepang,2,Swasta,1,Berfungsi,1666510,,1,Pillar Hydrant,113,Sepang,324,Dengkil,0000-00-00,0,SELANGOR_CYBERJAYA_ZON S_WANI_29052015,18,CYBERJAYA (SL),f0713184-ab0b-4409-aa47-b8af8163de67
340165,e4e3ea7f-1c9b-4fd2-b26f-e001733143b3,94e691f5-a2ac-4fbe-bb7f-5228dc2c49f3,153,CBY,E,286,CBY-E-286,HADAPAN TANGKI AIR MMU CYBERJAYA,IMPACT (International Unitililetral Partnership Against Cyber Theats),,1,Hadapan,Cyberjaya,2.927288,101.638877,6,b74645e5-3ad2-4dd9-ba72-3b7eb8f16643,Selangor,72,Sepang,2,Swasta,1,Berfungsi,1666510,,1,Pillar Hydrant,113,Sepang,324,Dengkil,0000-00-00,0,SELANGOR_CYBERJAYA_ZON S_WANI_29052015,18,CYBERJAYA (SL),f0713184-ab0b-4409-aa47-b8af8163de67
340166,592db006-314d-43ac-94ee-3ce25201404e,94e691f5-a2ac-4fbe-bb7f-5228dc2c49f3,153,CBY,E,287,CBY-E-287,HADAPAN STESEN SUIS UTAMA MMU CYBERJAYA,IMPACT (International Unitililetral Partnership Against Cyber Theats),,1,Hadapan,Cyberjaya,2.866101,101.674799,6,b74645e5-3ad2-4dd9-ba72-3b7eb8f16643,Selangor,72,Sepang,2,Swasta,1,Berfungsi,1666510,,1,Pillar Hydrant,113,Sepang,324,Dengkil,0000-00-00,0,SELANGOR_CYBERJAYA_ZON S_WANI_29052015,18,CYBERJAYA (SL),f0713184-ab0b-4409-aa47-b8af8163de67
340167,c0245393-fa28-4639-bb20-436aeae727de,94e691f5-a2ac-4fbe-bb7f-5228dc2c49f3,153,CBY,E,288,CBY-E-288,SEBELAH P/E INCUBATOR NO 1 MMU CYBERJAYA,CSF ADVISERS 2,,4,Tepi,Cyberjaya,2.927844,101.640227,6,b74645e5-3ad2-4dd9-ba72-3b7eb8f16643,Selangor,72,Sepang,2,Swasta,1,Berfungsi,1666510,,1,Pillar Hydrant,113,Sepang,324,Dengkil,0000-00-00,0,SELANGOR_CYBERJAYA_ZON S_WANI_29052015,18,CYBERJAYA (SL),f0713184-ab0b-4409-aa47-b8af8163de67
340168,328c07db-4f43-4304-a154-674ef983b7d5,94e691f5-a2ac-4fbe-bb7f-5228dc2c49f3,153,CBY,E,289,CBY-E-289,BERHAMPIRAN TIANG LAMPU P15 MMU CYBERJAYA,CSF ADVISERS 3,,3,Berhampiran,Cyberjaya,2.927867,101.639126,6,b74645e5-3ad2-4dd9-ba72-3b7eb8f16643,Selangor,72,Sepang,2,Swasta,1,Berfungsi,1666510,,1,Pillar Hydrant,113,Sepang,324,Dengkil,0000-00-00,0,SELANGOR_CYBERJAYA_ZON S_WANI_29052015,18,CYBERJAYA (SL),f0713184-ab0b-4409-aa47-b8af8163de67
340169,c4d01cb5-1702-4eb8-99c9-069318bc756b,94e691f5-a2ac-4fbe-bb7f-5228dc2c49f3,153,CBY,E,290,CBY-E-290,BERHAMPIRAN TIANG LAMPU P9 MMU CYBERJAYA,CSF ADVISERS 4,,3,Berhampiran,Cyberjaya,2.928857,101.639108,6,b74645e5-3ad2-4dd9-ba72-3b7eb8f16643,Selangor,72,Sepang,2,Swasta,1,Berfungsi,1666510,,1,Pillar Hydrant,113,Sepang,324,Dengkil,0000-00-00,0,SELANGOR_CYBERJAYA_ZON S_WANI_29052015,18,CYBERJAYA (SL),f0713184-ab0b-4409-aa47-b8af8163de67
340170,34d30573-4dfa-4bf6-8b7a-06aac13c964b,94e691f5-a2ac-4fbe-bb7f-5228dc2c49f3,153,CBY,E,291,CBY-E-291,BERHAMPIRAN CAFÉ MMU CYBERJAYA,CSF ADVISERS 5,,1,Hadapan,Cyberjaya,2.929577,101.640943,6,b74645e5-3ad2-4dd9-ba72-3b7eb8f16643,Selangor,72,Sepang,2,Swasta,1,Berfungsi,1666510,,1,Pillar Hydrant,113,Sepang,324,Dengkil,0000-00-00,0,SELANGOR_CYBERJAYA_ZON S_WANI_29052015,18,CYBERJAYA (SL),f0713184-ab0b-4409-aa47-b8af8163de67
340171,fa7fea58-07d5-4366-9ed0-3fc1fb77d186,94e691f5-a2ac-4fbe-bb7f-5228dc2c49f3,153,CBY,E,292,CBY-E-292,HADAPAN LOBI FACULTY OF COMPUTING MMU CYBERJAYA,MEGAJANA,,1,Hadapan,Cyberjaya,2.929043,101.640582,6,b74645e5-3ad2-4dd9-ba72-3b7eb8f16643,Selangor,72,Sepang,2,Swasta,1,Berfungsi,1666510,,1,Pillar Hydrant,113,Sepang,324,Dengkil,0000-00-00,0,SELANGOR_CYBERJAYA_ZON S_WANI_29052015,18,CYBERJAYA (SL),f0713184-ab0b-4409-aa47-b8af8163de67
340172,648f6053-c604-4c82-a91d-f628758e5339,94e691f5-a2ac-4fbe-bb7f-5228dc2c49f3,153,CBY,E,293,CBY-E-293,BERHAMPIRAN PARKIR FACULTY OF COMPUTING MMU CYBERJAYA,MEGAJANA,,1,Hadapan,Cyberjaya,2.92829,101.641021,6,b74645e5-3ad2-4dd9-ba72-3b7eb8f16643,Selangor,72,Sepang,2,Swasta,1,Berfungsi,1666510,,1,Pillar Hydrant,113,Sepang,324,Dengkil,0000-00-00,0,SELANGOR_CYBERJAYA_ZON S_WANI_29052015,18,CYBERJAYA (SL),f0713184-ab0b-4409-aa47-b8af8163de67
340173,bdc8abe3-cb04-4a79-8c49-63e4bef6710e,94e691f5-a2ac-4fbe-bb7f-5228dc2c49f3,153,CBY,E,294,CBY-E-294,SEBELAH BANGGUNAN FACULTY OF MANAGEMENT MMU CYBERJAYA,MEGAJANA,,1,Hadapan,Cyberjaya,2.929705,101.641527,6,b74645e5-3ad2-4dd9-ba72-3b7eb8f16643,Selangor,72,Sepang,2,Swasta,1,Berfungsi,1766690,,1,Pillar Hydrant,113,Sepang,324,Dengkil,0000-00-00,0,SELANGOR_CYBERJAYA_ZON S_WANI_29052015,18,CYBERJAYA (SL),f0713184-ab0b-4409-aa47-b8af8163de67
340174,353e5b32-f392-4ab9-abb4-55d3d63e1ca1,94e691f5-a2ac-4fbe-bb7f-5228dc2c49f3,153,CBY,E,295,CBY-E-295,BERHAMPIRAN PONDOK KAWALAN PINTU BELAKANG MMU CYBERJAYA,MEGAJANA,,3,Berhampiran,Cyberjaya,2.932199,101.642265,6,b74645e5-3ad2-4dd9-ba72-3b7eb8f16643,Selangor,72,Sepang,2,Swasta,1,Berfungsi,1766690,,1,Pillar Hydrant,113,Sepang,324,Dengkil,0000-00-00,0,SELANGOR_CYBERJAYA_ZON S_WANI_29052015,18,CYBERJAYA (SL),f0713184-ab0b-4409-aa47-b8af8163de67
340175,136a2825-f011-4d1b-a081-e6226696c9b1,94e691f5-a2ac-4fbe-bb7f-5228dc2c49f3,153,CBY,E,296,CBY-E-296,BELAKANG LOBI UTAMA MMU CYBERJAYA,MAHAINDRA SATYAM CAMPUS,,2,Belakang,Cyberjaya,2.9302,101.642234,6,b74645e5-3ad2-4dd9-ba72-3b7eb8f16643,Selangor,72,Sepang,2,Swasta,1,Berfungsi,1766690,,1,Pillar Hydrant,113,Sepang,324,Dengkil,0000-00-00,0,SELANGOR_CYBERJAYA_ZON S_WANI_29052015,18,CYBERJAYA (SL),f0713184-ab0b-4409-aa47-b8af8163de67
340176,e4f59391-c388-491f-aa6c-0693d300d115,94e691f5-a2ac-4fbe-bb7f-5228dc2c49f3,153,CBY,E,297,CBY-E-297,BERHAMPIRAN DEWAN MMU CYBERJAYA,MAHAINDRA SATYAM CAMPUS,,1,Hadapan,Cyberjaya,2.929078,101.642545,6,b74645e5-3ad2-4dd9-ba72-3b7eb8f16643,Selangor,72,Sepang,2,Swasta,1,Berfungsi,1766690,,1,Pillar Hydrant,113,Sepang,324,Dengkil,0000-00-00,0,SELANGOR_CYBERJAYA_ZON S_WANI_29052015,18,CYBERJAYA (SL),f0713184-ab0b-4409-aa47-b8af8163de67
340177,c18c0312-a00a-4323-8847-92c73e8e24df,94e691f5-a2ac-4fbe-bb7f-5228dc2c49f3,153,CBY,E,298,CBY-E-298,BERHAMPIRAN BANGGUNAN INSTITUTE FOR POST GRADUATE STUDIES MMU CYBERJAYA,MAHAINDRA SATYAM CAMPUS,,1,Hadapan,Cyberjaya,2.928308,101.642405,6,b74645e5-3ad2-4dd9-ba72-3b7eb8f16643,Selangor,72,Sepang,2,Swasta,1,Berfungsi,1766690,,1,Pillar Hydrant,113,Sepang,324,Dengkil,0000-00-00,0,SELANGOR_CYBERJAYA_ZON S_WANI_29052015,18,CYBERJAYA (SL),f0713184-ab0b-4409-aa47-b8af8163de67
340178,9f34f04f-68d6-4aa2-83d6-f2a3c7f204c3,94e691f5-a2ac-4fbe-bb7f-5228dc2c49f3,153,CBY,E,299,CBY-E-299,SEBELAH BANGGUNAN CENTRAL LECTURE COMPLEX MMU CYBERJAYA ,MAHAINDRA SATYAM CAMPUS,,1,Hadapan,Cyberjaya,2.927993,101.642661,6,b74645e5-3ad2-4dd9-ba72-3b7eb8f16643,Selangor,72,Sepang,2,Swasta,1,Berfungsi,1766690,,1,Pillar Hydrant,113,Sepang,324,Dengkil,0000-00-00,0,SELANGOR_CYBERJAYA_ZON S_WANI_29052015,18,CYBERJAYA (SL),f0713184-ab0b-4409-aa47-b8af8163de67
340179,1fd8435e-fd95-46ea-94e2-658a9a870abf,94e691f5-a2ac-4fbe-bb7f-5228dc2c49f3,153,CBY,E,300,CBY-E-300,BERHAMPIRAN PARKIR BERBUMBUNG BANGGUNAN INSTITUTE FOR POST GRADUATE STUDIES MMU CYBERJAYA,MAHAINDRA SATYAM CAMPUS,,3,Berhampiran,Cyberjaya,2.929214,101.643109,6,b74645e5-3ad2-4dd9-ba72-3b7eb8f16643,Selangor,72,Sepang,2,Swasta,1,Berfungsi,1766690,,1,Pillar Hydrant,113,Sepang,324,Dengkil,0000-00-00,0,SELANGOR_CYBERJAYA_ZON S_WANI_29052015,18,CYBERJAYA (SL),f0713184-ab0b-4409-aa47-b8af8163de67
340180,ae49e3a0-dba9-430a-98a9-74891fa66aec,94e691f5-a2ac-4fbe-bb7f-5228dc2c49f3,153,CBY,E,301,CBY-E-301,BELAKANG ASTAKA STADIUM MMU CYBERJAYA,MAJU EKSPERES HIGHWAY (M.E.X),,2,Belakang,Cyberjaya,2.928111,101.643629,6,b74645e5-3ad2-4dd9-ba72-3b7eb8f16643,Selangor,72,Sepang,2,Swasta,1,Berfungsi,1766690,,1,Pillar Hydrant,113,Sepang,324,Dengkil,0000-00-00,0,SELANGOR_CYBERJAYA_ZON S_WANI_29052015,18,CYBERJAYA (SL),f0713184-ab0b-4409-aa47-b8af8163de67
340181,8020feb6-6998-496a-a597-abbf92df5ed4,94e691f5-a2ac-4fbe-bb7f-5228dc2c49f3,153,CBY,E,302,CBY-E-302,BELAKANG KAFE MMU CYBERJAYA,MAJU EKSPERES HIGHWAY (M.E.X),,2,Belakang,Cyberjaya,2.927926,101.642861,6,b74645e5-3ad2-4dd9-ba72-3b7eb8f16643,Selangor,72,Sepang,2,Swasta,1,Berfungsi,1766690,,1,Pillar Hydrant,113,Sepang,324,Dengkil,0000-00-00,0,SELANGOR_CYBERJAYA_ZON S_WANI_29052015,18,CYBERJAYA (SL),f0713184-ab0b-4409-aa47-b8af8163de67
340182,e45f7ddc-dd43-449d-9c46-11da6233b06c,94e691f5-a2ac-4fbe-bb7f-5228dc2c49f3,153,CBY,E,303,CBY-E-303,BERHAMPIRAN RUMAH SAMPAH BELAKANG BANGGUNAN FACULTY CREATIVE MULTIMEDIA MMU CYBERJAYA,MAJU EKSPERES HIGHWAY (M.E.X),,3,Berhampiran,Cyberjaya,2.926881,101.642424,6,b74645e5-3ad2-4dd9-ba72-3b7eb8f16643,Selangor,72,Sepang,2,Swasta,1,Berfungsi,1766690,,1,Pillar Hydrant,113,Sepang,324,Dengkil,0000-00-00,0,SELANGOR_CYBERJAYA_ZON S_WANI_29052015,18,CYBERJAYA (SL),f0713184-ab0b-4409-aa47-b8af8163de67
340183,8f57ff49-ce99-4703-add6-d5bade703d3e,94e691f5-a2ac-4fbe-bb7f-5228dc2c49f3,153,CBY,E,304,CBY-E-304,HADAPAN BANGGUNAN FACULTY CREATIVE MULTIMEDIA MMU CYBERJAYA,MAJU EKSPERES HIGHWAY (M.E.X),,1,Hadapan,Cyberjaya,2.92655,101.643103,6,b74645e5-3ad2-4dd9-ba72-3b7eb8f16643,Selangor,72,Sepang,2,Swasta,1,Berfungsi,1766690,,1,Pillar Hydrant,113,Sepang,324,Dengkil,0000-00-00,0,SELANGOR_CYBERJAYA_ZON S_WANI_29052015,18,CYBERJAYA (SL),f0713184-ab0b-4409-aa47-b8af8163de67
340184,04f20428-1fa3-49dd-8bd7-9311584c1a0c,94e691f5-a2ac-4fbe-bb7f-5228dc2c49f3,153,CBY,E,305,CBY-E-305,BERHAMPIRAN BANGGUNAN SEKRETARIAT RAKAN MUDA MMU CYBERJAYA,M.E.X KAW REHAT SERI KEMBANGAN (KIRI),,3,Berhampiran,Cyberjaya,2.92683,101.64365,6,b74645e5-3ad2-4dd9-ba72-3b7eb8f16643,Selangor,72,Sepang,2,Swasta,1,Berfungsi,1766690,,1,Pillar Hydrant,113,Sepang,324,Dengkil,0000-00-00,0,SELANGOR_CYBERJAYA_ZON S_WANI_29052015,18,CYBERJAYA (SL),f0713184-ab0b-4409-aa47-b8af8163de67
340185,64c4e1c2-ce8d-45dc-a44d-a2f43b49105b,94e691f5-a2ac-4fbe-bb7f-5228dc2c49f3,153,CBY,E,306,CBY-E-306,BERHAMPIRAN APARTMENT NEA MMU CYBERJAYA,M.E.X KAW REHAT SERI KEMBANGAN (KIRI),,1,Hadapan,Cyberjaya,2.926665,101.645197,6,b74645e5-3ad2-4dd9-ba72-3b7eb8f16643,Selangor,72,Sepang,2,Swasta,1,Berfungsi,1766690,,1,Pillar Hydrant,113,Sepang,324,Dengkil,0000-00-00,0,SELANGOR_CYBERJAYA_ZON S_WANI_29052015,18,CYBERJAYA (SL),f0713184-ab0b-4409-aa47-b8af8163de67
340186,2833fc12-362f-4b05-859a-501b2f03905c,94e691f5-a2ac-4fbe-bb7f-5228dc2c49f3,153,CBY,E,307,CBY-E-307,BERHAMPIRAN TANGGA APARTMENT NEA MMU CYBERJAYA,M.E.X KAW REHAT SERI KEMBANGAN (KIRI),,3,Berhampiran,Cyberjaya,2.887407,101.663295,6,b74645e5-3ad2-4dd9-ba72-3b7eb8f16643,Selangor,72,Sepang,2,Swasta,1,Berfungsi,1766690,,1,Pillar Hydrant,113,Sepang,324,Dengkil,0000-00-00,0,SELANGOR_CYBERJAYA_ZON S_WANI_29052015,18,CYBERJAYA (SL),f0713184-ab0b-4409-aa47-b8af8163de67
340187,c9c0cc18-549d-4120-8184-1644e1b7e5a5,94e691f5-a2ac-4fbe-bb7f-5228dc2c49f3,153,CBY,E,308,CBY-E-308,BERHAMPIRAN JALAN MASUK LORONG SILIKON 6 MMU CYBERJAYA,M.E.X KAW REHAT SERI KEMBANGAN (KANAN),,3,Berhampiran,Cyberjaya,2.925889,101.645989,6,b74645e5-3ad2-4dd9-ba72-3b7eb8f16643,Selangor,72,Sepang,2,Swasta,1,Berfungsi,1766690,,1,Pillar Hydrant,113,Sepang,324,Dengkil,0000-00-00,0,SELANGOR_CYBERJAYA_ZON S_WANI_29052015,18,CYBERJAYA (SL),f0713184-ab0b-4409-aa47-b8af8163de67
340188,77cf117b-e8ac-4b2d-aee2-82592cc332c9,94e691f5-a2ac-4fbe-bb7f-5228dc2c49f3,153,CBY,E,309,CBY-E-309,HADAPAN APARTMENT HB 1A MMU CYBERJAYA,M.E.X KAW REHAT SERI KEMBANGAN (KANAN),,1,Hadapan,Cyberjaya,2.925072,101.645671,6,b74645e5-3ad2-4dd9-ba72-3b7eb8f16643,Selangor,72,Sepang,2,Swasta,1,Berfungsi,1766690,,1,Pillar Hydrant,113,Sepang,324,Dengkil,0000-00-00,0,SELANGOR_CYBERJAYA_ZON S_WANI_29052015,18,CYBERJAYA (SL),f0713184-ab0b-4409-aa47-b8af8163de67
340189,f12197c7-67dd-4d7d-9491-85695d8415a0,94e691f5-a2ac-4fbe-bb7f-5228dc2c49f3,153,CBY,E,310,CBY-E-310,HADAPAN APARTMENT HB A 2 MMU CYBERJAYA,M.E.X KAW REHAT SERI KEMBANGAN (KANAN),,1,Hadapan,Cyberjaya,2.925469,101.644924,6,b74645e5-3ad2-4dd9-ba72-3b7eb8f16643,Selangor,72,Sepang,2,Swasta,1,Berfungsi,1766690,,1,Pillar Hydrant,113,Sepang,324,Dengkil,0000-00-00,0,SELANGOR_CYBERJAYA_ZON S_WANI_29052015,18,CYBERJAYA (SL),f0713184-ab0b-4409-aa47-b8af8163de67
340190,ee340bc1-ba42-41fc-905e-1ea3db34f5ad,94e691f5-a2ac-4fbe-bb7f-5228dc2c49f3,153,CBY,E,311,CBY-E-311,BERHAMPIRAN RUMAH SAMPAH EXECUTIVE APARTMENT EAB MMU CYBERJAYA,PALM GARDEN GOLF CLUB,,1,Hadapan,Cyberjaya,2.923205,101.644647,6,b74645e5-3ad2-4dd9-ba72-3b7eb8f16643,Selangor,72,Sepang,2,Swasta,1,Berfungsi,1766690,,1,Pillar Hydrant,113,Sepang,324,Dengkil,0000-00-00,0,SELANGOR_CYBERJAYA_ZON S_WANI_29052015,18,CYBERJAYA (SL),f0713184-ab0b-4409-aa47-b8af8163de67
340191,83a1758c-36fa-4b84-a1ff-a972b639a6ea,94e691f5-a2ac-4fbe-bb7f-5228dc2c49f3,153,CBY,E,312,CBY-E-312,SEBELAH BANGGUNAN EXECUTIVE APARTMENT EAB MMU CYBERJAYA ,PALM GARDEN GOLF CLUB,,1,Hadapan,Cyberjaya,2.923715,101.643549,6,b74645e5-3ad2-4dd9-ba72-3b7eb8f16643,Selangor,72,Sepang,2,Swasta,1,Berfungsi,1766690,,1,Pillar Hydrant,113,Sepang,324,Dengkil,0000-00-00,0,SELANGOR_CYBERJAYA_ZON S_WANI_29052015,18,CYBERJAYA (SL),f0713184-ab0b-4409-aa47-b8af8163de67
340192,f4186707-c38f-489c-9341-b801bc49273f,94e691f5-a2ac-4fbe-bb7f-5228dc2c49f3,153,CBY,E,313,CBY-E-313,BERHAMPIRAN BANGGUNAN APARTMENT HB 4 C MMU CYBERJAYA,PALM GARDEN GOLF CLUB,,1,Hadapan,Cyberjaya,2.92598,101.643928,6,b74645e5-3ad2-4dd9-ba72-3b7eb8f16643,Selangor,72,Sepang,2,Swasta,1,Berfungsi,1766690,,1,Pillar Hydrant,113,Sepang,324,Dengkil,0000-00-00,0,SELANGOR_CYBERJAYA_ZON S_WANI_29052015,18,CYBERJAYA (SL),f0713184-ab0b-4409-aa47-b8af8163de67
340193,be19d21a-76f9-448f-87ef-33e95d9d662c,94e691f5-a2ac-4fbe-bb7f-5228dc2c49f3,153,CBY,E,314,CBY-E-314,BERHAMPIRAN BANGGUNAN APARTMENT HB 4 B MMU CYBERJAYA,PALM GARDEN GOLF CLUB,,3,Berhampiran,Cyberjaya,2.926434,101.644433,6,b74645e5-3ad2-4dd9-ba72-3b7eb8f16643,Selangor,72,Sepang,2,Swasta,2,Tidak Berfungsi,0,,1,Pillar Hydrant,113,Sepang,324,Dengkil,0000-00-00,0,SELANGOR_CYBERJAYA_ZON S_WANI_29052015,18,CYBERJAYA (SL),f0713184-ab0b-4409-aa47-b8af8163de67
340194,c82affed-2134-4aad-8607-db34c1d4b632,94e691f5-a2ac-4fbe-bb7f-5228dc2c49f3,153,CBY,E,315,CBY-E-315,BERHAMPIRAN TANGGA SEBELAH APARTMENT HB 3 C MMU CYBERJAYA,PALM GARDEN HOTEL,,1,Hadapan,Cyberjaya,2.925281,101.644305,6,b74645e5-3ad2-4dd9-ba72-3b7eb8f16643,Selangor,72,Sepang,2,Swasta,1,Berfungsi,1666510,,1,Pillar Hydrant,113,Sepang,324,Dengkil,0000-00-00,0,SELANGOR_CYBERJAYA_ZON S_WANI_29052015,18,CYBERJAYA (SL),f0713184-ab0b-4409-aa47-b8af8163de67
340195,f118f76d-92ff-4573-aae0-469fd52c6676,94e691f5-a2ac-4fbe-bb7f-5228dc2c49f3,153,CBY,E,316,CBY-E-316,BERHAMPIRAN APARTMENT HB 3 A MMU CYBERJAYA,PALM GARDEN HOTEL,,3,Berhampiran,Cyberjaya,2.92538,101.643554,6,b74645e5-3ad2-4dd9-ba72-3b7eb8f16643,Selangor,72,Sepang,2,Swasta,1,Berfungsi,1666510,,1,Pillar Hydrant,113,Sepang,324,Dengkil,0000-00-00,0,SELANGOR_CYBERJAYA_ZON S_WANI_29052015,18,CYBERJAYA (SL),f0713184-ab0b-4409-aa47-b8af8163de67
340196,4a0dc45b-7702-451f-9559-2f27e5a35edc,94e691f5-a2ac-4fbe-bb7f-5228dc2c49f3,153,CBY,E,317,CBY-E-317,BERHAMPIRAN SURAU AL-HIDAYAH MMU CYBERJAYA,MARRIOT HOTEL & IOI RESORT,,3,Berhampiran,Cyberjaya,2.924398,101.643275,6,b74645e5-3ad2-4dd9-ba72-3b7eb8f16643,Selangor,72,Sepang,2,Swasta,1,Berfungsi,1666510,,1,Pillar Hydrant,113,Sepang,324,Dengkil,0000-00-00,0,SELANGOR_CYBERJAYA_ZON S_WANI_29052015,18,CYBERJAYA (SL),f0713184-ab0b-4409-aa47-b8af8163de67
340197,c6537e74-20fc-4423-a3c2-d134d140cf42,94e691f5-a2ac-4fbe-bb7f-5228dc2c49f3,153,CBY,E,318,CBY-E-318,BERHAMPIRAN DEEN CAFÉ MMU CYBERJAYA,MARRIOT HOTEL & IOI RESORT,,3,Berhampiran,Cyberjaya,2.925593,101.642584,6,b74645e5-3ad2-4dd9-ba72-3b7eb8f16643,Selangor,72,Sepang,2,Swasta,1,Berfungsi,1666510,,1,Pillar Hydrant,113,Sepang,324,Dengkil,0000-00-00,0,SELANGOR_CYBERJAYA_ZON S_WANI_29052015,18,CYBERJAYA (SL),f0713184-ab0b-4409-aa47-b8af8163de67
340198,4f528546-249f-4fcb-9079-c00a3e58cb5c,94e691f5-a2ac-4fbe-bb7f-5228dc2c49f3,153,CBY,E,319,CBY-E-319,SEBELAH BANGGUNAN FACULTY OF CREATIVE MULTIMEDIA,MARRIOT HOTEL & IOI RESORT,,1,Hadapan,Cyberjaya,2.925851,101.643364,6,b74645e5-3ad2-4dd9-ba72-3b7eb8f16643,Selangor,72,Sepang,2,Swasta,1,Berfungsi,1666510,,1,Pillar Hydrant,113,Sepang,324,Dengkil,0000-00-00,0,SELANGOR_CYBERJAYA_ZON S_WANI_29052015,18,CYBERJAYA (SL),f0713184-ab0b-4409-aa47-b8af8163de67
340199,2d651667-88d4-4bce-bd09-2430525a039a,94e691f5-a2ac-4fbe-bb7f-5228dc2c49f3,153,CBY,E,320,CBY-E-320,HADAPAN BANGGUNAN STUDENT CENTRE MMU CYBERJAYA,MARRIOT HOTEL & IOI RESORT,,1,Hadapan,Cyberjaya,2.925206,101.641927,6,b74645e5-3ad2-4dd9-ba72-3b7eb8f16643,Selangor,72,Sepang,2,Swasta,1,Berfungsi,1666510,,1,Pillar Hydrant,113,Sepang,324,Dengkil,0000-00-00,0,SELANGOR_CYBERJAYA_ZON S_WANI_29052015,18,CYBERJAYA (SL),f0713184-ab0b-4409-aa47-b8af8163de67
340200,8013c282-4ada-4810-a53c-4eacfc63c7a6,94e691f5-a2ac-4fbe-bb7f-5228dc2c49f3,153,CBY,E,321,CBY-E-321,BERHAMPIRAN RUMAH SAMPAH BANGGUNAN FACULTY OF ENGINEERING MMU CYBERJAYA,MARRIOT HOTEL & IOI RESORT,,1,Hadapan,Cyberjaya,2.92583,101.641149,6,b74645e5-3ad2-4dd9-ba72-3b7eb8f16643,Selangor,72,Sepang,2,Swasta,1,Berfungsi,1666510,,1,Pillar Hydrant,113,Sepang,324,Dengkil,0000-00-00,0,SELANGOR_CYBERJAYA_ZON S_WANI_29052015,18,CYBERJAYA (SL),f0713184-ab0b-4409-aa47-b8af8163de67
340201,2b8bc9a2-e3a3-4793-9f93-171d163fd0bd,94e691f5-a2ac-4fbe-bb7f-5228dc2c49f3,153,CBY,E,322,CBY-E-322,BERHAMPIRAN BANGGUNAN FACULTY OF ENGINEERING MMU CYBERJAYA,MARRIOT HOTEL & IOI RESORT,,1,Hadapan,Cyberjaya,2.926835,101.64098,6,b74645e5-3ad2-4dd9-ba72-3b7eb8f16643,Selangor,72,Sepang,2,Swasta,1,Berfungsi,1666510,,1,Pillar Hydrant,113,Sepang,324,Dengkil,0000-00-00,0,SELANGOR_CYBERJAYA_ZON S_WANI_29052015,18,CYBERJAYA (SL),f0713184-ab0b-4409-aa47-b8af8163de67
340202,f60e19de-8401-46f4-bb29-45a535bf1c15,94e691f5-a2ac-4fbe-bb7f-5228dc2c49f3,153,CBY,E,323,CBY-E-323,BERHAMPIRAN RUMAH SAMPAH BANGGUNAN SITI HASMAH DIGITAL LIBRARY MMU CYBERJAYA,MARRIOT HOTEL & IOI RESORT,,3,Berhampiran,Cyberjaya,2.926845,101.641815,6,b74645e5-3ad2-4dd9-ba72-3b7eb8f16643,Selangor,72,Sepang,2,Swasta,1,Berfungsi,1666510,,1,Pillar Hydrant,113,Sepang,324,Dengkil,0000-00-00,0,SELANGOR_CYBERJAYA_ZON S_WANI_29052015,18,CYBERJAYA (SL),f0713184-ab0b-4409-aa47-b8af8163de67
340203,4f64f190-bcf2-4456-b058-b6b3cc132181,94e691f5-a2ac-4fbe-bb7f-5228dc2c49f3,153,CBY,E,324,CBY-E-324,BELAKANG BANGGUNAN SITI HASMAH DIGITAL LIBRARY MMU CYBERJAYA,MARRIOT HOTEL & IOI RESORT,,2,Belakang,Cyberjaya,2.927686,101.641453,6,b74645e5-3ad2-4dd9-ba72-3b7eb8f16643,Selangor,72,Sepang,2,Swasta,1,Berfungsi,1766690,,1,Pillar Hydrant,113,Sepang,324,Dengkil,0000-00-00,0,SELANGOR_CYBERJAYA_ZON S_WANI_29052015,18,CYBERJAYA (SL),f0713184-ab0b-4409-aa47-b8af8163de67
340204,ae2b591b-43aa-4961-af69-f795ceed039b,94e691f5-a2ac-4fbe-bb7f-5228dc2c49f3,153,CBY,E,325,CBY-E-325,BERHAMPIRAN PINTU MASUK PARKIR BERBUMBUNG BANGGUNAN UTAMA TECH MAHINDRA CYBERJAYA,MARRIOT HOTEL & IOI RESORT,,3,Berhampiran,Cyberjaya,2.915528,101.658524,6,b74645e5-3ad2-4dd9-ba72-3b7eb8f16643,Selangor,72,Sepang,2,Swasta,1,Berfungsi,1766690,,1,Pillar Hydrant,113,Sepang,324,Dengkil,0000-00-00,0,SELANGOR_CYBERJAYA_ZON S_WANI_29052015,18,CYBERJAYA (SL),f0713184-ab0b-4409-aa47-b8af8163de67
340205,7af10d04-76ef-43be-abc0-095bbe0b190e,94e691f5-a2ac-4fbe-bb7f-5228dc2c49f3,153,CBY,E,326,CBY-E-326,BELAKANG BANGGUNAN UTAMA   TECH MAHINDRA CYBERJAYA,HP MALAYSIA CYBERJAYA,,1,Hadapan,Cyberjaya,2.915026,101.659142,6,b74645e5-3ad2-4dd9-ba72-3b7eb8f16643,Selangor,72,Sepang,2,Swasta,1,Berfungsi,1766690,,1,Pillar Hydrant,113,Sepang,324,Dengkil,0000-00-00,0,SELANGOR_CYBERJAYA_ZON S_WANI_29052015,18,CYBERJAYA (SL),f0713184-ab0b-4409-aa47-b8af8163de67
340206,aaebbaa2-04cc-40c9-8dbc-9bd25d746efb,94e691f5-a2ac-4fbe-bb7f-5228dc2c49f3,153,CBY,E,327,CBY-E-327,BERHAMPIRAN KAFETERIA TECH MAHINDRA CLUBHOUSE CYBERJAYA,HP MALAYSIA CYBERJAYA,,3,Berhampiran,Cyberjaya,2.914181,101.658849,6,b74645e5-3ad2-4dd9-ba72-3b7eb8f16643,Selangor,72,Sepang,2,Swasta,1,Berfungsi,1766690,,1,Pillar Hydrant,113,Sepang,324,Dengkil,0000-00-00,0,SELANGOR_CYBERJAYA_ZON S_WANI_29052015,18,CYBERJAYA (SL),f0713184-ab0b-4409-aa47-b8af8163de67
340207,2442fefc-5ad0-49ef-b683-af922d9e53df,94e691f5-a2ac-4fbe-bb7f-5228dc2c49f3,153,CBY,E,328,CBY-E-328,HADAPAN LOBI TECH MAHINDRA LEARNING CENTRE CYBERJAYA,HP MALAYSIA CYBERJAYA,,1,Hadapan,Cyberjaya,2.914274,101.658084,6,b74645e5-3ad2-4dd9-ba72-3b7eb8f16643,Selangor,72,Sepang,2,Swasta,1,Berfungsi,1766690,,1,Pillar Hydrant,113,Sepang,324,Dengkil,0000-00-00,0,SELANGOR_CYBERJAYA_ZON S_WANI_29052015,18,CYBERJAYA (SL),f0713184-ab0b-4409-aa47-b8af8163de67
340208,8e62f9dd-fec6-4e9a-b0e7-6ff6de83fae3,94e691f5-a2ac-4fbe-bb7f-5228dc2c49f3,153,CBY,E,329,CBY-E-329,HADAPAN BANGGUNAN AUDITORIUM TECH MAHINDRA CYBERJAYA,HP MALAYSIA CYBERJAYA,,1,Hadapan,Cyberjaya,2.914688,101.658137,6,b74645e5-3ad2-4dd9-ba72-3b7eb8f16643,Selangor,72,Sepang,2,Swasta,1,Berfungsi,1766690,,1,Pillar Hydrant,113,Sepang,324,Dengkil,0000-00-00,0,SELANGOR_CYBERJAYA_ZON S_WANI_29052015,18,CYBERJAYA (SL),f0713184-ab0b-4409-aa47-b8af8163de67
340209,eadbc0ef-fe33-4b7f-b22a-04a3ac6262c3,94e691f5-a2ac-4fbe-bb7f-5228dc2c49f3,153,CBY,E,330,CBY-E-330,HADAPAN DASHBOX HOTEL CYBERJAYA,HP MALAYSIA CYBERJAYA,,1,Hadapan,Cyberjaya,2.907035,101.656471,6,b74645e5-3ad2-4dd9-ba72-3b7eb8f16643,Selangor,72,Sepang,2,Swasta,1,Berfungsi,1766690,,1,Pillar Hydrant,113,Sepang,324,Dengkil,0000-00-00,0,SELANGOR_CYBERJAYA_ZON S_WANI_29052015,18,CYBERJAYA (SL),f0713184-ab0b-4409-aa47-b8af8163de67
340210,ea6b8605-fbfa-4ca3-ba92-c194a2778fa2,94e691f5-a2ac-4fbe-bb7f-5228dc2c49f3,153,CBY,E,331,CBY-E-331,BERHAMPIRAN TANGKI AIR DASHBOX HOTEL CYBERJAYA ,HP MALAYSIA CYBERJAYA,,3,Berhampiran,Cyberjaya,2.907325,101.656127,6,b74645e5-3ad2-4dd9-ba72-3b7eb8f16643,Selangor,72,Sepang,2,Swasta,1,Berfungsi,1766690,images/img_pili/20210928155610872.jpeg,1,Pillar Hydrant,113,Sepang,324,Dengkil,0000-00-00,0,SELANGOR_CYBERJAYA_ZON S_WANI_29052015,18,CYBERJAYA (SL),f0713184-ab0b-4409-aa47-b8af8163de67
340211,4197c0cf-2cc2-4c61-baef-5c43ea9cefce,94e691f5-a2ac-4fbe-bb7f-5228dc2c49f3,153,CBY,E,332,CBY-E-332,HADAPAN RUMAH TNB PE:24.41 MAGIC VILLAGE CYBERJAYA,HP MALAYSIA CYBERJAYA,,1,Hadapan,Cyberjaya,2.907161,101.655341,6,b74645e5-3ad2-4dd9-ba72-3b7eb8f16643,Selangor,72,Sepang,2,Swasta,1,Berfungsi,1766690,images/img_pili/20210928155714407.jpeg,1,Pillar Hydrant,113,Sepang,324,Dengkil,0000-00-00,0,SELANGOR_CYBERJAYA_ZON S_WANI_29052015,18,CYBERJAYA (SL),f0713184-ab0b-4409-aa47-b8af8163de67
340212,9b00e0e0-20cc-43d8-9e37-85c8437c7718,94e691f5-a2ac-4fbe-bb7f-5228dc2c49f3,153,CBY,E,333,CBY-E-333,HADAPAN DEWAN DASHBOX HOTEL CYBERJAYA,HP MALAYSIA CYBERJAYA,,1,Hadapan,Cyberjaya,2.906818,101.655037,6,b74645e5-3ad2-4dd9-ba72-3b7eb8f16643,Selangor,72,Sepang,2,Swasta,1,Berfungsi,1766690,,1,Pillar Hydrant,113,Sepang,324,Dengkil,0000-00-00,0,SELANGOR_CYBERJAYA_ZON S_WANI_29052015,18,CYBERJAYA (SL),f0713184-ab0b-4409-aa47-b8af8163de67
340213,393b4c99-8041-4fa4-b31e-dc7d3ec62190,94e691f5-a2ac-4fbe-bb7f-5228dc2c49f3,153,CBY,E,334,CBY-E-334,BERHAMPIRAN PONDOK KAWALAN DASH BOX HOTEL CYBERJAYA,HP MALAYSIA CYBERJAYA,,1,Hadapan,Cyberjaya,2.906528,101.655461,6,b74645e5-3ad2-4dd9-ba72-3b7eb8f16643,Selangor,72,Sepang,2,Swasta,1,Berfungsi,1766690,,1,Pillar Hydrant,113,Sepang,324,Dengkil,0000-00-00,0,SELANGOR_CYBERJAYA_ZON S_WANI_29052015,18,CYBERJAYA (SL),f0713184-ab0b-4409-aa47-b8af8163de67