id_pili,hydrant_id_uuid,station_id_uuid,station_id,station_code,zon,no_pili,pili_num_combine,alamat,no_premis,id_kedudukan,kedudukan,latitud,longitud,id_negeri,state_id_uuid,negeri,id_daerah,daerah,id_pemilikan_pili,pemilikan_pili,id_status_pili,status_pili,diameter_pengeluaran,image_1,id_jenis_pili,jenis_pili,id_parlimen,parlimen,tarikh_pili,id_syarikat_air,id_bandar,bandar,city_id_uuid
562388,d9446c78-f93c-43ac-b9b5-6546bb92b2f5,c4a96c5b-759e-4542-a2be-651f4b0d596c,471,KLC,A,001,KLC-A-001,DEPAN ANJUNG FELDA JALAN MAKTAB,ANJUNG FELDA,1,Hadapan,3.101958,101.431511,7,55c38deb-aae3-44c5-bfac-0bb919effec4,Wilayah Persekutuan Kuala Lumpur,137,WP Kuala Lumpur,1,Awam,1,Berfungsi,1430.96,images/img_pili/20200922114524508.,1,Pillar Hydrant,119,Titiwangsa,0000-00-00,0,1,KUALA LUMPUR (WP),88beb013-6a67-4936-9afd-b84a072cb60f
563673,3ab88ebd-f49d-4a87-b248-645860e21ef5,c4a96c5b-759e-4542-a2be-651f4b0d596c,471,KLC,A,002,KLC-A-002,PONDOK PENGAWAL ANJUNG FELDA,PONDOK PENGAWAL ANJUNG FELDA,3,Berhampiran,3.170221,101.719048,7,55c38deb-aae3-44c5-bfac-0bb919effec4,Wilayah Persekutuan Kuala Lumpur,137,WP Kuala Lumpur,2,Swasta,2,Tidak Berfungsi,0,images/img_pili/20201022151302466.,1,Pillar Hydrant,119,Titiwangsa,0000-00-00,0,108,KUALA LUMPURA (WP),9e34d0e5-3888-45bb-b3f5-462f2a1519cf
563678,95961246-a61c-4f24-b2a9-90af4087ccdb,c4a96c5b-759e-4542-a2be-651f4b0d596c,471,KLC,A,003,KLC-A-003,DEPAN FELDA D'SAJI,DEPAN FELDA D'SAJI,1,Hadapan,3.102134,101.432045,7,55c38deb-aae3-44c5-bfac-0bb919effec4,Wilayah Persekutuan Kuala Lumpur,137,WP Kuala Lumpur,2,Swasta,2,Tidak Berfungsi,0,images/img_pili/20201022151623337.,1,Pillar Hydrant,119,Titiwangsa,0000-00-00,0,89,KUALA  LUMPUR (WP),53aa1806-b81f-4985-8066-6a9cf92f1446
563681,aa66e795-93b7-4487-a036-bb35281a76dc,c4a96c5b-759e-4542-a2be-651f4b0d596c,471,KLC,A,004,KLC-A-004,SEBELAH KANAN DEWAN FELDA ,SEBELAH KANAN DEWAN FELDA ,6,Kanan,3.10218,101.432466,7,55c38deb-aae3-44c5-bfac-0bb919effec4,Wilayah Persekutuan Kuala Lumpur,137,WP Kuala Lumpur,2,Swasta,2,Tidak Berfungsi,0,images/img_pili/20201022151853750.,1,Pillar Hydrant,119,Titiwangsa,0000-00-00,0,89,KUALA  LUMPUR (WP),53aa1806-b81f-4985-8066-6a9cf92f1446
563684,1b161056-9992-4bf6-8c79-c2f7ebe51c26,c4a96c5b-759e-4542-a2be-651f4b0d596c,471,KLC,A,005,KLC-A-005,SEBELAH BELAKANG DEWAN FELDA ,SEBELAH BELAKANG DEWAN FELDA ,2,Belakang,3.101891,101.432566,7,55c38deb-aae3-44c5-bfac-0bb919effec4,Wilayah Persekutuan Kuala Lumpur,137,WP Kuala Lumpur,2,Swasta,1,Berfungsi,635.981,images/img_pili/20201022152023102.,1,Pillar Hydrant,119,Titiwangsa,0000-00-00,0,89,KUALA  LUMPUR (WP),53aa1806-b81f-4985-8066-6a9cf92f1446
563688,2775d417-27b6-43d0-811f-369caf85fcd8,c4a96c5b-759e-4542-a2be-651f4b0d596c,471,KLC,A,006,KLC-A-006,SEBELAH KIRI DEWAN FELDA ,SEBELAH KIRI DEWAN FELDA ,5,Kiri,3.101822,101.432131,7,55c38deb-aae3-44c5-bfac-0bb919effec4,Wilayah Persekutuan Kuala Lumpur,137,WP Kuala Lumpur,2,Swasta,1,Berfungsi,635.981,images/img_pili/20201022152155732.,1,Pillar Hydrant,119,Titiwangsa,0000-00-00,0,89,KUALA  LUMPUR (WP),53aa1806-b81f-4985-8066-6a9cf92f1446
563693,760a26bc-c6ab-47ea-a661-1270868e4a54,c4a96c5b-759e-4542-a2be-651f4b0d596c,471,KLC,A,007,KLC-A-007,TADIKA SEMAI BAKTI JALAN PERSIARAN GURNEY,TADIKA SEMAI BAKTI ,1,Hadapan,3.170066,101.718861,7,55c38deb-aae3-44c5-bfac-0bb919effec4,Wilayah Persekutuan Kuala Lumpur,137,WP Kuala Lumpur,2,Swasta,1,Berfungsi,635.981,images/img_pili/20201022152436224.,1,Pillar Hydrant,119,Titiwangsa,0000-00-00,0,89,KUALA  LUMPUR (WP),53aa1806-b81f-4985-8066-6a9cf92f1446
563698,b6f4703d-0c67-4328-a969-ee578fe7e214,c4a96c5b-759e-4542-a2be-651f4b0d596c,471,KLC,A,008,KLC-A-008,"DEPAN TADIKA SMART KIDS, JALAN GURNEY 1",DEPAN TADIKA SMART KIDS,1,Hadapan,3.100899,101.429506,7,55c38deb-aae3-44c5-bfac-0bb919effec4,Wilayah Persekutuan Kuala Lumpur,137,WP Kuala Lumpur,1,Awam,1,Berfungsi,635.981,images/img_pili/20201022152653551.,1,Pillar Hydrant,119,Titiwangsa,0000-00-00,0,89,KUALA  LUMPUR (WP),53aa1806-b81f-4985-8066-6a9cf92f1446
563703,1f67fda8-cf7d-4150-b832-75f29d14941a,c4a96c5b-759e-4542-a2be-651f4b0d596c,471,KLC,A,009,KLC-A-009,"DEPAN RUMAH TAMU UTM, JALAN GURNEY 1",DEPAN RUMAH TAMU UTM,1,Hadapan,3.100588,101.42929,7,55c38deb-aae3-44c5-bfac-0bb919effec4,Wilayah Persekutuan Kuala Lumpur,137,WP Kuala Lumpur,2,Swasta,1,Berfungsi,778.915,images/img_pili/20201022153058804.,1,Pillar Hydrant,119,Titiwangsa,0000-00-00,0,89,KUALA  LUMPUR (WP),53aa1806-b81f-4985-8066-6a9cf92f1446
563707,cab702ed-380d-465a-9105-b11f6fcf7462,c4a96c5b-759e-4542-a2be-651f4b0d596c,471,KLC,A,010,KLC-A-010,"BELAKANG HAYALA APARTMENT, JALAN GURNEY 1",HAYALA APARTMENT,2,Belakang,3.168054,101.716485,7,55c38deb-aae3-44c5-bfac-0bb919effec4,Wilayah Persekutuan Kuala Lumpur,137,WP Kuala Lumpur,1,Awam,2,Tidak Berfungsi,0,images/img_pili/20201022153812255.,1,Pillar Hydrant,119,Titiwangsa,0000-00-00,0,89,KUALA  LUMPUR (WP),53aa1806-b81f-4985-8066-6a9cf92f1446
563709,1a4b0868-9a52-4db5-bb50-870524391355,c4a96c5b-759e-4542-a2be-651f4b0d596c,471,KLC,A,011,KLC-A-011,"HADAPAN RUMAH NO.52, JALAN GURNEY",NO.52,1,Hadapan,3.10194,101.431528,7,55c38deb-aae3-44c5-bfac-0bb919effec4,Wilayah Persekutuan Kuala Lumpur,137,WP Kuala Lumpur,1,Awam,2,Tidak Berfungsi,0,images/img_pili/20201022154124522.,2,Ground Hydrant,119,Titiwangsa,0000-00-00,0,89,KUALA  LUMPUR (WP),53aa1806-b81f-4985-8066-6a9cf92f1446
563712,f2ce3486-eb56-4102-99c5-9951219f58d3,c4a96c5b-759e-4542-a2be-651f4b0d596c,471,KLC,A,012,KLC-A-012,"HADAPAN RUMAH NO 8B, JALAN GURNEY 2",NO. 8B,1,Hadapan,3.100551,101.429773,7,55c38deb-aae3-44c5-bfac-0bb919effec4,Wilayah Persekutuan Kuala Lumpur,137,WP Kuala Lumpur,2,Swasta,1,Berfungsi,635.981,images/img_pili/20201022154403254.,1,Pillar Hydrant,119,Titiwangsa,0000-00-00,0,89,KUALA  LUMPUR (WP),53aa1806-b81f-4985-8066-6a9cf92f1446
563713,fa9daeb3-73b4-4b5e-a65e-95785df67971,c4a96c5b-759e-4542-a2be-651f4b0d596c,471,KLC,A,013,KLC-A-013,DEPAN RUMAH N0 8E JALAN GURNEY 2,DEPAN RUMAH N0 8E JALAN GURNEY 2,1,Hadapan,3.100236,101.430091,7,55c38deb-aae3-44c5-bfac-0bb919effec4,Wilayah Persekutuan Kuala Lumpur,137,WP Kuala Lumpur,1,Awam,1,Berfungsi,635.981,images/img_pili/20201022154626162.,1,Pillar Hydrant,119,Titiwangsa,0000-00-00,0,89,KUALA  LUMPUR (WP),53aa1806-b81f-4985-8066-6a9cf92f1446
563715,bb9eab7e-7684-4c48-8744-a83071104601,c4a96c5b-759e-4542-a2be-651f4b0d596c,471,KLC,A,014,KLC-A-014,DEPAN TADIKA CAPITAL JALAN PERUMAHAN GURNEY,DEPAN TADIKA CAPITAL JALAN PERUMAHAN GURNEY,1,Hadapan,3.101135,101.431244,7,55c38deb-aae3-44c5-bfac-0bb919effec4,Wilayah Persekutuan Kuala Lumpur,137,WP Kuala Lumpur,1,Awam,2,Tidak Berfungsi,0,images/img_pili/20201022154841314.,2,Ground Hydrant,119,Titiwangsa,0000-00-00,0,89,KUALA  LUMPUR (WP),53aa1806-b81f-4985-8066-6a9cf92f1446
563717,6a4a3dd9-bafc-43f5-a7ac-e8e7ac43700f,c4a96c5b-759e-4542-a2be-651f4b0d596c,471,KLC,A,015,KLC-A-015,DEPAN RUMAH N0 26 JALAN GURNEY 2,DEPAN RUMAH N0 26 JALAN GURNEY 2,1,Hadapan,3.100386,101.431289,7,55c38deb-aae3-44c5-bfac-0bb919effec4,Wilayah Persekutuan Kuala Lumpur,137,WP Kuala Lumpur,1,Awam,2,Tidak Berfungsi,0,images/img_pili/20201022155037263.,1,Pillar Hydrant,119,Titiwangsa,0000-00-00,0,89,KUALA  LUMPUR (WP),53aa1806-b81f-4985-8066-6a9cf92f1446
563720,01323df9-5c57-4d52-87fb-2ba1f0ee8678,c4a96c5b-759e-4542-a2be-651f4b0d596c,471,KLC,A,016,KLC-A-016,DEPAN PALADIUM BLOCK 17 JALAN GURNEY 2,DEPAN PALADIUM BLOCK 17 JALAN GURNEY 2,1,Hadapan,3.166741,101.717488,7,55c38deb-aae3-44c5-bfac-0bb919effec4,Wilayah Persekutuan Kuala Lumpur,137,WP Kuala Lumpur,1,Awam,1,Berfungsi,778.915,images/img_pili/20201022155254918.,1,Pillar Hydrant,119,Titiwangsa,0000-00-00,0,89,KUALA  LUMPUR (WP),53aa1806-b81f-4985-8066-6a9cf92f1446
563721,9bf09983-0323-4813-9b65-7bcd387efdce,c4a96c5b-759e-4542-a2be-651f4b0d596c,471,KLC,A,017,KLC-A-017,"JALAN GURNEY 2, (PINTU 3) SEKOLAH KEBANGSAAN JALAN GURNEY 2",,1,Hadapan,3.100781,101.429939,7,55c38deb-aae3-44c5-bfac-0bb919effec4,Wilayah Persekutuan Kuala Lumpur,137,WP Kuala Lumpur,1,Awam,1,Berfungsi,635.981,images/img_pili/20201022155439365.,1,Pillar Hydrant,119,Titiwangsa,0000-00-00,0,89,KUALA  LUMPUR (WP),53aa1806-b81f-4985-8066-6a9cf92f1446
563723,b719b71e-68e8-44a0-baec-132e3c0339c6,c4a96c5b-759e-4542-a2be-651f4b0d596c,471,KLC,A,018,KLC-A-018,HADAPAN UNIKL ,HADAPAN UNIKL ,1,Hadapan,3.100276,101.432084,7,55c38deb-aae3-44c5-bfac-0bb919effec4,Wilayah Persekutuan Kuala Lumpur,137,WP Kuala Lumpur,2,Swasta,1,Berfungsi,635.981,images/img_pili/20201022155723802.,1,Pillar Hydrant,119,Titiwangsa,0000-00-00,0,89,KUALA  LUMPUR (WP),53aa1806-b81f-4985-8066-6a9cf92f1446
563726,63302105-1bb7-42af-a5ee-95606673b009,c4a96c5b-759e-4542-a2be-651f4b0d596c,471,KLC,A,019,KLC-A-019,BELAKANG UNIKL JALAN GURNEY,BELAKANG UNIKL JALAN GURNEY,2,Belakang,3.167122,101.720296,7,55c38deb-aae3-44c5-bfac-0bb919effec4,Wilayah Persekutuan Kuala Lumpur,137,WP Kuala Lumpur,1,Awam,1,Berfungsi,635.981,images/img_pili/20201022155921284.,1,Pillar Hydrant,119,Titiwangsa,0000-00-00,0,89,KUALA  LUMPUR (WP),53aa1806-b81f-4985-8066-6a9cf92f1446
563728,e7ea3343-5535-4497-875d-8a7699be8298,c4a96c5b-759e-4542-a2be-651f4b0d596c,471,KLC,A,020,KLC-A-020,DEPAN PANGSA MURNI BLOCK 47 JALAN GURNEY,DEPAN PANGSA MURNI BLOCK 47 JALAN GURNEY,1,Hadapan,3.168553,101.723774,7,55c38deb-aae3-44c5-bfac-0bb919effec4,Wilayah Persekutuan Kuala Lumpur,137,WP Kuala Lumpur,1,Awam,1,Berfungsi,778.915,images/img_pili/20201022160252588.,1,Pillar Hydrant,119,Titiwangsa,0000-00-00,0,89,KUALA  LUMPUR (WP),53aa1806-b81f-4985-8066-6a9cf92f1446
563729,95cc9424-7dc5-444a-9da4-80e43707b2ae,c4a96c5b-759e-4542-a2be-651f4b0d596c,471,KLC,A,021,KLC-A-021,PANGSA MURNI BLOCK 55 JALAN GURNEY,PANGSA MURNI BLOCK 47 JALAN GURNEY,2,Belakang,3.169142,3.169142,7,55c38deb-aae3-44c5-bfac-0bb919effec4,Wilayah Persekutuan Kuala Lumpur,137,WP Kuala Lumpur,1,Awam,1,Berfungsi,778.915,images/img_pili/20201022160450800.,1,Pillar Hydrant,119,Titiwangsa,0000-00-00,0,89,KUALA  LUMPUR (WP),53aa1806-b81f-4985-8066-6a9cf92f1446
563731,87038106-419c-4e17-85fe-d6db8166081e,c4a96c5b-759e-4542-a2be-651f4b0d596c,471,KLC,A,022,KLC-A-022,PANGSA MURNI BLOCK 55 JALAN GURNEY,PANGSA MURNI BLOCK 55 JALAN GURNEY,5,Kiri,3.168957,101.724426,7,55c38deb-aae3-44c5-bfac-0bb919effec4,Wilayah Persekutuan Kuala Lumpur,137,WP Kuala Lumpur,1,Awam,1,Berfungsi,778.915,images/img_pili/20201022160642933.,1,Pillar Hydrant,119,Titiwangsa,0000-00-00,0,89,KUALA  LUMPUR (WP),53aa1806-b81f-4985-8066-6a9cf92f1446
563732,1d2129d1-96d9-47fa-a296-0ad0c4147e1a,c4a96c5b-759e-4542-a2be-651f4b0d596c,471,KLC,A,023,KLC-A-023,PANGSA MURNI BLOCK 67 JALAN GURNEY,PANGSA MURNI BLOCK 67 JALAN GURNEY,6,Kanan,3.168889,101.724612,7,55c38deb-aae3-44c5-bfac-0bb919effec4,Wilayah Persekutuan Kuala Lumpur,137,WP Kuala Lumpur,1,Awam,1,Berfungsi,635.981,images/img_pili/20201022160759112.,1,Pillar Hydrant,119,Titiwangsa,0000-00-00,0,89,KUALA  LUMPUR (WP),53aa1806-b81f-4985-8066-6a9cf92f1446
563733,df67114e-0b86-4dd2-b3cd-8f460f862f2f,c4a96c5b-759e-4542-a2be-651f4b0d596c,471,KLC,A,024,KLC-A-024,PANGSA MURNI BLOCK 55 JALAN GURNEY,PANGSA MURNI BLOCK 71 JALAN GURNEY,7,Tengah,3.168857,101.72443,7,55c38deb-aae3-44c5-bfac-0bb919effec4,Wilayah Persekutuan Kuala Lumpur,137,WP Kuala Lumpur,1,Awam,2,Tidak Berfungsi,0,images/img_pili/20201022160942784.,1,Pillar Hydrant,119,Titiwangsa,0000-00-00,0,89,KUALA  LUMPUR (WP),53aa1806-b81f-4985-8066-6a9cf92f1446
563740,c08d075d-b865-488a-8f90-49fb13894878,c4a96c5b-759e-4542-a2be-651f4b0d596c,471,KLC,A,025,KLC-A-025,JALAN KENT 3 PERSIMPANGAN MAKTAB 5,JALAN KENT 3 PERSIMPANGAN MAKTAB 5,3,Berhampiran,3.172061,101.718181,7,55c38deb-aae3-44c5-bfac-0bb919effec4,Wilayah Persekutuan Kuala Lumpur,137,WP Kuala Lumpur,1,Awam,1,Berfungsi,778.915,images/img_pili/2020102216270876.,1,Pillar Hydrant,119,Titiwangsa,0000-00-00,0,89,KUALA  LUMPUR (WP),53aa1806-b81f-4985-8066-6a9cf92f1446
563742,a468304f-a95e-4839-ba50-7ae561c5ca71,c4a96c5b-759e-4542-a2be-651f4b0d596c,471,KLC,A,026,KLC-A-026,JALAN LADANG MAKTAB TEPI RUMAH NO 11,JALAN LADANG MAKTAB TEPI RUMAH NO 11,4,Tepi,3.169607,101.721237,7,55c38deb-aae3-44c5-bfac-0bb919effec4,Wilayah Persekutuan Kuala Lumpur,137,WP Kuala Lumpur,1,Awam,1,Berfungsi,778.915,images/img_pili/20201022162904186.,1,Pillar Hydrant,119,Titiwangsa,0000-00-00,0,89,KUALA  LUMPUR (WP),53aa1806-b81f-4985-8066-6a9cf92f1446
563743,ddf7093f-850f-467c-8c8f-1ee4e6ce0525,c4a96c5b-759e-4542-a2be-651f4b0d596c,471,KLC,A,027,KLC-A-027,JALAN MAKTAB 5 DEPAN RUMAH 32,JALAN MAKTAB 5 DEPAN RUMAH 32,1,Hadapan,3.168901,101.721461,7,55c38deb-aae3-44c5-bfac-0bb919effec4,Wilayah Persekutuan Kuala Lumpur,137,WP Kuala Lumpur,1,Awam,1,Berfungsi,778.915,images/img_pili/2020102216304289.,1,Pillar Hydrant,119,Titiwangsa,0000-00-00,0,89,KUALA  LUMPUR (WP),53aa1806-b81f-4985-8066-6a9cf92f1446
563744,40084a2d-2056-4504-8c7a-2ab747a15b7c,c4a96c5b-759e-4542-a2be-651f4b0d596c,471,KLC,A,028,KLC-A-028,DEPAN RUMAH NO 3 LORONG MAKTAB 1,NO 3,1,Hadapan,3.171016,101.721284,7,55c38deb-aae3-44c5-bfac-0bb919effec4,Wilayah Persekutuan Kuala Lumpur,137,WP Kuala Lumpur,1,Awam,1,Berfungsi,778.915,images/img_pili/20201022163353643.,1,Pillar Hydrant,119,Titiwangsa,0000-00-00,0,89,KUALA  LUMPUR (WP),53aa1806-b81f-4985-8066-6a9cf92f1446
563745,457295eb-a76a-4de1-9712-f1a6b46f239e,c4a96c5b-759e-4542-a2be-651f4b0d596c,471,KLC,A,029,KLC-A-029,"DEPAN UTM, BERSEBELAHAN RUMAH NO 1",NO 1,3,Berhampiran,3.171981,101.718252,7,55c38deb-aae3-44c5-bfac-0bb919effec4,Wilayah Persekutuan Kuala Lumpur,137,WP Kuala Lumpur,1,Awam,1,Berfungsi,778.915,images/img_pili/20201022163601696.,1,Pillar Hydrant,119,Titiwangsa,0000-00-00,0,89,KUALA  LUMPUR (WP),53aa1806-b81f-4985-8066-6a9cf92f1446
563746,289ecebd-3244-4bb5-b0ae-54478be26266,c4a96c5b-759e-4542-a2be-651f4b0d596c,471,KLC,A,030,KLC-A-030,"RUMAH SADOK HILIR, NO 33 JALAN MAKTAB ",NO 33,1,Hadapan,3.172692,101.723066,7,55c38deb-aae3-44c5-bfac-0bb919effec4,Wilayah Persekutuan Kuala Lumpur,137,WP Kuala Lumpur,1,Awam,1,Berfungsi,778.915,images/img_pili/20201022163813406.,1,Pillar Hydrant,119,Titiwangsa,0000-00-00,0,89,KUALA  LUMPUR (WP),53aa1806-b81f-4985-8066-6a9cf92f1446
564462,2c6a1210-de17-41a7-ba8a-f28d63a3db8d,c4a96c5b-759e-4542-a2be-651f4b0d596c,471,KLC,A,031,KLC-A-031,DEPAN RUMAH NO 28 JALAN KENT 2,DEPAN RUMAH NO 28 JALAN KENT 2,1,Hadapan,3.172115,101.72445,7,55c38deb-aae3-44c5-bfac-0bb919effec4,Wilayah Persekutuan Kuala Lumpur,137,WP Kuala Lumpur,1,Awam,1,Berfungsi,778.915,images/img_pili/20201103150337539.,1,Pillar Hydrant,119,Titiwangsa,0000-00-00,0,89,KUALA  LUMPUR (WP),53aa1806-b81f-4985-8066-6a9cf92f1446
564470,87bcd18f-69e9-435d-a0e2-2309473a37cd,c4a96c5b-759e-4542-a2be-651f4b0d596c,471,KLC,A,032,KLC-A-032,DEPAN RUMAH NO 18 JALAN KENT 2,DEPAN RUMAH NO 18 JALAN KENT 2,1,Hadapan,3.170988,101.724014,7,55c38deb-aae3-44c5-bfac-0bb919effec4,Wilayah Persekutuan Kuala Lumpur,137,WP Kuala Lumpur,1,Awam,1,Berfungsi,778.915,images/img_pili/20201103151202427.,1,Pillar Hydrant,119,Titiwangsa,0000-00-00,0,89,KUALA  LUMPUR (WP),53aa1806-b81f-4985-8066-6a9cf92f1446
564476,f8ba692e-9bed-4f63-b1f8-9f19587585c1,c4a96c5b-759e-4542-a2be-651f4b0d596c,471,KLC,A,033,KLC-A-033,"JALAN KENT 1, HADAPAN RUMAH NO 17",RUMAH NO 17,1,Hadapan,3.102399,101.433893,7,55c38deb-aae3-44c5-bfac-0bb919effec4,Wilayah Persekutuan Kuala Lumpur,137,WP Kuala Lumpur,1,Awam,1,Berfungsi,778.915,images/img_pili/20220130145144809.jpeg,2,Ground Hydrant,119,Titiwangsa,0000-00-00,0,89,KUALA  LUMPUR (WP),53aa1806-b81f-4985-8066-6a9cf92f1446
564484,d5c80769-2ba6-46b1-a811-f276261e0822,c4a96c5b-759e-4542-a2be-651f4b0d596c,471,KLC,A,034,KLC-A-034,"JALAN PERSIARAN GURNEY , DEPAN RUMAH NO 7 (BERHAMPIRAN PERODUA)","JALAN PERSIARAN GURNEY ,DEPAN RUMAH NO 7",1,Hadapan,3.168001,101.721272,7,55c38deb-aae3-44c5-bfac-0bb919effec4,Wilayah Persekutuan Kuala Lumpur,137,WP Kuala Lumpur,1,Awam,2,Tidak Berfungsi,0,images/img_pili/20220130150802894.jpeg,2,Ground Hydrant,119,Titiwangsa,0000-00-00,0,89,KUALA  LUMPUR (WP),53aa1806-b81f-4985-8066-6a9cf92f1446
564487,89b3bb4e-03d6-413a-8bea-a23237a2e4b1,c4a96c5b-759e-4542-a2be-651f4b0d596c,471,KLC,A,035,KLC-A-035,"FLAT PPR SRI PERLIS 2, DEPAN RUMAH KEDAI NO 2",RUMAH KEDAI NO 2,1,Hadapan,3.099912,101.432874,7,55c38deb-aae3-44c5-bfac-0bb919effec4,Wilayah Persekutuan Kuala Lumpur,137,WP Kuala Lumpur,1,Awam,1,Berfungsi,778.915,images/img_pili/20220130152733226.jpeg,1,Pillar Hydrant,119,Titiwangsa,0000-00-00,0,89,KUALA  LUMPUR (WP),53aa1806-b81f-4985-8066-6a9cf92f1446
564491,d45c41cb-396d-4f9c-80e6-d4b18d4090c5,c4a96c5b-759e-4542-a2be-651f4b0d596c,471,KLC,A,036,KLC-A-036,FLAT PPR SRI PERLIS 2 DEPAN BLOCK A,BLOK A,4,Tepi,3.100672,101.433175,7,55c38deb-aae3-44c5-bfac-0bb919effec4,Wilayah Persekutuan Kuala Lumpur,137,WP Kuala Lumpur,1,Awam,1,Berfungsi,635.981,images/img_pili/20220130155341393.jpeg,1,Pillar Hydrant,119,Titiwangsa,0000-00-00,0,89,KUALA  LUMPUR (WP),53aa1806-b81f-4985-8066-6a9cf92f1446
564495,6cda7741-a89c-4bb8-ba85-23d27adf1d23,c4a96c5b-759e-4542-a2be-651f4b0d596c,471,KLC,A,037,KLC-A-037,"FLAT PPR SRI PERLIS 2, BELAKANG BLOK B",BLOK B,2,Belakang,3.100736,101.433972,7,55c38deb-aae3-44c5-bfac-0bb919effec4,Wilayah Persekutuan Kuala Lumpur,137,WP Kuala Lumpur,1,Awam,1,Berfungsi,778.915,images/img_pili/20220130160016344.jpeg,1,Pillar Hydrant,119,Titiwangsa,0000-00-00,0,89,KUALA  LUMPUR (WP),53aa1806-b81f-4985-8066-6a9cf92f1446
564498,1251d96c-a279-4f38-8117-a84b9c2db403,c4a96c5b-759e-4542-a2be-651f4b0d596c,471,KLC,A,038,KLC-A-038,"FLAT PPR SRI PERLIS 2, BELAKANG BLOCK D",BLOK D,2,Belakang,3.100303,101.433144,7,55c38deb-aae3-44c5-bfac-0bb919effec4,Wilayah Persekutuan Kuala Lumpur,137,WP Kuala Lumpur,1,Awam,1,Berfungsi,778.915,images/img_pili/20220130161238315.jpeg,1,Pillar Hydrant,119,Titiwangsa,0000-00-00,0,89,KUALA  LUMPUR (WP),53aa1806-b81f-4985-8066-6a9cf92f1446
564503,7c4a0139-c6d6-44b1-b489-65464aeff0b2,c4a96c5b-759e-4542-a2be-651f4b0d596c,471,KLC,A,039,KLC-A-039,"FLAT PPR SRI PERLIS 2, SEBELAH GERAI MAKAN PPR",SEBELAH KEDAI MAKAN,4,Tepi,3.100058,101.433254,7,55c38deb-aae3-44c5-bfac-0bb919effec4,Wilayah Persekutuan Kuala Lumpur,137,WP Kuala Lumpur,1,Awam,1,Berfungsi,778.915,images/img_pili/20220130162019636.jpeg,1,Pillar Hydrant,119,Titiwangsa,0000-00-00,0,89,KUALA  LUMPUR (WP),53aa1806-b81f-4985-8066-6a9cf92f1446
564506,67b03f52-09ce-4157-81b5-7cd9522e6309,c4a96c5b-759e-4542-a2be-651f4b0d596c,471,KLC,A,040,KLC-A-040,"PEJABAT PRO-LINTAS, JALAN DATO KERAMAT",PEJABAT PRO LINTAS,1,Hadapan,3.099712,101.433052,7,55c38deb-aae3-44c5-bfac-0bb919effec4,Wilayah Persekutuan Kuala Lumpur,137,WP Kuala Lumpur,2,Swasta,1,Berfungsi,778.915,images/img_pili/20220130162818334.jpeg,1,Pillar Hydrant,119,Titiwangsa,0000-00-00,0,89,KUALA  LUMPUR (WP),53aa1806-b81f-4985-8066-6a9cf92f1446
564508,31df8044-05d0-454a-9749-4ba64ee4adeb,c4a96c5b-759e-4542-a2be-651f4b0d596c,471,KLC,A,041,KLC-A-041,"PEJABAT PRO-LINTAS, JALAN DATO KERAMAT                ",PEJABAT PRO-LINTAS,6,Kanan,3.099526,101.433644,7,55c38deb-aae3-44c5-bfac-0bb919effec4,Wilayah Persekutuan Kuala Lumpur,137,WP Kuala Lumpur,2,Swasta,1,Berfungsi,778.915,images/img_pili/20220130163321368.jpeg,1,Pillar Hydrant,119,Titiwangsa,0000-00-00,0,89,KUALA  LUMPUR (WP),53aa1806-b81f-4985-8066-6a9cf92f1446
564510,e4e75569-adfb-4eaf-8547-a3b9521589ca,c4a96c5b-759e-4542-a2be-651f4b0d596c,471,KLC,A,042,KLC-A-042,PERSIARAN KIRI 1 DEPAN KEDAI MOTOR,PERSIARAN KIRI 1 DEPAN KEDAI MOTOR,1,Hadapan,3.165857,101.721917,7,55c38deb-aae3-44c5-bfac-0bb919effec4,Wilayah Persekutuan Kuala Lumpur,137,WP Kuala Lumpur,1,Awam,2,Tidak Berfungsi,0,images/img_pili/20201103155316379.,1,Pillar Hydrant,119,Titiwangsa,0000-00-00,0,89,KUALA  LUMPUR (WP),53aa1806-b81f-4985-8066-6a9cf92f1446
564511,e36e4e2f-65c4-4b80-a891-702b40b855a1,c4a96c5b-759e-4542-a2be-651f4b0d596c,471,KLC,A,043,KLC-A-043,DEPAN RUMAH NO 7 PERSIARAN KIRI 1,DEPAN RUMAH NO 7 PERSIARAN KIRI 1,1,Hadapan,3.16596,101.722576,7,55c38deb-aae3-44c5-bfac-0bb919effec4,Wilayah Persekutuan Kuala Lumpur,137,WP Kuala Lumpur,1,Awam,1,Berfungsi,778.915,images/img_pili/20201103155510142.,1,Pillar Hydrant,119,Titiwangsa,0000-00-00,0,89,KUALA  LUMPUR (WP),53aa1806-b81f-4985-8066-6a9cf92f1446
564513,8b0ae7d2-6df1-41f0-8f47-a9c04a2d6d92,c4a96c5b-759e-4542-a2be-651f4b0d596c,471,KLC,A,044,KLC-A-044,DEPAN KEDAI SATE JALAN DATO KERAMAT,DEPAN KEDAI SATE JALAN DATO KERAMAT,1,Hadapan,3.165796,101.72319,7,55c38deb-aae3-44c5-bfac-0bb919effec4,Wilayah Persekutuan Kuala Lumpur,137,WP Kuala Lumpur,1,Awam,1,Berfungsi,778.915,images/img_pili/2020110316012130.,1,Pillar Hydrant,119,Titiwangsa,0000-00-00,0,89,KUALA  LUMPUR (WP),53aa1806-b81f-4985-8066-6a9cf92f1446
564514,b52aa3f1-4468-4b86-843b-c0854a95525a,c4a96c5b-759e-4542-a2be-651f4b0d596c,471,KLC,A,045,KLC-A-045,DEPAN RUMAH NO 11 LORONG KIRI 1,DEPAN RUMAH NO 11 LORONG KIRI 1,1,Hadapan,3.166422,101.722802,7,55c38deb-aae3-44c5-bfac-0bb919effec4,Wilayah Persekutuan Kuala Lumpur,137,WP Kuala Lumpur,1,Awam,1,Berfungsi,778.915,images/img_pili/20201103160401924.,1,Pillar Hydrant,119,Titiwangsa,0000-00-00,0,89,KUALA  LUMPUR (WP),53aa1806-b81f-4985-8066-6a9cf92f1446
566998,4ea489ac-da99-4f81-8f0f-4f30d9e83dfd,c4a96c5b-759e-4542-a2be-651f4b0d596c,471,KLC,A,046,KLC-A-046,DEPAN RUMAH LOT 1077 LORONG KIRI 20 JALAN DATUK KERAMAT,DEPAN RUMAH LOT 1077 LORONG KIRI 20 JALAN DATUK KERAMAT,1,Hadapan,3.165819,101.724036,7,55c38deb-aae3-44c5-bfac-0bb919effec4,Wilayah Persekutuan Kuala Lumpur,137,WP Kuala Lumpur,1,Awam,1,Berfungsi,778.915,images/img_pili/20201211021146504.,1,Pillar Hydrant,119,Titiwangsa,0000-00-00,0,89,KUALA  LUMPUR (WP),53aa1806-b81f-4985-8066-6a9cf92f1446
566999,41b69722-b9e1-4987-b441-2d48cacc4e0b,c4a96c5b-759e-4542-a2be-651f4b0d596c,471,KLC,A,047,KLC-A-047,"DEPAN RUMAH NO 486,LORONG KIRI 19 JALAN DATUK KERAMAT","DEPAN RUMAH NO 486,LORONG KIRI 19 JALAN DATUK KERAMAT",1,Hadapan,3.166385,101.723866,7,55c38deb-aae3-44c5-bfac-0bb919effec4,Wilayah Persekutuan Kuala Lumpur,137,WP Kuala Lumpur,1,Awam,1,Berfungsi,778.915,images/img_pili/20201211021550850.,1,Pillar Hydrant,119,Titiwangsa,0000-00-00,0,89,KUALA  LUMPUR (WP),53aa1806-b81f-4985-8066-6a9cf92f1446
567000,bd22e7cf-92bf-4d7b-ac97-1877f8b2a834,c4a96c5b-759e-4542-a2be-651f4b0d596c,471,KLC,A,048,KLC-A-048,LORONG KIRI 18 BERHAMPIRAN SIMPANG JALAN DATUK KERAMAT,LORONG KIRI 18 BERHAMPIRANG SIMPAN JALAN DATUK KERAMAT,3,Berhampiran,3.100078,101.434353,7,55c38deb-aae3-44c5-bfac-0bb919effec4,Wilayah Persekutuan Kuala Lumpur,137,WP Kuala Lumpur,1,Awam,1,Berfungsi,1430.96,images/img_pili/20201211022023283.,1,Pillar Hydrant,119,Titiwangsa,0000-00-00,0,89,KUALA  LUMPUR (WP),53aa1806-b81f-4985-8066-6a9cf92f1446
567001,51c90eb4-edad-4cfb-8a76-9b3a065d0384,c4a96c5b-759e-4542-a2be-651f4b0d596c,471,KLC,A,049,KLC-A-049,"BERHADAPAN RUMAH NO 102,LORONG KIRI 6 JALAN DATUK KERAMAT","BERHADAPAN RUMAH NO 102,LORONG KIRI 6 JALAN DATUK KERAMAT",1,Hadapan,3.168002,101.723776,7,55c38deb-aae3-44c5-bfac-0bb919effec4,Wilayah Persekutuan Kuala Lumpur,137,WP Kuala Lumpur,1,Awam,1,Berfungsi,778.915,images/img_pili/20201211022355366.,1,Pillar Hydrant,119,Titiwangsa,0000-00-00,0,89,KUALA  LUMPUR (WP),53aa1806-b81f-4985-8066-6a9cf92f1446
567002,4ede34f2-2280-464c-ae19-6cfe861406c1,c4a96c5b-759e-4542-a2be-651f4b0d596c,471,KLC,A,050,KLC-A-050,"BERHADAPAN RUMAH NO 3,LORONG KIRI 6 JALAN DATUK KERAMAT","BERHADAPAN RUMAH NO 3,LORONG KIRI 6 JALAN DATUK KERAMAT",1,Hadapan,3.168009,101.723977,7,55c38deb-aae3-44c5-bfac-0bb919effec4,Wilayah Persekutuan Kuala Lumpur,137,WP Kuala Lumpur,1,Awam,1,Berfungsi,778.915,images/img_pili/20201211023032273.,1,Pillar Hydrant,119,Titiwangsa,0000-00-00,0,89,KUALA  LUMPUR (WP),53aa1806-b81f-4985-8066-6a9cf92f1446
567003,3d1147ee-71b2-4a92-a6c7-908409fed36a,c4a96c5b-759e-4542-a2be-651f4b0d596c,471,KLC,A,051,KLC-A-051,"DEPAN RUMAH NO 11,LORONG KIRI 4 JALAN DATUK KERAMAT","DEPAN RUMAH NO 11,LORONG KIRI 4 JALAN DATUK KERAMAT",1,Hadapan,3.167782,1.723498,7,55c38deb-aae3-44c5-bfac-0bb919effec4,Wilayah Persekutuan Kuala Lumpur,137,WP Kuala Lumpur,1,Awam,2,Tidak Berfungsi,0,images/img_pili/20201211023416501.,1,Pillar Hydrant,119,Titiwangsa,0000-00-00,0,89,KUALA  LUMPUR (WP),53aa1806-b81f-4985-8066-6a9cf92f1446
567005,c876df0e-becc-4ddf-a6c7-56237336bf7d,c4a96c5b-759e-4542-a2be-651f4b0d596c,471,KLC,A,052,KLC-A-052,"HADAPAN PANGSA MURNI TITIWANGSA, KERAMAT JAYA",,1,Hadapan,3.101058,101.434381,7,55c38deb-aae3-44c5-bfac-0bb919effec4,Wilayah Persekutuan Kuala Lumpur,137,WP Kuala Lumpur,1,Awam,1,Berfungsi,1430.96,images/img_pili/20201211023840453.,1,Pillar Hydrant,119,Titiwangsa,0000-00-00,0,89,KUALA  LUMPUR (WP),53aa1806-b81f-4985-8066-6a9cf92f1446
567007,b1dd352f-80e8-44ed-88c3-17e6bde0e61b,c4a96c5b-759e-4542-a2be-651f4b0d596c,471,KLC,A,053,KLC-A-053,"DEPAN RUMAH NO 10,LORONG KIRI 2 JALAN DATUK KERAMAT",No. 10,1,Hadapan,3.100128,101.433828,7,55c38deb-aae3-44c5-bfac-0bb919effec4,Wilayah Persekutuan Kuala Lumpur,137,WP Kuala Lumpur,1,Awam,1,Berfungsi,778.915,images/img_pili/20201211024210531.,1,Pillar Hydrant,119,Titiwangsa,0000-00-00,0,89,KUALA  LUMPUR (WP),53aa1806-b81f-4985-8066-6a9cf92f1446
567010,b7d7a777-0c48-4094-b77d-ba59ed7b6798,c4a96c5b-759e-4542-a2be-651f4b0d596c,471,KLC,A,054,KLC-A-054,"DEPAN RUMAH NO 9,LORONG KIRI 7 JALAN DATUK KERAMAT",No. 9,1,Hadapan,3.100895,101.434808,7,55c38deb-aae3-44c5-bfac-0bb919effec4,Wilayah Persekutuan Kuala Lumpur,137,WP Kuala Lumpur,1,Awam,1,Berfungsi,778.915,images/img_pili/20201211024639882.,1,Pillar Hydrant,119,Titiwangsa,0000-00-00,0,89,KUALA  LUMPUR (WP),53aa1806-b81f-4985-8066-6a9cf92f1446
567013,60c0d647-a846-4f1d-94cf-8aa1cb5846f0,c4a96c5b-759e-4542-a2be-651f4b0d596c,471,KLC,A,055,KLC-A-055,"DEPAN RUMAH NO 13 , LORONG KIRI 17 JALAN DATUK KERAMAT","DEPAN RUMAH NO 13 ,LORONG KIRI 17,JALAN DATUK KERAMAT",1,Hadapan,3.167624,101.724688,7,55c38deb-aae3-44c5-bfac-0bb919effec4,Wilayah Persekutuan Kuala Lumpur,137,WP Kuala Lumpur,1,Awam,2,Tidak Berfungsi,0,images/img_pili/20201211025713547.,2,Ground Hydrant,119,Titiwangsa,0000-00-00,0,89,KUALA  LUMPUR (WP),53aa1806-b81f-4985-8066-6a9cf92f1446
567014,2e0f7ece-8cd2-4d6c-b6b4-321102534508,c4a96c5b-759e-4542-a2be-651f4b0d596c,471,KLC,A,056,KLC-A-056,DEPAN RUMAH N0 13 LORONG KIRI 8 JALAN DATUK KERAMAT,DEPAN RUMAH N0 13 LORONG KIRI 8 JALAN DATUK KERAMAT,1,Hadapan,3.168556,101.72503,7,55c38deb-aae3-44c5-bfac-0bb919effec4,Wilayah Persekutuan Kuala Lumpur,137,WP Kuala Lumpur,1,Awam,1,Berfungsi,635.981,images/img_pili/2020121103020691.,1,Pillar Hydrant,119,Titiwangsa,0000-00-00,0,89,KUALA  LUMPUR (WP),53aa1806-b81f-4985-8066-6a9cf92f1446
567015,1359b1f3-454a-4977-b66f-c38cd9bba18a,c4a96c5b-759e-4542-a2be-651f4b0d596c,471,KLC,A,057,KLC-A-057,"DEPAN RUMAH NO 15 ,LORONG KIRI 16 JALAN DATUK KERAMAT","DEPAN RUMAH NO 14 ,LORONG KIRI 16 JALAN DATUK KERAMAT",1,Hadapan,3.100097,101.435247,7,55c38deb-aae3-44c5-bfac-0bb919effec4,Wilayah Persekutuan Kuala Lumpur,137,WP Kuala Lumpur,1,Awam,1,Berfungsi,635.981,images/img_pili/20201211030533905.,1,Pillar Hydrant,119,Titiwangsa,0000-00-00,0,89,KUALA  LUMPUR (WP),53aa1806-b81f-4985-8066-6a9cf92f1446
567016,692df984-f6c4-4294-b46f-9bb2306577ad,c4a96c5b-759e-4542-a2be-651f4b0d596c,471,KLC,A,058,KLC-A-058,"DEPAN RUMAH NO 13,LORONG KIRI 9 JALAN DATUK KERAMAT","DEPAN RUMAH NO 13,LORONG KIRI 9 JALAN DATUK KERAMAT",1,Hadapan,3.168704,101.725496,7,55c38deb-aae3-44c5-bfac-0bb919effec4,Wilayah Persekutuan Kuala Lumpur,137,WP Kuala Lumpur,1,Awam,1,Berfungsi,778.915,images/img_pili/20201211031506618.,1,Pillar Hydrant,119,Titiwangsa,0000-00-00,0,89,KUALA  LUMPUR (WP),53aa1806-b81f-4985-8066-6a9cf92f1446
567017,402b58b5-3dff-48d4-a01b-c27a3c1d2acd,c4a96c5b-759e-4542-a2be-651f4b0d596c,471,KLC,A,059,KLC-A-059,"DEPAN RUMAH NO 14 ,LORONG KIRI 15 JALAN DATUK KERAMAT","DEPAN RUMAH NO 14 ,LORONG KIRI 15 JALAN DATUK KERAMAT",1,Hadapan,3.167312,101.725823,7,55c38deb-aae3-44c5-bfac-0bb919effec4,Wilayah Persekutuan Kuala Lumpur,137,WP Kuala Lumpur,1,Awam,1,Berfungsi,778.915,images/img_pili/20201211032006369.,1,Pillar Hydrant,119,Titiwangsa,0000-00-00,0,89,KUALA  LUMPUR (WP),53aa1806-b81f-4985-8066-6a9cf92f1446
567018,3055d3dd-1221-4611-91f7-b2b6632dad09,c4a96c5b-759e-4542-a2be-651f4b0d596c,471,KLC,A,060,KLC-A-060,"DEPAN RUMAH NO 16,LORONG KIRI 14 JALAN DATUK KERAMAT","DEPAN RUMAH NO 16,LORONG KIRI 14 JALAN DATUK KERAMAT",1,Hadapan,3.167074,101.72643,7,55c38deb-aae3-44c5-bfac-0bb919effec4,Wilayah Persekutuan Kuala Lumpur,137,WP Kuala Lumpur,1,Awam,1,Berfungsi,635.981,images/img_pili/20201211032403448.,1,Pillar Hydrant,119,Titiwangsa,0000-00-00,0,89,KUALA  LUMPUR (WP),53aa1806-b81f-4985-8066-6a9cf92f1446
567019,51f2feb8-c825-418c-8098-04d4717bb987,c4a96c5b-759e-4542-a2be-651f4b0d596c,471,KLC,A,061,KLC-A-061,"DEPAN RUMAH NO 2,LORONG KIRI 14 JALAN DATUK KERAMAT","DEPAN RUMAH NO 2,LORONG KIRI 14 JALAN DATUK KERAMAT",1,Hadapan,3.167816,101.726419,7,55c38deb-aae3-44c5-bfac-0bb919effec4,Wilayah Persekutuan Kuala Lumpur,137,WP Kuala Lumpur,1,Awam,1,Berfungsi,635.981,images/img_pili/20201211032648779.,1,Pillar Hydrant,119,Titiwangsa,0000-00-00,0,89,KUALA  LUMPUR (WP),53aa1806-b81f-4985-8066-6a9cf92f1446
567445,76a5265f-1b4d-49d4-9947-d1e723528236,c4a96c5b-759e-4542-a2be-651f4b0d596c,471,KLC,A,062,KLC-A-062,LORONG KIRI 10 DEPAN RUMAH NO 13 JALAN DATUK KERAMAT,LORONG KIRI 10 DEPAN RUMAH NO 13 JALAN DATUK KERAMAT,1,Hadapan,3.168519,101.726158,7,55c38deb-aae3-44c5-bfac-0bb919effec4,Wilayah Persekutuan Kuala Lumpur,137,WP Kuala Lumpur,1,Awam,1,Berfungsi,635.981,images/img_pili/20201215130436449.,1,Pillar Hydrant,119,Titiwangsa,0000-00-00,0,89,KUALA  LUMPUR (WP),53aa1806-b81f-4985-8066-6a9cf92f1446
567446,2df856ac-7759-4920-bded-e4cf1f012172,c4a96c5b-759e-4542-a2be-651f4b0d596c,471,KLC,A,063,KLC-A-063,"LORONG KIRI 11, DEPAN RUMAH NOMBOR 10, JALAN DATUK KERAMAT",LORONG KIRI 11 JALAN DATUK KERAMAT,1,Hadapan,3.101363,101.435923,7,55c38deb-aae3-44c5-bfac-0bb919effec4,Wilayah Persekutuan Kuala Lumpur,137,WP Kuala Lumpur,1,Awam,1,Berfungsi,635.981,images/img_pili/20201215130655213.,1,Pillar Hydrant,119,Titiwangsa,0000-00-00,0,89,KUALA  LUMPUR (WP),53aa1806-b81f-4985-8066-6a9cf92f1446
567447,6025dae2-224f-4f6d-b230-f4dda6840066,c4a96c5b-759e-4542-a2be-651f4b0d596c,471,KLC,A,064,KLC-A-064,LORONG KIRI 11 DEPAN RUMAH NO 10JALAN DATUK KERAMAT,LORONG KIRI 11 DEPAN RUMAH NO 10JALAN DATUK KERAMAT,1,Hadapan,3.168967,101.726606,7,55c38deb-aae3-44c5-bfac-0bb919effec4,Wilayah Persekutuan Kuala Lumpur,137,WP Kuala Lumpur,1,Awam,1,Berfungsi,635.981,images/img_pili/20201215131414890.,1,Pillar Hydrant,119,Titiwangsa,0000-00-00,0,89,KUALA  LUMPUR (WP),53aa1806-b81f-4985-8066-6a9cf92f1446
567463,99c6d80e-9b60-4197-a093-f68b847d0304,c4a96c5b-759e-4542-a2be-651f4b0d596c,471,KLC,A,065,KLC-A-065,"LORONG KIRI 13,DEPAN RUMAH NO 19 JALAN DATUK KERAMAT","LORONG KIRI 13,DEPAN RUMAH NO 19 JALAN DATUK KERAMAT",1,Hadapan,3.167238,101.727043,7,55c38deb-aae3-44c5-bfac-0bb919effec4,Wilayah Persekutuan Kuala Lumpur,137,WP Kuala Lumpur,1,Awam,1,Berfungsi,635.981,images/img_pili/20201215140155461.,1,Pillar Hydrant,119,Titiwangsa,0000-00-00,0,89,KUALA  LUMPUR (WP),53aa1806-b81f-4985-8066-6a9cf92f1446
567465,b33fb290-efc7-4d4e-90ab-4a53f1b844fe,c4a96c5b-759e-4542-a2be-651f4b0d596c,471,KLC,A,066,KLC-A-066,"LORONG KIRI 12, DEWAN MASYARAKAT PERSATUAN LORONG-LORONG KIRI",,1,Hadapan,3.10097,101.436386,7,55c38deb-aae3-44c5-bfac-0bb919effec4,Wilayah Persekutuan Kuala Lumpur,137,WP Kuala Lumpur,1,Awam,1,Berfungsi,635.981,images/img_pili/20201215140426964.,1,Pillar Hydrant,119,Titiwangsa,0000-00-00,0,89,KUALA  LUMPUR (WP),53aa1806-b81f-4985-8066-6a9cf92f1446
567470,f2263382-2596-43d5-a5b0-bf36f4c7d8c2,c4a96c5b-759e-4542-a2be-651f4b0d596c,471,KLC,A,067,KLC-A-067,"LORONG KIRI 12,DEPAN RUMAH NO 22 JALAN DATUK KERAMAT","LORONG KIRI 12,DEPAN RUMAH NO 22 JALAN DATUK KERAMAT",1,Hadapan,3.167303,101.727573,7,55c38deb-aae3-44c5-bfac-0bb919effec4,Wilayah Persekutuan Kuala Lumpur,137,WP Kuala Lumpur,1,Awam,1,Berfungsi,635.981,images/img_pili/20201215141247171.,1,Pillar Hydrant,119,Titiwangsa,0000-00-00,0,89,KUALA  LUMPUR (WP),53aa1806-b81f-4985-8066-6a9cf92f1446
567472,34ff368f-ae95-42f6-b4dd-b36e0080cd0f,c4a96c5b-759e-4542-a2be-651f4b0d596c,471,KLC,A,068,KLC-A-068,JALAN DATO KERAMAT JALAN GURNEY,JALAN DATO KERAMAT JALAN GURNEY,1,Hadapan,3.170386,101.727607,7,55c38deb-aae3-44c5-bfac-0bb919effec4,Wilayah Persekutuan Kuala Lumpur,137,WP Kuala Lumpur,1,Awam,1,Berfungsi,635.981,images/img_pili/20201215141740991.,1,Pillar Hydrant,119,Titiwangsa,0000-00-00,0,89,KUALA  LUMPUR (WP),53aa1806-b81f-4985-8066-6a9cf92f1446
567473,894bd3c2-8c66-41ad-9150-db62493487ee,c4a96c5b-759e-4542-a2be-651f4b0d596c,471,KLC,A,069,KLC-A-069,DEPAN DIDI CONER JALAN KERAMAT,DEPAN DIDI CONER JALAN KERAMAT,1,Hadapan,3.166954,101.729542,7,55c38deb-aae3-44c5-bfac-0bb919effec4,Wilayah Persekutuan Kuala Lumpur,137,WP Kuala Lumpur,1,Awam,1,Berfungsi,635.981,images/img_pili/20201215142310466.,1,Pillar Hydrant,119,Titiwangsa,0000-00-00,0,89,KUALA  LUMPUR (WP),53aa1806-b81f-4985-8066-6a9cf92f1446
567490,3f3db0fe-8691-409d-aa39-672acc9f9477,c4a96c5b-759e-4542-a2be-651f4b0d596c,471,KLC,A,070,KLC-A-070,DEPAN KEDAI SALON RAMBUT JALAN KERAMAT,DEPAN KEDAI SALON RAMBUT JALAN KERAMAT,1,Hadapan,3.166443,101.730469,7,55c38deb-aae3-44c5-bfac-0bb919effec4,Wilayah Persekutuan Kuala Lumpur,137,WP Kuala Lumpur,1,Awam,1,Berfungsi,635.981,images/img_pili/20201215145342665.,1,Pillar Hydrant,119,Titiwangsa,0000-00-00,0,89,KUALA  LUMPUR (WP),53aa1806-b81f-4985-8066-6a9cf92f1446
567493,641ea6b8-9370-4023-9c49-6a9fdbc90480,c4a96c5b-759e-4542-a2be-651f4b0d596c,471,KLC,A,071,KLC-A-071,LORONG KERAMAT DEPAN RUMAH NO 79,LORONG KERAMAT DEPAN RUMAH NO 79,1,Hadapan,3.165462,101.725193,7,55c38deb-aae3-44c5-bfac-0bb919effec4,Wilayah Persekutuan Kuala Lumpur,137,WP Kuala Lumpur,1,Awam,2,Tidak Berfungsi,0,images/img_pili/20201215145742509.,1,Pillar Hydrant,119,Titiwangsa,0000-00-00,0,89,KUALA  LUMPUR (WP),53aa1806-b81f-4985-8066-6a9cf92f1446
567495,b5157c7f-3586-4863-92e4-4efdf98592ba,c4a96c5b-759e-4542-a2be-651f4b0d596c,471,KLC,A,072,KLC-A-072,LORONG KERAMAT DEPAN RUMAH NO 27,LORONG KERAMAT DEPAN RUMAH NO 27,1,Hadapan,3.166026,101.725084,7,55c38deb-aae3-44c5-bfac-0bb919effec4,Wilayah Persekutuan Kuala Lumpur,137,WP Kuala Lumpur,1,Awam,1,Berfungsi,635.981,images/img_pili/20201215145956374.,1,Pillar Hydrant,119,Titiwangsa,0000-00-00,0,89,KUALA  LUMPUR (WP),53aa1806-b81f-4985-8066-6a9cf92f1446
567497,33beda26-ae8a-4a19-9e8d-1e3d82d0263b,c4a96c5b-759e-4542-a2be-651f4b0d596c,471,KLC,A,073,KLC-A-073,LORONG KERAMAT 2 DEPAN RUMAH NO 502,LORONG KERAMAT 2 DEPAN RUMAH NO 500,1,Hadapan,3.100022,101.435305,7,55c38deb-aae3-44c5-bfac-0bb919effec4,Wilayah Persekutuan Kuala Lumpur,137,WP Kuala Lumpur,1,Awam,1,Berfungsi,635.981,images/img_pili/20201215150230416.,1,Pillar Hydrant,119,Titiwangsa,0000-00-00,0,89,KUALA  LUMPUR (WP),53aa1806-b81f-4985-8066-6a9cf92f1446
567499,afc4d968-c44d-4aa5-a56d-c6112d925480,c4a96c5b-759e-4542-a2be-651f4b0d596c,471,KLC,A,074,KLC-A-074,LORONG KERAMAT 2 DEPAN RUMAH NO. 90A,DEPAN RUMAH NO 14,1,Hadapan,3.100098,101.435211,7,55c38deb-aae3-44c5-bfac-0bb919effec4,Wilayah Persekutuan Kuala Lumpur,137,WP Kuala Lumpur,1,Awam,1,Berfungsi,449.707,images/img_pili/20201215150424706.,1,Pillar Hydrant,119,Titiwangsa,0000-00-00,0,89,KUALA  LUMPUR (WP),53aa1806-b81f-4985-8066-6a9cf92f1446
567501,f3cb956d-f132-4f89-baf9-febd7091cbfc,c4a96c5b-759e-4542-a2be-651f4b0d596c,471,KLC,A,075,KLC-A-075,LORONG KERAMAT 2 DEPAN RUMAH NO 94,LORONG KERAMAT 2 DEPAN RUMAH NO 94,1,Hadapan,3.166529,101.725518,7,55c38deb-aae3-44c5-bfac-0bb919effec4,Wilayah Persekutuan Kuala Lumpur,137,WP Kuala Lumpur,1,Awam,2,Tidak Berfungsi,0,images/img_pili/20201215150617328.,1,Pillar Hydrant,119,Titiwangsa,0000-00-00,0,45,KUALA LMPUR (WP),08d3c005-65d8-4c9b-b86d-53759fd3dff4
567504,9f5d1fba-d770-4a0c-aaf8-8efd79e18c81,c4a96c5b-759e-4542-a2be-651f4b0d596c,471,KLC,A,076,KLC-A-076,LORONG KERAMAT 3 DEPAN RUMAH NO. 504,LORONG KERAMAT 3 DEPAN RUMAH NO 405,1,Hadapan,3.166472,101.726062,7,55c38deb-aae3-44c5-bfac-0bb919effec4,Wilayah Persekutuan Kuala Lumpur,137,WP Kuala Lumpur,1,Awam,2,Tidak Berfungsi,0,images/img_pili/20201215150859177.,1,Pillar Hydrant,119,Titiwangsa,0000-00-00,0,89,KUALA  LUMPUR (WP),53aa1806-b81f-4985-8066-6a9cf92f1446
567507,3f46964b-dae4-4a1b-bfba-6b45fddf25b8,c4a96c5b-759e-4542-a2be-651f4b0d596c,471,KLC,A,077,KLC-A-077,LORONG KERAMAT 3 DEPAN RUMAH NO 129,LORONG KERAMAT 3 DEPAN RUMAH NO 129,1,Hadapan,3.165484,101.726254,7,55c38deb-aae3-44c5-bfac-0bb919effec4,Wilayah Persekutuan Kuala Lumpur,137,WP Kuala Lumpur,1,Awam,2,Tidak Berfungsi,0,images/img_pili/20201215151222461.,1,Pillar Hydrant,119,Titiwangsa,0000-00-00,0,89,KUALA  LUMPUR (WP),53aa1806-b81f-4985-8066-6a9cf92f1446
567511,fffc56ef-554c-40d8-9902-9a05e2e1be75,c4a96c5b-759e-4542-a2be-651f4b0d596c,471,KLC,A,078,KLC-A-078,LORONG KERAMAT 4 DEPAN TADIKA HASNAH,LORONG KERAMAT 4 DEPAN TADIKA HASNAH,1,Hadapan,3.165285,101.726841,7,55c38deb-aae3-44c5-bfac-0bb919effec4,Wilayah Persekutuan Kuala Lumpur,137,WP Kuala Lumpur,1,Awam,2,Tidak Berfungsi,0,images/img_pili/20201215151622672.,1,Pillar Hydrant,119,Titiwangsa,0000-00-00,0,89,KUALA  LUMPUR (WP),53aa1806-b81f-4985-8066-6a9cf92f1446
567512,ac9ff2a7-dfd6-4eb5-9e63-db8be1a0dc01,c4a96c5b-759e-4542-a2be-651f4b0d596c,471,KLC,A,079,KLC-A-079,PERSIARAN KERAMAT DEPAN RUMAH N0 10,PERSIARAN KERAMAT DEPAN RUMAH N0 10,1,Hadapan,3.168721,101.727699,7,55c38deb-aae3-44c5-bfac-0bb919effec4,Wilayah Persekutuan Kuala Lumpur,137,WP Kuala Lumpur,1,Awam,2,Tidak Berfungsi,0,images/img_pili/20201215152018443.,1,Pillar Hydrant,119,Titiwangsa,0000-00-00,0,89,KUALA  LUMPUR (WP),53aa1806-b81f-4985-8066-6a9cf92f1446
567513,ae2bb26b-b2cc-4add-aa23-affe532651e7,c4a96c5b-759e-4542-a2be-651f4b0d596c,471,KLC,A,080,KLC-A-080,LORONG KERAMAT 4 DEPAN RUMAH NO 1,LORONG KERAMAT 4 DEPAN RUMAH NO 1,1,Hadapan,3.16687,101.726583,7,55c38deb-aae3-44c5-bfac-0bb919effec4,Wilayah Persekutuan Kuala Lumpur,137,WP Kuala Lumpur,1,Awam,1,Berfungsi,1011.84,images/img_pili/20201215152347664.,1,Pillar Hydrant,119,Titiwangsa,0000-00-00,0,89,KUALA  LUMPUR (WP),53aa1806-b81f-4985-8066-6a9cf92f1446
567514,6f570c91-5683-4a83-afe1-c99cda76b07b,c4a96c5b-759e-4542-a2be-651f4b0d596c,471,KLC,A,081,KLC-A-081,LORONG KERAMAT 4 DEPAN RUMAH NO 6,LORONG KERAMAT 4 DEPAN RUMAH NO 6,1,Hadapan,3.166683,101.726602,7,55c38deb-aae3-44c5-bfac-0bb919effec4,Wilayah Persekutuan Kuala Lumpur,137,WP Kuala Lumpur,1,Awam,2,Tidak Berfungsi,0,images/img_pili/20201215152545897.,1,Pillar Hydrant,119,Titiwangsa,0000-00-00,0,89,KUALA  LUMPUR (WP),53aa1806-b81f-4985-8066-6a9cf92f1446
567515,2fa3445a-b94e-44ed-a27f-63ff2b869cee,c4a96c5b-759e-4542-a2be-651f4b0d596c,471,KLC,A,082,KLC-A-082,LORONG KERAMAT 4 DEPAN RUMAH NO 25,LORONG KERAMAT 4 DEPAN RUMAH NO 25,1,Hadapan,3.165639,101.72679,7,55c38deb-aae3-44c5-bfac-0bb919effec4,Wilayah Persekutuan Kuala Lumpur,137,WP Kuala Lumpur,1,Awam,2,Tidak Berfungsi,0,images/img_pili/20201215152913968.,1,Pillar Hydrant,119,Titiwangsa,0000-00-00,0,89,KUALA  LUMPUR (WP),53aa1806-b81f-4985-8066-6a9cf92f1446
567516,e10f8975-2f0f-4014-9956-c4fa602dc590,c4a96c5b-759e-4542-a2be-651f4b0d596c,471,KLC,A,083,KLC-A-083,LORONG KERAMAT 5 DEPAN RUMAH NO 16,LORONG KERAMAT 5 DEPAN RUMAH NO 16,1,Hadapan,3.166751,101.727316,7,55c38deb-aae3-44c5-bfac-0bb919effec4,Wilayah Persekutuan Kuala Lumpur,137,WP Kuala Lumpur,1,Awam,1,Berfungsi,635.981,images/img_pili/20201215153503746.,1,Pillar Hydrant,119,Titiwangsa,0000-00-00,0,89,KUALA  LUMPUR (WP),53aa1806-b81f-4985-8066-6a9cf92f1446
567517,c5c20846-ee66-4378-962c-73628aadfbcb,c4a96c5b-759e-4542-a2be-651f4b0d596c,471,KLC,A,084,KLC-A-084,LORONG KERAMAT 5 DEPAN RUMAH NO 653,LORONG KERAMAT 5 DEPAN RUMAH NO 653,1,Hadapan,3.166306,101.727412,7,55c38deb-aae3-44c5-bfac-0bb919effec4,Wilayah Persekutuan Kuala Lumpur,137,WP Kuala Lumpur,1,Awam,1,Berfungsi,635.981,images/img_pili/20201215153717613.,1,Pillar Hydrant,119,Titiwangsa,0000-00-00,0,89,KUALA  LUMPUR (WP),53aa1806-b81f-4985-8066-6a9cf92f1446
567519,a0c64a87-9801-48ce-bb6c-a4b74a3c37c4,c4a96c5b-759e-4542-a2be-651f4b0d596c,471,KLC,A,085,KLC-A-085,LORONG KERAMAT 5 DEPAN RUMAH NO 82,LORONG KERAMAT 5 DEPAN RUMAH NO 82,1,Hadapan,3.166632,101.727351,7,55c38deb-aae3-44c5-bfac-0bb919effec4,Wilayah Persekutuan Kuala Lumpur,137,WP Kuala Lumpur,1,Awam,1,Berfungsi,635.981,images/img_pili/20201215154159673.,1,Pillar Hydrant,119,Titiwangsa,0000-00-00,0,89,KUALA  LUMPUR (WP),53aa1806-b81f-4985-8066-6a9cf92f1446
567520,34fb4f2f-e3f3-42c2-8556-4ac6f43cb019,c4a96c5b-759e-4542-a2be-651f4b0d596c,471,KLC,A,086,KLC-A-086,LORONG KERAMAT 7 DEPAN RUMAH NO 729A,LORONG KERAMAT 7 DEPAN RUMAH NO 729A,1,Hadapan,3.166678,101.727912,7,55c38deb-aae3-44c5-bfac-0bb919effec4,Wilayah Persekutuan Kuala Lumpur,137,WP Kuala Lumpur,1,Awam,1,Berfungsi,635.981,images/img_pili/20201215154826812.,1,Pillar Hydrant,119,Titiwangsa,0000-00-00,0,89,KUALA  LUMPUR (WP),53aa1806-b81f-4985-8066-6a9cf92f1446
567521,25814a07-57c1-4fb1-b418-147dadc6ccde,c4a96c5b-759e-4542-a2be-651f4b0d596c,471,KLC,A,087,KLC-A-087,LORONG KERAMAT 20 DEPAN RUMAH NO 30,LORONG KERAMAT 20 DEPAN RUMAH NO 30,1,Hadapan,3.098505,101.435875,7,55c38deb-aae3-44c5-bfac-0bb919effec4,Wilayah Persekutuan Kuala Lumpur,137,WP Kuala Lumpur,1,Awam,1,Berfungsi,635.981,images/img_pili/20201215155016711.,1,Pillar Hydrant,119,Titiwangsa,0000-00-00,0,89,KUALA  LUMPUR (WP),53aa1806-b81f-4985-8066-6a9cf92f1446
567522,471365a2-6870-444e-bdd5-f4e90b760f16,c4a96c5b-759e-4542-a2be-651f4b0d596c,471,KLC,A,088,KLC-A-088,LORONG KERAMAT 8 DEPAN RUMAH NO 511,LORONG KERAMAT 8 DEPAN RUMAH NO 511,1,Hadapan,3.166421,101.72846,7,55c38deb-aae3-44c5-bfac-0bb919effec4,Wilayah Persekutuan Kuala Lumpur,137,WP Kuala Lumpur,1,Awam,1,Berfungsi,635.981,images/img_pili/2020121515524113.,1,Pillar Hydrant,119,Titiwangsa,0000-00-00,0,89,KUALA  LUMPUR (WP),53aa1806-b81f-4985-8066-6a9cf92f1446
567523,6cf9198a-27c0-4671-8fb9-c0f40fe1a0fa,c4a96c5b-759e-4542-a2be-651f4b0d596c,471,KLC,A,089,KLC-A-089,LORONG KERAMAT 8 DEPAN RUMAH NO 5,LORONG KERAMAT 8 DEPAN RUMAH NO 5,1,Hadapan,3.165938,101.728517,7,55c38deb-aae3-44c5-bfac-0bb919effec4,Wilayah Persekutuan Kuala Lumpur,137,WP Kuala Lumpur,1,Awam,1,Berfungsi,635.981,images/img_pili/20201215155445579.,1,Pillar Hydrant,119,Titiwangsa,0000-00-00,0,89,KUALA  LUMPUR (WP),53aa1806-b81f-4985-8066-6a9cf92f1446
567525,e31125dd-cd2b-4902-ad30-1b04486d10ad,c4a96c5b-759e-4542-a2be-651f4b0d596c,471,KLC,A,090,KLC-A-090,LORONG KERAMAT 16  SIMPANG MASUK LORONG 16,LORONG KERAMAT 16  SIMPANG MASUK LORONG 16,1,Hadapan,3.165306,101.728389,7,55c38deb-aae3-44c5-bfac-0bb919effec4,Wilayah Persekutuan Kuala Lumpur,137,WP Kuala Lumpur,1,Awam,1,Berfungsi,635.981,images/img_pili/20201215155741953.,1,Pillar Hydrant,119,Titiwangsa,0000-00-00,0,89,KUALA  LUMPUR (WP),53aa1806-b81f-4985-8066-6a9cf92f1446
567536,e417ca7d-aa83-4b5f-a3a9-6533d706a156,c4a96c5b-759e-4542-a2be-651f4b0d596c,471,KLC,A,091,KLC-A-091,"LORONG KERAMAT 16,DEPAN RUMAH NO. 68",,1,Hadapan,3.164824,101.728014,7,55c38deb-aae3-44c5-bfac-0bb919effec4,Wilayah Persekutuan Kuala Lumpur,137,WP Kuala Lumpur,1,Awam,1,Berfungsi,635.981,images/img_pili/20201215161824418.,1,Pillar Hydrant,119,Titiwangsa,0000-00-00,0,108,KUALA LUMPURA (WP),9e34d0e5-3888-45bb-b3f5-462f2a1519cf
567540,c38eafd8-91db-4bf3-80b4-ad67db6d2cb0,c4a96c5b-759e-4542-a2be-651f4b0d596c,471,KLC,A,092,KLC-A-092,"LORONG KERAMAT 17,DEPAN RUMAH NO.54",,1,Hadapan,3.165003,101.727851,7,55c38deb-aae3-44c5-bfac-0bb919effec4,Wilayah Persekutuan Kuala Lumpur,137,WP Kuala Lumpur,1,Awam,1,Berfungsi,635.981,images/img_pili/20201215162614589.,1,Pillar Hydrant,119,Titiwangsa,0000-00-00,0,108,KUALA LUMPURA (WP),9e34d0e5-3888-45bb-b3f5-462f2a1519cf
567548,b41688fa-288e-48c5-b07b-28dff9fe9066,c4a96c5b-759e-4542-a2be-651f4b0d596c,471,KLC,A,093,KLC-A-093,"LORONG KERAMAT 18,DEPAN RUMAH NO 46A",,1,Hadapan,3.164854,101.727322,7,55c38deb-aae3-44c5-bfac-0bb919effec4,Wilayah Persekutuan Kuala Lumpur,137,WP Kuala Lumpur,1,Awam,1,Berfungsi,635.981,images/img_pili/20201215164001508.,1,Pillar Hydrant,119,Titiwangsa,0000-00-00,0,108,KUALA LUMPURA (WP),9e34d0e5-3888-45bb-b3f5-462f2a1519cf
567550,2202c786-a986-4e96-918c-364edb13a838,c4a96c5b-759e-4542-a2be-651f4b0d596c,471,KLC,A,094,KLC-A-094,"LORONG KERAMAT 18,DEPAN RUMAH NO.44",,1,Hadapan,3.09874,101.436586,7,55c38deb-aae3-44c5-bfac-0bb919effec4,Wilayah Persekutuan Kuala Lumpur,137,WP Kuala Lumpur,1,Awam,1,Berfungsi,635.981,images/img_pili/20201215164305833.,1,Pillar Hydrant,119,Titiwangsa,0000-00-00,0,108,KUALA LUMPURA (WP),9e34d0e5-3888-45bb-b3f5-462f2a1519cf
567555,56514e6e-f1e0-4037-aa44-f3074acca3e8,c4a96c5b-759e-4542-a2be-651f4b0d596c,471,KLC,A,095,KLC-A-095,"LORONG KERAMAT 19,DEPAN RUMAH NO.40",,1,Hadapan,3.165038,101.726772,7,55c38deb-aae3-44c5-bfac-0bb919effec4,Wilayah Persekutuan Kuala Lumpur,137,WP Kuala Lumpur,1,Awam,1,Berfungsi,1430.96,images/img_pili/20201215164818533.,1,Pillar Hydrant,119,Titiwangsa,0000-00-00,0,108,KUALA LUMPURA (WP),9e34d0e5-3888-45bb-b3f5-462f2a1519cf
567559,8c2d39a6-da5f-42e4-80ed-50d0b6695237,c4a96c5b-759e-4542-a2be-651f4b0d596c,471,KLC,A,096,KLC-A-096,"LORONG KERAMAT 20,DEPAN RUMAH NO.21",,1,Hadapan,3.164494,101.726369,7,55c38deb-aae3-44c5-bfac-0bb919effec4,Wilayah Persekutuan Kuala Lumpur,137,WP Kuala Lumpur,1,Awam,1,Berfungsi,1430.96,images/img_pili/2020121516542833.,1,Pillar Hydrant,119,Titiwangsa,0000-00-00,0,1,KUALA LUMPUR (WP),88beb013-6a67-4936-9afd-b84a072cb60f
567561,774ba9c0-0bf1-4cd5-84d8-01acaaa44152,c4a96c5b-759e-4542-a2be-651f4b0d596c,471,KLC,A,097,KLC-A-097,LORONG KERAMAT 21 DEPAN RUMAH NO. 15,,1,Hadapan,3.164931,101.725745,7,55c38deb-aae3-44c5-bfac-0bb919effec4,Wilayah Persekutuan Kuala Lumpur,137,WP Kuala Lumpur,1,Awam,1,Berfungsi,1430.96,images/img_pili/20201215165751206.,1,Pillar Hydrant,119,Titiwangsa,0000-00-00,0,1,KUALA LUMPUR (WP),88beb013-6a67-4936-9afd-b84a072cb60f
567563,a90a184a-bf31-4a53-880c-fffef4d43490,c4a96c5b-759e-4542-a2be-651f4b0d596c,471,KLC,A,098,KLC-A-098,LORONG KERAMAT 22 SIMPANG MASUK LORONG 22,,4,Tepi,3.164871,101.725191,7,55c38deb-aae3-44c5-bfac-0bb919effec4,Wilayah Persekutuan Kuala Lumpur,137,WP Kuala Lumpur,1,Awam,1,Berfungsi,1430.96,images/img_pili/20201215170326286.,1,Pillar Hydrant,119,Titiwangsa,0000-00-00,0,1,KUALA LUMPUR (WP),88beb013-6a67-4936-9afd-b84a072cb60f
567565,729ac230-b7c8-43a0-bf4f-0c397cf2d4ae,c4a96c5b-759e-4542-a2be-651f4b0d596c,471,KLC,A,099,KLC-A-099,"LORONG KERAMAT 22,DEPAN RUMAH NO.19",,1,Hadapan,3.164635,101.725253,7,55c38deb-aae3-44c5-bfac-0bb919effec4,Wilayah Persekutuan Kuala Lumpur,137,WP Kuala Lumpur,1,Awam,1,Berfungsi,1430.96,images/img_pili/20201215170716734.,1,Pillar Hydrant,119,Titiwangsa,0000-00-00,0,1,KUALA LUMPUR (WP),88beb013-6a67-4936-9afd-b84a072cb60f
567574,fcce8e84-8d54-425e-8d09-9e415e42c23d,c4a96c5b-759e-4542-a2be-651f4b0d596c,471,KLC,A,100,KLC-A-100,"STESEN PUTRA DAMAI, JALAN DATO KERAMAT","STESEN PUTRA DAMAI, JALAN DATO KERAMAT",4,Tepi,3.164755,101.723824,7,55c38deb-aae3-44c5-bfac-0bb919effec4,Wilayah Persekutuan Kuala Lumpur,137,WP Kuala Lumpur,2,Swasta,1,Berfungsi,1430.96,images/img_pili/20201215171814959.,1,Pillar Hydrant,119,Titiwangsa,0000-00-00,0,1,KUALA LUMPUR (WP),88beb013-6a67-4936-9afd-b84a072cb60f
568682,dcf8e4cc-5f36-4cb4-ad5b-60a8002b6c45,c4a96c5b-759e-4542-a2be-651f4b0d596c,471,KLC,A,101,KLC-A-101,STESEN PUTRA DAMAI JALAN DATUK KERAMAT,STESEN PUTRA DAMAI JALAN DATUK KERAMAT,1,Hadapan,3.164467,101.72436,7,55c38deb-aae3-44c5-bfac-0bb919effec4,Wilayah Persekutuan Kuala Lumpur,137,WP Kuala Lumpur,2,Swasta,1,Berfungsi,635.981,images/img_pili/20201222211426430.,1,Pillar Hydrant,119,Titiwangsa,0000-00-00,0,89,KUALA  LUMPUR (WP),53aa1806-b81f-4985-8066-6a9cf92f1446
568683,295c5568-5ea9-407c-b5e8-9f857a91e54f,c4a96c5b-759e-4542-a2be-651f4b0d596c,471,KLC,A,102,KLC-A-102,DEPAN STESEN MINYAK PETRON JALAN DATUK KERAMAT,DEPAN STESEN MINYAK PETRON JALAN DATUK KERAMAT,1,Hadapan,3.165357,101.728169,7,55c38deb-aae3-44c5-bfac-0bb919effec4,Wilayah Persekutuan Kuala Lumpur,137,WP Kuala Lumpur,1,Awam,1,Berfungsi,635.981,images/img_pili/20201222211825199.,1,Pillar Hydrant,119,Titiwangsa,0000-00-00,0,45,KUALA LMPUR (WP),08d3c005-65d8-4c9b-b86d-53759fd3dff4
568684,d42a52ec-7308-495a-861a-79670ddc3a1e,c4a96c5b-759e-4542-a2be-651f4b0d596c,471,KLC,A,103,KLC-A-103,KERAMAT MALL JALAN DATUK KERAMAT,KERAMAT MALL JALAN DATUK KERAMAT,1,Hadapan,3.098926,101.434668,7,55c38deb-aae3-44c5-bfac-0bb919effec4,Wilayah Persekutuan Kuala Lumpur,137,WP Kuala Lumpur,2,Swasta,1,Berfungsi,1430.96,images/img_pili/20201222212133671.,1,Pillar Hydrant,119,Titiwangsa,0000-00-00,0,89,KUALA  LUMPUR (WP),53aa1806-b81f-4985-8066-6a9cf92f1446
568685,db425598-ffe7-49d3-9932-9f408ecc7120,c4a96c5b-759e-4542-a2be-651f4b0d596c,471,KLC,A,104,KLC-A-104,KERAMAT MALL JALAN DATUK KERAMAT,KERAMAT MALL JALAN DATUK KERAMAT,1,Hadapan,3.164805,101.723737,7,55c38deb-aae3-44c5-bfac-0bb919effec4,Wilayah Persekutuan Kuala Lumpur,137,WP Kuala Lumpur,1,Awam,1,Berfungsi,1430.96,images/img_pili/20201222214003223.,1,Pillar Hydrant,119,Titiwangsa,0000-00-00,0,89,KUALA  LUMPUR (WP),53aa1806-b81f-4985-8066-6a9cf92f1446
568686,cbba16ff-2e7e-4a9e-895a-7726d6d15318,c4a96c5b-759e-4542-a2be-651f4b0d596c,471,KLC,A,105,KLC-A-105,BALAI FELDA,BALAI FELDA,1,Hadapan,3.10128,101.430326,7,55c38deb-aae3-44c5-bfac-0bb919effec4,Wilayah Persekutuan Kuala Lumpur,137,WP Kuala Lumpur,1,Awam,1,Berfungsi,1430.96,images/img_pili/20201222214210666.,1,Pillar Hydrant,119,Titiwangsa,0000-00-00,0,89,KUALA  LUMPUR (WP),53aa1806-b81f-4985-8066-6a9cf92f1446
568687,6f444d70-b0f4-45ca-9e7c-263e15fc625d,c4a96c5b-759e-4542-a2be-651f4b0d596c,471,KLC,A,106,KLC-A-106,"DEWAN MERAK KAYANGAN, BALAI FELDA",,2,Belakang,3.100348,101.430186,7,55c38deb-aae3-44c5-bfac-0bb919effec4,Wilayah Persekutuan Kuala Lumpur,137,WP Kuala Lumpur,1,Awam,2,Tidak Berfungsi,0,images/img_pili/20201222214343305.,1,Pillar Hydrant,119,Titiwangsa,0000-00-00,0,89,KUALA  LUMPUR (WP),53aa1806-b81f-4985-8066-6a9cf92f1446
568688,82641b3a-0a42-43ad-82ce-a82ab9509520,c4a96c5b-759e-4542-a2be-651f4b0d596c,471,KLC,A,107,KLC-A-107,BALAI FELDA,BALAI FELDA,4,Tepi,3.167864,101.717704,7,55c38deb-aae3-44c5-bfac-0bb919effec4,Wilayah Persekutuan Kuala Lumpur,137,WP Kuala Lumpur,1,Awam,2,Tidak Berfungsi,0,images/img_pili/20201222214616495.,1,Pillar Hydrant,119,Titiwangsa,0000-00-00,0,89,KUALA  LUMPUR (WP),53aa1806-b81f-4985-8066-6a9cf92f1446
568689,c2f92cf2-a94c-45a9-975f-d3505ed451d2,c4a96c5b-759e-4542-a2be-651f4b0d596c,471,KLC,A,108,KLC-A-108,SEKOLAH KEBANGSAAN DATUK KERAMAT JALAN DATUK KERAMAT,SEKOLAH KEBANGSAAN DATUK KERAMAT JALAN DATUK KERAMAT,1,Hadapan,3.165831,101.730075,7,55c38deb-aae3-44c5-bfac-0bb919effec4,Wilayah Persekutuan Kuala Lumpur,137,WP Kuala Lumpur,1,Awam,1,Berfungsi,1430.96,images/img_pili/20201222214926674.,1,Pillar Hydrant,119,Titiwangsa,0000-00-00,0,89,KUALA  LUMPUR (WP),53aa1806-b81f-4985-8066-6a9cf92f1446
568690,044d4954-1936-4b9a-a369-75186051e9e7,c4a96c5b-759e-4542-a2be-651f4b0d596c,471,KLC,A,109,KLC-A-109,SEKOLAH KEBANGSAAN AGAMA PEREMPUAN JALAN DATUK KERAMAT,SEKOLAH KEBANGSAAN AGAMA PEREMPUAN JALAN DATUK KERAMAT,1,Hadapan,3.16723,101.733823,7,55c38deb-aae3-44c5-bfac-0bb919effec4,Wilayah Persekutuan Kuala Lumpur,137,WP Kuala Lumpur,1,Awam,2,Tidak Berfungsi,0,images/img_pili/20201222215651935.,1,Pillar Hydrant,119,Titiwangsa,0000-00-00,0,89,KUALA  LUMPUR (WP),53aa1806-b81f-4985-8066-6a9cf92f1446
568691,55ed3dca-ac77-441c-9724-56ab890dce11,c4a96c5b-759e-4542-a2be-651f4b0d596c,471,KLC,A,110,KLC-A-110,SEKOLAH KEBANGSAAN AGAMA JALAN DATUK KERAMAT,SEKOLAH KEBANGSAAN AGAMA JALAN DATUK KERAMAT,3,Berhampiran,3.167389,101.734082,7,55c38deb-aae3-44c5-bfac-0bb919effec4,Wilayah Persekutuan Kuala Lumpur,137,WP Kuala Lumpur,1,Awam,2,Tidak Berfungsi,0,images/img_pili/20201222215923786.,1,Pillar Hydrant,119,Titiwangsa,0000-00-00,0,89,KUALA  LUMPUR (WP),53aa1806-b81f-4985-8066-6a9cf92f1446
568692,42175247-3ddd-4264-be80-2d968d4a8081,c4a96c5b-759e-4542-a2be-651f4b0d596c,471,KLC,A,111,KLC-A-111,DEPAN PINTU SEKOLAH KEBANGSAAN GURNEY 1,DEPAN PINTU SEKOLAH KEBANGSAAN GURNEY 1 DAN 2,1,Hadapan,3.168057,101.716501,7,55c38deb-aae3-44c5-bfac-0bb919effec4,Wilayah Persekutuan Kuala Lumpur,137,WP Kuala Lumpur,1,Awam,1,Berfungsi,635.981,images/img_pili/2020122222024072.,1,Pillar Hydrant,119,Titiwangsa,0000-00-00,0,89,KUALA  LUMPUR (WP),53aa1806-b81f-4985-8066-6a9cf92f1446
569184,1007f22d-26a1-4df4-b469-c9400b8598b7,c4a96c5b-759e-4542-a2be-651f4b0d596c,471,KLC,A,112,KLC-A-112,RESINDENCY CHYMES,RESIDENCY CHYMES GURNEY JALAN GURNEY,1,Hadapan,3.169642,101.72575,7,55c38deb-aae3-44c5-bfac-0bb919effec4,Wilayah Persekutuan Kuala Lumpur,137,WP Kuala Lumpur,2,Swasta,1,Berfungsi,635.981,images/img_pili/20201227125542902.,1,Pillar Hydrant,119,Titiwangsa,0000-00-00,0,1,KUALA LUMPUR (WP),88beb013-6a67-4936-9afd-b84a072cb60f
569188,a337da17-daee-49cf-b9e1-d6298555a4e2,c4a96c5b-759e-4542-a2be-651f4b0d596c,471,KLC,A,113,KLC-A-113,RESINDENCY CHYMES,RESIDENCY CHYMES GURNEY JALAN GURNEY,2,Belakang,3.167864,101.720106,7,55c38deb-aae3-44c5-bfac-0bb919effec4,Wilayah Persekutuan Kuala Lumpur,137,WP Kuala Lumpur,2,Swasta,1,Berfungsi,635.981,images/img_pili/20201227130014738.,1,Pillar Hydrant,119,Titiwangsa,0000-00-00,0,11,KUALALUMPUR (WP),e020035c-e1d1-481d-b224-6475deb88d49
569190,01a200db-b450-45b9-b49a-c6deee8a4993,c4a96c5b-759e-4542-a2be-651f4b0d596c,471,KLC,A,114,KLC-A-114,RESIDEN CHYMES,RESIDENCY CHYMES GURNEY JALAN GURNEY,2,Belakang,3.167864,101.720106,7,55c38deb-aae3-44c5-bfac-0bb919effec4,Wilayah Persekutuan Kuala Lumpur,137,WP Kuala Lumpur,2,Swasta,1,Berfungsi,635.981,images/img_pili/20201227130248902.,1,Pillar Hydrant,119,Titiwangsa,0000-00-00,0,202,KUALA LUMPUR,9e597da1-fbe5-4168-9f07-c4746f7466a9
569193,a652d604-0a16-4f96-9bb4-04aff52c6713,c4a96c5b-759e-4542-a2be-651f4b0d596c,471,KLC,A,115,KLC-A-115,RESIDENCY CHYMES,RESIDENCY CHYMES GURNEY JALAN GURNEY,2,Belakang,3.169628,101.72383,7,55c38deb-aae3-44c5-bfac-0bb919effec4,Wilayah Persekutuan Kuala Lumpur,137,WP Kuala Lumpur,2,Swasta,1,Berfungsi,635.981,images/img_pili/20201227130538675.,1,Pillar Hydrant,119,Titiwangsa,0000-00-00,0,202,KUALA LUMPUR,9e597da1-fbe5-4168-9f07-c4746f7466a9
563679,00ba6bac-996d-471b-8b97-9617c20f36a1,c4a96c5b-759e-4542-a2be-651f4b0d596c,471,KLC,B,001,KLC-B-001,"JALAN MURNI, ANJUNG DAMAI ",5,2,Belakang,3.164046,101.65974,7,55c38deb-aae3-44c5-bfac-0bb919effec4,Wilayah Persekutuan Kuala Lumpur,137,WP Kuala Lumpur,1,Awam,2,Tidak Berfungsi,0,images/img_pili/20201022151651879.,1,Pillar Hydrant,119,Titiwangsa,0000-00-00,0,202,KUALA LUMPUR,9e597da1-fbe5-4168-9f07-c4746f7466a9
563700,e89bb42d-66e4-46d1-9620-9bcffa914729,c4a96c5b-759e-4542-a2be-651f4b0d596c,471,KLC,B,002,KLC-B-002,"JALAN MURNI, ANJUNG DAMAI",10,2,Belakang,3.164054,101.719755,7,55c38deb-aae3-44c5-bfac-0bb919effec4,Wilayah Persekutuan Kuala Lumpur,137,WP Kuala Lumpur,1,Awam,1,Berfungsi,635.981,images/img_pili/20201022152710606.,1,Pillar Hydrant,119,Titiwangsa,0000-00-00,0,202,KUALA LUMPUR,9e597da1-fbe5-4168-9f07-c4746f7466a9
563704,9e8bbfc9-97bb-4e82-8771-aa74e2a78601,c4a96c5b-759e-4542-a2be-651f4b0d596c,471,KLC,B,003,KLC-B-003,JALAN MURNI ANJUNG DAMAI 5,NO 2,1,Hadapan,3.164011,101.719618,7,55c38deb-aae3-44c5-bfac-0bb919effec4,Wilayah Persekutuan Kuala Lumpur,137,WP Kuala Lumpur,2,Swasta,1,Berfungsi,635.981,images/img_pili/20201022153143949.,1,Pillar Hydrant,119,Titiwangsa,2021-11-03T08:00:00+08:00,0,1304,AMPANG (WP),e268222e-578d-4529-a1e0-91274aa01378
563705,87a831e8-f816-48da-ab99-ae7d2b2fe8af,c4a96c5b-759e-4542-a2be-651f4b0d596c,471,KLC,B,004,KLC-B-004,"JALAN MURNI, ANJUNG DAMAI 10",10,2,Belakang,3.163386,101.719831,7,55c38deb-aae3-44c5-bfac-0bb919effec4,Wilayah Persekutuan Kuala Lumpur,137,WP Kuala Lumpur,2,Swasta,2,Tidak Berfungsi,0,images/img_pili/20201022153409841.,1,Pillar Hydrant,119,Titiwangsa,2021-11-03T08:00:00+08:00,0,108,KUALA LUMPURA (WP),9e34d0e5-3888-45bb-b3f5-462f2a1519cf
563708,5f895bd2-2520-491f-896a-9ba90047f066,c4a96c5b-759e-4542-a2be-651f4b0d596c,471,KLC,B,005,KLC-B-005,"LORONG DAMAI 13, DAMAI 206 @ EMBESSY ROW",206,1,Hadapan,3.160874,101.728561,7,55c38deb-aae3-44c5-bfac-0bb919effec4,Wilayah Persekutuan Kuala Lumpur,137,WP Kuala Lumpur,1,Awam,1,Berfungsi,635.981,images/img_pili/20201022153901641.,1,Pillar Hydrant,119,Titiwangsa,0000-00-00,0,202,KUALA LUMPUR,9e597da1-fbe5-4168-9f07-c4746f7466a9
563710,7e85e185-a44d-493e-b9df-e981f57ba627,c4a96c5b-759e-4542-a2be-651f4b0d596c,471,KLC,B,006,KLC-B-006,"LORONG DAMAI 13, DAMAO 206@ EMBASSY ROW",206,2,Belakang,3.161373,101.728086,7,55c38deb-aae3-44c5-bfac-0bb919effec4,Wilayah Persekutuan Kuala Lumpur,137,WP Kuala Lumpur,2,Swasta,1,Berfungsi,635.981,images/img_pili/20201022154221714.,1,Pillar Hydrant,119,Titiwangsa,0000-00-00,0,108,KUALA LUMPURA (WP),9e34d0e5-3888-45bb-b3f5-462f2a1519cf
563714,82afd3fd-8ed0-4194-8e45-76e7f0ccfeaf,c4a96c5b-759e-4542-a2be-651f4b0d596c,471,KLC,B,007,KLC-B-007,"LORONG DAMAI 13, DAMAI 206 EMBASSY ROW",206,2,Belakang,3.161408,101.728455,7,55c38deb-aae3-44c5-bfac-0bb919effec4,Wilayah Persekutuan Kuala Lumpur,137,WP Kuala Lumpur,2,Swasta,1,Berfungsi,635.981,images/img_pili/20201022154655429.,1,Pillar Hydrant,119,Titiwangsa,0000-00-00,0,202,KUALA LUMPUR,9e597da1-fbe5-4168-9f07-c4746f7466a9
563718,066f093b-d08d-4c8d-a986-9ec5fe69efef,c4a96c5b-759e-4542-a2be-651f4b0d596c,471,KLC,B,008,KLC-B-008,"LORONG DAMAI 13, DAMAI 206 @ EMBESSY ROW",206,1,Hadapan,3.161281,101.728817,7,55c38deb-aae3-44c5-bfac-0bb919effec4,Wilayah Persekutuan Kuala Lumpur,137,WP Kuala Lumpur,2,Swasta,1,Berfungsi,635.981,images/img_pili/20201022155059925.,1,Pillar Hydrant,119,Titiwangsa,0000-00-00,0,108,KUALA LUMPURA (WP),9e34d0e5-3888-45bb-b3f5-462f2a1519cf
563724,22332aa2-c03a-41a4-b1b7-43e389b38f7d,c4a96c5b-759e-4542-a2be-651f4b0d596c,471,KLC,B,009,KLC-B-009,"LORONG DAMAI 13, DAMAI RESIDENT",,1,Hadapan,3.161381,101.728837,7,55c38deb-aae3-44c5-bfac-0bb919effec4,Wilayah Persekutuan Kuala Lumpur,137,WP Kuala Lumpur,1,Awam,1,Berfungsi,635.981,images/img_pili/20201022155740677.,1,Pillar Hydrant,119,Titiwangsa,0000-00-00,0,108,KUALA LUMPURA (WP),9e34d0e5-3888-45bb-b3f5-462f2a1519cf
563730,7c72177f-3515-4e00-98d7-743ce7c75e1d,c4a96c5b-759e-4542-a2be-651f4b0d596c,471,KLC,B,010,KLC-B-010,"2 TWELVE KONDOMINIUM, JALAN AMPANG",,1,Hadapan,3.161276,101.72742,7,55c38deb-aae3-44c5-bfac-0bb919effec4,Wilayah Persekutuan Kuala Lumpur,137,WP Kuala Lumpur,1,Awam,1,Berfungsi,635.981,images/img_pili/20201022160546580.,1,Pillar Hydrant,119,Titiwangsa,0000-00-00,0,202,KUALA LUMPUR,9e597da1-fbe5-4168-9f07-c4746f7466a9
563734,304126b4-8532-41cc-96ab-7340cc982be0,c4a96c5b-759e-4542-a2be-651f4b0d596c,471,KLC,B,011,KLC-B-011,"2 TWELVE KONDOMINIUM, JALAN AMPANG",,2,Belakang,3.161211,101.727416,7,55c38deb-aae3-44c5-bfac-0bb919effec4,Wilayah Persekutuan Kuala Lumpur,137,WP Kuala Lumpur,2,Swasta,1,Berfungsi,635.981,images/img_pili/20201022161058678.,1,Pillar Hydrant,119,Titiwangsa,0000-00-00,0,202,KUALA LUMPUR,9e597da1-fbe5-4168-9f07-c4746f7466a9
563736,d0c6f641-8e74-4ad3-b162-89c95c091185,c4a96c5b-759e-4542-a2be-651f4b0d596c,471,KLC,B,012,KLC-B-012,"2 TWELVE KONDOMINIUM, JALAN AMPANG",,2,Belakang,3.1614,101.727326,7,55c38deb-aae3-44c5-bfac-0bb919effec4,Wilayah Persekutuan Kuala Lumpur,137,WP Kuala Lumpur,2,Swasta,1,Berfungsi,635.981,images/img_pili/20201022161328123.,1,Pillar Hydrant,119,Titiwangsa,0000-00-00,0,202,KUALA LUMPUR,9e597da1-fbe5-4168-9f07-c4746f7466a9
563739,c9decb3d-701e-470e-b97a-ef6c19c70a97,c4a96c5b-759e-4542-a2be-651f4b0d596c,471,KLC,B,013,KLC-B-013,"2 TWELVE KONDOMINIUM, JALAN AMPANG",,1,Hadapan,3.16145,101.727309,7,55c38deb-aae3-44c5-bfac-0bb919effec4,Wilayah Persekutuan Kuala Lumpur,137,WP Kuala Lumpur,2,Swasta,1,Berfungsi,635.981,images/img_pili/20201022162551835.,1,Pillar Hydrant,119,Titiwangsa,0000-00-00,0,202,KUALA LUMPUR,9e597da1-fbe5-4168-9f07-c4746f7466a9
563741,b67c5614-3d4a-43d0-a94a-f45d641799f0,c4a96c5b-759e-4542-a2be-651f4b0d596c,471,KLC,B,014,KLC-B-014,"202 DC DESA CAHAYA, JALAN AMPANG",202 DC,1,Hadapan,3.160586,101.724884,7,55c38deb-aae3-44c5-bfac-0bb919effec4,Wilayah Persekutuan Kuala Lumpur,137,WP Kuala Lumpur,2,Swasta,1,Berfungsi,635.981,images/img_pili/20201022162812427.,1,Pillar Hydrant,119,Titiwangsa,0000-00-00,0,202,KUALA LUMPUR,9e597da1-fbe5-4168-9f07-c4746f7466a9
563747,e50c4f27-b639-450e-a501-a15a533aa32a,c4a96c5b-759e-4542-a2be-651f4b0d596c,471,KLC,B,015,KLC-B-015,"202 DC DESA CAHAYA, JALAN AMPANG",202 DC,2,Belakang,3.16041,101.724929,7,55c38deb-aae3-44c5-bfac-0bb919effec4,Wilayah Persekutuan Kuala Lumpur,137,WP Kuala Lumpur,2,Swasta,1,Berfungsi,635.981,images/img_pili/20201022164602274.,1,Pillar Hydrant,119,Titiwangsa,0000-00-00,0,202,KUALA LUMPUR,9e597da1-fbe5-4168-9f07-c4746f7466a9
564458,650425fc-b183-42ef-a405-a8d3dc68e668,c4a96c5b-759e-4542-a2be-651f4b0d596c,471,KLC,B,016,KLC-B-016,"202 DC DESA CAHAYA, JALAN AMPANG",202 DC,5,Kiri,3.16041,101.724929,7,55c38deb-aae3-44c5-bfac-0bb919effec4,Wilayah Persekutuan Kuala Lumpur,137,WP Kuala Lumpur,2,Swasta,1,Berfungsi,635.981,images/img_pili/20201103145201135.,1,Pillar Hydrant,119,Titiwangsa,0000-00-00,0,202,KUALA LUMPUR,9e597da1-fbe5-4168-9f07-c4746f7466a9
564459,4a2469b5-0fed-45cf-9ba8-7b00a796de59,c4a96c5b-759e-4542-a2be-651f4b0d596c,471,KLC,B,017,KLC-B-017,PERSIMPANGAN LORONG DAMAI 9,NO 9,1,Hadapan,3.1619,101.72492,7,55c38deb-aae3-44c5-bfac-0bb919effec4,Wilayah Persekutuan Kuala Lumpur,137,WP Kuala Lumpur,1,Awam,1,Berfungsi,635.981,images/img_pili/20201103145927674.,1,Pillar Hydrant,119,Titiwangsa,0000-00-00,0,202,KUALA LUMPUR,9e597da1-fbe5-4168-9f07-c4746f7466a9
564464,34fe89de-6834-451f-a291-8a37a24d4e66,c4a96c5b-759e-4542-a2be-651f4b0d596c,471,KLC,B,018,KLC-B-018,"JALAN TUN RAZAK, THE IINTERMARK MALL",,1,Hadapan,3.16054,101.71791,7,55c38deb-aae3-44c5-bfac-0bb919effec4,Wilayah Persekutuan Kuala Lumpur,137,WP Kuala Lumpur,2,Swasta,1,Berfungsi,778.915,images/img_pili/20201103150514592.,1,Pillar Hydrant,119,Titiwangsa,0000-00-00,0,202,KUALA LUMPUR,9e597da1-fbe5-4168-9f07-c4746f7466a9
564465,3c2ba814-c5b2-4c38-ad20-e802773977d2,c4a96c5b-759e-4542-a2be-651f4b0d596c,471,KLC,B,019,KLC-B-019,"JALAN TUN RAZAK, THE IINTERMARK MALL",,2,Belakang,3.16054,101.717911,7,55c38deb-aae3-44c5-bfac-0bb919effec4,Wilayah Persekutuan Kuala Lumpur,137,WP Kuala Lumpur,2,Swasta,1,Berfungsi,778.915,images/img_pili/20201103150752340.,1,Pillar Hydrant,119,Titiwangsa,0000-00-00,0,202,KUALA LUMPUR,9e597da1-fbe5-4168-9f07-c4746f7466a9
564466,bcd64e88-b209-4c1b-a66e-48d15dc13d60,c4a96c5b-759e-4542-a2be-651f4b0d596c,471,KLC,B,020,KLC-B-020,"JALAN TUN RAZAK, THE IINTERMARK MALL",,3,Berhampiran,3.16054,101.717911,7,55c38deb-aae3-44c5-bfac-0bb919effec4,Wilayah Persekutuan Kuala Lumpur,137,WP Kuala Lumpur,2,Swasta,1,Berfungsi,778.915,images/img_pili/20201103150930607.,1,Pillar Hydrant,119,Titiwangsa,0000-00-00,0,202,KUALA LUMPUR,9e597da1-fbe5-4168-9f07-c4746f7466a9
564468,0fd36f07-369d-444b-93cb-9ba6a8990049,c4a96c5b-759e-4542-a2be-651f4b0d596c,471,KLC,B,021,KLC-B-021,"JALAN TUN RAZAK, THE INTERMARK MALL",,5,Kiri,3.16054,101.717911,7,55c38deb-aae3-44c5-bfac-0bb919effec4,Wilayah Persekutuan Kuala Lumpur,137,WP Kuala Lumpur,2,Swasta,1,Berfungsi,778.915,images/img_pili/20201103151130220.,1,Pillar Hydrant,119,Titiwangsa,0000-00-00,0,202,KUALA LUMPUR,9e597da1-fbe5-4168-9f07-c4746f7466a9
564471,3e8ac265-b552-4610-a1f3-41c668b87ea7,c4a96c5b-759e-4542-a2be-651f4b0d596c,471,KLC,B,022,KLC-B-022,"JALAN TUN RAZAK, THE INTERMARK MALL",,6,Kanan,3.16054,101.717911,7,55c38deb-aae3-44c5-bfac-0bb919effec4,Wilayah Persekutuan Kuala Lumpur,137,WP Kuala Lumpur,2,Swasta,1,Berfungsi,635.981,images/img_pili/20201103151250937.,1,Pillar Hydrant,119,Titiwangsa,0000-00-00,0,202,KUALA LUMPUR,9e597da1-fbe5-4168-9f07-c4746f7466a9
564473,12f82f2e-4687-423f-bb33-51d33ef12548,c4a96c5b-759e-4542-a2be-651f4b0d596c,471,KLC,B,023,KLC-B-023,"JALAN TUN RAZAK, THE INTERMARK MALL",,7,Tengah,3.16054,101.717911,7,55c38deb-aae3-44c5-bfac-0bb919effec4,Wilayah Persekutuan Kuala Lumpur,137,WP Kuala Lumpur,2,Swasta,1,Berfungsi,635.981,images/img_pili/20201103151421647.,1,Pillar Hydrant,119,Titiwangsa,0000-00-00,0,202,KUALA LUMPUR,9e597da1-fbe5-4168-9f07-c4746f7466a9
564489,f2b6bc60-1ef2-42d9-bf02-89731851e7d3,c4a96c5b-759e-4542-a2be-651f4b0d596c,471,KLC,B,024,KLC-B-024,STATION MINYAK SHELL JALAN AMPANG,,1,Hadapan,3.160722,101.730538,7,55c38deb-aae3-44c5-bfac-0bb919effec4,Wilayah Persekutuan Kuala Lumpur,137,WP Kuala Lumpur,1,Awam,1,Berfungsi,635.981,images/img_pili/20201103153235346.,1,Pillar Hydrant,119,Titiwangsa,0000-00-00,0,202,KUALA LUMPUR,9e597da1-fbe5-4168-9f07-c4746f7466a9
564493,69bf3973-5610-4df9-aa78-e1008a47cac9,c4a96c5b-759e-4542-a2be-651f4b0d596c,471,KLC,B,025,KLC-B-025,RUMAH NO 59 JALAN DAMAI,NO 59,1,Hadapan,3.163252,101.722494,7,55c38deb-aae3-44c5-bfac-0bb919effec4,Wilayah Persekutuan Kuala Lumpur,137,WP Kuala Lumpur,1,Awam,1,Berfungsi,635.981,images/img_pili/20201103153533440.,1,Pillar Hydrant,119,Titiwangsa,0000-00-00,0,202,KUALA LUMPUR,9e597da1-fbe5-4168-9f07-c4746f7466a9
564512,8f31ff39-778d-4073-a35a-e5a4929cecdd,c4a96c5b-759e-4542-a2be-651f4b0d596c,471,KLC,B,026,KLC-B-026,RUMAH NO 7 LORONG DAMAI 6,NO 7,1,Hadapan,2.933778,101.752639,7,55c38deb-aae3-44c5-bfac-0bb919effec4,Wilayah Persekutuan Kuala Lumpur,137,WP Kuala Lumpur,1,Awam,1,Berfungsi,635.981,images/img_pili/20201103155941447.,2,Ground Hydrant,119,Titiwangsa,0000-00-00,0,202,KUALA LUMPUR,9e597da1-fbe5-4168-9f07-c4746f7466a9
564515,c370d47a-a0d2-4543-aca3-552e041d4e9e,c4a96c5b-759e-4542-a2be-651f4b0d596c,471,KLC,B,027,KLC-B-027,RUMAH NO 8 LORONG DAMAI 7,NO 8,1,Hadapan,3.163623,101.723732,7,55c38deb-aae3-44c5-bfac-0bb919effec4,Wilayah Persekutuan Kuala Lumpur,137,WP Kuala Lumpur,1,Awam,1,Berfungsi,635.981,images/img_pili/20201103160526289.,1,Pillar Hydrant,119,Titiwangsa,0000-00-00,0,202,KUALA LUMPUR,9e597da1-fbe5-4168-9f07-c4746f7466a9
564524,c33d16b6-333f-4a44-8a43-f6fd026d0714,c4a96c5b-759e-4542-a2be-651f4b0d596c,471,KLC,B,028,KLC-B-028,BERSEBELAHAN PADANG KELAB AMAN JALAN DAMAI,,1,Hadapan,3.168903,101.715238,7,55c38deb-aae3-44c5-bfac-0bb919effec4,Wilayah Persekutuan Kuala Lumpur,137,WP Kuala Lumpur,1,Awam,1,Berfungsi,635.981,images/img_pili/20201103161829543.,1,Pillar Hydrant,119,Titiwangsa,0000-00-00,0,202,KUALA LUMPUR,9e597da1-fbe5-4168-9f07-c4746f7466a9
566099,f6aed90e-8936-4215-b883-3f3939bdc24e,c4a96c5b-759e-4542-a2be-651f4b0d596c,471,KLC,B,029,KLC-B-029,DEPAN RUMAH NO.7 LORONG DAMAI 9,,1,Hadapan,3.162541,101.725496,7,55c38deb-aae3-44c5-bfac-0bb919effec4,Wilayah Persekutuan Kuala Lumpur,137,WP Kuala Lumpur,1,Awam,1,Berfungsi,635.981,images/img_pili/20201126142605115.,1,Pillar Hydrant,119,Titiwangsa,2018-03-14T08:00:00+08:00,0,1,KUALA LUMPUR (WP),88beb013-6a67-4936-9afd-b84a072cb60f
566104,5bb0aea0-9c0a-4992-a6ae-fa105955af76,c4a96c5b-759e-4542-a2be-651f4b0d596c,471,KLC,B,030,KLC-B-030,"RUMAH NO.15 , LORONG DAMAI 9",,1,Hadapan,3.162456,101.725518,7,55c38deb-aae3-44c5-bfac-0bb919effec4,Wilayah Persekutuan Kuala Lumpur,137,WP Kuala Lumpur,1,Awam,1,Berfungsi,635.981,images/img_pili/20201126145955633.,1,Pillar Hydrant,119,Titiwangsa,2018-03-14T08:00:00+08:00,0,1,KUALA LUMPUR (WP),88beb013-6a67-4936-9afd-b84a072cb60f
566843,4b1f1586-6b03-4943-ae62-5da1b9a6f7e2,c4a96c5b-759e-4542-a2be-651f4b0d596c,471,KLC,B,031,KLC-B-031,"MYHABITAT KONDOMINIUM , JALAN AMAN",,4,Tepi,3.160474,101.724884,7,55c38deb-aae3-44c5-bfac-0bb919effec4,Wilayah Persekutuan Kuala Lumpur,137,WP Kuala Lumpur,1,Awam,1,Berfungsi,635.981,images/img_pili/20201209133841516.,1,Pillar Hydrant,119,Titiwangsa,0000-00-00,0,202,KUALA LUMPUR,9e597da1-fbe5-4168-9f07-c4746f7466a9
566854,3031d902-0da5-4c58-9607-898eebf7037f,c4a96c5b-759e-4542-a2be-651f4b0d596c,471,KLC,B,032,KLC-B-032,LORONG DAMAI 12,NO 7,4,Tepi,3.160586,101.726015,7,55c38deb-aae3-44c5-bfac-0bb919effec4,Wilayah Persekutuan Kuala Lumpur,137,WP Kuala Lumpur,1,Awam,4,Hilang,,images/img_pili/20201209152814391.,1,Pillar Hydrant,119,Titiwangsa,0000-00-00,0,202,KUALA LUMPUR,9e597da1-fbe5-4168-9f07-c4746f7466a9
566971,b7b1db4c-2f56-47e9-b1bc-3ae285519882,c4a96c5b-759e-4542-a2be-651f4b0d596c,471,KLC,B,033,KLC-B-033,LORONG DAMAI 8,NO 6,1,Hadapan,3.161679,101.718333,7,55c38deb-aae3-44c5-bfac-0bb919effec4,Wilayah Persekutuan Kuala Lumpur,137,WP Kuala Lumpur,1,Awam,1,Berfungsi,635.981,images/img_pili/20201210171548812.,2,Ground Hydrant,119,Titiwangsa,0000-00-00,0,202,KUALA LUMPUR,9e597da1-fbe5-4168-9f07-c4746f7466a9
567518,30c9fced-cedf-472a-a65f-79bc135bac6d,c4a96c5b-759e-4542-a2be-651f4b0d596c,471,KLC,B,034,KLC-B-034,NO 4 LORONG DAMAI 10,NO 4,1,Hadapan,3.163485,101.725573,7,55c38deb-aae3-44c5-bfac-0bb919effec4,Wilayah Persekutuan Kuala Lumpur,137,WP Kuala Lumpur,1,Awam,1,Berfungsi,635.981,images/img_pili/20201215153841328.,2,Ground Hydrant,119,Titiwangsa,0000-00-00,0,1,KUALA LUMPUR (WP),88beb013-6a67-4936-9afd-b84a072cb60f
567564,aa8103ba-f01a-4606-b68f-a02994acc8d4,c4a96c5b-759e-4542-a2be-651f4b0d596c,471,KLC,B,035,KLC-B-035,JALAN DAMAI HADAPAN KELAB AMAN ,,1,Hadapan,3.160474,101.724884,7,55c38deb-aae3-44c5-bfac-0bb919effec4,Wilayah Persekutuan Kuala Lumpur,137,WP Kuala Lumpur,1,Awam,1,Berfungsi,635.981,images/img_pili/20201215170451429.,1,Pillar Hydrant,119,Titiwangsa,0000-00-00,0,202,KUALA LUMPUR,9e597da1-fbe5-4168-9f07-c4746f7466a9
567569,e2bce4ce-562c-47db-ba2d-43aa94131a02,c4a96c5b-759e-4542-a2be-651f4b0d596c,471,KLC,B,036,KLC-B-036,JALAN DAMAI SELEPAS GERAI SARAPAN PAGI,,4,Tepi,3.160474,101.724884,7,55c38deb-aae3-44c5-bfac-0bb919effec4,Wilayah Persekutuan Kuala Lumpur,137,WP Kuala Lumpur,1,Awam,1,Berfungsi,635.981,images/img_pili/20201215171253249.,1,Pillar Hydrant,119,Titiwangsa,0000-00-00,0,1,KUALA LUMPUR (WP),88beb013-6a67-4936-9afd-b84a072cb60f
567576,d9c4e660-360b-4c02-ab16-16fa2fed75d6,c4a96c5b-759e-4542-a2be-651f4b0d596c,471,KLC,B,037,KLC-B-037,"BERHADAPAN RUMAH 15B, JALAN DAMAI",15B,1,Hadapan,3.160474,101.724884,7,55c38deb-aae3-44c5-bfac-0bb919effec4,Wilayah Persekutuan Kuala Lumpur,137,WP Kuala Lumpur,1,Awam,1,Berfungsi,778.915,images/img_pili/20201215172319690.,1,Pillar Hydrant,119,Titiwangsa,0000-00-00,0,1,KUALA LUMPUR (WP),88beb013-6a67-4936-9afd-b84a072cb60f
567577,c83e1638-ed41-4852-8fee-b9cd18c10ef0,c4a96c5b-759e-4542-a2be-651f4b0d596c,471,KLC,B,038,KLC-B-038,"RAFFLES DESIGN COLLEGE, LORONG DAMAI 3",,1,Hadapan,3.098886,101.432458,7,55c38deb-aae3-44c5-bfac-0bb919effec4,Wilayah Persekutuan Kuala Lumpur,137,WP Kuala Lumpur,1,Awam,1,Berfungsi,778.915,images/img_pili/20201215174225254.,1,Pillar Hydrant,119,Titiwangsa,0000-00-00,0,1,KUALA LUMPUR (WP),88beb013-6a67-4936-9afd-b84a072cb60f
567763,c5136237-d8b4-494b-872c-0921dc7918d7,c4a96c5b-759e-4542-a2be-651f4b0d596c,471,KLC,B,039,KLC-B-039,"BERHADAPAN RUMAH BERNOMBOR 74B, JALAN DAMAI",74A,1,Hadapan,3.160474,101.724884,7,55c38deb-aae3-44c5-bfac-0bb919effec4,Wilayah Persekutuan Kuala Lumpur,137,WP Kuala Lumpur,1,Awam,1,Berfungsi,635.981,images/img_pili/20201217001905578.,2,Ground Hydrant,119,Titiwangsa,0000-00-00,0,1,KUALA LUMPUR (WP),88beb013-6a67-4936-9afd-b84a072cb60f
567766,65df63f6-8a56-482c-bb81-adadcc34ab3f,c4a96c5b-759e-4542-a2be-651f4b0d596c,471,KLC,B,040,KLC-B-040,"BERHADAPAN RUMAH NO. 4, LORONG DAMAI 4",RUMAH NO. 4,1,Hadapan,3.098804,101.433018,7,55c38deb-aae3-44c5-bfac-0bb919effec4,Wilayah Persekutuan Kuala Lumpur,137,WP Kuala Lumpur,1,Awam,1,Berfungsi,778.915,images/img_pili/2020121700235122.,2,Ground Hydrant,119,Titiwangsa,0000-00-00,0,1,KUALA LUMPUR (WP),88beb013-6a67-4936-9afd-b84a072cb60f
567778,00507c0c-5c61-447e-8842-dceb5ddb21cf,c4a96c5b-759e-4542-a2be-651f4b0d596c,471,KLC,B,041,KLC-B-041,"BERHADAPAN RUMAH NO 17, JALAN DAMAI",NO 17,1,Hadapan,3.160474,101.724884,7,55c38deb-aae3-44c5-bfac-0bb919effec4,Wilayah Persekutuan Kuala Lumpur,137,WP Kuala Lumpur,1,Awam,4,Hilang,,images/img_pili/20201217004110179.,1,Pillar Hydrant,119,Titiwangsa,0000-00-00,0,1,KUALA LUMPUR (WP),88beb013-6a67-4936-9afd-b84a072cb60f
567785,3eff26dc-2a0b-4a39-8a24-3eb677041c82,c4a96c5b-759e-4542-a2be-651f4b0d596c,471,KLC,B,042,KLC-B-042,"BERHADAPAN RUMAH NO 29C, JALAN DAMAI",NO 29c,1,Hadapan,3.160474,101.724884,7,55c38deb-aae3-44c5-bfac-0bb919effec4,Wilayah Persekutuan Kuala Lumpur,137,WP Kuala Lumpur,1,Awam,4,Hilang,,images/img_pili/20201217012133517.,1,Pillar Hydrant,119,Titiwangsa,0000-00-00,0,1,KUALA LUMPUR (WP),88beb013-6a67-4936-9afd-b84a072cb60f
567786,db10e88b-254d-47f5-a7ec-409e64654a91,c4a96c5b-759e-4542-a2be-651f4b0d596c,471,KLC,B,043,KLC-B-043,"BERHADAPAN RUMAH NO 41, JALAN DAMAI",NO 41,1,Hadapan,3.160474,101.724884,7,55c38deb-aae3-44c5-bfac-0bb919effec4,Wilayah Persekutuan Kuala Lumpur,137,WP Kuala Lumpur,1,Awam,4,Hilang,,images/img_pili/20201217012306794.,1,Pillar Hydrant,119,Titiwangsa,0000-00-00,0,1,KUALA LUMPUR (WP),88beb013-6a67-4936-9afd-b84a072cb60f
567787,3c9d9974-abd1-4101-896b-d22ec2ab81c2,c4a96c5b-759e-4542-a2be-651f4b0d596c,471,KLC,B,044,KLC-B-044,"BERHADAPAN TADIKA PERPADUAN KUATERS POLIS, JALAN DAMAI",NO 51,1,Hadapan,3.160474,101.724884,7,55c38deb-aae3-44c5-bfac-0bb919effec4,Wilayah Persekutuan Kuala Lumpur,137,WP Kuala Lumpur,1,Awam,1,Berfungsi,778.915,images/img_pili/20201217012705760.,1,Pillar Hydrant,119,Titiwangsa,0000-00-00,0,1,KUALA LUMPUR (WP),88beb013-6a67-4936-9afd-b84a072cb60f
569195,9f9a1945-0a8b-4860-bceb-8284a29b6e3b,c4a96c5b-759e-4542-a2be-651f4b0d596c,471,KLC,B,045,KLC-B-045,SRJKC CHUNG HWA JALAN DAMAI,,1,Hadapan,3.162827,101.724311,7,55c38deb-aae3-44c5-bfac-0bb919effec4,Wilayah Persekutuan Kuala Lumpur,137,WP Kuala Lumpur,1,Awam,1,Berfungsi,635.981,images/img_pili/20201227131943407.,1,Pillar Hydrant,119,Titiwangsa,0000-00-00,0,1,KUALA LUMPUR (WP),88beb013-6a67-4936-9afd-b84a072cb60f
569196,f2d8b4de-905d-4963-b192-a10dd68d1a22,c4a96c5b-759e-4542-a2be-651f4b0d596c,471,KLC,B,046,KLC-B-046,"TEMPAT LETAK KERETA JALAN DAMAI, HADAPAN SMK PUTERI AMPANG",,1,Hadapan,3.097871,101.437406,7,55c38deb-aae3-44c5-bfac-0bb919effec4,Wilayah Persekutuan Kuala Lumpur,137,WP Kuala Lumpur,1,Awam,1,Berfungsi,778.915,images/img_pili/20201227132239484.,1,Pillar Hydrant,119,Titiwangsa,0000-00-00,0,1,KUALA LUMPUR (WP),88beb013-6a67-4936-9afd-b84a072cb60f
569197,7977f56e-27e7-4333-9070-dcf8a7e0baab,c4a96c5b-759e-4542-a2be-651f4b0d596c,471,KLC,B,047,KLC-B-047,"PINTU BELAKANG SMK PUTERI AMPANG, LORONG DAMAI 13",,2,Belakang,3.162825,101.726708,7,55c38deb-aae3-44c5-bfac-0bb919effec4,Wilayah Persekutuan Kuala Lumpur,137,WP Kuala Lumpur,1,Awam,2,Tidak Berfungsi,0,images/img_pili/2020122713243786.,2,Ground Hydrant,119,Titiwangsa,0000-00-00,0,1,KUALA LUMPUR (WP),88beb013-6a67-4936-9afd-b84a072cb60f
569198,e16a74ef-6e9f-419e-a2de-5bd87d85cca6,c4a96c5b-759e-4542-a2be-651f4b0d596c,471,KLC,B,048,KLC-B-048,BALAI POLIS JALAN TUN RAZAK,,1,Hadapan,3.160446,101.720434,7,55c38deb-aae3-44c5-bfac-0bb919effec4,Wilayah Persekutuan Kuala Lumpur,137,WP Kuala Lumpur,1,Awam,1,Berfungsi,635.981,images/img_pili/20201227132729754.,1,Pillar Hydrant,119,Titiwangsa,0000-00-00,0,1,KUALA LUMPUR (WP),88beb013-6a67-4936-9afd-b84a072cb60f
569199,ce0cabcf-4fb1-4f4e-9a63-dcf6046088e6,c4a96c5b-759e-4542-a2be-651f4b0d596c,471,KLC,B,049,KLC-B-049,LORONG BELAKANG DOUBLE TREE INTERMARK JALAN TUN RAZAK,,2,Belakang,3.16169,101.71958,7,55c38deb-aae3-44c5-bfac-0bb919effec4,Wilayah Persekutuan Kuala Lumpur,137,WP Kuala Lumpur,2,Swasta,1,Berfungsi,778.915,images/img_pili/20201227133259656.,1,Pillar Hydrant,119,Titiwangsa,0000-00-00,0,1,KUALA LUMPUR (WP),88beb013-6a67-4936-9afd-b84a072cb60f
569200,eeb24f4d-b3f9-4977-a863-8603423d1b81,c4a96c5b-759e-4542-a2be-651f4b0d596c,471,KLC,B,050,KLC-B-050,"UNIT 1-6, NO 10 ANJUNG DAMAI, JALAN MURNI",No 1-6,4,Tepi,3.098345,101.431697,7,55c38deb-aae3-44c5-bfac-0bb919effec4,Wilayah Persekutuan Kuala Lumpur,137,WP Kuala Lumpur,2,Swasta,1,Berfungsi,778.915,images/img_pili/20201227133654516.,1,Pillar Hydrant,119,Titiwangsa,0000-00-00,0,1,KUALA LUMPUR (WP),88beb013-6a67-4936-9afd-b84a072cb60f
569201,7276d51a-ed79-4860-8463-04890182374d,c4a96c5b-759e-4542-a2be-651f4b0d596c,471,KLC,B,051,KLC-B-051,"UNIT 7-15, NO 10 ANJUNG DAMAI, JALAN MURNI",NO 7-15,4,Tepi,3.098413,101.431868,7,55c38deb-aae3-44c5-bfac-0bb919effec4,Wilayah Persekutuan Kuala Lumpur,137,WP Kuala Lumpur,2,Swasta,1,Berfungsi,778.915,images/img_pili/2020122713421940.,1,Pillar Hydrant,119,Titiwangsa,0000-00-00,0,1,KUALA LUMPUR (WP),88beb013-6a67-4936-9afd-b84a072cb60f
569202,128015f8-d203-4fd7-b2a3-0308456581e4,c4a96c5b-759e-4542-a2be-651f4b0d596c,471,KLC,B,052,KLC-B-052,AMWALK JALAN AMPANG,,4,Tepi,3.160779,101.725949,7,55c38deb-aae3-44c5-bfac-0bb919effec4,Wilayah Persekutuan Kuala Lumpur,137,WP Kuala Lumpur,1,Awam,1,Berfungsi,635.981,images/img_pili/20201227134541880.,1,Pillar Hydrant,119,Titiwangsa,0000-00-00,0,1,KUALA LUMPUR (WP),88beb013-6a67-4936-9afd-b84a072cb60f
569203,99394edc-6874-49c8-8f53-d690c5cee430,c4a96c5b-759e-4542-a2be-651f4b0d596c,471,KLC,B,053,KLC-B-053,LALUAN MASUK PARKING AMPWALK JALAN AMPANG,,7,Tengah,3.160614,101.728438,7,55c38deb-aae3-44c5-bfac-0bb919effec4,Wilayah Persekutuan Kuala Lumpur,137,WP Kuala Lumpur,1,Awam,1,Berfungsi,778.915,images/img_pili/20201227134754963.,1,Pillar Hydrant,119,Titiwangsa,0000-00-00,0,1,KUALA LUMPUR (WP),88beb013-6a67-4936-9afd-b84a072cb60f
569204,759508fa-2de1-4a38-a308-1804ef8283f3,c4a96c5b-759e-4542-a2be-651f4b0d596c,471,KLC,B,054,KLC-B-054,AMPWALK JALAN AMPANG,,6,Kanan,3.160614,101.728438,7,55c38deb-aae3-44c5-bfac-0bb919effec4,Wilayah Persekutuan Kuala Lumpur,137,WP Kuala Lumpur,1,Awam,1,Berfungsi,778.915,images/img_pili/20201227134930919.,1,Pillar Hydrant,119,Titiwangsa,0000-00-00,0,1,KUALA LUMPUR (WP),88beb013-6a67-4936-9afd-b84a072cb60f
569205,34c42dd2-1cbf-41a7-988c-beb96472f334,c4a96c5b-759e-4542-a2be-651f4b0d596c,471,KLC,B,055,KLC-B-055,"SUCASA HOTEL APARTMENTS , LORONG DAMAI 13",,1,Hadapan,3.096974,101.437397,7,55c38deb-aae3-44c5-bfac-0bb919effec4,Wilayah Persekutuan Kuala Lumpur,137,WP Kuala Lumpur,2,Swasta,1,Berfungsi,635.981,images/img_pili/2020122713513668.,1,Pillar Hydrant,119,Titiwangsa,0000-00-00,0,1,KUALA LUMPUR (WP),88beb013-6a67-4936-9afd-b84a072cb60f
569206,a3595fae-82c5-440d-96a0-f7743fc3c093,c4a96c5b-759e-4542-a2be-651f4b0d596c,471,KLC,B,056,KLC-B-056,"KEDUTAAN PERANCIS, JALAN AMPANG",,1,Hadapan,3.164029,101.716848,7,55c38deb-aae3-44c5-bfac-0bb919effec4,Wilayah Persekutuan Kuala Lumpur,137,WP Kuala Lumpur,1,Awam,2,Tidak Berfungsi,0,images/img_pili/20201227135510916.,1,Pillar Hydrant,119,Titiwangsa,0000-00-00,0,1,KUALA LUMPUR (WP),88beb013-6a67-4936-9afd-b84a072cb60f
563660,500c11ba-eac0-4b22-84de-1407610326d6,c4a96c5b-759e-4542-a2be-651f4b0d596c,471,KLC,C,001,KLC-C-001,"HADAPAN KEDUTAAN CHINA, JALAN AMPANG",,1,Hadapan,3.096031,101.436756,7,55c38deb-aae3-44c5-bfac-0bb919effec4,Wilayah Persekutuan Kuala Lumpur,137,WP Kuala Lumpur,1,Awam,1,Berfungsi,778.915,images/img_pili/20201022150347430.,1,Pillar Hydrant,119,Titiwangsa,0000-00-00,0,90,KUALU LUMPUR (WP),b4ee9692-5c33-4881-b53e-4b4e2dfd1147
563663,b20d3387-f57b-411c-87e9-c4e6fc74340d,c4a96c5b-759e-4542-a2be-651f4b0d596c,471,KLC,C,002,KLC-C-002,"NO. 213 , JALAN AMPANG (BRUNSFIELD EMBASSY VIEW)",NO 213,1,Hadapan,3.095985,101.435618,7,55c38deb-aae3-44c5-bfac-0bb919effec4,Wilayah Persekutuan Kuala Lumpur,137,WP Kuala Lumpur,1,Awam,1,Berfungsi,778.915,images/img_pili/2020102215054811.,2,Ground Hydrant,119,Titiwangsa,0000-00-00,0,1,KUALA LUMPUR (WP),88beb013-6a67-4936-9afd-b84a072cb60f
563695,67ea4550-1aef-479d-afe0-adc062564466,c4a96c5b-759e-4542-a2be-651f4b0d596c,471,KLC,C,003,KLC-C-003,"NO 217, LORONG AMPANG 2 , HADAPAN CONDOMINIUM SASTRA",NO 217,1,Hadapan,3.095147,101.43538,7,55c38deb-aae3-44c5-bfac-0bb919effec4,Wilayah Persekutuan Kuala Lumpur,137,WP Kuala Lumpur,1,Awam,2,Tidak Berfungsi,0,images/img_pili/20201022152505603.,1,Pillar Hydrant,119,Titiwangsa,0000-00-00,0,1,KUALA LUMPUR (WP),88beb013-6a67-4936-9afd-b84a072cb60f
563702,ccdf1a4b-506b-4b1c-a224-fec8b4a9ef4f,c4a96c5b-759e-4542-a2be-651f4b0d596c,471,KLC,C,004,KLC-C-004,"NO 78, LORONG AMPANG 2 CONDOMINIUM SASTRA",NO 78,1,Hadapan,3.095456,101.43543,7,55c38deb-aae3-44c5-bfac-0bb919effec4,Wilayah Persekutuan Kuala Lumpur,137,WP Kuala Lumpur,1,Awam,1,Berfungsi,778.915,images/img_pili/20201022152832546.,1,Pillar Hydrant,119,Titiwangsa,0000-00-00,0,1,KUALA LUMPUR (WP),88beb013-6a67-4936-9afd-b84a072cb60f
563706,391e4b93-e4a0-4b6c-a1ae-880615aae133,c4a96c5b-759e-4542-a2be-651f4b0d596c,471,KLC,C,005,KLC-C-005,"U-THANT RESIDEN, JALAN TAMAN U-THANT",U-THANT RESIDEN,2,Belakang,3.156839,101.725664,7,55c38deb-aae3-44c5-bfac-0bb919effec4,Wilayah Persekutuan Kuala Lumpur,137,WP Kuala Lumpur,1,Awam,1,Berfungsi,778.915,images/img_pili/20201022153633255.,1,Pillar Hydrant,119,Titiwangsa,0000-00-00,0,1,KUALA LUMPUR (WP),88beb013-6a67-4936-9afd-b84a072cb60f
563716,9e87aa10-46eb-4738-9f2b-ee2c3ef36715,c4a96c5b-759e-4542-a2be-651f4b0d596c,471,KLC,C,006,KLC-C-006,"U-THANT RESIDEN, JALAN TAMAN U-THANT",U-THANT RESIDEN,2,Belakang,3.15653,101.726296,7,55c38deb-aae3-44c5-bfac-0bb919effec4,Wilayah Persekutuan Kuala Lumpur,137,WP Kuala Lumpur,1,Awam,1,Berfungsi,635.981,images/img_pili/20201022154936722.,1,Pillar Hydrant,119,Titiwangsa,0000-00-00,0,89,KUALA  LUMPUR (WP),53aa1806-b81f-4985-8066-6a9cf92f1446
563722,46415067-4a1d-4519-861a-b116d1827ef7,c4a96c5b-759e-4542-a2be-651f4b0d596c,471,KLC,C,007,KLC-C-007,"NO 37, JALAN TAMAN U-THANT",NO 37,1,Hadapan,3.093825,101.436903,7,55c38deb-aae3-44c5-bfac-0bb919effec4,Wilayah Persekutuan Kuala Lumpur,137,WP Kuala Lumpur,1,Awam,1,Berfungsi,778.915,images/img_pili/20201022155622259.,1,Pillar Hydrant,119,Titiwangsa,0000-00-00,0,1,KUALA LUMPUR (WP),88beb013-6a67-4936-9afd-b84a072cb60f
563727,a4cf1109-5816-4100-bfe1-073f5db4dd04,c4a96c5b-759e-4542-a2be-651f4b0d596c,471,KLC,C,008,KLC-C-008,"APOSTOLIC NUNCIATURE VATICAN EMBASSY,  PERSIARAN AMPANG HILIR ",,1,Hadapan,3.095011,101.439574,7,55c38deb-aae3-44c5-bfac-0bb919effec4,Wilayah Persekutuan Kuala Lumpur,137,WP Kuala Lumpur,1,Awam,1,Berfungsi,778.915,images/img_pili/20201022160134560.,1,Pillar Hydrant,119,Titiwangsa,0000-00-00,0,45,KUALA LMPUR (WP),08d3c005-65d8-4c9b-b86d-53759fd3dff4
563735,93f2d7f1-dd36-4294-b8cd-f17ad2260fe3,c4a96c5b-759e-4542-a2be-651f4b0d596c,471,KLC,C,009,KLC-C-009,"HADAPAN LRT AMPANG PARK, JALAN AMPANG ",,1,Hadapan,3.01604,101.410999,7,55c38deb-aae3-44c5-bfac-0bb919effec4,Wilayah Persekutuan Kuala Lumpur,137,WP Kuala Lumpur,1,Awam,1,Berfungsi,778.915,images/img_pili/20201022161225963.,1,Pillar Hydrant,119,Titiwangsa,0000-00-00,0,89,KUALA  LUMPUR (WP),53aa1806-b81f-4985-8066-6a9cf92f1446
563738,cc5a051c-ad5b-41d8-9c46-9a83c9822dda,c4a96c5b-759e-4542-a2be-651f4b0d596c,471,KLC,C,010,KLC-C-010,"NO. 191, JALAN AMPANG (SIMPANG TIGA LAMPU ISYARAT) WISMA CENTRAL",NO 191,1,Hadapan,3.159394,101.723865,7,55c38deb-aae3-44c5-bfac-0bb919effec4,Wilayah Persekutuan Kuala Lumpur,137,WP Kuala Lumpur,1,Awam,1,Berfungsi,635.981,images/img_pili/20201022162411922.,1,Pillar Hydrant,119,Titiwangsa,0000-00-00,0,89,KUALA  LUMPUR (WP),53aa1806-b81f-4985-8066-6a9cf92f1446
564460,8026d9ce-1523-4223-9381-581b6d2a5d63,c4a96c5b-759e-4542-a2be-651f4b0d596c,471,KLC,C,011,KLC-C-011,"HADAPAN KEDUTAAN BRITISH, JALAN AMPANG",,1,Hadapan,3.159443,101.718522,7,55c38deb-aae3-44c5-bfac-0bb919effec4,Wilayah Persekutuan Kuala Lumpur,137,WP Kuala Lumpur,1,Awam,2,Tidak Berfungsi,0,images/img_pili/2020110315020276.,1,Pillar Hydrant,119,Titiwangsa,0000-00-00,0,1,KUALA LUMPUR (WP),88beb013-6a67-4936-9afd-b84a072cb60f
564474,b14002d6-9330-411a-acfd-98631db6e26f,c4a96c5b-759e-4542-a2be-651f4b0d596c,471,KLC,C,012,KLC-C-012,"HADAPAN TAPAK SRI MERSING, JALAN AMPANG",,1,Hadapan,3.147096,101.722426,7,55c38deb-aae3-44c5-bfac-0bb919effec4,Wilayah Persekutuan Kuala Lumpur,137,WP Kuala Lumpur,1,Awam,2,Tidak Berfungsi,0,images/img_pili/20201103151558913.,1,Pillar Hydrant,119,Titiwangsa,0000-00-00,0,1,KUALA LUMPUR (WP),88beb013-6a67-4936-9afd-b84a072cb60f
564479,08f1e236-ce7c-4977-875f-f85a158651c3,c4a96c5b-759e-4542-a2be-651f4b0d596c,471,KLC,C,013,KLC-C-013,DEPAN BANGUNAN AUTO BARAVIA JALAN TUN RAZAK,,1,Hadapan,3.158412,101.721261,7,55c38deb-aae3-44c5-bfac-0bb919effec4,Wilayah Persekutuan Kuala Lumpur,137,WP Kuala Lumpur,1,Awam,1,Berfungsi,635.981,images/img_pili/20201103152027218.,1,Pillar Hydrant,119,Titiwangsa,0000-00-00,0,1,KUALA LUMPUR (WP),88beb013-6a67-4936-9afd-b84a072cb60f
564481,91d8ed87-af3d-4dca-a778-294a4226c885,c4a96c5b-759e-4542-a2be-651f4b0d596c,471,KLC,C,014,KLC-C-014,DEPAN BANGUNAN AUTO BAVARIA JALAN TUN RAZAK,,1,Hadapan,3.158511,101.721099,7,55c38deb-aae3-44c5-bfac-0bb919effec4,Wilayah Persekutuan Kuala Lumpur,137,WP Kuala Lumpur,1,Awam,1,Berfungsi,778.915,images/img_pili/20201103152428842.,1,Pillar Hydrant,119,Titiwangsa,0000-00-00,0,1,KUALA LUMPUR (WP),88beb013-6a67-4936-9afd-b84a072cb60f
564492,702bae06-bf79-4507-be4c-e5d09dd3b8d3,c4a96c5b-759e-4542-a2be-651f4b0d596c,471,KLC,C,015,KLC-C-015,"HADAPAN NO. 92, JALAN TAMAN U-THANT",,1,Hadapan,3.09414,101.435393,7,55c38deb-aae3-44c5-bfac-0bb919effec4,Wilayah Persekutuan Kuala Lumpur,137,WP Kuala Lumpur,1,Awam,1,Berfungsi,635.981,images/img_pili/20201103153445899.,1,Pillar Hydrant,119,Titiwangsa,0000-00-00,0,1,KUALA LUMPUR (WP),88beb013-6a67-4936-9afd-b84a072cb60f
564501,1e2ab894-a921-4c2e-bc6a-ba27136bba9e,c4a96c5b-759e-4542-a2be-651f4b0d596c,471,KLC,C,016,KLC-C-016,TEPI KANAN U-THANT RESIDENT JALAN MADGE,,4,Tepi,3.156643,101.726051,7,55c38deb-aae3-44c5-bfac-0bb919effec4,Wilayah Persekutuan Kuala Lumpur,137,WP Kuala Lumpur,1,Awam,1,Berfungsi,778.915,images/img_pili/20201103153908714.,1,Pillar Hydrant,119,Titiwangsa,0000-00-00,0,1,KUALA LUMPUR (WP),88beb013-6a67-4936-9afd-b84a072cb60f
564518,bc42b8f7-74bd-428b-a6f6-e11a69ec6dcc,c4a96c5b-759e-4542-a2be-651f4b0d596c,471,KLC,C,017,KLC-C-017,"NO. 91, JALAN TAMAN U-THANT",,1,Hadapan,3.094512,101.435427,7,55c38deb-aae3-44c5-bfac-0bb919effec4,Wilayah Persekutuan Kuala Lumpur,137,WP Kuala Lumpur,1,Awam,1,Berfungsi,635.981,images/img_pili/20201103160822580.,1,Pillar Hydrant,119,Titiwangsa,0000-00-00,0,1,KUALA LUMPUR (WP),88beb013-6a67-4936-9afd-b84a072cb60f
567524,031e7183-5fa9-4fb9-b886-23df666818ae,c4a96c5b-759e-4542-a2be-651f4b0d596c,471,KLC,C,018,KLC-C-018,"KEDUTAAN AMERIKA, TAMAN U-THANT 1",,3,Berhampiran,3.154599,101.723933,7,55c38deb-aae3-44c5-bfac-0bb919effec4,Wilayah Persekutuan Kuala Lumpur,137,WP Kuala Lumpur,1,Awam,1,Berfungsi,778.915,images/img_pili/20201215155703702.,1,Pillar Hydrant,119,Titiwangsa,0000-00-00,0,89,KUALA  LUMPUR (WP),53aa1806-b81f-4985-8066-6a9cf92f1446
567526,fa10623f-a50b-4849-8256-36bd0b268c45,c4a96c5b-759e-4542-a2be-651f4b0d596c,471,KLC,C,019,KLC-C-019,"ROW HOTEL, JALAN AMPANG HILIR",,1,Hadapan,3.159978,101.729658,7,55c38deb-aae3-44c5-bfac-0bb919effec4,Wilayah Persekutuan Kuala Lumpur,137,WP Kuala Lumpur,1,Awam,1,Berfungsi,635.981,images/img_pili/20201215160112922.,1,Pillar Hydrant,119,Titiwangsa,0000-00-00,0,45,KUALA LMPUR (WP),08d3c005-65d8-4c9b-b86d-53759fd3dff4
567528,fb85463a-9a0c-494d-ab35-0c662753cf59,c4a96c5b-759e-4542-a2be-651f4b0d596c,471,KLC,C,020,KLC-C-020,"MENARA SEE HOY CHON, JALAN TUN RAZAK",,5,Kiri,3.155406,101.722058,7,55c38deb-aae3-44c5-bfac-0bb919effec4,Wilayah Persekutuan Kuala Lumpur,137,WP Kuala Lumpur,2,Swasta,1,Berfungsi,778.915,images/img_pili/20201215160546929.,1,Pillar Hydrant,119,Titiwangsa,0000-00-00,0,75,K LUMPUR (WP),6f03580f-58e6-4bfe-ba59-1909cb2988fa
567530,6be93d39-0ec5-45bf-bcd2-8688e7630f45,c4a96c5b-759e-4542-a2be-651f4b0d596c,471,KLC,C,021,KLC-C-021,"MENARA SEE HOY CHON, JALAN TUN RAZAK",,5,Kiri,3.155406,101.722058,7,55c38deb-aae3-44c5-bfac-0bb919effec4,Wilayah Persekutuan Kuala Lumpur,137,WP Kuala Lumpur,2,Swasta,1,Berfungsi,635.981,images/img_pili/20201215161043444.,1,Pillar Hydrant,119,Titiwangsa,0000-00-00,0,75,K LUMPUR (WP),6f03580f-58e6-4bfe-ba59-1909cb2988fa
567531,ed430951-6a67-4c64-918b-f8640b7a2860,c4a96c5b-759e-4542-a2be-651f4b0d596c,471,KLC,C,022,KLC-C-022,"MENARA SEE HOY CHON, JALAN TUN RAZAK",,2,Belakang,3.155406,101.722058,7,55c38deb-aae3-44c5-bfac-0bb919effec4,Wilayah Persekutuan Kuala Lumpur,137,WP Kuala Lumpur,2,Swasta,1,Berfungsi,778.915,images/img_pili/2020121516115088.,1,Pillar Hydrant,119,Titiwangsa,0000-00-00,0,45,KUALA LMPUR (WP),08d3c005-65d8-4c9b-b86d-53759fd3dff4
567532,ca0d4efe-f6a0-41d3-a15e-27d23701ab4b,c4a96c5b-759e-4542-a2be-651f4b0d596c,471,KLC,C,023,KLC-C-023,"MENARA SEE HOY CHON, JALAN TUN RAZAK",,2,Belakang,3.155406,101.722058,7,55c38deb-aae3-44c5-bfac-0bb919effec4,Wilayah Persekutuan Kuala Lumpur,137,WP Kuala Lumpur,2,Swasta,1,Berfungsi,635.981,images/img_pili/2020121516125676.,1,Pillar Hydrant,119,Titiwangsa,0000-00-00,0,45,KUALA LMPUR (WP),08d3c005-65d8-4c9b-b86d-53759fd3dff4
567533,01acf11b-192e-4ee7-8cbe-d4e29c79adb2,c4a96c5b-759e-4542-a2be-651f4b0d596c,471,KLC,C,024,KLC-C-024,"MENARA SEE HOY CHON, JALAN TUN RAZAK",,6,Kanan,3.155406,101.722058,7,55c38deb-aae3-44c5-bfac-0bb919effec4,Wilayah Persekutuan Kuala Lumpur,137,WP Kuala Lumpur,2,Swasta,1,Berfungsi,778.915,images/img_pili/20201215161416515.,1,Pillar Hydrant,119,Titiwangsa,0000-00-00,0,89,KUALA  LUMPUR (WP),53aa1806-b81f-4985-8066-6a9cf92f1446
567534,6590e5b3-6d7a-43d4-af6d-b0717961a049,c4a96c5b-759e-4542-a2be-651f4b0d596c,471,KLC,C,025,KLC-C-025,"MENARA SEE HOY CHON, JALAN TUN RAZAK",,6,Kanan,3.155406,101.722058,7,55c38deb-aae3-44c5-bfac-0bb919effec4,Wilayah Persekutuan Kuala Lumpur,137,WP Kuala Lumpur,2,Swasta,1,Berfungsi,635.981,images/img_pili/20201215161547104.,1,Pillar Hydrant,119,Titiwangsa,0000-00-00,0,89,KUALA  LUMPUR (WP),53aa1806-b81f-4985-8066-6a9cf92f1446
567535,e937391b-f6f2-4998-80b0-d841afe5730f,c4a96c5b-759e-4542-a2be-651f4b0d596c,471,KLC,C,026,KLC-C-026,"BANGUNAN WESTAR AUTO, JALAN TUN RAZAK",,1,Hadapan,3.15827,101.720982,7,55c38deb-aae3-44c5-bfac-0bb919effec4,Wilayah Persekutuan Kuala Lumpur,137,WP Kuala Lumpur,2,Swasta,1,Berfungsi,635.981,images/img_pili/20201215161806771.,1,Pillar Hydrant,119,Titiwangsa,0000-00-00,0,89,KUALA  LUMPUR (WP),53aa1806-b81f-4985-8066-6a9cf92f1446
567538,079e2ea1-36cd-4374-a2a7-cfdab87c0015,c4a96c5b-759e-4542-a2be-651f4b0d596c,471,KLC,C,027,KLC-C-027,"DEPAN LOT PARKING KERETA, WESTAR, JALAN TUN RAZAK",,3,Berhampiran,3.157783,101.721147,7,55c38deb-aae3-44c5-bfac-0bb919effec4,Wilayah Persekutuan Kuala Lumpur,137,WP Kuala Lumpur,2,Swasta,1,Berfungsi,635.981,images/img_pili/2020121516234075.,1,Pillar Hydrant,119,Titiwangsa,0000-00-00,0,89,KUALA  LUMPUR (WP),53aa1806-b81f-4985-8066-6a9cf92f1446
567541,728ec7fc-ff92-47e2-9d72-c59dc1b89c8f,c4a96c5b-759e-4542-a2be-651f4b0d596c,471,KLC,C,028,KLC-C-028,"SEASONS CLUB, JALAN TUN RAZAK",,1,Hadapan,3.155996,101.723236,7,55c38deb-aae3-44c5-bfac-0bb919effec4,Wilayah Persekutuan Kuala Lumpur,137,WP Kuala Lumpur,1,Awam,1,Berfungsi,635.981,images/img_pili/20201215162726215.,1,Pillar Hydrant,119,Titiwangsa,0000-00-00,0,89,KUALA  LUMPUR (WP),53aa1806-b81f-4985-8066-6a9cf92f1446
567544,f711a47c-89d4-4c40-a10d-53b5a435e531,c4a96c5b-759e-4542-a2be-651f4b0d596c,471,KLC,C,029,KLC-C-029,"NO. 16, JALAN TAMAN U-THANT, 55000, KUALA LUMPUR",,4,Tepi,3.15776,101.72418,7,55c38deb-aae3-44c5-bfac-0bb919effec4,Wilayah Persekutuan Kuala Lumpur,137,WP Kuala Lumpur,1,Awam,1,Berfungsi,635.981,images/img_pili/20201215163255273.,1,Pillar Hydrant,119,Titiwangsa,0000-00-00,0,89,KUALA  LUMPUR (WP),53aa1806-b81f-4985-8066-6a9cf92f1446
567546,1c8175f8-f3f1-4b63-92f2-a9a512c71285,c4a96c5b-759e-4542-a2be-651f4b0d596c,471,KLC,C,030,KLC-C-030,"NO. 16, JALAN TAMAN U-THANT",,1,Hadapan,3.15776,101.72418,7,55c38deb-aae3-44c5-bfac-0bb919effec4,Wilayah Persekutuan Kuala Lumpur,137,WP Kuala Lumpur,1,Awam,1,Berfungsi,635.981,images/img_pili/20201215163744508.,1,Pillar Hydrant,119,Titiwangsa,0000-00-00,0,89,KUALA  LUMPUR (WP),53aa1806-b81f-4985-8066-6a9cf92f1446
567547,e45ad3ad-6f37-4265-a723-64350622e5ac,c4a96c5b-759e-4542-a2be-651f4b0d596c,471,KLC,C,031,KLC-C-031,"THE ICON, JALAN TUN RAZAK",,1,Hadapan,3.156542,101.72169,7,55c38deb-aae3-44c5-bfac-0bb919effec4,Wilayah Persekutuan Kuala Lumpur,137,WP Kuala Lumpur,2,Swasta,1,Berfungsi,635.981,images/img_pili/20201215163928757.,1,Pillar Hydrant,119,Titiwangsa,0000-00-00,0,89,KUALA  LUMPUR (WP),53aa1806-b81f-4985-8066-6a9cf92f1446
567549,c7ede8dd-00f8-440f-82a5-98606bd14e7f,c4a96c5b-759e-4542-a2be-651f4b0d596c,471,KLC,C,032,KLC-C-032,"CAFE MICASA HOTEL, JALAN TUN RAZAK",,1,Hadapan,3.156906,101.723063,7,55c38deb-aae3-44c5-bfac-0bb919effec4,Wilayah Persekutuan Kuala Lumpur,137,WP Kuala Lumpur,2,Swasta,1,Berfungsi,635.981,images/img_pili/20201215164142502.,1,Pillar Hydrant,119,Titiwangsa,0000-00-00,0,108,KUALA LUMPURA (WP),9e34d0e5-3888-45bb-b3f5-462f2a1519cf
567551,4d59ed3b-017f-44d4-ad22-7bacfcdfba6e,c4a96c5b-759e-4542-a2be-651f4b0d596c,471,KLC,C,033,KLC-C-033,"JALAN KELUAR THE ICON, JALAN TUN RAZAK",,1,Hadapan,3.156423,101.722477,7,55c38deb-aae3-44c5-bfac-0bb919effec4,Wilayah Persekutuan Kuala Lumpur,137,WP Kuala Lumpur,2,Swasta,1,Berfungsi,778.915,images/img_pili/20201215164426113.,1,Pillar Hydrant,119,Titiwangsa,0000-00-00,0,90,KUALU LUMPUR (WP),b4ee9692-5c33-4881-b53e-4b4e2dfd1147
567552,37de8c40-c757-4e2e-be37-c43deaa8de5c,c4a96c5b-759e-4542-a2be-651f4b0d596c,471,KLC,C,034,KLC-C-034,"JALAN KELUAR, MICASA HOTEL, JALAN TUN RAZAK",,1,Hadapan,3.156906,101.723063,7,55c38deb-aae3-44c5-bfac-0bb919effec4,Wilayah Persekutuan Kuala Lumpur,137,WP Kuala Lumpur,2,Swasta,1,Berfungsi,635.981,images/img_pili/20201215164527377.,1,Pillar Hydrant,119,Titiwangsa,0000-00-00,0,11,KUALALUMPUR (WP),e020035c-e1d1-481d-b224-6475deb88d49
567553,548be25a-819d-43e5-9ac6-a7142b7045e2,c4a96c5b-759e-4542-a2be-651f4b0d596c,471,KLC,C,035,KLC-C-035,"JALAN MASUK MICASA HOTEL, JALAN TUN RAZAK",,1,Hadapan,3.156906,101.723063,7,55c38deb-aae3-44c5-bfac-0bb919effec4,Wilayah Persekutuan Kuala Lumpur,137,WP Kuala Lumpur,2,Swasta,1,Berfungsi,635.981,images/img_pili/20201215164632750.,1,Pillar Hydrant,119,Titiwangsa,0000-00-00,0,89,KUALA  LUMPUR (WP),53aa1806-b81f-4985-8066-6a9cf92f1446
567554,6bcbddea-741f-4331-881b-1ee79e1363a5,c4a96c5b-759e-4542-a2be-651f4b0d596c,471,KLC,C,036,KLC-C-036,"DEPAN LOBI, MICASA HOTEL, JALAN TUN RAZAK",,1,Hadapan,3.156906,101.723063,7,55c38deb-aae3-44c5-bfac-0bb919effec4,Wilayah Persekutuan Kuala Lumpur,137,WP Kuala Lumpur,2,Swasta,1,Berfungsi,635.981,images/img_pili/20201215164733992.,1,Pillar Hydrant,119,Titiwangsa,0000-00-00,0,89,KUALA  LUMPUR (WP),53aa1806-b81f-4985-8066-6a9cf92f1446
567556,496d988c-6fb5-492b-8130-02a61489e9aa,c4a96c5b-759e-4542-a2be-651f4b0d596c,471,KLC,C,037,KLC-C-037,"RUMAH NO. 2826, JALAN AMPANG HILIR",,1,Hadapan,3.15805,101.73849,7,55c38deb-aae3-44c5-bfac-0bb919effec4,Wilayah Persekutuan Kuala Lumpur,137,WP Kuala Lumpur,1,Awam,2,Tidak Berfungsi,0,images/img_pili/20201215165000783.,1,Pillar Hydrant,119,Titiwangsa,0000-00-00,0,11,KUALALUMPUR (WP),e020035c-e1d1-481d-b224-6475deb88d49
567557,2b6e09a4-6d05-4d50-8853-e7b3f481d3eb,c4a96c5b-759e-4542-a2be-651f4b0d596c,471,KLC,C,038,KLC-C-038,"KATANA II CONDOMINIUM, JALAN AMPANG HILIR",,1,Hadapan,3.158128,101.738845,7,55c38deb-aae3-44c5-bfac-0bb919effec4,Wilayah Persekutuan Kuala Lumpur,137,WP Kuala Lumpur,1,Awam,1,Berfungsi,778.915,images/img_pili/20201215165120434.,1,Pillar Hydrant,119,Titiwangsa,0000-00-00,0,1,KUALA LUMPUR (WP),88beb013-6a67-4936-9afd-b84a072cb60f
567558,80a289c5-bb94-4ca7-90d7-7cafcc648f99,c4a96c5b-759e-4542-a2be-651f4b0d596c,471,KLC,C,039,KLC-C-039,"DESA PALMA CONDOMINIUM, JALAN MADGE",,2,Belakang,3.15647,101.728658,7,55c38deb-aae3-44c5-bfac-0bb919effec4,Wilayah Persekutuan Kuala Lumpur,137,WP Kuala Lumpur,1,Awam,1,Berfungsi,778.915,images/img_pili/20201215165326254.,1,Pillar Hydrant,119,Titiwangsa,0000-00-00,0,1,KUALA LUMPUR (WP),88beb013-6a67-4936-9afd-b84a072cb60f
567560,24bb1537-28ad-4094-a164-c758fb491a5e,c4a96c5b-759e-4542-a2be-651f4b0d596c,471,KLC,C,040,KLC-C-040,"PANGSAPURI VILLA BOLTON, TAMAN U-THANT",,1,Hadapan,3.156673,101.723871,7,55c38deb-aae3-44c5-bfac-0bb919effec4,Wilayah Persekutuan Kuala Lumpur,137,WP Kuala Lumpur,1,Awam,1,Berfungsi,778.915,images/img_pili/20201215165447168.,1,Pillar Hydrant,119,Titiwangsa,0000-00-00,0,11,KUALALUMPUR (WP),e020035c-e1d1-481d-b224-6475deb88d49
567562,fa9183b7-8ad9-4535-ac09-9a654097c74c,c4a96c5b-759e-4542-a2be-651f4b0d596c,471,KLC,C,041,KLC-C-041,TREE TOP HOUSE TADIKA SERI EMAS BESTARI NO 10 JLN U THANT,,1,Hadapan,3.153657,101.724984,7,55c38deb-aae3-44c5-bfac-0bb919effec4,Wilayah Persekutuan Kuala Lumpur,137,WP Kuala Lumpur,1,Awam,1,Berfungsi,778.915,images/img_pili/2020121517000454.,1,Pillar Hydrant,119,Titiwangsa,0000-00-00,0,1,KUALA LUMPUR (WP),88beb013-6a67-4936-9afd-b84a072cb60f
567566,2f939e25-30cd-4686-bc1a-18b78c88e349,c4a96c5b-759e-4542-a2be-651f4b0d596c,471,KLC,C,042,KLC-C-042,"AMODA BUILDING 3 , JALAN TAMAN U-THANT 2",,1,Hadapan,3.155908,101.725004,7,55c38deb-aae3-44c5-bfac-0bb919effec4,Wilayah Persekutuan Kuala Lumpur,137,WP Kuala Lumpur,1,Awam,1,Berfungsi,778.915,images/img_pili/20201215170800175.,1,Pillar Hydrant,119,Titiwangsa,0000-00-00,0,1,KUALA LUMPUR (WP),88beb013-6a67-4936-9afd-b84a072cb60f
567567,cd5accd0-aea9-4358-81ad-b47886bc730d,c4a96c5b-759e-4542-a2be-651f4b0d596c,471,KLC,C,043,KLC-C-043,"DEPAN RUMAH NO. 8, JALAN TAMAN U-THANT 2",,1,Hadapan,3.155914,101.724833,7,55c38deb-aae3-44c5-bfac-0bb919effec4,Wilayah Persekutuan Kuala Lumpur,137,WP Kuala Lumpur,1,Awam,1,Berfungsi,778.915,images/img_pili/2020121517092599.,1,Pillar Hydrant,119,Titiwangsa,0000-00-00,0,1,KUALA LUMPUR (WP),88beb013-6a67-4936-9afd-b84a072cb60f
567568,6a837a0d-8d96-49d3-ae68-442b35a52e8c,c4a96c5b-759e-4542-a2be-651f4b0d596c,471,KLC,C,044,KLC-C-044,"DEPAN RUMAH NO. 2, JALAN TAMAN U-THANT 3",,1,Hadapan,3.156719,101.724598,7,55c38deb-aae3-44c5-bfac-0bb919effec4,Wilayah Persekutuan Kuala Lumpur,137,WP Kuala Lumpur,1,Awam,1,Berfungsi,635.981,images/img_pili/20201215171117990.,1,Pillar Hydrant,119,Titiwangsa,0000-00-00,0,1,KUALA LUMPUR (WP),88beb013-6a67-4936-9afd-b84a072cb60f
567570,f61567ae-3135-411c-ba98-306b51aa2c09,c4a96c5b-759e-4542-a2be-651f4b0d596c,471,KLC,C,045,KLC-C-045,"DEPAN RUMAH NO. 5, JALAN TAMAN U-THANT 1",,1,Hadapan,3.155196,101.724528,7,55c38deb-aae3-44c5-bfac-0bb919effec4,Wilayah Persekutuan Kuala Lumpur,137,WP Kuala Lumpur,1,Awam,1,Berfungsi,635.981,images/img_pili/20201215171327968.,1,Pillar Hydrant,119,Titiwangsa,0000-00-00,0,1,KUALA LUMPUR (WP),88beb013-6a67-4936-9afd-b84a072cb60f
567571,a214d3a2-8627-47db-9881-9322eed9e4cc,c4a96c5b-759e-4542-a2be-651f4b0d596c,471,KLC,C,046,KLC-C-046,"DEPAN RUMAH NO. 3, JALAN TAMAN U-THANT 1",,1,Hadapan,3.155196,101.724528,7,55c38deb-aae3-44c5-bfac-0bb919effec4,Wilayah Persekutuan Kuala Lumpur,137,WP Kuala Lumpur,1,Awam,1,Berfungsi,635.981,images/img_pili/20201215171419838.,1,Pillar Hydrant,119,Titiwangsa,0000-00-00,0,1,KUALA LUMPUR (WP),88beb013-6a67-4936-9afd-b84a072cb60f
567572,0b9cbd6f-a073-487f-a6ef-7b3676ed6673,c4a96c5b-759e-4542-a2be-651f4b0d596c,471,KLC,C,047,KLC-C-047,"DEPAN DESA PALMA, JALAN PERSIARAN MADGE",,1,Hadapan,3.156438,101.729115,7,55c38deb-aae3-44c5-bfac-0bb919effec4,Wilayah Persekutuan Kuala Lumpur,137,WP Kuala Lumpur,1,Awam,1,Berfungsi,635.981,images/img_pili/20201215171542745.,1,Pillar Hydrant,119,Titiwangsa,0000-00-00,0,1,KUALA LUMPUR (WP),88beb013-6a67-4936-9afd-b84a072cb60f
567573,63734fde-3acf-417e-9d85-1e254bb59cb5,c4a96c5b-759e-4542-a2be-651f4b0d596c,471,KLC,C,048,KLC-C-048,"DEPAN SWISS EMBASSY, NO. 16, PERSIARAN MADGE",,1,Hadapan,3.156875,101.726638,7,55c38deb-aae3-44c5-bfac-0bb919effec4,Wilayah Persekutuan Kuala Lumpur,137,WP Kuala Lumpur,2,Swasta,1,Berfungsi,635.981,images/img_pili/20201215171807919.,1,Pillar Hydrant,119,Titiwangsa,0000-00-00,0,1,KUALA LUMPUR (WP),88beb013-6a67-4936-9afd-b84a072cb60f
567575,6534089f-2e7b-4bf5-bd56-16924a64469e,c4a96c5b-759e-4542-a2be-651f4b0d596c,471,KLC,C,049,KLC-C-049,"DEPAN CINTA CONDOMINIUM, JALAN MADGE",,1,Hadapan,3.156114,101.726599,7,55c38deb-aae3-44c5-bfac-0bb919effec4,Wilayah Persekutuan Kuala Lumpur,137,WP Kuala Lumpur,2,Swasta,1,Berfungsi,635.981,images/img_pili/2020121517195594.,1,Pillar Hydrant,119,Titiwangsa,0000-00-00,0,1,KUALA LUMPUR (WP),88beb013-6a67-4936-9afd-b84a072cb60f
567578,097a504e-af9d-4860-96af-01c68450a00e,c4a96c5b-759e-4542-a2be-651f4b0d596c,471,KLC,C,050,KLC-C-050,"TEPI SIMPANG, JALAN U-THANT, LORONG U-THANT 1",,3,Berhampiran,3.154627,101.731414,7,55c38deb-aae3-44c5-bfac-0bb919effec4,Wilayah Persekutuan Kuala Lumpur,137,WP Kuala Lumpur,1,Awam,1,Berfungsi,635.981,images/img_pili/2020121518545682.,1,Pillar Hydrant,119,Titiwangsa,0000-00-00,0,1,KUALA LUMPUR (WP),88beb013-6a67-4936-9afd-b84a072cb60f
567579,ab4bc896-a4d3-4185-aac2-5c2eb88a0e69,c4a96c5b-759e-4542-a2be-651f4b0d596c,471,KLC,C,051,KLC-C-051,"DEPAN RUMAH NO. 4, LORONG U-THANT 1",,1,Hadapan,3.155509,101.731415,7,55c38deb-aae3-44c5-bfac-0bb919effec4,Wilayah Persekutuan Kuala Lumpur,137,WP Kuala Lumpur,1,Awam,1,Berfungsi,635.981,images/img_pili/20201215185605626.,1,Pillar Hydrant,119,Titiwangsa,0000-00-00,0,1,KUALA LUMPUR (WP),88beb013-6a67-4936-9afd-b84a072cb60f
567580,c08c8f06-37e3-49ae-b586-247a36d80b3c,c4a96c5b-759e-4542-a2be-651f4b0d596c,471,KLC,C,052,KLC-C-052,"DEPAN KEDUTAAN KEMBOJA, JALAN U-THANT",,1,Hadapan,3.154728,101.733332,7,55c38deb-aae3-44c5-bfac-0bb919effec4,Wilayah Persekutuan Kuala Lumpur,137,WP Kuala Lumpur,1,Awam,1,Berfungsi,635.981,images/img_pili/20201215185731243.,1,Pillar Hydrant,119,Titiwangsa,0000-00-00,0,1,KUALA LUMPUR (WP),88beb013-6a67-4936-9afd-b84a072cb60f
567581,ea8cb16a-48ec-4e24-a290-dd0ddcbc7d4c,c4a96c5b-759e-4542-a2be-651f4b0d596c,471,KLC,C,053,KLC-C-053,"DEPAN RUMAH NO. 6, LORONG U-THANT 2",,1,Hadapan,3.155519,101.73353,7,55c38deb-aae3-44c5-bfac-0bb919effec4,Wilayah Persekutuan Kuala Lumpur,137,WP Kuala Lumpur,1,Awam,1,Berfungsi,635.981,images/img_pili/20201215185905657.,1,Pillar Hydrant,119,Titiwangsa,0000-00-00,0,11,KUALALUMPUR (WP),e020035c-e1d1-481d-b224-6475deb88d49
567582,c3543834-e1e6-4d5d-b358-366a096d39e2,c4a96c5b-759e-4542-a2be-651f4b0d596c,471,KLC,C,054,KLC-C-054,"IDENTITI U-THANT CONDOMINIUM, JALAN U-THANT",,1,Hadapan,3.154646,101.730497,7,55c38deb-aae3-44c5-bfac-0bb919effec4,Wilayah Persekutuan Kuala Lumpur,137,WP Kuala Lumpur,1,Awam,1,Berfungsi,635.981,images/img_pili/20201215190120576.,1,Pillar Hydrant,119,Titiwangsa,0000-00-00,0,11,KUALALUMPUR (WP),e020035c-e1d1-481d-b224-6475deb88d49
567583,e1b4b820-7a47-4369-9c2f-be287e147c48,c4a96c5b-759e-4542-a2be-651f4b0d596c,471,KLC,C,055,KLC-C-055,DEPAN RUMAH NO. 50 JALAN U-THANT,,1,Hadapan,3.154729,101.733507,7,55c38deb-aae3-44c5-bfac-0bb919effec4,Wilayah Persekutuan Kuala Lumpur,137,WP Kuala Lumpur,1,Awam,1,Berfungsi,635.981,images/img_pili/20201215190229861.,1,Pillar Hydrant,119,Titiwangsa,0000-00-00,0,1,KUALA LUMPUR (WP),88beb013-6a67-4936-9afd-b84a072cb60f
567584,d4b59b0e-c74e-4e63-b24c-197ae5ab3368,c4a96c5b-759e-4542-a2be-651f4b0d596c,471,KLC,C,056,KLC-C-056,"DEPAN RUMAH NO. 83, JALAN LINGKUNGAN U-THANT",,1,Hadapan,3.152003,101.734039,7,55c38deb-aae3-44c5-bfac-0bb919effec4,Wilayah Persekutuan Kuala Lumpur,137,WP Kuala Lumpur,1,Awam,1,Berfungsi,635.981,images/img_pili/20201215190415601.,1,Pillar Hydrant,119,Titiwangsa,0000-00-00,0,11,KUALALUMPUR (WP),e020035c-e1d1-481d-b224-6475deb88d49
567585,de31185b-8ab2-40a9-8581-1f1df52e8d89,c4a96c5b-759e-4542-a2be-651f4b0d596c,471,KLC,C,057,KLC-C-057,"DEPAN RUMAH NO. 19, JALAN LINGKUNGAN U-THANT",,1,Hadapan,3.152003,101.734039,7,55c38deb-aae3-44c5-bfac-0bb919effec4,Wilayah Persekutuan Kuala Lumpur,137,WP Kuala Lumpur,1,Awam,1,Berfungsi,635.981,images/img_pili/20201215190508958.,1,Pillar Hydrant,119,Titiwangsa,0000-00-00,0,1,KUALA LUMPUR (WP),88beb013-6a67-4936-9afd-b84a072cb60f
567586,96c20e10-4499-42eb-82f9-53937b87f942,c4a96c5b-759e-4542-a2be-651f4b0d596c,471,KLC,C,058,KLC-C-058,"DEPAN RUMAH NO. 2826, JALAN LINGKUNGAN U-THANT",,1,Hadapan,3.152003,101.734039,7,55c38deb-aae3-44c5-bfac-0bb919effec4,Wilayah Persekutuan Kuala Lumpur,137,WP Kuala Lumpur,1,Awam,1,Berfungsi,635.981,images/img_pili/20201215190600623.,1,Pillar Hydrant,119,Titiwangsa,0000-00-00,0,1,KUALA LUMPUR (WP),88beb013-6a67-4936-9afd-b84a072cb60f
567587,40d9965c-0993-4b5c-9cf1-b2e42e6c6fe9,c4a96c5b-759e-4542-a2be-651f4b0d596c,471,KLC,C,059,KLC-C-059,"DEPAN RUMAH NO. 39, JALAN LINGKUNGAN U-THANT",,1,Hadapan,3.152003,101.734039,7,55c38deb-aae3-44c5-bfac-0bb919effec4,Wilayah Persekutuan Kuala Lumpur,137,WP Kuala Lumpur,1,Awam,1,Berfungsi,635.981,images/img_pili/20201215190656547.,1,Pillar Hydrant,119,Titiwangsa,0000-00-00,0,11,KUALALUMPUR (WP),e020035c-e1d1-481d-b224-6475deb88d49
567588,c8bb8ab5-d216-47e9-9819-faf16f6776d4,c4a96c5b-759e-4542-a2be-651f4b0d596c,471,KLC,C,060,KLC-C-060,"DEPAN RUMAH NO. 93, JALAN U-THANT",,1,Hadapan,3.152003,101.734039,7,55c38deb-aae3-44c5-bfac-0bb919effec4,Wilayah Persekutuan Kuala Lumpur,137,WP Kuala Lumpur,1,Awam,1,Berfungsi,635.981,images/img_pili/20201215190750956.,1,Pillar Hydrant,119,Titiwangsa,0000-00-00,0,11,KUALALUMPUR (WP),e020035c-e1d1-481d-b224-6475deb88d49
567589,50b5a540-baf9-47a4-90e1-a77681310e95,c4a96c5b-759e-4542-a2be-651f4b0d596c,471,KLC,C,061,KLC-C-061,"DEPAN RUMAH NO. 113, JALAN U-THANT",,1,Hadapan,3.148039,101.735146,7,55c38deb-aae3-44c5-bfac-0bb919effec4,Wilayah Persekutuan Kuala Lumpur,137,WP Kuala Lumpur,1,Awam,1,Berfungsi,635.981,images/img_pili/20201215190929825.,1,Pillar Hydrant,119,Titiwangsa,0000-00-00,0,1,KUALA LUMPUR (WP),88beb013-6a67-4936-9afd-b84a072cb60f
567590,7d10ddd5-1030-48d5-8508-1f8498ef26a2,c4a96c5b-759e-4542-a2be-651f4b0d596c,471,KLC,C,062,KLC-C-062,"DEPAN RUMAH NO. 128, JALAN U-THANT",,1,Hadapan,3.148108,101.735296,7,55c38deb-aae3-44c5-bfac-0bb919effec4,Wilayah Persekutuan Kuala Lumpur,137,WP Kuala Lumpur,1,Awam,1,Berfungsi,635.981,images/img_pili/2020121519102360.,1,Pillar Hydrant,119,Titiwangsa,0000-00-00,0,11,KUALALUMPUR (WP),e020035c-e1d1-481d-b224-6475deb88d49
567591,16164750-3f4f-4cba-919d-c85f25c7de64,c4a96c5b-759e-4542-a2be-651f4b0d596c,471,KLC,C,063,KLC-C-063,"THE ATRIUM (AMBASADOR ROW), NO.1, JALAN AMPANG HILIR, TAMAN U-THANT",,1,Hadapan,3.096339,101.437519,7,55c38deb-aae3-44c5-bfac-0bb919effec4,Wilayah Persekutuan Kuala Lumpur,137,WP Kuala Lumpur,2,Swasta,1,Berfungsi,635.981,images/img_pili/20201215195949311.,1,Pillar Hydrant,119,Titiwangsa,0000-00-00,0,11,KUALALUMPUR (WP),e020035c-e1d1-481d-b224-6475deb88d49
567707,a0fe69c7-b3a8-4278-9d30-c68d3bcfb136,c4a96c5b-759e-4542-a2be-651f4b0d596c,471,KLC,C,064,KLC-C-064,"SEBELAH TEPI, AMBASSADOR ROW, JALAN AMPNG HILIR",,4,Tepi,3.159932,101.729657,7,55c38deb-aae3-44c5-bfac-0bb919effec4,Wilayah Persekutuan Kuala Lumpur,137,WP Kuala Lumpur,2,Swasta,1,Berfungsi,635.981,images/img_pili/20201216213240820.,1,Pillar Hydrant,119,Titiwangsa,0000-00-00,0,1,KUALA LUMPUR (WP),88beb013-6a67-4936-9afd-b84a072cb60f
567708,7e07d006-1ec8-40e9-99b7-67decaa28e47,c4a96c5b-759e-4542-a2be-651f4b0d596c,471,KLC,C,065,KLC-C-065,DEPAN KIRI (1) 225 HOLIDAY PLACE JLN AMPANG,,4,Tepi,3.095766,101.436002,7,55c38deb-aae3-44c5-bfac-0bb919effec4,Wilayah Persekutuan Kuala Lumpur,137,WP Kuala Lumpur,2,Swasta,1,Berfungsi,635.981,images/img_pili/20201216214016822.,1,Pillar Hydrant,119,Titiwangsa,0000-00-00,0,1,KUALA LUMPUR (WP),88beb013-6a67-4936-9afd-b84a072cb60f
567709,c57d3650-8300-41e6-ad7c-d9f5cbc294b7,c4a96c5b-759e-4542-a2be-651f4b0d596c,471,KLC,C,066,KLC-C-066,KIRI (2) 225 HOLIDAY PLACE JLN AMPANG ,,5,Kiri,3.159921,101.726505,7,55c38deb-aae3-44c5-bfac-0bb919effec4,Wilayah Persekutuan Kuala Lumpur,137,WP Kuala Lumpur,2,Swasta,1,Berfungsi,635.981,images/img_pili/20201216214118161.,1,Pillar Hydrant,119,Titiwangsa,0000-00-00,0,1,KUALA LUMPUR (WP),88beb013-6a67-4936-9afd-b84a072cb60f
567710,dd6c0b46-d5c7-4dd0-b08e-addd4f7695fc,c4a96c5b-759e-4542-a2be-651f4b0d596c,471,KLC,C,067,KLC-C-067,KIRI (3) 225 HOLIDAY PLACE JLN AMPANG ,,5,Kiri,3.159921,101.726505,7,55c38deb-aae3-44c5-bfac-0bb919effec4,Wilayah Persekutuan Kuala Lumpur,137,WP Kuala Lumpur,2,Swasta,1,Berfungsi,635.981,images/img_pili/20201216214234633.,1,Pillar Hydrant,119,Titiwangsa,0000-00-00,0,1,KUALA LUMPUR (WP),88beb013-6a67-4936-9afd-b84a072cb60f
567711,cf441f0c-b4d1-41e9-b903-6fed1ffa76fa,c4a96c5b-759e-4542-a2be-651f4b0d596c,471,KLC,C,068,KLC-C-068,KIRI (4) 225 HOLIDAY PLACE JLN AMPANG ,,6,Kanan,3.094721,101.436002,7,55c38deb-aae3-44c5-bfac-0bb919effec4,Wilayah Persekutuan Kuala Lumpur,137,WP Kuala Lumpur,2,Swasta,1,Berfungsi,635.981,images/img_pili/20201216214451988.,1,Pillar Hydrant,119,Titiwangsa,0000-00-00,0,11,KUALALUMPUR (WP),e020035c-e1d1-481d-b224-6475deb88d49
567712,bc76f83e-667d-4ff4-bdea-2fd8ee13fc36,c4a96c5b-759e-4542-a2be-651f4b0d596c,471,KLC,C,069,KLC-C-069,KIRI (5) 225 HOLIDAY PLACE JLN AMPANG ,,5,Kiri,3.159921,101.726505,7,55c38deb-aae3-44c5-bfac-0bb919effec4,Wilayah Persekutuan Kuala Lumpur,137,WP Kuala Lumpur,2,Swasta,1,Berfungsi,635.981,images/img_pili/20201216214840475.,1,Pillar Hydrant,119,Titiwangsa,0000-00-00,0,1,KUALA LUMPUR (WP),88beb013-6a67-4936-9afd-b84a072cb60f
567713,f7103437-e379-49e8-bdfa-07f030e568c4,c4a96c5b-759e-4542-a2be-651f4b0d596c,471,KLC,C,070,KLC-C-070,KIRI (6) 225 HOLIDAY PLACE JLN AMPANG ,,6,Kanan,3.159921,101.726505,7,55c38deb-aae3-44c5-bfac-0bb919effec4,Wilayah Persekutuan Kuala Lumpur,137,WP Kuala Lumpur,2,Swasta,1,Berfungsi,635.981,images/img_pili/20201216215012879.,1,Pillar Hydrant,119,Titiwangsa,0000-00-00,0,11,KUALALUMPUR (WP),e020035c-e1d1-481d-b224-6475deb88d49
567714,85a969f1-8e72-4d47-b436-34f8f8772800,c4a96c5b-759e-4542-a2be-651f4b0d596c,471,KLC,C,071,KLC-C-071,KIRI (7) 225 HOLIDAY PLACE JLN AMPANG ,,6,Kanan,3.095001,101.435699,7,55c38deb-aae3-44c5-bfac-0bb919effec4,Wilayah Persekutuan Kuala Lumpur,137,WP Kuala Lumpur,2,Swasta,1,Berfungsi,635.981,images/img_pili/20201216215106915.,1,Pillar Hydrant,119,Titiwangsa,0000-00-00,0,1,KUALA LUMPUR (WP),88beb013-6a67-4936-9afd-b84a072cb60f
567716,5b562670-3fcf-4de2-8f66-0a60580f1013,c4a96c5b-759e-4542-a2be-651f4b0d596c,471,KLC,C,072,KLC-C-072,KIRI (8) 225 HOLIDAY PLACE JLN AMPANG ,,2,Belakang,3.095804,101.434096,7,55c38deb-aae3-44c5-bfac-0bb919effec4,Wilayah Persekutuan Kuala Lumpur,137,WP Kuala Lumpur,2,Swasta,1,Berfungsi,635.981,images/img_pili/20201216215218462.,1,Pillar Hydrant,119,Titiwangsa,0000-00-00,0,11,KUALALUMPUR (WP),e020035c-e1d1-481d-b224-6475deb88d49
567717,84276148-799b-4271-8ffa-a3a30d2fb08a,c4a96c5b-759e-4542-a2be-651f4b0d596c,471,KLC,C,073,KLC-C-073,"DEPAN KANAN, SOMERSET KUALA LUMPUR. JALAN AMPANG",,1,Hadapan,3.159788,101.722652,7,55c38deb-aae3-44c5-bfac-0bb919effec4,Wilayah Persekutuan Kuala Lumpur,137,WP Kuala Lumpur,2,Swasta,1,Berfungsi,635.981,images/img_pili/20201216215433470.,1,Pillar Hydrant,119,Titiwangsa,0000-00-00,0,1,KUALA LUMPUR (WP),88beb013-6a67-4936-9afd-b84a072cb60f
567719,bc55b64d-91c6-459b-aaaf-f44056bbad83,c4a96c5b-759e-4542-a2be-651f4b0d596c,471,KLC,C,074,KLC-C-074,"TEPI SOMERSET KUALA LUMPUR, JALAN AMPANG",,4,Tepi,3.159788,101.722652,7,55c38deb-aae3-44c5-bfac-0bb919effec4,Wilayah Persekutuan Kuala Lumpur,137,WP Kuala Lumpur,2,Swasta,1,Berfungsi,635.981,images/img_pili/20201216215541835.,1,Pillar Hydrant,119,Titiwangsa,0000-00-00,0,11,KUALALUMPUR (WP),e020035c-e1d1-481d-b224-6475deb88d49
567720,7898580b-2d38-43c0-b817-1cff891f54ac,c4a96c5b-759e-4542-a2be-651f4b0d596c,471,KLC,C,075,KLC-C-075,"SOMERSET KUALA LUMPUR, JALAN AMPANG",,5,Kiri,3.159788,101.722652,7,55c38deb-aae3-44c5-bfac-0bb919effec4,Wilayah Persekutuan Kuala Lumpur,137,WP Kuala Lumpur,2,Swasta,1,Berfungsi,635.981,images/img_pili/20201216215641311.,1,Pillar Hydrant,119,Titiwangsa,0000-00-00,0,1,KUALA LUMPUR (WP),88beb013-6a67-4936-9afd-b84a072cb60f
567721,9ae412f0-da51-45b3-8355-f9fdb51869e1,c4a96c5b-759e-4542-a2be-651f4b0d596c,471,KLC,C,076,KLC-C-076,"SOMERSET KUALA LUMPUR, JALAN AMPANG",,6,Kanan,3.159788,101.722652,7,55c38deb-aae3-44c5-bfac-0bb919effec4,Wilayah Persekutuan Kuala Lumpur,137,WP Kuala Lumpur,2,Swasta,1,Berfungsi,635.981,images/img_pili/20201216215730226.,1,Pillar Hydrant,119,Titiwangsa,0000-00-00,0,11,KUALALUMPUR (WP),e020035c-e1d1-481d-b224-6475deb88d49
567723,8558057b-fe78-47be-8f19-f8b16723164c,c4a96c5b-759e-4542-a2be-651f4b0d596c,471,KLC,C,077,KLC-C-077,"THE MADGE, NO. 12, JALAN MADGE, TAMAN U-THANT",,4,Tepi,3.156483,101.728628,7,55c38deb-aae3-44c5-bfac-0bb919effec4,Wilayah Persekutuan Kuala Lumpur,137,WP Kuala Lumpur,2,Swasta,1,Berfungsi,635.981,images/img_pili/20201216215921650.,1,Pillar Hydrant,119,Titiwangsa,0000-00-00,0,1,KUALA LUMPUR (WP),88beb013-6a67-4936-9afd-b84a072cb60f
567725,9ef1c64a-4e0c-4d21-a10f-e0723a3d421c,c4a96c5b-759e-4542-a2be-651f4b0d596c,471,KLC,C,078,KLC-C-078,"LANSON PLACE CONDOMINIUM, NO. 8, JALAN AMPANG HILIR",,5,Kiri,3.157908,101.729097,7,55c38deb-aae3-44c5-bfac-0bb919effec4,Wilayah Persekutuan Kuala Lumpur,137,WP Kuala Lumpur,2,Swasta,1,Berfungsi,635.981,images/img_pili/2020121622015571.,1,Pillar Hydrant,119,Titiwangsa,0000-00-00,0,1,KUALA LUMPUR (WP),88beb013-6a67-4936-9afd-b84a072cb60f
567727,97b3b5ea-8116-4af0-9758-278184250236,c4a96c5b-759e-4542-a2be-651f4b0d596c,471,KLC,C,079,KLC-C-079,"LANSON PLACE CONDOMINIUM, NO. 8, JALAN AMPANG HILIR",,4,Tepi,3.157908,101.729097,7,55c38deb-aae3-44c5-bfac-0bb919effec4,Wilayah Persekutuan Kuala Lumpur,137,WP Kuala Lumpur,2,Swasta,1,Berfungsi,635.981,images/img_pili/20201216220243679.,1,Pillar Hydrant,119,Titiwangsa,0000-00-00,0,11,KUALALUMPUR (WP),e020035c-e1d1-481d-b224-6475deb88d49
567728,1a6aa3d6-b164-40a7-b5f9-4f09ad5a00e8,c4a96c5b-759e-4542-a2be-651f4b0d596c,471,KLC,C,080,KLC-C-080,"LANSON PLACE CONDOMINIUM, NO. 8, JALAN AMPANG HILIR",,4,Tepi,3.157908,101.729097,7,55c38deb-aae3-44c5-bfac-0bb919effec4,Wilayah Persekutuan Kuala Lumpur,137,WP Kuala Lumpur,2,Swasta,1,Berfungsi,635.981,images/img_pili/20201216220327128.,1,Pillar Hydrant,119,Titiwangsa,0000-00-00,0,1,KUALA LUMPUR (WP),88beb013-6a67-4936-9afd-b84a072cb60f
567731,e40382ad-e9b7-43ac-9a6e-680622914d70,c4a96c5b-759e-4542-a2be-651f4b0d596c,471,KLC,C,081,KLC-C-081,"LANSON PLACE CONDOMINIUM, NO. 8, JALAN AMPANG HILIR",,4,Tepi,3.157908,101.729097,7,55c38deb-aae3-44c5-bfac-0bb919effec4,Wilayah Persekutuan Kuala Lumpur,137,WP Kuala Lumpur,2,Swasta,1,Berfungsi,635.981,images/img_pili/20201216234948560.,1,Pillar Hydrant,119,Titiwangsa,0000-00-00,0,1,KUALA LUMPUR (WP),88beb013-6a67-4936-9afd-b84a072cb60f
567732,3ce5bbd6-c35b-4595-b47c-3ee90ec66ec8,c4a96c5b-759e-4542-a2be-651f4b0d596c,471,KLC,C,082,KLC-C-082,"LANSON PLACE CONDOMINIUM, NO. 8, JALAN AMPANG HILIR",,6,Kanan,3.157908,101.729097,7,55c38deb-aae3-44c5-bfac-0bb919effec4,Wilayah Persekutuan Kuala Lumpur,137,WP Kuala Lumpur,2,Swasta,1,Berfungsi,635.981,images/img_pili/2020121623503949.,1,Pillar Hydrant,119,Titiwangsa,0000-00-00,0,1,KUALA LUMPUR (WP),88beb013-6a67-4936-9afd-b84a072cb60f
567734,79641625-3a83-4a3f-a354-67edcba8a409,c4a96c5b-759e-4542-a2be-651f4b0d596c,471,KLC,C,083,KLC-C-083,"DEPAN LOBI, GALLERY @ U-THANT CONDOMINIUM, JALAN MADGE ",,1,Hadapan,3.157851,101.728009,7,55c38deb-aae3-44c5-bfac-0bb919effec4,Wilayah Persekutuan Kuala Lumpur,137,WP Kuala Lumpur,2,Swasta,1,Berfungsi,635.981,images/img_pili/20201216235255259.,1,Pillar Hydrant,119,Titiwangsa,0000-00-00,0,11,KUALALUMPUR (WP),e020035c-e1d1-481d-b224-6475deb88d49
567735,95536121-968e-44a5-8bc4-4c338b928bc3,c4a96c5b-759e-4542-a2be-651f4b0d596c,471,KLC,C,084,KLC-C-084,"SEBELAH KANAN, GALLERY @ U-THANT, JALAN MADGE",,6,Kanan,3.157851,101.728009,7,55c38deb-aae3-44c5-bfac-0bb919effec4,Wilayah Persekutuan Kuala Lumpur,137,WP Kuala Lumpur,2,Swasta,1,Berfungsi,635.981,images/img_pili/20201216235358842.,1,Pillar Hydrant,119,Titiwangsa,0000-00-00,0,1,KUALA LUMPUR (WP),88beb013-6a67-4936-9afd-b84a072cb60f
567737,13f3187e-2378-4052-8eb5-91b5bacbf300,c4a96c5b-759e-4542-a2be-651f4b0d596c,471,KLC,C,085,KLC-C-085,"SEBELAH KIRI, GALLERY @ U-THANT, JALAN MADGE",,5,Kiri,3.157851,101.728009,7,55c38deb-aae3-44c5-bfac-0bb919effec4,Wilayah Persekutuan Kuala Lumpur,137,WP Kuala Lumpur,2,Swasta,1,Berfungsi,635.981,images/img_pili/20201216235455879.,1,Pillar Hydrant,119,Titiwangsa,0000-00-00,0,1,KUALA LUMPUR (WP),88beb013-6a67-4936-9afd-b84a072cb60f
567738,310c96fd-c1b5-4efa-9639-0241b0caeefe,c4a96c5b-759e-4542-a2be-651f4b0d596c,471,KLC,C,086,KLC-C-086,"9 MADGE, JALAN MADGE, TAMAN U-THANT",,1,Hadapan,3.157409,101.726893,7,55c38deb-aae3-44c5-bfac-0bb919effec4,Wilayah Persekutuan Kuala Lumpur,137,WP Kuala Lumpur,2,Swasta,1,Berfungsi,635.981,images/img_pili/2020121623562996.,1,Pillar Hydrant,119,Titiwangsa,0000-00-00,0,11,KUALALUMPUR (WP),e020035c-e1d1-481d-b224-6475deb88d49
567740,65f758d6-fb33-41e8-a431-bff199c1f66e,c4a96c5b-759e-4542-a2be-651f4b0d596c,471,KLC,C,087,KLC-C-087,"MADGE MANSIONS CONDOMINIUM, JALAN MADGE, TAMAN U-THANT",,6,Kanan,3.157511,101.726745,7,55c38deb-aae3-44c5-bfac-0bb919effec4,Wilayah Persekutuan Kuala Lumpur,137,WP Kuala Lumpur,2,Swasta,1,Berfungsi,635.981,images/img_pili/20201216235823977.,1,Pillar Hydrant,119,Titiwangsa,0000-00-00,0,1,KUALA LUMPUR (WP),88beb013-6a67-4936-9afd-b84a072cb60f
567741,032e85db-6e1b-4bcd-af8e-96b7326a61bd,c4a96c5b-759e-4542-a2be-651f4b0d596c,471,KLC,C,088,KLC-C-088,"TENGAH MADGE MANSIONS CONDOMINIUM, JALAN MADGE, TAMAN U-THANT",,7,Tengah,3.157511,101.726745,7,55c38deb-aae3-44c5-bfac-0bb919effec4,Wilayah Persekutuan Kuala Lumpur,137,WP Kuala Lumpur,2,Swasta,1,Berfungsi,635.981,images/img_pili/20201216235921851.,1,Pillar Hydrant,119,Titiwangsa,0000-00-00,0,1,KUALA LUMPUR (WP),88beb013-6a67-4936-9afd-b84a072cb60f
567743,2fa528f7-8f0f-4290-930e-db5629341e4d,c4a96c5b-759e-4542-a2be-651f4b0d596c,471,KLC,C,089,KLC-C-089,"BELAKANG SEBELAH KANAN MADGE MANSIONS CONDOMINIUM, JALAN MADGE, TAMAN U-THANT",,2,Belakang,3.157511,101.726745,7,55c38deb-aae3-44c5-bfac-0bb919effec4,Wilayah Persekutuan Kuala Lumpur,137,WP Kuala Lumpur,2,Swasta,1,Berfungsi,635.981,images/img_pili/20201217000010718.,1,Pillar Hydrant,119,Titiwangsa,0000-00-00,0,1,KUALA LUMPUR (WP),88beb013-6a67-4936-9afd-b84a072cb60f
567744,e4c50b57-ec2b-4430-ba42-11113c60aa91,c4a96c5b-759e-4542-a2be-651f4b0d596c,471,KLC,C,090,KLC-C-090,"SEBELAH KANAN PONDOK PENGAWAL, SASTRA U-THANT, JALAN AMPANG 2, TAMAN U-THANT",,6,Kanan,3.158188,101.725805,7,55c38deb-aae3-44c5-bfac-0bb919effec4,Wilayah Persekutuan Kuala Lumpur,137,WP Kuala Lumpur,2,Swasta,1,Berfungsi,635.981,images/img_pili/2020121700021195.,1,Pillar Hydrant,119,Titiwangsa,0000-00-00,0,11,KUALALUMPUR (WP),e020035c-e1d1-481d-b224-6475deb88d49
567746,414e38d4-e249-4c45-8a60-37ef620efe9d,c4a96c5b-759e-4542-a2be-651f4b0d596c,471,KLC,C,091,KLC-C-091,"SEBELAH TENGAH SASTRA U-THANT, JALAN AMPANG 2, TAMAN U-THANT",,7,Tengah,3.158188,101.725805,7,55c38deb-aae3-44c5-bfac-0bb919effec4,Wilayah Persekutuan Kuala Lumpur,137,WP Kuala Lumpur,2,Swasta,1,Berfungsi,635.981,images/img_pili/20201217000341918.,1,Pillar Hydrant,119,Titiwangsa,0000-00-00,0,1,KUALA LUMPUR (WP),88beb013-6a67-4936-9afd-b84a072cb60f
567747,6ca7c901-dcd1-4cce-bf57-5c304f937ddd,c4a96c5b-759e-4542-a2be-651f4b0d596c,471,KLC,C,092,KLC-C-092,"SEBELAH BELAKANG BANGUNAN SASTRA U-THANT, JALAN AMPANG 2, TAMAN U-THANT",,2,Belakang,3.158188,101.725805,7,55c38deb-aae3-44c5-bfac-0bb919effec4,Wilayah Persekutuan Kuala Lumpur,137,WP Kuala Lumpur,2,Swasta,1,Berfungsi,635.981,images/img_pili/2020121700043356.,1,Pillar Hydrant,119,Titiwangsa,0000-00-00,0,1,KUALA LUMPUR (WP),88beb013-6a67-4936-9afd-b84a072cb60f
567748,d222c89b-e8c0-4e8b-83ef-e4b8e01252e8,c4a96c5b-759e-4542-a2be-651f4b0d596c,471,KLC,C,093,KLC-C-093,"SEBELAH KIRI BANGUNAN SASTRA U-THANT, JALAN AMPANG 2, TAMAN U-THANT",,5,Kiri,3.158188,101.725805,7,55c38deb-aae3-44c5-bfac-0bb919effec4,Wilayah Persekutuan Kuala Lumpur,137,WP Kuala Lumpur,2,Swasta,1,Berfungsi,635.981,images/img_pili/20201217000523369.,1,Pillar Hydrant,119,Titiwangsa,0000-00-00,0,1,KUALA LUMPUR (WP),88beb013-6a67-4936-9afd-b84a072cb60f
567749,f2ae530a-9c55-4dd7-b41a-85a74358956a,c4a96c5b-759e-4542-a2be-651f4b0d596c,471,KLC,C,094,KLC-C-094,"SEBELAH KIRI PONDOK PENGAWAL, SASTRA U-THANT, JALAN AMPANG 2, TAMAN U-THANT",,5,Kiri,3.158188,101.725805,7,55c38deb-aae3-44c5-bfac-0bb919effec4,Wilayah Persekutuan Kuala Lumpur,137,WP Kuala Lumpur,2,Swasta,1,Berfungsi,635.981,images/img_pili/20201217000629656.,1,Pillar Hydrant,119,Titiwangsa,0000-00-00,0,1,KUALA LUMPUR (WP),88beb013-6a67-4936-9afd-b84a072cb60f
567751,b870d86e-ba99-41e7-8d75-fcb4a710ab91,c4a96c5b-759e-4542-a2be-651f4b0d596c,471,KLC,C,095,KLC-C-095,"HADAPAN PNDOK PENGAWAL, DESA U-THANT, NO. 16, JALAN TAMAN U-THANT",,1,Hadapan,3.157982,101.724355,7,55c38deb-aae3-44c5-bfac-0bb919effec4,Wilayah Persekutuan Kuala Lumpur,137,WP Kuala Lumpur,2,Swasta,1,Berfungsi,635.981,images/img_pili/20201217000826469.,1,Pillar Hydrant,119,Titiwangsa,0000-00-00,0,1,KUALA LUMPUR (WP),88beb013-6a67-4936-9afd-b84a072cb60f
567752,a0b2791b-85b7-4119-9bcd-ef37adf56df1,c4a96c5b-759e-4542-a2be-651f4b0d596c,471,KLC,C,096,KLC-C-096,"BELAKANG BANGUNAN, DESA U-THANT, NO. 16, JALAN TAMAN U-THANT",,2,Belakang,3.157982,101.724355,7,55c38deb-aae3-44c5-bfac-0bb919effec4,Wilayah Persekutuan Kuala Lumpur,137,WP Kuala Lumpur,2,Swasta,1,Berfungsi,635.981,images/img_pili/20201217000937544.,1,Pillar Hydrant,119,Titiwangsa,0000-00-00,0,11,KUALALUMPUR (WP),e020035c-e1d1-481d-b224-6475deb88d49
567754,b8200de1-e176-441f-bbfe-1abb22acfdd9,c4a96c5b-759e-4542-a2be-651f4b0d596c,471,KLC,C,097,KLC-C-097,"DESA ANGKASA, NO. 12, JALAN TAMAN U-THANT",,4,Tepi,3.157439,101.722798,7,55c38deb-aae3-44c5-bfac-0bb919effec4,Wilayah Persekutuan Kuala Lumpur,137,WP Kuala Lumpur,2,Swasta,1,Berfungsi,635.981,images/img_pili/20201217001140865.,1,Pillar Hydrant,119,Titiwangsa,0000-00-00,0,11,KUALALUMPUR (WP),e020035c-e1d1-481d-b224-6475deb88d49
567755,36626a22-d85b-4a31-8129-9f16e7d0fb7b,c4a96c5b-759e-4542-a2be-651f4b0d596c,471,KLC,C,098,KLC-C-098,"BLOK 11-12. DESA ANGKASA CONDOMINIUM, JALAN TAMAN U-THANT",,4,Tepi,3.157481,101.722958,7,55c38deb-aae3-44c5-bfac-0bb919effec4,Wilayah Persekutuan Kuala Lumpur,137,WP Kuala Lumpur,2,Swasta,1,Berfungsi,635.981,images/img_pili/20201217001314337.,1,Pillar Hydrant,119,Titiwangsa,0000-00-00,0,1,KUALA LUMPUR (WP),88beb013-6a67-4936-9afd-b84a072cb60f
567757,8161ae98-adff-470b-82c4-6b4c950520a9,c4a96c5b-759e-4542-a2be-651f4b0d596c,471,KLC,C,099,KLC-C-099,"PARKING NO.28-2, DESA ANGKASA CONDOMINIUM, JALAN TAMAN U-THANT",,3,Berhampiran,3.157481,101.722958,7,55c38deb-aae3-44c5-bfac-0bb919effec4,Wilayah Persekutuan Kuala Lumpur,137,WP Kuala Lumpur,2,Swasta,1,Berfungsi,635.981,images/img_pili/20201217001438126.,1,Pillar Hydrant,119,Titiwangsa,0000-00-00,0,1,KUALA LUMPUR (WP),88beb013-6a67-4936-9afd-b84a072cb60f
567758,197d8b3a-603d-4e08-98eb-44db03046fcc,c4a96c5b-759e-4542-a2be-651f4b0d596c,471,KLC,C,100,KLC-C-100,"BERHAMPIRAN PARKING NO. 13-5, DESA ANGKASA CONDOMINIUM, JALAN TAMAN U-THANT",,3,Berhampiran,3.157481,101.722958,7,55c38deb-aae3-44c5-bfac-0bb919effec4,Wilayah Persekutuan Kuala Lumpur,137,WP Kuala Lumpur,2,Swasta,1,Berfungsi,635.981,images/img_pili/2020121700154926.,1,Pillar Hydrant,119,Titiwangsa,0000-00-00,0,11,KUALALUMPUR (WP),e020035c-e1d1-481d-b224-6475deb88d49
567760,3e4186f8-3819-4f72-9723-a5461a2ac92a,c4a96c5b-759e-4542-a2be-651f4b0d596c,471,KLC,C,101,KLC-C-101,"BERHAMPIRAN PARKING NO. 22-2, DESA ANGKASA CONDOMINIUM, JALAN TAMAN U-THANT",,3,Berhampiran,3.157481,101.722958,7,55c38deb-aae3-44c5-bfac-0bb919effec4,Wilayah Persekutuan Kuala Lumpur,137,WP Kuala Lumpur,2,Swasta,1,Berfungsi,635.981,images/img_pili/20201217001711383.,1,Pillar Hydrant,119,Titiwangsa,0000-00-00,0,11,KUALALUMPUR (WP),e020035c-e1d1-481d-b224-6475deb88d49
567762,f073e26a-2608-406e-ac84-5367556dc764,c4a96c5b-759e-4542-a2be-651f4b0d596c,471,KLC,C,102,KLC-C-102,"BERHAMPIRAN BLOK 27-28, DESA ANGKASA CONDOMINIUM, JALAN TAMAN U-THANT",,4,Tepi,3.157481,101.722958,7,55c38deb-aae3-44c5-bfac-0bb919effec4,Wilayah Persekutuan Kuala Lumpur,137,WP Kuala Lumpur,2,Swasta,1,Berfungsi,635.981,images/img_pili/20201217001821946.,1,Pillar Hydrant,119,Titiwangsa,0000-00-00,0,1,KUALA LUMPUR (WP),88beb013-6a67-4936-9afd-b84a072cb60f
567764,e748124a-9f4f-4502-81ea-f2d5dbe496ca,c4a96c5b-759e-4542-a2be-651f4b0d596c,471,KLC,C,103,KLC-C-103,"BERHAMPIRAN PARKING 24-2, DESA ANGKASA CONDOMINIUM, JALAN TAMAN U-THANT",,3,Berhampiran,3.157481,101.722958,7,55c38deb-aae3-44c5-bfac-0bb919effec4,Wilayah Persekutuan Kuala Lumpur,137,WP Kuala Lumpur,2,Swasta,1,Berfungsi,635.981,images/img_pili/20201217001920162.,1,Pillar Hydrant,119,Titiwangsa,0000-00-00,0,1,KUALA LUMPUR (WP),88beb013-6a67-4936-9afd-b84a072cb60f
567765,511ce824-c048-449e-806f-35a1bdb11126,c4a96c5b-759e-4542-a2be-651f4b0d596c,471,KLC,C,104,KLC-C-104,"HADAPAN PONDOK PENGAWAL, MiCasa ALL SUITES HOTEL, 368B, JALAN TUN RAZAK, TAMAN U-THANT",,1,Hadapan,3.156842,101.722825,7,55c38deb-aae3-44c5-bfac-0bb919effec4,Wilayah Persekutuan Kuala Lumpur,137,WP Kuala Lumpur,2,Swasta,1,Berfungsi,778.915,images/img_pili/20201217002241874.,1,Pillar Hydrant,119,Titiwangsa,0000-00-00,0,1,KUALA LUMPUR (WP),88beb013-6a67-4936-9afd-b84a072cb60f
567767,2bf68b95-a4de-47e1-ad3e-5f65396aeaf8,c4a96c5b-759e-4542-a2be-651f4b0d596c,471,KLC,C,105,KLC-C-105,"HADAPAN LOBI REGAL HOUSE, NO.1, JALAN U-THANT",,1,Hadapan,3.153442,101.72294,7,55c38deb-aae3-44c5-bfac-0bb919effec4,Wilayah Persekutuan Kuala Lumpur,137,WP Kuala Lumpur,2,Swasta,1,Berfungsi,778.915,images/img_pili/20201217002506298.,1,Pillar Hydrant,119,Titiwangsa,0000-00-00,0,1,KUALA LUMPUR (WP),88beb013-6a67-4936-9afd-b84a072cb60f
567768,5e341c45-9a03-4f88-9176-af31b498e13a,c4a96c5b-759e-4542-a2be-651f4b0d596c,471,KLC,C,106,KLC-C-106,"SEBELAH KIRI BANGUNAN REGAL HOUSE, NO.1, JALAN U-THANT",,5,Kiri,3.153442,101.72294,7,55c38deb-aae3-44c5-bfac-0bb919effec4,Wilayah Persekutuan Kuala Lumpur,137,WP Kuala Lumpur,2,Swasta,1,Berfungsi,635.981,images/img_pili/20201217002602894.,1,Pillar Hydrant,119,Titiwangsa,0000-00-00,0,11,KUALALUMPUR (WP),e020035c-e1d1-481d-b224-6475deb88d49
567769,2fb41f7c-de46-4bd5-862d-9873dd4fb478,c4a96c5b-759e-4542-a2be-651f4b0d596c,471,KLC,C,107,KLC-C-107,"HADAPAN PONDOK PENGAWAL, 7 U THANT CONDOMINIUM, NO.7, JALAN U-THANT",,1,Hadapan,3.154029,101.724443,7,55c38deb-aae3-44c5-bfac-0bb919effec4,Wilayah Persekutuan Kuala Lumpur,137,WP Kuala Lumpur,2,Swasta,1,Berfungsi,778.915,images/img_pili/20201217002813947.,1,Pillar Hydrant,119,Titiwangsa,0000-00-00,0,1,KUALA LUMPUR (WP),88beb013-6a67-4936-9afd-b84a072cb60f
567770,014bb570-8c35-475c-aee2-a19803bfdda4,c4a96c5b-759e-4542-a2be-651f4b0d596c,471,KLC,C,108,KLC-C-108,"BELAKANG BANGUNAN, 7 U THANT CONDOMINIUM, NO.7, JALAN U-THANT",,2,Belakang,3.154029,101.724443,7,55c38deb-aae3-44c5-bfac-0bb919effec4,Wilayah Persekutuan Kuala Lumpur,137,WP Kuala Lumpur,2,Swasta,1,Berfungsi,635.981,images/img_pili/20201217002905623.,1,Pillar Hydrant,119,Titiwangsa,0000-00-00,0,1,KUALA LUMPUR (WP),88beb013-6a67-4936-9afd-b84a072cb60f
567771,05954139-0104-4187-a09d-86e6c8889fae,c4a96c5b-759e-4542-a2be-651f4b0d596c,471,KLC,C,109,KLC-C-109,"HADAPAN SEBELAH KIRI, 9 UTHANT APARTMENT, JALAN U-THANT",,1,Hadapan,3.153754,101.724715,7,55c38deb-aae3-44c5-bfac-0bb919effec4,Wilayah Persekutuan Kuala Lumpur,137,WP Kuala Lumpur,2,Swasta,1,Berfungsi,778.915,images/img_pili/20201217003028869.,1,Pillar Hydrant,119,Titiwangsa,0000-00-00,0,1,KUALA LUMPUR (WP),88beb013-6a67-4936-9afd-b84a072cb60f
567772,61be9726-b740-42af-a2a0-4c8b502e57e8,c4a96c5b-759e-4542-a2be-651f4b0d596c,471,KLC,C,110,KLC-C-110,"HADAPAN PONDOK PENGAWAL, 338 U THANT, 8-14, JALAN U-THANT",,1,Hadapan,3.154323,101.726089,7,55c38deb-aae3-44c5-bfac-0bb919effec4,Wilayah Persekutuan Kuala Lumpur,137,WP Kuala Lumpur,2,Swasta,1,Berfungsi,635.981,images/img_pili/2020121700324719.,1,Pillar Hydrant,119,Titiwangsa,0000-00-00,0,1,KUALA LUMPUR (WP),88beb013-6a67-4936-9afd-b84a072cb60f
567773,be35d9b1-25b8-4f61-8667-045e117da1fb,c4a96c5b-759e-4542-a2be-651f4b0d596c,471,KLC,C,111,KLC-C-111,"HADAPAN APARTMENT CINTA, JALAN MADGE, TAMAN U THANT",,1,Hadapan,3.156166,101.7266,7,55c38deb-aae3-44c5-bfac-0bb919effec4,Wilayah Persekutuan Kuala Lumpur,137,WP Kuala Lumpur,2,Swasta,1,Berfungsi,778.915,images/img_pili/20201217003452471.,1,Pillar Hydrant,119,Titiwangsa,0000-00-00,0,1,KUALA LUMPUR (WP),88beb013-6a67-4936-9afd-b84a072cb60f
567774,da708932-d07c-4410-b25a-80c103fa61ff,c4a96c5b-759e-4542-a2be-651f4b0d596c,471,KLC,C,112,KLC-C-112,"CINTA CONDOMINIUM, JALAN MADGE, TAMAN U THANT",,1,Hadapan,3.156166,101.7266,7,55c38deb-aae3-44c5-bfac-0bb919effec4,Wilayah Persekutuan Kuala Lumpur,137,WP Kuala Lumpur,2,Swasta,1,Berfungsi,635.981,images/img_pili/20201217003557423.,1,Pillar Hydrant,119,Titiwangsa,0000-00-00,0,1,KUALA LUMPUR (WP),88beb013-6a67-4936-9afd-b84a072cb60f
567775,02303722-146c-4060-8eb4-94ff4ba3eeb0,c4a96c5b-759e-4542-a2be-651f4b0d596c,471,KLC,C,113,KLC-C-113,"TEPI BELAKANG, APARTMENT CINTA, JALAN MADGE, TAMAN U THANT",,2,Belakang,3.156166,101.7266,7,55c38deb-aae3-44c5-bfac-0bb919effec4,Wilayah Persekutuan Kuala Lumpur,137,WP Kuala Lumpur,2,Swasta,1,Berfungsi,778.915,images/img_pili/20201217003655671.,1,Pillar Hydrant,119,Titiwangsa,0000-00-00,0,11,KUALALUMPUR (WP),e020035c-e1d1-481d-b224-6475deb88d49
567776,b6dccefe-40f1-4cfc-aa74-6e0d0ec2f78b,c4a96c5b-759e-4542-a2be-651f4b0d596c,471,KLC,C,114,KLC-C-114,"HADAPAN BLOK SAYANG, APARTMENT CINTA, JALAN MADGE, JALAN U THANT",,1,Hadapan,3.156166,101.7266,7,55c38deb-aae3-44c5-bfac-0bb919effec4,Wilayah Persekutuan Kuala Lumpur,137,WP Kuala Lumpur,2,Swasta,1,Berfungsi,778.915,images/img_pili/20201217003754415.,1,Pillar Hydrant,119,Titiwangsa,0000-00-00,0,1,KUALA LUMPUR (WP),88beb013-6a67-4936-9afd-b84a072cb60f
567777,704440e7-f1a6-45af-b83b-ee6a72c5f399,c4a96c5b-759e-4542-a2be-651f4b0d596c,471,KLC,C,115,KLC-C-115,"HADAPAN BLOK KASIH, APARTMENT CINTA, JALAN MADGE, JALAN U THANT",,1,Hadapan,3.156166,101.7266,7,55c38deb-aae3-44c5-bfac-0bb919effec4,Wilayah Persekutuan Kuala Lumpur,137,WP Kuala Lumpur,2,Swasta,1,Berfungsi,635.981,images/img_pili/20201217003851188.,1,Pillar Hydrant,119,Titiwangsa,0000-00-00,0,1,KUALA LUMPUR (WP),88beb013-6a67-4936-9afd-b84a072cb60f
567779,b9dab6ef-96c7-4b29-b45e-4d69b70f3c3d,c4a96c5b-759e-4542-a2be-651f4b0d596c,471,KLC,C,116,KLC-C-116,"HADAPAN PONDOK PENGAWAL, BRUNSFIELD RESIDENCE @ U THANT",,1,Hadapan,3.154572,101.727356,7,55c38deb-aae3-44c5-bfac-0bb919effec4,Wilayah Persekutuan Kuala Lumpur,137,WP Kuala Lumpur,2,Swasta,1,Berfungsi,778.915,images/img_pili/20201217004111753.,1,Pillar Hydrant,119,Titiwangsa,0000-00-00,0,1,KUALA LUMPUR (WP),88beb013-6a67-4936-9afd-b84a072cb60f
567780,4cbcaf94-cf53-447f-a5c2-11e663f0c870,c4a96c5b-759e-4542-a2be-651f4b0d596c,471,KLC,C,117,KLC-C-117,"BELAKANG KANAN BANGUNAN, BRUNSFIELD RESIDENCE @ U THANT",,2,Belakang,3.154572,101.727356,7,55c38deb-aae3-44c5-bfac-0bb919effec4,Wilayah Persekutuan Kuala Lumpur,137,WP Kuala Lumpur,2,Swasta,1,Berfungsi,635.981,images/img_pili/20201217004222944.,1,Pillar Hydrant,119,Titiwangsa,0000-00-00,0,1,KUALA LUMPUR (WP),88beb013-6a67-4936-9afd-b84a072cb60f
567781,9ceb6d25-8f03-4fb4-9308-9d62dc3806b6,c4a96c5b-759e-4542-a2be-651f4b0d596c,471,KLC,C,118,KLC-C-118,"DEPAN KANAN BANGUNAN, BRUNSFIELD RESIDENCE @ U THANT",,6,Kanan,3.154572,101.727356,7,55c38deb-aae3-44c5-bfac-0bb919effec4,Wilayah Persekutuan Kuala Lumpur,137,WP Kuala Lumpur,2,Swasta,1,Berfungsi,778.915,images/img_pili/20201217004328234.,1,Pillar Hydrant,119,Titiwangsa,0000-00-00,0,11,KUALALUMPUR (WP),e020035c-e1d1-481d-b224-6475deb88d49
567782,afe5bbf5-2bb7-4328-921c-eca3b275ff1a,c4a96c5b-759e-4542-a2be-651f4b0d596c,471,KLC,C,119,KLC-C-119,BRUNSFIELD RESIDENCE @ U THANT,,4,Tepi,3.154572,101.727356,7,55c38deb-aae3-44c5-bfac-0bb919effec4,Wilayah Persekutuan Kuala Lumpur,137,WP Kuala Lumpur,2,Swasta,1,Berfungsi,635.981,images/img_pili/20201217004419443.,1,Pillar Hydrant,119,Titiwangsa,0000-00-00,0,11,KUALALUMPUR (WP),e020035c-e1d1-481d-b224-6475deb88d49
567783,e904ea0f-3b57-4198-94b5-887400088092,c4a96c5b-759e-4542-a2be-651f4b0d596c,471,KLC,C,120,KLC-C-120,"HADAPAN PONDOK PENGAWAL, NOBELTON CREST, NO. 26, JALAN U-THANT",,1,Hadapan,3.15472,101.728257,7,55c38deb-aae3-44c5-bfac-0bb919effec4,Wilayah Persekutuan Kuala Lumpur,137,WP Kuala Lumpur,2,Swasta,1,Berfungsi,635.981,images/img_pili/20201217004621822.,1,Pillar Hydrant,119,Titiwangsa,0000-00-00,0,1,KUALA LUMPUR (WP),88beb013-6a67-4936-9afd-b84a072cb60f
567784,4f20f17b-fbd6-4ff8-99a7-0c501eccb6ae,c4a96c5b-759e-4542-a2be-651f4b0d596c,471,KLC,C,121,KLC-C-121,"TENGAH BANGUNAN, NOBELTON CREST, NO. 26, JALAN U-THANT",,7,Tengah,3.15472,101.728257,7,55c38deb-aae3-44c5-bfac-0bb919effec4,Wilayah Persekutuan Kuala Lumpur,137,WP Kuala Lumpur,2,Swasta,1,Berfungsi,778.915,images/img_pili/20201217004709532.,1,Pillar Hydrant,119,Titiwangsa,0000-00-00,0,11,KUALALUMPUR (WP),e020035c-e1d1-481d-b224-6475deb88d49
567928,67ad68d1-1bb6-4245-a0ec-fb0d9be56fe0,c4a96c5b-759e-4542-a2be-651f4b0d596c,471,KLC,C,122,KLC-C-122,"HADAPAN PONDOK PENGAWAL, PERUMAHAN ANGKATAN TENTERA JALAN U THANT, NO. 44 OFF JALAN KAMPUNG PANDAN",,1,Hadapan,3.140086,101.726738,7,55c38deb-aae3-44c5-bfac-0bb919effec4,Wilayah Persekutuan Kuala Lumpur,137,WP Kuala Lumpur,1,Awam,1,Berfungsi,778.915,images/img_pili/2020121814134886.,1,Pillar Hydrant,119,Titiwangsa,0000-00-00,0,1,KUALA LUMPUR (WP),88beb013-6a67-4936-9afd-b84a072cb60f
567929,dc5ece44-b126-4737-996a-c8ed5bae3bf2,c4a96c5b-759e-4542-a2be-651f4b0d596c,471,KLC,C,123,KLC-C-123,"HADAPAN RUMAH SAMPAH, PERUMAHAN ANGKATAN TENTERA JALAN U THANT, NO. 44 OFF JALAN KAMPUNG PANDAN",,2,Belakang,3.140086,101.726738,7,55c38deb-aae3-44c5-bfac-0bb919effec4,Wilayah Persekutuan Kuala Lumpur,137,WP Kuala Lumpur,1,Awam,1,Berfungsi,778.915,images/img_pili/2020121814144383.,1,Pillar Hydrant,119,Titiwangsa,0000-00-00,0,11,KUALALUMPUR (WP),e020035c-e1d1-481d-b224-6475deb88d49
567931,dffc32ec-d52d-406c-9e6e-e4b3d9f94845,c4a96c5b-759e-4542-a2be-651f4b0d596c,471,KLC,C,124,KLC-C-124,"HADAPAN BLOK D, PERUMAHAN ANGKATAN TENTERA JALAN U THANT, NO. 44 OFF JALAN KAMPUNG PANDAN",,1,Hadapan,3.140086,101.726738,7,55c38deb-aae3-44c5-bfac-0bb919effec4,Wilayah Persekutuan Kuala Lumpur,137,WP Kuala Lumpur,1,Awam,1,Berfungsi,778.915,images/img_pili/20201218141712646.,1,Pillar Hydrant,119,Titiwangsa,0000-00-00,0,1,KUALA LUMPUR (WP),88beb013-6a67-4936-9afd-b84a072cb60f
567933,e4ad5cb1-2e5a-4f8a-b950-1eb54222c403,c4a96c5b-759e-4542-a2be-651f4b0d596c,471,KLC,C,125,KLC-C-125,"SEBELAH BILIK PAM, PERUMAHAN ANGKATAN TENTERA JALAN U THANT, NO. 44 OFF JALAN KAMPUNG PANDAN",,3,Berhampiran,3.140086,101.726738,7,55c38deb-aae3-44c5-bfac-0bb919effec4,Wilayah Persekutuan Kuala Lumpur,137,WP Kuala Lumpur,1,Awam,1,Berfungsi,778.915,images/img_pili/20201218141936945.,1,Pillar Hydrant,119,Titiwangsa,0000-00-00,0,1,KUALA LUMPUR (WP),88beb013-6a67-4936-9afd-b84a072cb60f
568068,60b82c51-630d-4058-8217-1a42ecc58a00,c4a96c5b-759e-4542-a2be-651f4b0d596c,471,KLC,C,126,KLC-C-126,"HADAPAN BLOK SERBAGUNA, PERUMAHAN ANGKATAN TENTERA JALAN U THANT, NO. 44 OFF JALAN KAMPUNG PANDAN",,1,Hadapan,3.140073,101.726855,7,55c38deb-aae3-44c5-bfac-0bb919effec4,Wilayah Persekutuan Kuala Lumpur,137,WP Kuala Lumpur,1,Awam,1,Berfungsi,778.915,images/img_pili/20201219224652693.,1,Pillar Hydrant,119,Titiwangsa,0000-00-00,0,1,KUALA LUMPUR (WP),88beb013-6a67-4936-9afd-b84a072cb60f
568070,00d81d0b-25e5-4dd4-a4f1-c8fdc4a94c40,c4a96c5b-759e-4542-a2be-651f4b0d596c,471,KLC,C,127,KLC-C-127,"TEPI BLOK B, PERUMAHAN ANGKATAN TENTERA JALAN U THANT, NO. 44 OFF JALAN KAMPUNG PANDAN",,4,Tepi,3.140073,101.726855,7,55c38deb-aae3-44c5-bfac-0bb919effec4,Wilayah Persekutuan Kuala Lumpur,137,WP Kuala Lumpur,1,Awam,1,Berfungsi,778.915,images/img_pili/20201219225524164.,1,Pillar Hydrant,119,Titiwangsa,0000-00-00,0,1,KUALA LUMPUR (WP),88beb013-6a67-4936-9afd-b84a072cb60f
568102,436a0060-1ec1-41b9-bb6a-5bb92429bb96,c4a96c5b-759e-4542-a2be-651f4b0d596c,471,KLC,C,128,KLC-C-128,"TEPI BLOK A, PERUMAHAN ANGKATAN TENTERA JALAN U THANT, NO. 44 OFF JALAN KAMPUNG PANDAN",,4,Tepi,3.154192,101.736904,7,55c38deb-aae3-44c5-bfac-0bb919effec4,Wilayah Persekutuan Kuala Lumpur,137,WP Kuala Lumpur,1,Awam,1,Berfungsi,778.915,images/img_pili/20201220065159392.,1,Pillar Hydrant,119,Titiwangsa,0000-00-00,0,1,KUALA LUMPUR (WP),88beb013-6a67-4936-9afd-b84a072cb60f
568103,1719f055-50d2-4f94-bfd7-e67019b5f7e5,c4a96c5b-759e-4542-a2be-651f4b0d596c,471,KLC,C,129,KLC-C-129,"SUSUR KELUAR TEPI BANGUNAN, PERUMAHAN ANGKATAN TENTERA JALAN U THANT, NO. 44 OFF JALAN KAMPUNG PANDAN",,4,Tepi,3.154192,101.736904,7,55c38deb-aae3-44c5-bfac-0bb919effec4,Wilayah Persekutuan Kuala Lumpur,137,WP Kuala Lumpur,1,Awam,1,Berfungsi,778.915,images/img_pili/20201220065329858.,1,Pillar Hydrant,119,Titiwangsa,0000-00-00,0,1,KUALA LUMPUR (WP),88beb013-6a67-4936-9afd-b84a072cb60f
568104,1e7ae0ce-4f57-4bbd-98c5-7a7a613e94f7,c4a96c5b-759e-4542-a2be-651f4b0d596c,471,KLC,C,130,KLC-C-130,"HADAPAN PONDOK PENGAWAL, APARTMENT DEDAUN, 193, JALAN AMPANG, TAMAN U THANT",,1,Hadapan,3.095229,101.434325,7,55c38deb-aae3-44c5-bfac-0bb919effec4,Wilayah Persekutuan Kuala Lumpur,137,WP Kuala Lumpur,2,Swasta,1,Berfungsi,778.915,images/img_pili/20201220065608169.,1,Pillar Hydrant,119,Titiwangsa,0000-00-00,0,11,KUALALUMPUR (WP),e020035c-e1d1-481d-b224-6475deb88d49
568105,4d8e333e-b712-4053-9a50-b11ceb0b0be7,c4a96c5b-759e-4542-a2be-651f4b0d596c,471,KLC,C,131,KLC-C-131,"SEBELAH BELAKANG TEPI RUMAH SAMPAH, APARTMENT DEDAUN, 193, JALAN AMPANG, TAMAN U THANT ",,4,Tepi,3.158545,101.723823,7,55c38deb-aae3-44c5-bfac-0bb919effec4,Wilayah Persekutuan Kuala Lumpur,137,WP Kuala Lumpur,2,Swasta,1,Berfungsi,778.915,images/img_pili/20201220065711137.,1,Pillar Hydrant,119,Titiwangsa,0000-00-00,0,1,KUALA LUMPUR (WP),88beb013-6a67-4936-9afd-b84a072cb60f
569174,dc68b7a1-ef61-44c7-8795-10d70c1ca748,c4a96c5b-759e-4542-a2be-651f4b0d596c,471,KLC,C,132,KLC-C-132,"SEBELAH BELAKANG TEPI RUMAH SAMPAH, APARTMENT DEDAUN, 193, JALAN AMPANG, TAMAN U THANT",,4,Tepi,3.095341,101.434051,7,55c38deb-aae3-44c5-bfac-0bb919effec4,Wilayah Persekutuan Kuala Lumpur,137,WP Kuala Lumpur,2,Swasta,1,Berfungsi,778.915,images/img_pili/20201227115044914.,1,Pillar Hydrant,119,Titiwangsa,0000-00-00,0,1,KUALA LUMPUR (WP),88beb013-6a67-4936-9afd-b84a072cb60f
569175,1d18004f-7bc5-4ac9-9889-d58840581dd0,c4a96c5b-759e-4542-a2be-651f4b0d596c,471,KLC,C,133,KLC-C-133,"191, JALAN AMPANG, TAMAN U THANT",,1,Hadapan,3.159095,101.723853,7,55c38deb-aae3-44c5-bfac-0bb919effec4,Wilayah Persekutuan Kuala Lumpur,137,WP Kuala Lumpur,2,Swasta,1,Berfungsi,778.915,images/img_pili/20201227115728145.,1,Pillar Hydrant,119,Titiwangsa,0000-00-00,0,1,KUALA LUMPUR (WP),88beb013-6a67-4936-9afd-b84a072cb60f
569176,1c201888-72a1-44bd-9f5e-00f0c909bc4d,c4a96c5b-759e-4542-a2be-651f4b0d596c,471,KLC,C,134,KLC-C-134,"BELAKANG KANAN THE ICON, JALAN TUN RAZAK",,2,Belakang,3.156373,101.722389,7,55c38deb-aae3-44c5-bfac-0bb919effec4,Wilayah Persekutuan Kuala Lumpur,137,WP Kuala Lumpur,2,Swasta,1,Berfungsi,778.915,images/img_pili/20201227120734570.,1,Pillar Hydrant,119,Titiwangsa,0000-00-00,0,1,KUALA LUMPUR (WP),88beb013-6a67-4936-9afd-b84a072cb60f
569177,9494f8c2-b028-4294-a945-67b0ad8ef9e2,c4a96c5b-759e-4542-a2be-651f4b0d596c,471,KLC,C,135,KLC-C-135,"SEBELAH HADAPAN LUAR, LANSON PLACE CONDOMINIUM, NO. 8, JALAN PERSIARAN AMPANG HILIR",,1,Hadapan,3.094718,101.437251,7,55c38deb-aae3-44c5-bfac-0bb919effec4,Wilayah Persekutuan Kuala Lumpur,137,WP Kuala Lumpur,1,Awam,1,Berfungsi,778.915,images/img_pili/20201227122512608.,1,Pillar Hydrant,119,Titiwangsa,0000-00-00,0,1,KUALA LUMPUR (WP),88beb013-6a67-4936-9afd-b84a072cb60f
569178,a530bc78-2a55-4163-b091-3cf90504f392,c4a96c5b-759e-4542-a2be-651f4b0d596c,471,KLC,C,136,KLC-C-136,"TENGAH KANAN LUAR KAWASAN NO. 2 DALAM LANSON PLACE CONDOMINIUM, NO. 8, JALAN PERSIARAN AMPANG HILIR",,7,Tengah,3.158002,101.729061,7,55c38deb-aae3-44c5-bfac-0bb919effec4,Wilayah Persekutuan Kuala Lumpur,137,WP Kuala Lumpur,2,Swasta,1,Berfungsi,778.915,images/img_pili/20201227122618800.,1,Pillar Hydrant,119,Titiwangsa,0000-00-00,0,1,KUALA LUMPUR (WP),88beb013-6a67-4936-9afd-b84a072cb60f
569179,fdd19f0a-cade-4da9-9c2a-27288e4a8222,c4a96c5b-759e-4542-a2be-651f4b0d596c,471,KLC,C,137,KLC-C-137,"BELAKANG KANAN LUAR KAWASAN NO. 3 DALAM LANSON PLACE CONDOMINIUM, NO. 8, JALAN PERSIARAN AMPANG HILIR",,2,Belakang,3.094879,101.437286,7,55c38deb-aae3-44c5-bfac-0bb919effec4,Wilayah Persekutuan Kuala Lumpur,137,WP Kuala Lumpur,2,Swasta,1,Berfungsi,778.915,images/img_pili/20201227123354537.,1,Pillar Hydrant,119,Titiwangsa,0000-00-00,0,1,KUALA LUMPUR (WP),88beb013-6a67-4936-9afd-b84a072cb60f
569180,5ba949de-6201-47cb-9bed-4ded272727b5,c4a96c5b-759e-4542-a2be-651f4b0d596c,471,KLC,C,138,KLC-C-138,"SEBELAH KIRI 183 CONDOMINIUM, JALAN AMPANG",,5,Kiri,3.095395,101.433045,7,55c38deb-aae3-44c5-bfac-0bb919effec4,Wilayah Persekutuan Kuala Lumpur,137,WP Kuala Lumpur,2,Swasta,1,Berfungsi,778.915,images/img_pili/20201227123554486.,1,Pillar Hydrant,119,Titiwangsa,0000-00-00,0,1,KUALA LUMPUR (WP),88beb013-6a67-4936-9afd-b84a072cb60f
569181,58ac3922-cdec-464f-91a4-7fc7d8d78fb4,c4a96c5b-759e-4542-a2be-651f4b0d596c,471,KLC,C,139,KLC-C-139,"SEBELAH PONDOK PENGAWAL, 183 CONDOMINIUM, JALAN AMPANG",,1,Hadapan,3.158762,101.721654,7,55c38deb-aae3-44c5-bfac-0bb919effec4,Wilayah Persekutuan Kuala Lumpur,137,WP Kuala Lumpur,2,Swasta,1,Berfungsi,778.915,images/img_pili/20201227123711214.,1,Pillar Hydrant,119,Titiwangsa,0000-00-00,0,1,KUALA LUMPUR (WP),88beb013-6a67-4936-9afd-b84a072cb60f
569182,92268a25-b173-4199-b54d-3dfc67395d35,c4a96c5b-759e-4542-a2be-651f4b0d596c,471,KLC,C,140,KLC-C-140,"SEBELAH KANAN BANGUNAN, 183 CONDOMNIUM, JALAN AMPANG",,6,Kanan,3.158762,101.721654,7,55c38deb-aae3-44c5-bfac-0bb919effec4,Wilayah Persekutuan Kuala Lumpur,137,WP Kuala Lumpur,2,Swasta,1,Berfungsi,778.915,images/img_pili/20201227123808649.,1,Pillar Hydrant,119,Titiwangsa,0000-00-00,0,1,KUALA LUMPUR (WP),88beb013-6a67-4936-9afd-b84a072cb60f
569183,36f1e303-64c5-4eb2-b6cf-0da3e7049d31,c4a96c5b-759e-4542-a2be-651f4b0d596c,471,KLC,C,141,KLC-C-141,"THE LINC , JALAN TUN RAZAK , SEBELAH METER DEPAN BANGUNAN",,1,Hadapan,3.158762,101.721654,7,55c38deb-aae3-44c5-bfac-0bb919effec4,Wilayah Persekutuan Kuala Lumpur,137,WP Kuala Lumpur,2,Swasta,1,Berfungsi,778.915,images/img_pili/20201227124617177.,1,Pillar Hydrant,119,Titiwangsa,0000-00-00,0,1,KUALA LUMPUR (WP),88beb013-6a67-4936-9afd-b84a072cb60f
569185,a3c94b79-434a-46ec-b303-1ce03fe6457a,c4a96c5b-759e-4542-a2be-651f4b0d596c,471,KLC,C,142,KLC-C-142,"THE LINC , JALAN TUN RAZAK, SUSUR KELUAR MASUK BELAKANG",,2,Belakang,3.158762,101.721654,7,55c38deb-aae3-44c5-bfac-0bb919effec4,Wilayah Persekutuan Kuala Lumpur,137,WP Kuala Lumpur,2,Swasta,1,Berfungsi,778.915,images/img_pili/20201227125549424.,1,Pillar Hydrant,119,Titiwangsa,0000-00-00,0,1,KUALA LUMPUR (WP),88beb013-6a67-4936-9afd-b84a072cb60f
569186,c662853a-f88c-418b-b5a9-d0f56caa70a6,c4a96c5b-759e-4542-a2be-651f4b0d596c,471,KLC,C,143,KLC-C-143,"THE LINC, JALAN TUN RAZAK, BELAKANG BANGUNAN TEPI DINDING",,2,Belakang,3.158762,101.721654,7,55c38deb-aae3-44c5-bfac-0bb919effec4,Wilayah Persekutuan Kuala Lumpur,137,WP Kuala Lumpur,2,Swasta,1,Berfungsi,778.915,images/img_pili/20201227125650291.,1,Pillar Hydrant,119,Titiwangsa,0000-00-00,0,1,KUALA LUMPUR (WP),88beb013-6a67-4936-9afd-b84a072cb60f
569187,66c75fd3-de90-4ef4-a455-9a25e3ea1f2f,c4a96c5b-759e-4542-a2be-651f4b0d596c,471,KLC,C,144,KLC-C-144,"NO. 9 JALAN LANGGAK GOLF, KELAB GOLF DIRAJA SELANGOR",NO. 9,1,Hadapan,3.091585,101.435047,7,55c38deb-aae3-44c5-bfac-0bb919effec4,Wilayah Persekutuan Kuala Lumpur,137,WP Kuala Lumpur,1,Awam,2,Tidak Berfungsi,0,images/img_pili/20201227125848392.,2,Ground Hydrant,119,Titiwangsa,0000-00-00,0,1,KUALA LUMPUR (WP),88beb013-6a67-4936-9afd-b84a072cb60f
569189,66b97593-fd89-440f-9cb2-43d23c2212ab,c4a96c5b-759e-4542-a2be-651f4b0d596c,471,KLC,C,145,KLC-C-145,"NO. 21, JALAN LANGGAK GOLF, KELAB GOLF DIRAJA SELANGOR",,1,Hadapan,3.152969,101.727396,7,55c38deb-aae3-44c5-bfac-0bb919effec4,Wilayah Persekutuan Kuala Lumpur,137,WP Kuala Lumpur,1,Awam,2,Tidak Berfungsi,0,images/img_pili/20201227130055844.,2,Ground Hydrant,119,Titiwangsa,0000-00-00,0,1,KUALA LUMPUR (WP),88beb013-6a67-4936-9afd-b84a072cb60f
569191,ad571cad-00bb-481e-bd75-9151a44cfe4a,c4a96c5b-759e-4542-a2be-651f4b0d596c,471,KLC,C,146,KLC-C-146,"NO. 26, JALAN LANGGAK GOLF, KELAB GOLF DIRAJA SELANGOR",,1,Hadapan,3.152969,101.727396,7,55c38deb-aae3-44c5-bfac-0bb919effec4,Wilayah Persekutuan Kuala Lumpur,137,WP Kuala Lumpur,1,Awam,1,Berfungsi,635.981,images/img_pili/20201227130252344.,1,Pillar Hydrant,119,Titiwangsa,0000-00-00,0,1,KUALA LUMPUR (WP),88beb013-6a67-4936-9afd-b84a072cb60f
569192,c9726ca0-14a0-427b-9e67-cf83ac806195,c4a96c5b-759e-4542-a2be-651f4b0d596c,471,KLC,C,147,KLC-C-147,"NO. 39, JALAN LANGGAK GOLF, KELAB GOLF DIRAJA SELANGOR",NO. 39,1,Hadapan,3.154031,101.731546,7,55c38deb-aae3-44c5-bfac-0bb919effec4,Wilayah Persekutuan Kuala Lumpur,137,WP Kuala Lumpur,2,Swasta,2,Tidak Berfungsi,0,images/img_pili/20201227130502392.,2,Ground Hydrant,119,Titiwangsa,0000-00-00,0,1,KUALA LUMPUR (WP),88beb013-6a67-4936-9afd-b84a072cb60f
569194,96bde88c-e554-437c-8bbf-3f6b2b6968bc,c4a96c5b-759e-4542-a2be-651f4b0d596c,471,KLC,C,148,KLC-C-148,"NO. 39, JALAN LANGGAK GOLF, KELAB GOLF DIRAJA SELANGOR",NO. 39,1,Hadapan,3.154031,101.731546,7,55c38deb-aae3-44c5-bfac-0bb919effec4,Wilayah Persekutuan Kuala Lumpur,137,WP Kuala Lumpur,1,Awam,2,Tidak Berfungsi,0,images/img_pili/20201227130833619.,1,Pillar Hydrant,119,Titiwangsa,0000-00-00,0,1,KUALA LUMPUR (WP),88beb013-6a67-4936-9afd-b84a072cb60f
592834,88073e90-e66a-424f-b0df-2fd884c73be1,c4a96c5b-759e-4542-a2be-651f4b0d596c,471,KLC,C,149,KLC-C-149,"HADAPAN SURAU MADRASATUL KHAIRAT , JALAN 1/76 A , DESA PANDAN",,1,Hadapan,3.087214,101.439907,7,55c38deb-aae3-44c5-bfac-0bb919effec4,Wilayah Persekutuan Kuala Lumpur,137,WP Kuala Lumpur,1,Awam,1,Berfungsi,,images/img_pili/20230320104145936.,1,Pillar Hydrant,119,Titiwangsa,0000-00-00,0,1,KUALA LUMPUR (WP),88beb013-6a67-4936-9afd-b84a072cb60f
592835,4405a272-c43f-4a6c-8185-f86abecd2e0e,c4a96c5b-759e-4542-a2be-651f4b0d596c,471,KLC,C,150,KLC-C-150,"DEPAN BLOK A1 , JALAN 2/76 A , DESA PANDAN",,1,Hadapan,3.087022,101.438872,7,55c38deb-aae3-44c5-bfac-0bb919effec4,Wilayah Persekutuan Kuala Lumpur,137,WP Kuala Lumpur,1,Awam,1,Berfungsi,635.981,images/img_pili/20230320112313274.,1,Pillar Hydrant,119,Titiwangsa,0000-00-00,0,1,KUALA LUMPUR (WP),88beb013-6a67-4936-9afd-b84a072cb60f
592836,06da16fa-d968-476e-b32f-5b969c1d9b82,c4a96c5b-759e-4542-a2be-651f4b0d596c,471,KLC,C,151,KLC-C-151,"DEPAN BLOK A2 , JALAN 2/76 A , DESA PANDAN",,1,Hadapan,3.086864,101.43927,7,55c38deb-aae3-44c5-bfac-0bb919effec4,Wilayah Persekutuan Kuala Lumpur,137,WP Kuala Lumpur,1,Awam,1,Berfungsi,,images/img_pili/20230320112538281.,1,Pillar Hydrant,119,Titiwangsa,0000-00-00,0,1,KUALA LUMPUR (WP),88beb013-6a67-4936-9afd-b84a072cb60f
592837,3b68b6af-ba5d-4da2-a965-3d1802625a70,c4a96c5b-759e-4542-a2be-651f4b0d596c,471,KLC,C,152,KLC-C-152,"DEPAN BLOK A9 , JALAN 4/76 , DESA PANDAN",,1,Hadapan,3.087585,101.439368,7,55c38deb-aae3-44c5-bfac-0bb919effec4,Wilayah Persekutuan Kuala Lumpur,137,WP Kuala Lumpur,1,Awam,1,Berfungsi,635.981,images/img_pili/20230320115927469.,1,Pillar Hydrant,119,Titiwangsa,0000-00-00,0,1,KUALA LUMPUR (WP),88beb013-6a67-4936-9afd-b84a072cb60f
592838,6b360df7-7ba7-4d4d-b7f1-087557eb7ba3,c4a96c5b-759e-4542-a2be-651f4b0d596c,471,KLC,C,153,KLC-C-153,"DEPAN BLOK A5 , JALAN 3/76 A , DESA PANDAN",,1,Hadapan,3.086896,101.439739,7,55c38deb-aae3-44c5-bfac-0bb919effec4,Wilayah Persekutuan Kuala Lumpur,137,WP Kuala Lumpur,1,Awam,1,Berfungsi,,images/img_pili/20230320120245708.,1,Pillar Hydrant,119,Titiwangsa,0000-00-00,0,1,KUALA LUMPUR (WP),88beb013-6a67-4936-9afd-b84a072cb60f
592839,718ce33e-2fde-455c-b7de-ee874f65ba82,c4a96c5b-759e-4542-a2be-651f4b0d596c,471,KLC,C,154,KLC-C-154,"DEPAN BLOK A12 , JALAN 4/76 , DESA PANDAM",,1,Hadapan,3.087326,101.438818,7,55c38deb-aae3-44c5-bfac-0bb919effec4,Wilayah Persekutuan Kuala Lumpur,137,WP Kuala Lumpur,1,Awam,1,Berfungsi,,images/img_pili/20230320121319523.,1,Pillar Hydrant,119,Titiwangsa,0000-00-00,0,1,KUALA LUMPUR (WP),88beb013-6a67-4936-9afd-b84a072cb60f
592847,c34bbc04-9ba4-48d6-b83d-e1fcd71f89db,c4a96c5b-759e-4542-a2be-651f4b0d596c,471,KLC,C,155,KLC-C-155,"DEPAN BLOK B3 , JALAN 3/76 A , DESA PANDAN",,1,Hadapan,3.087245,101.440296,7,55c38deb-aae3-44c5-bfac-0bb919effec4,Wilayah Persekutuan Kuala Lumpur,137,WP Kuala Lumpur,1,Awam,1,Berfungsi,635.981,images/img_pili/20230320151344514.,1,Pillar Hydrant,119,Titiwangsa,0000-00-00,0,1,KUALA LUMPUR (WP),88beb013-6a67-4936-9afd-b84a072cb60f
592848,c456b389-6a55-4351-bec3-45cb02620491,c4a96c5b-759e-4542-a2be-651f4b0d596c,471,KLC,C,156,KLC-C-156,"DEPAN BLOK B4 , JALAN 3/76 A , DESA PANDAN",,1,Hadapan,3.087379,101.440984,7,55c38deb-aae3-44c5-bfac-0bb919effec4,Wilayah Persekutuan Kuala Lumpur,137,WP Kuala Lumpur,1,Awam,1,Berfungsi,,images/img_pili/20230320151533766.,1,Pillar Hydrant,119,Titiwangsa,0000-00-00,0,1,KUALA LUMPUR (WP),88beb013-6a67-4936-9afd-b84a072cb60f
592849,058e4ce3-66e0-4b1d-854a-1d17620481cc,c4a96c5b-759e-4542-a2be-651f4b0d596c,471,KLC,C,157,KLC-C-157,"TEPI BLOK B8 , JALAN 4/76 A , DESA PANDAN",,4,Tepi,3.087811,101.43988,7,55c38deb-aae3-44c5-bfac-0bb919effec4,Wilayah Persekutuan Kuala Lumpur,137,WP Kuala Lumpur,1,Awam,1,Berfungsi,635.981,images/img_pili/20230320151727739.,1,Pillar Hydrant,119,Titiwangsa,0000-00-00,0,1,KUALA LUMPUR (WP),88beb013-6a67-4936-9afd-b84a072cb60f
592850,e02a6c24-f32f-49b0-8a10-c442831b89b5,c4a96c5b-759e-4542-a2be-651f4b0d596c,471,KLC,C,158,KLC-C-158,"DEPAN BLOK B9 , JALAN 4/76 , DESA PANDAN",,1,Hadapan,3.087542,101.440181,7,55c38deb-aae3-44c5-bfac-0bb919effec4,Wilayah Persekutuan Kuala Lumpur,137,WP Kuala Lumpur,1,Awam,1,Berfungsi,,images/img_pili/20230320151918234.,1,Pillar Hydrant,119,Titiwangsa,0000-00-00,0,1,KUALA LUMPUR (WP),88beb013-6a67-4936-9afd-b84a072cb60f
592851,82dbeff6-ebae-4bee-9be2-06b5fa894f9d,c4a96c5b-759e-4542-a2be-651f4b0d596c,471,KLC,C,159,KLC-C-159,"TEPI BLOK B13 , JALAN 4/76 A , DESA PANDAN",,4,Tepi,3.087761,101.440694,7,55c38deb-aae3-44c5-bfac-0bb919effec4,Wilayah Persekutuan Kuala Lumpur,137,WP Kuala Lumpur,1,Awam,1,Berfungsi,,images/img_pili/20230320152111887.,1,Pillar Hydrant,119,Titiwangsa,0000-00-00,0,1,KUALA LUMPUR (WP),88beb013-6a67-4936-9afd-b84a072cb60f
592852,5e605580-8c7b-4615-b1b8-0de289263577,c4a96c5b-759e-4542-a2be-651f4b0d596c,471,KLC,C,160,KLC-C-160,"TEPI BLOK B14 , JALAN 3/76 A , DESA PANDAN",,4,Tepi,3.087739,101.441078,7,55c38deb-aae3-44c5-bfac-0bb919effec4,Wilayah Persekutuan Kuala Lumpur,137,WP Kuala Lumpur,1,Awam,1,Berfungsi,635.981,images/img_pili/20230320152307971.,1,Pillar Hydrant,119,Titiwangsa,0000-00-00,0,1,KUALA LUMPUR (WP),88beb013-6a67-4936-9afd-b84a072cb60f
592853,4d712665-8315-4b5f-a555-040457e97aad,c4a96c5b-759e-4542-a2be-651f4b0d596c,471,KLC,C,161,KLC-C-161,"DEPAN BLOK C1 (KANAN) , JALAN 5/76 A , DESA PANDAN",,1,Hadapan,3.08811,101.440259,7,55c38deb-aae3-44c5-bfac-0bb919effec4,Wilayah Persekutuan Kuala Lumpur,137,WP Kuala Lumpur,1,Awam,1,Berfungsi,,images/img_pili/20230320153005913.,1,Pillar Hydrant,119,Titiwangsa,0000-00-00,0,1,KUALA LUMPUR (WP),88beb013-6a67-4936-9afd-b84a072cb60f
592854,bb7553ef-f6a8-4b46-9f5c-255e2d32fff4,c4a96c5b-759e-4542-a2be-651f4b0d596c,471,KLC,C,162,KLC-C-162,"DEPAN BLOK C1 (KIRI) , JALAN 5/76 A , DESA PANDAN",,1,Hadapan,3.088224,101.440704,7,55c38deb-aae3-44c5-bfac-0bb919effec4,Wilayah Persekutuan Kuala Lumpur,137,WP Kuala Lumpur,1,Awam,1,Berfungsi,635.981,images/img_pili/20230320153155401.,1,Pillar Hydrant,119,Titiwangsa,0000-00-00,0,1,KUALA LUMPUR (WP),88beb013-6a67-4936-9afd-b84a072cb60f
592855,6896b996-2106-4675-9b10-b2f4ce6f302f,c4a96c5b-759e-4542-a2be-651f4b0d596c,471,KLC,C,163,KLC-C-163,"DEPAN BLOK C2 , JALAN 5/76 A , DESA PANDAN",,1,Hadapan,3.088174,101.441195,7,55c38deb-aae3-44c5-bfac-0bb919effec4,Wilayah Persekutuan Kuala Lumpur,137,WP Kuala Lumpur,1,Awam,1,Berfungsi,,images/img_pili/20230320155623259.,1,Pillar Hydrant,119,Titiwangsa,0000-00-00,0,1,KUALA LUMPUR (WP),88beb013-6a67-4936-9afd-b84a072cb60f
566992,24c6130c-4c4a-47a1-a84b-99e874fdc6af,c4a96c5b-759e-4542-a2be-651f4b0d596c,471,KLC,D,001,KLC-D-001,"PERSIMPANGAN KONDOMINIUM II 2HAMPSHIRE, PERSIARAN HAMPSHIRE",,1,Hadapan,3.160586,101.726015,7,55c38deb-aae3-44c5-bfac-0bb919effec4,Wilayah Persekutuan Kuala Lumpur,137,WP Kuala Lumpur,1,Awam,1,Berfungsi,778.915,images/img_pili/20201210235119691.,1,Pillar Hydrant,119,Titiwangsa,0000-00-00,0,202,KUALA LUMPUR,9e597da1-fbe5-4168-9f07-c4746f7466a9
566995,9e087234-9ac9-4543-948f-c7a9a6f4ce67,c4a96c5b-759e-4542-a2be-651f4b0d596c,471,KLC,D,002,KLC-D-002,"HAMPSHIRE RESIDENT, PERSIARAN HAMPSHIRE",,3,Berhampiran,3.160586,101.719632,7,55c38deb-aae3-44c5-bfac-0bb919effec4,Wilayah Persekutuan Kuala Lumpur,137,WP Kuala Lumpur,1,Awam,1,Berfungsi,635.981,images/img_pili/20201211002450342.,1,Pillar Hydrant,119,Titiwangsa,0000-00-00,0,202,KUALA LUMPUR,9e597da1-fbe5-4168-9f07-c4746f7466a9
566996,885c02e1-4208-4e43-9c77-80f9c8e18efd,c4a96c5b-759e-4542-a2be-651f4b0d596c,471,KLC,D,003,KLC-D-003,"PONDOK PENGAWAL KONDOMINIUM II 2HAMPSHIRE, PERSIARAN HAMPSHIRE",,3,Berhampiran,3.168903,101.726015,7,55c38deb-aae3-44c5-bfac-0bb919effec4,Wilayah Persekutuan Kuala Lumpur,137,WP Kuala Lumpur,1,Awam,1,Berfungsi,778.915,images/img_pili/20201211003831113.,1,Pillar Hydrant,119,Titiwangsa,0000-00-00,0,202,KUALA LUMPUR,9e597da1-fbe5-4168-9f07-c4746f7466a9
566997,323df36e-be79-4a09-aa4a-7e9f45560882,c4a96c5b-759e-4542-a2be-651f4b0d596c,471,KLC,D,004,KLC-D-004,"PONDOK PENGAWAL HAMPSHIRE PARK 6-8, PERSIARAN HAMPSHIRE",,3,Berhampiran,3.160586,101.724884,7,55c38deb-aae3-44c5-bfac-0bb919effec4,Wilayah Persekutuan Kuala Lumpur,137,WP Kuala Lumpur,1,Awam,1,Berfungsi,778.915,images/img_pili/20201211004123982.,1,Pillar Hydrant,119,Titiwangsa,0000-00-00,0,202,KUALA LUMPUR,9e597da1-fbe5-4168-9f07-c4746f7466a9
567640,3389458c-6d3f-44e6-8e1b-b5b93ddb9d12,c4a96c5b-759e-4542-a2be-651f4b0d596c,471,KLC,D,005,KLC-D-005,"DALAM KAWASAN HAMPSHIRE PARK 6-8, PERSIARAN HAMPSHIRE",,2,Belakang,3.160474,101.724884,7,55c38deb-aae3-44c5-bfac-0bb919effec4,Wilayah Persekutuan Kuala Lumpur,137,WP Kuala Lumpur,2,Swasta,1,Berfungsi,635.981,images/img_pili/20201216105312979.,1,Pillar Hydrant,119,Titiwangsa,0000-00-00,0,1,KUALA LUMPUR (WP),88beb013-6a67-4936-9afd-b84a072cb60f
567641,c9b54958-9334-448d-97ce-6b669c2144ed,c4a96c5b-759e-4542-a2be-651f4b0d596c,471,KLC,D,006,KLC-D-006,"JALAN TUN RAZAK,DEPAN KIRI BANGUNAN TOKIO MARINIE LIFE",,1,Hadapan,3.160474,101.724884,7,55c38deb-aae3-44c5-bfac-0bb919effec4,Wilayah Persekutuan Kuala Lumpur,137,WP Kuala Lumpur,2,Swasta,1,Berfungsi,778.915,images/img_pili/20201216111017905.,1,Pillar Hydrant,119,Titiwangsa,0000-00-00,0,1,KUALA LUMPUR (WP),88beb013-6a67-4936-9afd-b84a072cb60f
567642,9b637342-f9e2-4717-a9cc-dd340f5f34b6,c4a96c5b-759e-4542-a2be-651f4b0d596c,471,KLC,D,007,KLC-D-007,"JALAN TUN RAZAK,DEPAN KANAN DALAM KAWASAN  BANGUNAN TOKIO MARINIE LIFE ",,1,Hadapan,3.168903,101.726015,7,55c38deb-aae3-44c5-bfac-0bb919effec4,Wilayah Persekutuan Kuala Lumpur,137,WP Kuala Lumpur,2,Swasta,1,Berfungsi,778.915,images/img_pili/20201216111548498.,1,Pillar Hydrant,119,Titiwangsa,0000-00-00,0,1,KUALA LUMPUR (WP),88beb013-6a67-4936-9afd-b84a072cb60f
567643,b63e43a5-586a-4f38-a67e-664527e8ad77,c4a96c5b-759e-4542-a2be-651f4b0d596c,471,KLC,D,008,KLC-D-008,PERSIARAN HAMSPHIRE DALAM KAWASAN HAMSPHIRE PARK 6-8 ,,2,Belakang,3.160475,101.724884,7,55c38deb-aae3-44c5-bfac-0bb919effec4,Wilayah Persekutuan Kuala Lumpur,137,WP Kuala Lumpur,2,Swasta,1,Berfungsi,635.981,images/img_pili/20201216115503681.,1,Pillar Hydrant,119,Titiwangsa,0000-00-00,0,1,KUALA LUMPUR (WP),88beb013-6a67-4936-9afd-b84a072cb60f
567644,1e66ef0c-15ff-446b-8c73-634e221bedbe,c4a96c5b-759e-4542-a2be-651f4b0d596c,471,KLC,D,009,KLC-D-009,"PERSIARAN HAMSPHIRE,DALAM KAWASAN HAMPHIRE RESIDENCES",,1,Hadapan,3.160474,101.724884,7,55c38deb-aae3-44c5-bfac-0bb919effec4,Wilayah Persekutuan Kuala Lumpur,137,WP Kuala Lumpur,2,Swasta,1,Berfungsi,635.981,images/img_pili/20201216120133470.,1,Pillar Hydrant,119,Titiwangsa,0000-00-00,0,1,KUALA LUMPUR (WP),88beb013-6a67-4936-9afd-b84a072cb60f
567645,a6cfff29-1c19-4562-b101-127489be5e6b,c4a96c5b-759e-4542-a2be-651f4b0d596c,471,KLC,D,010,KLC-D-010,"PERSIARAN HAMSPHIRE,DALAM KAWASAN HAMSPHIRE RESIDENCES",,6,Kanan,3.160474,101.724884,7,55c38deb-aae3-44c5-bfac-0bb919effec4,Wilayah Persekutuan Kuala Lumpur,137,WP Kuala Lumpur,2,Swasta,1,Berfungsi,635.981,images/img_pili/20201216120842546.,1,Pillar Hydrant,119,Titiwangsa,0000-00-00,0,1,KUALA LUMPUR (WP),88beb013-6a67-4936-9afd-b84a072cb60f
567646,d360316e-ae66-4a81-a43c-f81dcc0176ae,c4a96c5b-759e-4542-a2be-651f4b0d596c,471,KLC,D,011,KLC-D-011,"PERSIARAN HAMSPHIRE,DALAM KASASAN HAMSPHIRE RESIDENCES BELAKANG KIRI",,2,Belakang,3.162028,101.716079,7,55c38deb-aae3-44c5-bfac-0bb919effec4,Wilayah Persekutuan Kuala Lumpur,137,WP Kuala Lumpur,2,Swasta,1,Berfungsi,635.981,images/img_pili/20201216122202279.,1,Pillar Hydrant,119,Titiwangsa,0000-00-00,0,1,KUALA LUMPUR (WP),88beb013-6a67-4936-9afd-b84a072cb60f
567647,a2b3ad58-e507-408d-b3af-d514a924db09,c4a96c5b-759e-4542-a2be-651f4b0d596c,471,KLC,D,012,KLC-D-012,"PERSIARAN HAMSPHIRE,DALAM KAWASAN BELAKANG TENGAH HAMSPHIRE RESIDENCES",,2,Belakang,3.162028,101.716079,7,55c38deb-aae3-44c5-bfac-0bb919effec4,Wilayah Persekutuan Kuala Lumpur,137,WP Kuala Lumpur,2,Swasta,1,Berfungsi,635.981,images/img_pili/20201216122739414.,1,Pillar Hydrant,119,Titiwangsa,0000-00-00,0,1,KUALA LUMPUR (WP),88beb013-6a67-4936-9afd-b84a072cb60f
567648,87e481b1-675b-43ba-a3ff-950d1409e3a6,c4a96c5b-759e-4542-a2be-651f4b0d596c,471,KLC,D,013,KLC-D-013,"PERSIARAN HAMSPHIRE,DALAM KAWASAN HAMSPHIRE RESIDENCES ",,2,Belakang,3.162028,101.716079,7,55c38deb-aae3-44c5-bfac-0bb919effec4,Wilayah Persekutuan Kuala Lumpur,137,WP Kuala Lumpur,2,Swasta,1,Berfungsi,635.981,images/img_pili/20201216123734396.,1,Pillar Hydrant,119,Titiwangsa,0000-00-00,0,1,KUALA LUMPUR (WP),88beb013-6a67-4936-9afd-b84a072cb60f
567649,74571bd1-c25c-4dc7-a1ba-6732e0d9069a,c4a96c5b-759e-4542-a2be-651f4b0d596c,471,KLC,D,014,KLC-D-014,"PERSIARAN HAMSPHIRE,DALAM KAWASAN PANORAMA CONDOMINIUM",,1,Hadapan,3.160599,101.714808,7,55c38deb-aae3-44c5-bfac-0bb919effec4,Wilayah Persekutuan Kuala Lumpur,137,WP Kuala Lumpur,2,Swasta,1,Berfungsi,635.981,images/img_pili/20201216124509694.,1,Pillar Hydrant,119,Titiwangsa,0000-00-00,0,1,KUALA LUMPUR (WP),88beb013-6a67-4936-9afd-b84a072cb60f
567650,122d5006-cb74-4d8c-b99e-d3f4d0a4eaf6,c4a96c5b-759e-4542-a2be-651f4b0d596c,471,KLC,D,015,KLC-D-015,"PERSIARAN HAMSPHIRE,DALAM PANORAMA CONDOMINIUM",,2,Belakang,3.160599,101.714808,7,55c38deb-aae3-44c5-bfac-0bb919effec4,Wilayah Persekutuan Kuala Lumpur,137,WP Kuala Lumpur,2,Swasta,1,Berfungsi,635.981,images/img_pili/20201216125102224.,1,Pillar Hydrant,119,Titiwangsa,0000-00-00,0,1,KUALA LUMPUR (WP),88beb013-6a67-4936-9afd-b84a072cb60f
567651,68579520-4d2f-4302-981f-5530fe32c546,c4a96c5b-759e-4542-a2be-651f4b0d596c,471,KLC,D,016,KLC-D-016,"PERSIARAN HAMSPHIRE,DALAM PANORAMA CONDOMINIUM",,2,Belakang,3.160598,101.714807,7,55c38deb-aae3-44c5-bfac-0bb919effec4,Wilayah Persekutuan Kuala Lumpur,137,WP Kuala Lumpur,2,Swasta,1,Berfungsi,635.981,images/img_pili/20201216125558180.,1,Pillar Hydrant,119,Titiwangsa,0000-00-00,0,1,KUALA LUMPUR (WP),88beb013-6a67-4936-9afd-b84a072cb60f
567652,b9c4161d-188e-485a-82e0-06cb60ef5d32,c4a96c5b-759e-4542-a2be-651f4b0d596c,471,KLC,D,017,KLC-D-017,"PERSIARAN HAMSPHIRE,DALAM BANGUNAN HAMSPHIRE II",,5,Kiri,3.160474,101.724884,7,55c38deb-aae3-44c5-bfac-0bb919effec4,Wilayah Persekutuan Kuala Lumpur,137,WP Kuala Lumpur,2,Swasta,1,Berfungsi,635.981,images/img_pili/20201216133605525.,1,Pillar Hydrant,119,Titiwangsa,0000-00-00,0,1,KUALA LUMPUR (WP),88beb013-6a67-4936-9afd-b84a072cb60f
567659,cb6bb8fc-1d1c-4294-bb91-b52040de6d4f,c4a96c5b-759e-4542-a2be-651f4b0d596c,471,KLC,D,018,KLC-D-018,"PERSIARAN HAMSPHIRE,DALAM HAMSPHIRE PLACE",,1,Hadapan,3.162028,101.716079,7,55c38deb-aae3-44c5-bfac-0bb919effec4,Wilayah Persekutuan Kuala Lumpur,137,WP Kuala Lumpur,2,Swasta,1,Berfungsi,635.981,images/img_pili/2020121615412544.,1,Pillar Hydrant,119,Titiwangsa,0000-00-00,0,1,KUALA LUMPUR (WP),88beb013-6a67-4936-9afd-b84a072cb60f
567660,826859bd-a271-445b-8c69-e1d46fcc80ad,c4a96c5b-759e-4542-a2be-651f4b0d596c,471,KLC,D,019,KLC-D-019,"PERSIARAN HAMSPHIRE,DALAM HAMSPHIRE PLACE",,5,Kiri,3.162028,101.716079,7,55c38deb-aae3-44c5-bfac-0bb919effec4,Wilayah Persekutuan Kuala Lumpur,137,WP Kuala Lumpur,2,Swasta,1,Berfungsi,635.981,images/img_pili/20201216154407849.,1,Pillar Hydrant,119,Titiwangsa,0000-00-00,0,1,KUALA LUMPUR (WP),88beb013-6a67-4936-9afd-b84a072cb60f
567661,df465838-6935-406c-bee1-a0ebe70f71e1,c4a96c5b-759e-4542-a2be-651f4b0d596c,471,KLC,D,020,KLC-D-020,"PERSIARAN HAMSPHIRE,DALAM HAMSPHIRE PLACE ",,2,Belakang,3.162028,101.716079,7,55c38deb-aae3-44c5-bfac-0bb919effec4,Wilayah Persekutuan Kuala Lumpur,137,WP Kuala Lumpur,2,Swasta,1,Berfungsi,635.981,images/img_pili/20201216154626440.,1,Pillar Hydrant,119,Titiwangsa,0000-00-00,0,1,KUALA LUMPUR (WP),88beb013-6a67-4936-9afd-b84a072cb60f
567989,9edb47b6-29b6-4fa8-a381-6f632e090792,c4a96c5b-759e-4542-a2be-651f4b0d596c,471,KLC,D,021,KLC-D-021,"JALAN MAYANG SARI, DEPAN KIRI BLOK E MEGAN AVENUE",,5,Kiri,3.160474,101.724884,7,55c38deb-aae3-44c5-bfac-0bb919effec4,Wilayah Persekutuan Kuala Lumpur,137,WP Kuala Lumpur,2,Swasta,1,Berfungsi,635.981,images/img_pili/20201219115101684.,1,Pillar Hydrant,119,Titiwangsa,0000-00-00,0,1,KUALA LUMPUR (WP),88beb013-6a67-4936-9afd-b84a072cb60f
567991,50c68d92-2d94-4f43-a7e8-25bb83eb809f,c4a96c5b-759e-4542-a2be-651f4b0d596c,471,KLC,D,022,KLC-D-022,"JALAN MAYANG SARI, DEPAN KANAN BLOK E, MEGAN AVENUE 1",,6,Kanan,3.162084,101.716629,7,55c38deb-aae3-44c5-bfac-0bb919effec4,Wilayah Persekutuan Kuala Lumpur,137,WP Kuala Lumpur,2,Swasta,2,Tidak Berfungsi,0,images/img_pili/20201219115716776.,1,Pillar Hydrant,119,Titiwangsa,0000-00-00,0,11,KUALALUMPUR (WP),e020035c-e1d1-481d-b224-6475deb88d49
567993,4ff90d23-6969-42a4-af02-75dcfedb0b19,c4a96c5b-759e-4542-a2be-651f4b0d596c,471,KLC,D,023,KLC-D-023,"JALAN MAYANG SARI, TEPI KIRI BLOK E MEGAN AVENUE",,4,Tepi,3.162084,101.716629,7,55c38deb-aae3-44c5-bfac-0bb919effec4,Wilayah Persekutuan Kuala Lumpur,137,WP Kuala Lumpur,2,Swasta,1,Berfungsi,635.981,images/img_pili/20201219120104760.,1,Pillar Hydrant,119,Titiwangsa,0000-00-00,0,1,KUALA LUMPUR (WP),88beb013-6a67-4936-9afd-b84a072cb60f
567994,738c4e06-6079-4650-a31a-a3bcc45a2404,c4a96c5b-759e-4542-a2be-651f4b0d596c,471,KLC,D,024,KLC-D-024,"JALAN MAYANG SARI, BELAKANG BLOK E MEGAN AVENUE 1",,2,Belakang,3.162084,101.716629,7,55c38deb-aae3-44c5-bfac-0bb919effec4,Wilayah Persekutuan Kuala Lumpur,137,WP Kuala Lumpur,2,Swasta,1,Berfungsi,635.981,images/img_pili/2020121912035931.,1,Pillar Hydrant,119,Titiwangsa,0000-00-00,0,1,KUALA LUMPUR (WP),88beb013-6a67-4936-9afd-b84a072cb60f
567995,33743909-c180-4059-886f-c36747f8e379,c4a96c5b-759e-4542-a2be-651f4b0d596c,471,KLC,D,025,KLC-D-025,"JALAN MAYANG SARI, TEPI KANAN BLOK E MEGAN AVENUE 1",,4,Tepi,3.162084,101.716629,7,55c38deb-aae3-44c5-bfac-0bb919effec4,Wilayah Persekutuan Kuala Lumpur,137,WP Kuala Lumpur,2,Swasta,1,Berfungsi,635.981,images/img_pili/20201219120636920.,1,Pillar Hydrant,119,Titiwangsa,0000-00-00,0,1,KUALA LUMPUR (WP),88beb013-6a67-4936-9afd-b84a072cb60f
567996,043f84fb-30fb-4547-b2f8-73aac0228b3b,c4a96c5b-759e-4542-a2be-651f4b0d596c,471,KLC,D,026,KLC-D-026,"JALAN MAYANG, DALAM KAWASAN MAYANG COURT CONDOMINIUM",,1,Hadapan,3.16028,101.71415,7,55c38deb-aae3-44c5-bfac-0bb919effec4,Wilayah Persekutuan Kuala Lumpur,137,WP Kuala Lumpur,2,Swasta,1,Berfungsi,635.981,images/img_pili/20201219122757178.,1,Pillar Hydrant,119,Titiwangsa,0000-00-00,0,1,KUALA LUMPUR (WP),88beb013-6a67-4936-9afd-b84a072cb60f
568003,d090cd7e-b8c6-44bf-9ed7-7d479e5f38c5,c4a96c5b-759e-4542-a2be-651f4b0d596c,471,KLC,D,027,KLC-D-027,"JALAN MAYANG, SEBELAH KONDA D' MAYANG",,1,Hadapan,3.160168,101.713637,7,55c38deb-aae3-44c5-bfac-0bb919effec4,Wilayah Persekutuan Kuala Lumpur,137,WP Kuala Lumpur,1,Awam,1,Berfungsi,635.981,images/img_pili/2020121912404978.,1,Pillar Hydrant,119,Titiwangsa,0000-00-00,0,1,KUALA LUMPUR (WP),88beb013-6a67-4936-9afd-b84a072cb60f
568006,ec050d43-0e4b-483f-a91a-cde7543c3fb5,c4a96c5b-759e-4542-a2be-651f4b0d596c,471,KLC,D,028,KLC-D-028,"JALAN MAYANG, DEPAN, DLM KWSN KONDO D'MAYANG",,1,Hadapan,3.160168,101.713637,7,55c38deb-aae3-44c5-bfac-0bb919effec4,Wilayah Persekutuan Kuala Lumpur,137,WP Kuala Lumpur,2,Swasta,1,Berfungsi,778.915,images/img_pili/20201219124520158.,1,Pillar Hydrant,119,Titiwangsa,0000-00-00,0,1,KUALA LUMPUR (WP),88beb013-6a67-4936-9afd-b84a072cb60f
568007,e58ac601-6276-45d6-b151-60cc7ee39af4,c4a96c5b-759e-4542-a2be-651f4b0d596c,471,KLC,D,029,KLC-D-029,"JLN MAYANG, DEPAN BAGUNAN THE MERTIZ",,1,Hadapan,3.160406,101.712445,7,55c38deb-aae3-44c5-bfac-0bb919effec4,Wilayah Persekutuan Kuala Lumpur,137,WP Kuala Lumpur,1,Awam,1,Berfungsi,778.915,images/img_pili/20201219125156376.,2,Ground Hydrant,119,Titiwangsa,0000-00-00,0,1,KUALA LUMPUR (WP),88beb013-6a67-4936-9afd-b84a072cb60f
568008,c41d8bb1-fce9-4568-9a38-5c1fcae76f65,c4a96c5b-759e-4542-a2be-651f4b0d596c,471,KLC,D,030,KLC-D-030,"JLN MAYANG, KIRI DEPAN, DLM KWSN BGUNAN THE MERTIZ",,5,Kiri,3.160406,101.712445,7,55c38deb-aae3-44c5-bfac-0bb919effec4,Wilayah Persekutuan Kuala Lumpur,137,WP Kuala Lumpur,2,Swasta,1,Berfungsi,778.915,images/img_pili/20201219125615900.,1,Pillar Hydrant,119,Titiwangsa,0000-00-00,0,1,KUALA LUMPUR (WP),88beb013-6a67-4936-9afd-b84a072cb60f
568009,edd571e6-4e42-4767-898e-e00ac77b31aa,c4a96c5b-759e-4542-a2be-651f4b0d596c,471,KLC,D,031,KLC-D-031,"JLN MAYANG, KANAN DLM KWSN BANGUNAN THE MERTIZ",,6,Kanan,3.160406,101.712445,7,55c38deb-aae3-44c5-bfac-0bb919effec4,Wilayah Persekutuan Kuala Lumpur,137,WP Kuala Lumpur,2,Swasta,1,Berfungsi,778.915,images/img_pili/20201219125837153.,1,Pillar Hydrant,119,Titiwangsa,0000-00-00,0,1,KUALA LUMPUR (WP),88beb013-6a67-4936-9afd-b84a072cb60f
568010,5841661a-6b4b-4abd-a5f2-97a2e0896e7f,c4a96c5b-759e-4542-a2be-651f4b0d596c,471,KLC,D,032,KLC-D-032,"LORONG MAYANG, BELAKANG KIRI BANGUNAN AVENUE K",,2,Belakang,3.159838,101.7134,7,55c38deb-aae3-44c5-bfac-0bb919effec4,Wilayah Persekutuan Kuala Lumpur,137,WP Kuala Lumpur,1,Awam,1,Berfungsi,778.915,images/img_pili/20201219130655934.,1,Pillar Hydrant,119,Titiwangsa,0000-00-00,0,1,KUALA LUMPUR (WP),88beb013-6a67-4936-9afd-b84a072cb60f
568863,66a464f0-6be5-4c07-aabd-48e9707c7a4c,c4a96c5b-759e-4542-a2be-651f4b0d596c,471,KLC,D,033,KLC-D-033,"MENARA SAFUAN, JALAN AMPANG (TEPI KIRI)",,4,Tepi,3.094011,101.422408,7,55c38deb-aae3-44c5-bfac-0bb919effec4,Wilayah Persekutuan Kuala Lumpur,137,WP Kuala Lumpur,2,Swasta,1,Berfungsi,778.915,images/img_pili/20201223214043753.,1,Pillar Hydrant,119,Titiwangsa,0000-00-00,0,1,KUALA LUMPUR (WP),88beb013-6a67-4936-9afd-b84a072cb60f
568865,41808a09-a1cd-4ac9-8fc9-d002cd35e6f1,c4a96c5b-759e-4542-a2be-651f4b0d596c,471,KLC,D,034,KLC-D-034,"MENARA SAFUAN, JALAN AMPANG (DEPAN KANAN)",,1,Hadapan,3.093962,101.421454,7,55c38deb-aae3-44c5-bfac-0bb919effec4,Wilayah Persekutuan Kuala Lumpur,137,WP Kuala Lumpur,2,Swasta,1,Berfungsi,778.915,images/img_pili/20201223214256692.,1,Pillar Hydrant,119,Titiwangsa,0000-00-00,0,1,KUALA LUMPUR (WP),88beb013-6a67-4936-9afd-b84a072cb60f
568866,4561f8ce-a191-4191-95c6-03977b9ea02c,c4a96c5b-759e-4542-a2be-651f4b0d596c,471,KLC,D,035,KLC-D-035,"MENARA SAFUAN, JALAN AMPANG (DEPAN KIRI)",,1,Hadapan,3.09385,101.421357,7,55c38deb-aae3-44c5-bfac-0bb919effec4,Wilayah Persekutuan Kuala Lumpur,137,WP Kuala Lumpur,2,Swasta,1,Berfungsi,778.915,images/img_pili/20201223214443390.,1,Pillar Hydrant,119,Titiwangsa,0000-00-00,0,1,KUALA LUMPUR (WP),88beb013-6a67-4936-9afd-b84a072cb60f
568867,09529624-87e5-44ab-bbcc-a2a38d730e79,c4a96c5b-759e-4542-a2be-651f4b0d596c,471,KLC,D,036,KLC-D-036,"SUNWAY TOWER, JALAN AMPANG (BLKG KIRI)",,2,Belakang,3.093441,101.421631,7,55c38deb-aae3-44c5-bfac-0bb919effec4,Wilayah Persekutuan Kuala Lumpur,137,WP Kuala Lumpur,2,Swasta,1,Berfungsi,778.915,images/img_pili/20201223215133212.,1,Pillar Hydrant,119,Titiwangsa,0000-00-00,0,1,KUALA LUMPUR (WP),88beb013-6a67-4936-9afd-b84a072cb60f
568868,4d3a7964-a100-4af3-bfd6-21208ee7eb9b,c4a96c5b-759e-4542-a2be-651f4b0d596c,471,KLC,D,037,KLC-D-037,"SUNWAY TOWER, JALAN AMPANG, (BHGN BELAKANG KANAN) ",,2,Belakang,3.09501,101.421582,7,55c38deb-aae3-44c5-bfac-0bb919effec4,Wilayah Persekutuan Kuala Lumpur,137,WP Kuala Lumpur,2,Swasta,1,Berfungsi,778.915,images/img_pili/20201223215335115.,1,Pillar Hydrant,119,Titiwangsa,0000-00-00,0,1,KUALA LUMPUR (WP),88beb013-6a67-4936-9afd-b84a072cb60f
568869,f7ce1c62-beb1-4f62-8524-b5332d60d707,c4a96c5b-759e-4542-a2be-651f4b0d596c,471,KLC,D,038,KLC-D-038,"SUNWAY TOWER, JALAN AMPANG, (DEPAN KANAN)",,1,Hadapan,3.094107,101.422088,7,55c38deb-aae3-44c5-bfac-0bb919effec4,Wilayah Persekutuan Kuala Lumpur,137,WP Kuala Lumpur,2,Swasta,1,Berfungsi,778.915,images/img_pili/20201223215521820.,1,Pillar Hydrant,119,Titiwangsa,0000-00-00,0,1,KUALA LUMPUR (WP),88beb013-6a67-4936-9afd-b84a072cb60f
568870,11d13b28-29f8-4ab6-b8ad-16d290258fa2,c4a96c5b-759e-4542-a2be-651f4b0d596c,471,KLC,D,039,KLC-D-039,"JALAN AMPANG, DEPAN HOTEL RENAISSANCE",,1,Hadapan,3.157128,101.705286,7,55c38deb-aae3-44c5-bfac-0bb919effec4,Wilayah Persekutuan Kuala Lumpur,137,WP Kuala Lumpur,2,Swasta,1,Berfungsi,778.915,images/img_pili/20201223215855743.,1,Pillar Hydrant,119,Titiwangsa,0000-00-00,0,1,KUALA LUMPUR (WP),88beb013-6a67-4936-9afd-b84a072cb60f
568872,2e788c13-c8ec-4ff2-82aa-c130960e9f62,c4a96c5b-759e-4542-a2be-651f4b0d596c,471,KLC,D,040,KLC-D-040,"JALAN AMPANG, BANGUNAN NEW WORLD HOTEL RENAISSANCE",,1,Hadapan,3.157128,101.705286,7,55c38deb-aae3-44c5-bfac-0bb919effec4,Wilayah Persekutuan Kuala Lumpur,137,WP Kuala Lumpur,2,Swasta,1,Berfungsi,778.915,images/img_pili/20201223220044772.,1,Pillar Hydrant,119,Titiwangsa,0000-00-00,0,1,KUALA LUMPUR (WP),88beb013-6a67-4936-9afd-b84a072cb60f
568874,2130a3a8-0bc0-4417-a260-1d11c8f6f001,c4a96c5b-759e-4542-a2be-651f4b0d596c,471,KLC,D,041,KLC-D-041,"JALAN AMPANG, BELAKANG NEW WORLD HOTEL RENIASSANCE",,2,Belakang,3.157128,101.705286,7,55c38deb-aae3-44c5-bfac-0bb919effec4,Wilayah Persekutuan Kuala Lumpur,137,WP Kuala Lumpur,2,Swasta,1,Berfungsi,778.915,images/img_pili/20201223220235341.,1,Pillar Hydrant,119,Titiwangsa,0000-00-00,0,1,KUALA LUMPUR (WP),88beb013-6a67-4936-9afd-b84a072cb60f
568876,fcd5c685-e303-495b-bc8d-12bde158ec7b,c4a96c5b-759e-4542-a2be-651f4b0d596c,471,KLC,D,042,KLC-D-042,"JALAN AMPANG, BELAKANG HOTEL RENAISSANCE, DEKAT PARKING",,2,Belakang,3.157128,101.705286,7,55c38deb-aae3-44c5-bfac-0bb919effec4,Wilayah Persekutuan Kuala Lumpur,137,WP Kuala Lumpur,2,Swasta,1,Berfungsi,778.915,images/img_pili/20201223220432626.,1,Pillar Hydrant,119,Titiwangsa,0000-00-00,0,1,KUALA LUMPUR (WP),88beb013-6a67-4936-9afd-b84a072cb60f
568893,7ec0cb15-f857-4259-96c6-fc59f342dadf,c4a96c5b-759e-4542-a2be-651f4b0d596c,471,KLC,D,043,KLC-D-043,"JALAN CENDANA, HADAPAN KONDOMINIUM CENDANA",,1,Hadapan,3.158267,101.705289,7,55c38deb-aae3-44c5-bfac-0bb919effec4,Wilayah Persekutuan Kuala Lumpur,137,WP Kuala Lumpur,2,Swasta,1,Berfungsi,778.915,images/img_pili/20201223232645232.,1,Pillar Hydrant,119,Titiwangsa,0000-00-00,0,1,KUALA LUMPUR (WP),88beb013-6a67-4936-9afd-b84a072cb60f
568894,e90a5b90-4ee6-42d8-a307-f7b2a9748783,c4a96c5b-759e-4542-a2be-651f4b0d596c,471,KLC,D,044,KLC-D-044,"JALAN CENDANA, KANAN KONDOMINIUM CENDANA",,6,Kanan,3.158267,101.705289,7,55c38deb-aae3-44c5-bfac-0bb919effec4,Wilayah Persekutuan Kuala Lumpur,137,WP Kuala Lumpur,2,Swasta,1,Berfungsi,778.915,images/img_pili/20201223233231671.,1,Pillar Hydrant,119,Titiwangsa,0000-00-00,0,1,KUALA LUMPUR (WP),88beb013-6a67-4936-9afd-b84a072cb60f
568895,a8428f56-760d-44a0-9378-77092809b385,c4a96c5b-759e-4542-a2be-651f4b0d596c,471,KLC,D,045,KLC-D-045,"JALAN CENDANA, BELAKANG KONDOMINIUM CENDANA",,2,Belakang,3.158267,101.705289,7,55c38deb-aae3-44c5-bfac-0bb919effec4,Wilayah Persekutuan Kuala Lumpur,137,WP Kuala Lumpur,2,Swasta,1,Berfungsi,778.915,images/img_pili/20201223233424511.,1,Pillar Hydrant,119,Titiwangsa,0000-00-00,0,1,KUALA LUMPUR (WP),88beb013-6a67-4936-9afd-b84a072cb60f
568896,9d84dcd9-9d96-4ff8-a718-f50f56ee7042,c4a96c5b-759e-4542-a2be-651f4b0d596c,471,KLC,D,046,KLC-D-046,"JALAN AMPANG, DEPAN KIRI MAYA HOTEL",,1,Hadapan,3.158662,101.707923,7,55c38deb-aae3-44c5-bfac-0bb919effec4,Wilayah Persekutuan Kuala Lumpur,137,WP Kuala Lumpur,2,Swasta,2,Tidak Berfungsi,0,images/img_pili/20201223233735478.,1,Pillar Hydrant,119,Titiwangsa,0000-00-00,0,1,KUALA LUMPUR (WP),88beb013-6a67-4936-9afd-b84a072cb60f
568897,dcd0ec7a-aa1e-42c2-ba3a-89dfe6175bb8,c4a96c5b-759e-4542-a2be-651f4b0d596c,471,KLC,D,047,KLC-D-047,"JALAN AMPANG, DEPAN KANAN MAYA HOTEL",,1,Hadapan,3.158662,101.707923,7,55c38deb-aae3-44c5-bfac-0bb919effec4,Wilayah Persekutuan Kuala Lumpur,137,WP Kuala Lumpur,2,Swasta,1,Berfungsi,635.981,images/img_pili/2020122323390328.,1,Pillar Hydrant,119,Titiwangsa,0000-00-00,0,1,KUALA LUMPUR (WP),88beb013-6a67-4936-9afd-b84a072cb60f
568898,6610b077-3937-49b2-a3a3-e51ddaad6c57,c4a96c5b-759e-4542-a2be-651f4b0d596c,471,KLC,D,048,KLC-D-048,"JALAN AMPANG, BELAKANG KANAN MAYA HOTEL/DEKAT TIKET PARKING",,2,Belakang,3.158662,101.707923,7,55c38deb-aae3-44c5-bfac-0bb919effec4,Wilayah Persekutuan Kuala Lumpur,137,WP Kuala Lumpur,2,Swasta,1,Berfungsi,635.981,images/img_pili/20201223234100742.,1,Pillar Hydrant,119,Titiwangsa,0000-00-00,0,1,KUALA LUMPUR (WP),88beb013-6a67-4936-9afd-b84a072cb60f
568899,ec1009be-a1f9-4016-a164-6efdd77abdba,c4a96c5b-759e-4542-a2be-651f4b0d596c,471,KLC,D,049,KLC-D-049,"JALAN AMPANG, BELAKANG KIRI MAYA HOTEL",,2,Belakang,3.158662,101.707923,7,55c38deb-aae3-44c5-bfac-0bb919effec4,Wilayah Persekutuan Kuala Lumpur,137,WP Kuala Lumpur,2,Swasta,1,Berfungsi,635.981,images/img_pili/20201223234233107.,1,Pillar Hydrant,119,Titiwangsa,0000-00-00,0,1,KUALA LUMPUR (WP),88beb013-6a67-4936-9afd-b84a072cb60f
568900,2ff705c4-3b9b-401f-81c6-c5e3159ee5fa,c4a96c5b-759e-4542-a2be-651f4b0d596c,471,KLC,D,050,KLC-D-050,"JALAN AMPANG, BELAKANG KANAN WISMA DREGING",,2,Belakang,3.159396,101.709103,7,55c38deb-aae3-44c5-bfac-0bb919effec4,Wilayah Persekutuan Kuala Lumpur,137,WP Kuala Lumpur,2,Swasta,1,Berfungsi,635.981,images/img_pili/202012232346057.,1,Pillar Hydrant,119,Titiwangsa,0000-00-00,0,1,KUALA LUMPUR (WP),88beb013-6a67-4936-9afd-b84a072cb60f
568901,24268f13-9582-42ad-ba2b-56a455f7223b,c4a96c5b-759e-4542-a2be-651f4b0d596c,471,KLC,D,051,KLC-D-051,"JALAN AMPANG, BELAKANG KIRI WISMA SELANGOR DREDGING",,2,Belakang,3.159396,101.709103,7,55c38deb-aae3-44c5-bfac-0bb919effec4,Wilayah Persekutuan Kuala Lumpur,137,WP Kuala Lumpur,2,Swasta,1,Berfungsi,635.981,images/img_pili/20201223234749877.,1,Pillar Hydrant,119,Titiwangsa,0000-00-00,0,1,KUALA LUMPUR (WP),88beb013-6a67-4936-9afd-b84a072cb60f
568902,61a509a5-1697-4550-9cdb-91949e7d9af8,c4a96c5b-759e-4542-a2be-651f4b0d596c,471,KLC,D,052,KLC-D-052,"JALAN AMPANG, DEPAN KIRI, PUBLIC BANK",,1,Hadapan,3.159683,101.710136,7,55c38deb-aae3-44c5-bfac-0bb919effec4,Wilayah Persekutuan Kuala Lumpur,137,WP Kuala Lumpur,2,Swasta,1,Berfungsi,635.981,images/img_pili/20201223235137804.,1,Pillar Hydrant,119,Titiwangsa,0000-00-00,0,1,KUALA LUMPUR (WP),88beb013-6a67-4936-9afd-b84a072cb60f
568903,1591f945-5e5e-4b48-ab77-3176773d70fd,c4a96c5b-759e-4542-a2be-651f4b0d596c,471,KLC,D,053,KLC-D-053,"JALAN AMPANG, BELAKANG KANAN, MANARA PUBLIC BANK",,2,Belakang,3.159683,101.710136,7,55c38deb-aae3-44c5-bfac-0bb919effec4,Wilayah Persekutuan Kuala Lumpur,137,WP Kuala Lumpur,2,Swasta,1,Berfungsi,635.981,images/img_pili/20201223235316901.,1,Pillar Hydrant,119,Titiwangsa,0000-00-00,0,11,KUALALUMPUR (WP),e020035c-e1d1-481d-b224-6475deb88d49
568904,87010518-39e8-431f-9b4d-fb6d1284cdeb,c4a96c5b-759e-4542-a2be-651f4b0d596c,471,KLC,D,054,KLC-D-054,"JALAN AMPANG, DEPAN, DLM KWSN BGN GETAH ASLI (LGM)",,1,Hadapan,3.159477,101.711311,7,55c38deb-aae3-44c5-bfac-0bb919effec4,Wilayah Persekutuan Kuala Lumpur,137,WP Kuala Lumpur,2,Swasta,1,Berfungsi,635.981,images/img_pili/20201223235648872.,1,Pillar Hydrant,119,Titiwangsa,0000-00-00,0,1,KUALA LUMPUR (WP),88beb013-6a67-4936-9afd-b84a072cb60f
568905,952ad8c8-a684-433e-9c90-2399eaba8ab8,c4a96c5b-759e-4542-a2be-651f4b0d596c,471,KLC,D,055,KLC-D-055,"JALAN AMPANG, BELAKANG KANAN, DLM KWSN BGN GETSH ASLI (LGM)",,2,Belakang,3.159477,101.711311,7,55c38deb-aae3-44c5-bfac-0bb919effec4,Wilayah Persekutuan Kuala Lumpur,137,WP Kuala Lumpur,2,Swasta,1,Berfungsi,635.981,images/img_pili/20201223235845872.,1,Pillar Hydrant,119,Titiwangsa,0000-00-00,0,11,KUALALUMPUR (WP),e020035c-e1d1-481d-b224-6475deb88d49
568906,dcfffc56-7c59-45ea-8178-c522616437d5,c4a96c5b-759e-4542-a2be-651f4b0d596c,471,KLC,D,056,KLC-D-056,"JALAN AMPANG, BELAKANG KIRI, DLM KWSN BGN GETAH ASLI (LGM) ",,2,Belakang,3.159477,101.711311,7,55c38deb-aae3-44c5-bfac-0bb919effec4,Wilayah Persekutuan Kuala Lumpur,137,WP Kuala Lumpur,2,Swasta,1,Berfungsi,635.981,images/img_pili/20201224000043605.,1,Pillar Hydrant,119,Titiwangsa,0000-00-00,0,1,KUALA LUMPUR (WP),88beb013-6a67-4936-9afd-b84a072cb60f
568907,d0bdf3c9-4eba-4465-85a6-6e1f9b3d813b,c4a96c5b-759e-4542-a2be-651f4b0d596c,471,KLC,D,057,KLC-D-057,"JALAN AMPANG, KANAN WISMA EQUITY",,6,Kanan,3.159657,101.71181,7,55c38deb-aae3-44c5-bfac-0bb919effec4,Wilayah Persekutuan Kuala Lumpur,137,WP Kuala Lumpur,2,Swasta,1,Berfungsi,635.981,images/img_pili/20201224000426672.,1,Pillar Hydrant,119,Titiwangsa,0000-00-00,0,1,KUALA LUMPUR (WP),88beb013-6a67-4936-9afd-b84a072cb60f
568908,4b76c1ea-a63b-4f3d-a538-07dad164d10d,c4a96c5b-759e-4542-a2be-651f4b0d596c,471,KLC,D,058,KLC-D-058,"JALAN AMPANG, KIRI WISMA EQUITY",,5,Kiri,3.159657,101.71181,7,55c38deb-aae3-44c5-bfac-0bb919effec4,Wilayah Persekutuan Kuala Lumpur,137,WP Kuala Lumpur,2,Swasta,1,Berfungsi,635.981,images/img_pili/20201224000654301.,1,Pillar Hydrant,119,Titiwangsa,0000-00-00,0,1,KUALA LUMPUR (WP),88beb013-6a67-4936-9afd-b84a072cb60f
568909,56bb3369-d821-4de8-9256-39c90a36c4b4,c4a96c5b-759e-4542-a2be-651f4b0d596c,471,KLC,D,059,KLC-D-059,"BAHAGIAN KIRI AVENUE K MALL, JALAN AMPANG",,1,Hadapan,3.159107,101.713093,7,55c38deb-aae3-44c5-bfac-0bb919effec4,Wilayah Persekutuan Kuala Lumpur,137,WP Kuala Lumpur,2,Swasta,1,Berfungsi,635.981,images/img_pili/20201224001157242.,1,Pillar Hydrant,119,Titiwangsa,0000-00-00,0,1,KUALA LUMPUR (WP),88beb013-6a67-4936-9afd-b84a072cb60f
568910,51d28987-2d85-4d1f-906b-c178d9062239,c4a96c5b-759e-4542-a2be-651f4b0d596c,471,KLC,D,060,KLC-D-060,"HADAPAN TENGAH, AVENUE K MALL , JALAN AMPANG",,1,Hadapan,3.159107,101.713093,7,55c38deb-aae3-44c5-bfac-0bb919effec4,Wilayah Persekutuan Kuala Lumpur,137,WP Kuala Lumpur,2,Swasta,1,Berfungsi,635.981,images/img_pili/20201224001458851.,1,Pillar Hydrant,119,Titiwangsa,0000-00-00,0,11,KUALALUMPUR (WP),e020035c-e1d1-481d-b224-6475deb88d49
568911,3c3647db-3ab5-479c-bf07-6c9986914141,c4a96c5b-759e-4542-a2be-651f4b0d596c,471,KLC,D,061,KLC-D-061,"BAHAGIAN HADAPAN KANAN AVENUE K MALL , JALAN AMPANG",,1,Hadapan,3.159107,101.713093,7,55c38deb-aae3-44c5-bfac-0bb919effec4,Wilayah Persekutuan Kuala Lumpur,137,WP Kuala Lumpur,2,Swasta,1,Berfungsi,635.981,images/img_pili/20201224001709871.,1,Pillar Hydrant,119,Titiwangsa,0000-00-00,0,11,KUALALUMPUR (WP),e020035c-e1d1-481d-b224-6475deb88d49
569030,4f5d33b8-84d9-4b3d-a870-f7e0e31c801a,c4a96c5b-759e-4542-a2be-651f4b0d596c,471,KLC,D,062,KLC-D-062,"JALAN AMPANG, HADAPAN KIRI WISMA CENTRE",,1,Hadapan,3.158513,101.714193,7,55c38deb-aae3-44c5-bfac-0bb919effec4,Wilayah Persekutuan Kuala Lumpur,137,WP Kuala Lumpur,2,Swasta,1,Berfungsi,635.981,images/img_pili/20201225103634691.,1,Pillar Hydrant,119,Titiwangsa,0000-00-00,0,1,KUALA LUMPUR (WP),88beb013-6a67-4936-9afd-b84a072cb60f
569032,900e265f-e740-4d8a-a807-59ee369cf579,c4a96c5b-759e-4542-a2be-651f4b0d596c,471,KLC,D,063,KLC-D-063,"JALAN AMPANG, HADAPAN KANAN WISMA CENTRE",,1,Hadapan,3.158513,101.714193,7,55c38deb-aae3-44c5-bfac-0bb919effec4,Wilayah Persekutuan Kuala Lumpur,137,WP Kuala Lumpur,2,Swasta,2,Tidak Berfungsi,778.915,images/img_pili/20201225103840385.,1,Pillar Hydrant,119,Titiwangsa,0000-00-00,0,1,KUALA LUMPUR (WP),88beb013-6a67-4936-9afd-b84a072cb60f
569035,17137dd5-db90-4cd1-8e08-4242b6cf1bdb,c4a96c5b-759e-4542-a2be-651f4b0d596c,471,KLC,D,064,KLC-D-064,"JALAN AMPANG, HADAPAN KIRI WISMA CENTRE",,1,Hadapan,3.158513,101.714193,7,55c38deb-aae3-44c5-bfac-0bb919effec4,Wilayah Persekutuan Kuala Lumpur,137,WP Kuala Lumpur,2,Swasta,1,Berfungsi,635.981,images/img_pili/20201225104019424.,1,Pillar Hydrant,119,Titiwangsa,0000-00-00,0,1,KUALA LUMPUR (WP),88beb013-6a67-4936-9afd-b84a072cb60f
569037,a47b65d0-dc00-4a57-9763-b581f7e17de6,c4a96c5b-759e-4542-a2be-651f4b0d596c,471,KLC,D,065,KLC-D-065,"JALAN AMPANG, HADAPAN KIRI CORUS HOTEL",,1,Hadapan,3.159974,101.713536,7,55c38deb-aae3-44c5-bfac-0bb919effec4,Wilayah Persekutuan Kuala Lumpur,137,WP Kuala Lumpur,1,Awam,1,Berfungsi,635.981,images/img_pili/20201225104338274.,1,Pillar Hydrant,119,Titiwangsa,0000-00-00,0,1,KUALA LUMPUR (WP),88beb013-6a67-4936-9afd-b84a072cb60f
569039,fd36e93a-f555-4007-bf81-15513d214a67,c4a96c5b-759e-4542-a2be-651f4b0d596c,471,KLC,D,066,KLC-D-066,"JALAN AMPANG, HADAPAN KANAN CORUS HOTEL",,1,Hadapan,3.159974,101.713536,7,55c38deb-aae3-44c5-bfac-0bb919effec4,Wilayah Persekutuan Kuala Lumpur,137,WP Kuala Lumpur,2,Swasta,1,Berfungsi,635.981,images/img_pili/20201225104527489.,1,Pillar Hydrant,119,Titiwangsa,0000-00-00,0,1,KUALA LUMPUR (WP),88beb013-6a67-4936-9afd-b84a072cb60f
569040,c72d17ff-8c49-4b2f-8569-285c820b687c,c4a96c5b-759e-4542-a2be-651f4b0d596c,471,KLC,D,067,KLC-D-067,"JALAN AMPANG, TERI KANAN CORUS HOTEL",,5,Kiri,3.095597,101.430037,7,55c38deb-aae3-44c5-bfac-0bb919effec4,Wilayah Persekutuan Kuala Lumpur,137,WP Kuala Lumpur,2,Swasta,1,Berfungsi,635.981,images/img_pili/20201225104702377.,1,Pillar Hydrant,119,Titiwangsa,2021-11-03T08:00:00+08:00,0,1,KUALA LUMPUR (WP),88beb013-6a67-4936-9afd-b84a072cb60f
569042,c9ad6c98-9b59-4028-9192-f698c49d49a9,c4a96c5b-759e-4542-a2be-651f4b0d596c,471,KLC,D,068,KLC-D-068,"JALAN AMPANG, BELAKANG CORUS HOTEL",,2,Belakang,3.096537,101.429023,7,55c38deb-aae3-44c5-bfac-0bb919effec4,Wilayah Persekutuan Kuala Lumpur,137,WP Kuala Lumpur,2,Swasta,1,Berfungsi,635.981,images/img_pili/20201225104834734.,1,Pillar Hydrant,119,Titiwangsa,2021-11-03T08:00:00+08:00,0,1,KUALA LUMPUR (WP),88beb013-6a67-4936-9afd-b84a072cb60f
569044,f543d217-d14a-4cc4-af7e-3dd7f656e8d7,c4a96c5b-759e-4542-a2be-651f4b0d596c,471,KLC,D,069,KLC-D-069,"JALAN AMPANG, DEPAN OSK INVESMENT BANK (RHB BANK)",,1,Hadapan,3.096459,101.430164,7,55c38deb-aae3-44c5-bfac-0bb919effec4,Wilayah Persekutuan Kuala Lumpur,137,WP Kuala Lumpur,1,Awam,1,Berfungsi,635.981,images/img_pili/20201225105210178.,1,Pillar Hydrant,119,Titiwangsa,2021-11-03T08:00:00+08:00,0,1,KUALA LUMPUR (WP),88beb013-6a67-4936-9afd-b84a072cb60f
569047,4df1d393-38b4-4b2f-b18b-30f89108eebd,c4a96c5b-759e-4542-a2be-651f4b0d596c,471,KLC,D,070,KLC-D-070,"JALAN AMPANG, BELAKANG KANAN BANK OF CHINA",,2,Belakang,3.096712,101.430368,7,55c38deb-aae3-44c5-bfac-0bb919effec4,Wilayah Persekutuan Kuala Lumpur,137,WP Kuala Lumpur,1,Awam,1,Berfungsi,635.981,images/img_pili/20201225105544332.,1,Pillar Hydrant,119,Titiwangsa,0000-00-00,0,1,KUALA LUMPUR (WP),88beb013-6a67-4936-9afd-b84a072cb60f
569049,5dd401fb-2dff-4f62-8b8e-8d50ae12dc33,c4a96c5b-759e-4542-a2be-651f4b0d596c,471,KLC,D,071,KLC-D-071,JALAN AMPANG HADAPAN STESYEN LRT AMPANG PARK,,1,Hadapan,3.096129,101.431143,7,55c38deb-aae3-44c5-bfac-0bb919effec4,Wilayah Persekutuan Kuala Lumpur,137,WP Kuala Lumpur,1,Awam,1,Berfungsi,635.981,images/img_pili/20201225105848367.,1,Pillar Hydrant,119,Titiwangsa,2021-11-03T08:00:00+08:00,0,1,KUALA LUMPUR (WP),88beb013-6a67-4936-9afd-b84a072cb60f
569051,fc205e4c-b4d0-41b6-b786-fc4e9773faf9,c4a96c5b-759e-4542-a2be-651f4b0d596c,471,KLC,D,072,KLC-D-072,"JALAN YAP KWAN SENG, DEPAN KIRI MENARA AMBANK",,1,Hadapan,3.096799,101.426893,7,55c38deb-aae3-44c5-bfac-0bb919effec4,Wilayah Persekutuan Kuala Lumpur,137,WP Kuala Lumpur,2,Swasta,1,Berfungsi,635.981,images/img_pili/20201225110459413.,1,Pillar Hydrant,119,Titiwangsa,2021-11-03T08:00:00+08:00,0,1,KUALA LUMPUR (WP),88beb013-6a67-4936-9afd-b84a072cb60f
569053,f84c5345-f186-4223-a4bc-e1e1d78214ef,c4a96c5b-759e-4542-a2be-651f4b0d596c,471,KLC,D,073,KLC-D-073,"JALAN YAP KWAN SENG, BELAKANG KIRI MENARA AMBANK",,2,Belakang,3.097062,101.426607,7,55c38deb-aae3-44c5-bfac-0bb919effec4,Wilayah Persekutuan Kuala Lumpur,137,WP Kuala Lumpur,1,Awam,1,Berfungsi,635.981,images/img_pili/2020122511065229.,1,Pillar Hydrant,119,Titiwangsa,2021-11-03T08:00:00+08:00,0,1,KUALA LUMPUR (WP),88beb013-6a67-4936-9afd-b84a072cb60f
569054,76b73e50-f590-4645-8102-fbb122dca137,c4a96c5b-759e-4542-a2be-651f4b0d596c,471,KLC,D,074,KLC-D-074,"JALAN YAP KWAN SENG, BELAKANG KANAN MENARA AMBANK",,2,Belakang,3.096784,101.426256,7,55c38deb-aae3-44c5-bfac-0bb919effec4,Wilayah Persekutuan Kuala Lumpur,137,WP Kuala Lumpur,1,Awam,1,Berfungsi,635.981,images/img_pili/20201225110839699.,1,Pillar Hydrant,119,Titiwangsa,2021-11-03T08:00:00+08:00,0,1,KUALA LUMPUR (WP),88beb013-6a67-4936-9afd-b84a072cb60f
569055,c07131b1-5f94-41ac-9ec8-bf3076884222,c4a96c5b-759e-4542-a2be-651f4b0d596c,471,KLC,D,075,KLC-D-075,"JALAN YAP KWAN SENG, DEPAN KANAN MENARA AMBANK",,1,Hadapan,3.095847,101.427253,7,55c38deb-aae3-44c5-bfac-0bb919effec4,Wilayah Persekutuan Kuala Lumpur,137,WP Kuala Lumpur,1,Awam,1,Berfungsi,635.981,images/img_pili/20201225111016517.,1,Pillar Hydrant,119,Titiwangsa,2021-11-03T08:00:00+08:00,0,1,KUALA LUMPUR (WP),88beb013-6a67-4936-9afd-b84a072cb60f
569056,f6860e64-2c61-4289-b739-34bcfacde809,c4a96c5b-759e-4542-a2be-651f4b0d596c,471,KLC,D,076,KLC-D-076,"MEGAN AVANUE II ,JALAN YAP KWAN SENG, (SBLH KIRI)",,1,Hadapan,3.096576,101.427317,7,55c38deb-aae3-44c5-bfac-0bb919effec4,Wilayah Persekutuan Kuala Lumpur,137,WP Kuala Lumpur,1,Awam,1,Berfungsi,635.981,images/img_pili/20201225111159273.,1,Pillar Hydrant,119,Titiwangsa,2021-11-03T08:00:00+08:00,0,1,KUALA LUMPUR (WP),88beb013-6a67-4936-9afd-b84a072cb60f
569058,6147df40-9b5f-4fc2-9b0f-5e92bdda6830,c4a96c5b-759e-4542-a2be-651f4b0d596c,471,KLC,D,077,KLC-D-077,"JALAN YAP KWAN SENG, DEPAN RUMAH NO.15",,1,Hadapan,3.096541,101.427065,7,55c38deb-aae3-44c5-bfac-0bb919effec4,Wilayah Persekutuan Kuala Lumpur,137,WP Kuala Lumpur,1,Awam,1,Berfungsi,635.981,images/img_pili/20201225111656652.,1,Pillar Hydrant,119,Titiwangsa,2021-11-03T08:00:00+08:00,0,1,KUALA LUMPUR (WP),88beb013-6a67-4936-9afd-b84a072cb60f
569060,a2f12e94-93ad-4bc3-99c8-2b5b9f92b375,c4a96c5b-759e-4542-a2be-651f4b0d596c,471,KLC,D,078,KLC-D-078,"JALAN YAP KWAN SENG, BERHAMPIRAN LORONG YAP KWAN SENG",,3,Berhampiran,3.096943,101.428893,7,55c38deb-aae3-44c5-bfac-0bb919effec4,Wilayah Persekutuan Kuala Lumpur,137,WP Kuala Lumpur,1,Awam,1,Berfungsi,635.981,images/img_pili/20201225112446331.,1,Pillar Hydrant,119,Titiwangsa,2021-11-03T08:00:00+08:00,0,1,KUALA LUMPUR (WP),88beb013-6a67-4936-9afd-b84a072cb60f
569064,862c3b22-00f8-4414-827b-622af268628e,c4a96c5b-759e-4542-a2be-651f4b0d596c,471,KLC,D,079,KLC-D-079,"JALAN YAP KWAN SENG, TENGAH PERSIMPANGAN LORONG YAP KWAN SENG",,7,Tengah,3.096943,101.438893,7,55c38deb-aae3-44c5-bfac-0bb919effec4,Wilayah Persekutuan Kuala Lumpur,137,WP Kuala Lumpur,1,Awam,1,Berfungsi,635.981,images/img_pili/20201225113528337.,1,Pillar Hydrant,119,Titiwangsa,2021-11-03T08:00:00+08:00,0,1,KUALA LUMPUR (WP),88beb013-6a67-4936-9afd-b84a072cb60f
569065,93c770b8-f739-407e-9d48-ed39df608e8b,c4a96c5b-759e-4542-a2be-651f4b0d596c,471,KLC,D,080,KLC-D-080,"JALAN YAP KWAN SENG, DEPAN RESTORAN NASI KANDAR",,1,Hadapan,3.097992,101.428928,7,55c38deb-aae3-44c5-bfac-0bb919effec4,Wilayah Persekutuan Kuala Lumpur,137,WP Kuala Lumpur,1,Awam,1,Berfungsi,635.981,images/img_pili/20201225114250813.,1,Pillar Hydrant,119,Titiwangsa,2021-11-03T08:00:00+08:00,0,1,KUALA LUMPUR (WP),88beb013-6a67-4936-9afd-b84a072cb60f
569132,102c40b7-bbbd-4648-9f9a-92edb8f54e11,c4a96c5b-759e-4542-a2be-651f4b0d596c,471,KLC,D,081,KLC-D-081,"JALAN LIEW WENG CHEE, DEPAN RUMAH NO 1",,1,Hadapan,3.098277,101.429062,7,55c38deb-aae3-44c5-bfac-0bb919effec4,Wilayah Persekutuan Kuala Lumpur,137,WP Kuala Lumpur,1,Awam,1,Berfungsi,635.981,images/img_pili/20201226231827926.,1,Pillar Hydrant,119,Titiwangsa,0000-00-00,0,1,KUALA LUMPUR (WP),88beb013-6a67-4936-9afd-b84a072cb60f
569135,5ccd9e12-92a8-4a4a-bc8c-52a477a31296,c4a96c5b-759e-4542-a2be-651f4b0d596c,471,KLC,D,082,KLC-D-082,"JALAN YAP KWAN SENG, DEPAN RUMAH NO 24 (ROYLE RESIDENCE)",,1,Hadapan,3.097179,101.428933,7,55c38deb-aae3-44c5-bfac-0bb919effec4,Wilayah Persekutuan Kuala Lumpur,137,WP Kuala Lumpur,1,Awam,1,Berfungsi,635.981,images/img_pili/20201226233151767.,1,Pillar Hydrant,119,Titiwangsa,2021-11-03T08:00:00+08:00,0,1,KUALA LUMPUR (WP),88beb013-6a67-4936-9afd-b84a072cb60f
569136,5971f5e0-6678-478f-9304-9b0ca2264d5e,c4a96c5b-759e-4542-a2be-651f4b0d596c,471,KLC,D,083,KLC-D-083,"JALAN YAP KWAN SENG, DEPAN RUMAH NO 34",,1,Hadapan,3.097767,101.429395,7,55c38deb-aae3-44c5-bfac-0bb919effec4,Wilayah Persekutuan Kuala Lumpur,137,WP Kuala Lumpur,1,Awam,1,Berfungsi,635.981,images/img_pili/20201226233456327.,1,Pillar Hydrant,119,Titiwangsa,0000-00-00,0,1,KUALA LUMPUR (WP),88beb013-6a67-4936-9afd-b84a072cb60f
569137,5a24fe57-952f-477d-8e6d-e8d152f2a26b,c4a96c5b-759e-4542-a2be-651f4b0d596c,471,KLC,D,084,KLC-D-084,"JALAN YAP KWAN SENG, DEPAN KONDO JELITA COURT",,1,Hadapan,3.098248,101.428731,7,55c38deb-aae3-44c5-bfac-0bb919effec4,Wilayah Persekutuan Kuala Lumpur,137,WP Kuala Lumpur,1,Awam,1,Berfungsi,635.981,images/img_pili/20201226233810837.,1,Pillar Hydrant,119,Titiwangsa,0000-00-00,0,1,KUALA LUMPUR (WP),88beb013-6a67-4936-9afd-b84a072cb60f
569139,3911f909-3093-4597-976e-ab515e3d8deb,c4a96c5b-759e-4542-a2be-651f4b0d596c,471,KLC,D,085,KLC-D-085,"JALAN YAP KWAN SENG, DALAM KWSN KONDO JELITA COURT",,3,Berhampiran,3.09826,101.428742,7,55c38deb-aae3-44c5-bfac-0bb919effec4,Wilayah Persekutuan Kuala Lumpur,137,WP Kuala Lumpur,2,Swasta,1,Berfungsi,635.981,images/img_pili/20201226234007300.,1,Pillar Hydrant,119,Titiwangsa,0000-00-00,0,1,KUALA LUMPUR (WP),88beb013-6a67-4936-9afd-b84a072cb60f
569140,11508a46-ab57-439b-9ecc-68ccc032ca1d,c4a96c5b-759e-4542-a2be-651f4b0d596c,471,KLC,D,086,KLC-D-086,"JALAN YAP KWAN SENG, DALAM KWSN KONDO JELITA COURT",,2,Belakang,3.098231,101.430152,7,55c38deb-aae3-44c5-bfac-0bb919effec4,Wilayah Persekutuan Kuala Lumpur,137,WP Kuala Lumpur,2,Swasta,1,Berfungsi,635.981,images/img_pili/20201226234150139.,1,Pillar Hydrant,119,Titiwangsa,2021-11-03T08:00:00+08:00,0,1,KUALA LUMPUR (WP),88beb013-6a67-4936-9afd-b84a072cb60f
569142,9adfc0e1-0710-468e-9215-ff3d9f0762bf,c4a96c5b-759e-4542-a2be-651f4b0d596c,471,KLC,D,087,KLC-D-087,"JALAN YAP KWAN SENG, DALAM KWSN PUTERI YKS KONDO (DEPAN KANAN)",,1,Hadapan,3.098118,101.429389,7,55c38deb-aae3-44c5-bfac-0bb919effec4,Wilayah Persekutuan Kuala Lumpur,137,WP Kuala Lumpur,2,Swasta,1,Berfungsi,635.981,images/img_pili/20201226234620849.,1,Pillar Hydrant,119,Titiwangsa,2021-11-03T08:00:00+08:00,0,1,KUALA LUMPUR (WP),88beb013-6a67-4936-9afd-b84a072cb60f
569143,2689846d-e7c0-4af3-9684-a14cdfcd8066,c4a96c5b-759e-4542-a2be-651f4b0d596c,471,KLC,D,088,KLC-D-088,"JALAN YAP KWAN SENG, DALAM KWSN PUTERI YKS KONDO",,2,Belakang,3.097748,101.429312,7,55c38deb-aae3-44c5-bfac-0bb919effec4,Wilayah Persekutuan Kuala Lumpur,137,WP Kuala Lumpur,2,Swasta,1,Berfungsi,635.981,images/img_pili/20201226234754414.,1,Pillar Hydrant,119,Titiwangsa,2021-11-03T08:00:00+08:00,0,1,KUALA LUMPUR (WP),88beb013-6a67-4936-9afd-b84a072cb60f
569144,00bd1b06-7c99-4fd1-8f30-fe12363c2393,c4a96c5b-759e-4542-a2be-651f4b0d596c,471,KLC,D,089,KLC-D-089,"JALAN TUN RAZAK, DEPAN BANGUNAN MIDF",,1,Hadapan,3.096783,101.431881,7,55c38deb-aae3-44c5-bfac-0bb919effec4,Wilayah Persekutuan Kuala Lumpur,137,WP Kuala Lumpur,1,Awam,1,Berfungsi,635.981,images/img_pili/20201226235144229.,1,Pillar Hydrant,119,Titiwangsa,0000-00-00,0,1,KUALA LUMPUR (WP),88beb013-6a67-4936-9afd-b84a072cb60f
569145,066399e8-54a8-4367-886e-1504c61ac213,c4a96c5b-759e-4542-a2be-651f4b0d596c,471,KLC,D,090,KLC-D-090,"JALAN TUN RAZAK, DEPAN DALAM KWSN BANGUNAN MIDF",,1,Hadapan,3.096914,101.432095,7,55c38deb-aae3-44c5-bfac-0bb919effec4,Wilayah Persekutuan Kuala Lumpur,137,WP Kuala Lumpur,1,Awam,1,Berfungsi,635.981,images/img_pili/20201226235321115.,1,Pillar Hydrant,119,Titiwangsa,0000-00-00,0,1,KUALA LUMPUR (WP),88beb013-6a67-4936-9afd-b84a072cb60f
569146,6ae1354c-b3b0-4893-997a-52231f559185,c4a96c5b-759e-4542-a2be-651f4b0d596c,471,KLC,D,091,KLC-D-091,"JALAN TUN RAZAK, BELAKANG DALAM KWSN BANGUNAN MIDF",,2,Belakang,3.097523,101.431018,7,55c38deb-aae3-44c5-bfac-0bb919effec4,Wilayah Persekutuan Kuala Lumpur,137,WP Kuala Lumpur,1,Awam,1,Berfungsi,635.981,images/img_pili/20201226235505853.,1,Pillar Hydrant,119,Titiwangsa,0000-00-00,0,1,KUALA LUMPUR (WP),88beb013-6a67-4936-9afd-b84a072cb60f
565316,de5cf4f6-de8c-4487-b736-c5979d81bf96,c4a96c5b-759e-4542-a2be-651f4b0d596c,471,KLC,E,001,KLC-E-001,"HOTEL INTERCONTINENTAL, JALAN BINJAI OFF JALAN AMPANG (DEPAN TEPI)",,4,Tepi,3.095868,101.931047,7,55c38deb-aae3-44c5-bfac-0bb919effec4,Wilayah Persekutuan Kuala Lumpur,137,WP Kuala Lumpur,1,Awam,1,Berfungsi,635.981,images/img_pili/20201115150721320.,1,Pillar Hydrant,119,Titiwangsa,0000-00-00,0,1,KUALA LUMPUR (WP),88beb013-6a67-4936-9afd-b84a072cb60f
565317,ffba9e84-d412-41fd-b4f2-2bfc985863a6,c4a96c5b-759e-4542-a2be-651f4b0d596c,471,KLC,E,002,KLC-E-002,"HOTEL INTERCONTINENTAL, LORONG BINJAI OFF JALAN AMPANG (SEBELAH TEPI)",,4,Tepi,3.099061,101.433405,7,55c38deb-aae3-44c5-bfac-0bb919effec4,Wilayah Persekutuan Kuala Lumpur,137,WP Kuala Lumpur,2,Swasta,1,Berfungsi,635.981,images/img_pili/20201115151554920.,1,Pillar Hydrant,119,Titiwangsa,0000-00-00,0,1,KUALA LUMPUR (WP),88beb013-6a67-4936-9afd-b84a072cb60f
565318,0525379a-aa57-4293-b8a3-cf3145be2a63,c4a96c5b-759e-4542-a2be-651f4b0d596c,471,KLC,E,003,KLC-E-003,CITIBANK JALAN AMPANG (DEPAN CITIBANK),,1,Hadapan,3.096749,101.432255,7,55c38deb-aae3-44c5-bfac-0bb919effec4,Wilayah Persekutuan Kuala Lumpur,137,WP Kuala Lumpur,1,Awam,1,Berfungsi,635.981,images/img_pili/20201115151920774.,1,Pillar Hydrant,119,Titiwangsa,0000-00-00,0,1,KUALA LUMPUR (WP),88beb013-6a67-4936-9afd-b84a072cb60f
565319,46699e49-a119-40b6-8dc6-cbddb9c73bb7,c4a96c5b-759e-4542-a2be-651f4b0d596c,471,KLC,E,004,KLC-E-004,CITIBANK JALAN AMPANG (HADAPAN),,1,Hadapan,3.09659,101.43103,7,55c38deb-aae3-44c5-bfac-0bb919effec4,Wilayah Persekutuan Kuala Lumpur,137,WP Kuala Lumpur,2,Swasta,1,Berfungsi,635.981,images/img_pili/20201115152213446.,1,Pillar Hydrant,119,Titiwangsa,0000-00-00,0,1,KUALA LUMPUR (WP),88beb013-6a67-4936-9afd-b84a072cb60f
565320,7a7e1893-4bf4-47b7-bd1a-470a02ff97bf,c4a96c5b-759e-4542-a2be-651f4b0d596c,471,KLC,E,005,KLC-E-005,DEPAN WISMA CENTRAL JALAN AMPANG,,1,Hadapan,3.159093,101.714324,7,55c38deb-aae3-44c5-bfac-0bb919effec4,Wilayah Persekutuan Kuala Lumpur,137,WP Kuala Lumpur,1,Awam,1,Berfungsi,635.981,images/img_pili/20201115152640188.,2,Ground Hydrant,119,Titiwangsa,0000-00-00,0,11,KUALALUMPUR (WP),e020035c-e1d1-481d-b224-6475deb88d49
565321,9db01cf2-37c5-41c5-aee1-a82d7bd2144a,c4a96c5b-759e-4542-a2be-651f4b0d596c,471,KLC,E,006,KLC-E-006,TEPI WISMA CENTRAL JALAN AMPANG,,4,Tepi,3.158931,101.714904,7,55c38deb-aae3-44c5-bfac-0bb919effec4,Wilayah Persekutuan Kuala Lumpur,137,WP Kuala Lumpur,1,Awam,1,Berfungsi,635.981,images/img_pili/20201115153053943.,2,Ground Hydrant,119,Titiwangsa,0000-00-00,0,1,KUALA LUMPUR (WP),88beb013-6a67-4936-9afd-b84a072cb60f
565322,13f70475-c87e-4422-9666-98d808a46482,c4a96c5b-759e-4542-a2be-651f4b0d596c,471,KLC,E,007,KLC-E-007,DEPAN CORINTHIAN CONDOMINIUM JMB NO 5 JALAN BINJAI,NO 5,1,Hadapan,3.158628,101.718387,7,55c38deb-aae3-44c5-bfac-0bb919effec4,Wilayah Persekutuan Kuala Lumpur,137,WP Kuala Lumpur,1,Awam,1,Berfungsi,635.981,images/img_pili/20201115154348945.,1,Pillar Hydrant,119,Titiwangsa,0000-00-00,0,1,KUALA LUMPUR (WP),88beb013-6a67-4936-9afd-b84a072cb60f
566251,b9891d69-ad82-4fb8-9f90-435d88386886,c4a96c5b-759e-4542-a2be-651f4b0d596c,471,KLC,E,008,KLC-E-008,DEPAN WISMA HONG LEONG JALAN PERAK,,1,Hadapan,3.153717,101.709466,7,55c38deb-aae3-44c5-bfac-0bb919effec4,Wilayah Persekutuan Kuala Lumpur,137,WP Kuala Lumpur,1,Awam,1,Berfungsi,635.981,images/img_pili/20201130113640180.,1,Pillar Hydrant,119,Titiwangsa,0000-00-00,0,1,KUALA LUMPUR (WP),88beb013-6a67-4936-9afd-b84a072cb60f
566252,1a842bbf-66af-46aa-9e11-916627bcbfc2,c4a96c5b-759e-4542-a2be-651f4b0d596c,471,KLC,E,009,KLC-E-009,DEPAN WISMA HONG LEONG JALAN PERAK,,1,Hadapan,3.153701,101.709414,7,55c38deb-aae3-44c5-bfac-0bb919effec4,Wilayah Persekutuan Kuala Lumpur,137,WP Kuala Lumpur,1,Awam,1,Berfungsi,635.981,images/img_pili/20201130113846718.,1,Pillar Hydrant,119,Titiwangsa,0000-00-00,0,1,KUALA LUMPUR (WP),88beb013-6a67-4936-9afd-b84a072cb60f
566253,84ee9805-441f-4e48-b752-4aebd471e819,c4a96c5b-759e-4542-a2be-651f4b0d596c,471,KLC,E,010,KLC-E-010,DEPAN WISMA TONG AH JALAN PERAK,,1,Hadapan,3.15436,101.708484,7,55c38deb-aae3-44c5-bfac-0bb919effec4,Wilayah Persekutuan Kuala Lumpur,137,WP Kuala Lumpur,1,Awam,1,Berfungsi,635.981,images/img_pili/20201130114103171.,1,Pillar Hydrant,119,Titiwangsa,0000-00-00,0,1,KUALA LUMPUR (WP),88beb013-6a67-4936-9afd-b84a072cb60f
566254,316a8344-e0f1-4ed4-8e30-f9b0774a3dad,c4a96c5b-759e-4542-a2be-651f4b0d596c,471,KLC,E,011,KLC-E-011,DEPAN HOTEL IMPIANA JALAN PINANG,,1,Hadapan,3.153509,101.711879,7,55c38deb-aae3-44c5-bfac-0bb919effec4,Wilayah Persekutuan Kuala Lumpur,137,WP Kuala Lumpur,1,Awam,1,Berfungsi,635.981,images/img_pili/20201130114402485.,1,Pillar Hydrant,119,Titiwangsa,0000-00-00,0,11,KUALALUMPUR (WP),e020035c-e1d1-481d-b224-6475deb88d49
566255,ac9708e8-3d80-4083-9dca-684b2900549b,c4a96c5b-759e-4542-a2be-651f4b0d596c,471,KLC,E,012,KLC-E-012,DEPAN NO 8 MENARA PINANG JALAN KIA PENG,,1,Hadapan,3.152244,101.713286,7,55c38deb-aae3-44c5-bfac-0bb919effec4,Wilayah Persekutuan Kuala Lumpur,137,WP Kuala Lumpur,1,Awam,1,Berfungsi,635.981,images/img_pili/20201130114731449.,1,Pillar Hydrant,119,Titiwangsa,0000-00-00,0,11,KUALALUMPUR (WP),e020035c-e1d1-481d-b224-6475deb88d49
566256,a1667fc8-0b09-489a-80cd-137bb2ba74d7,c4a96c5b-759e-4542-a2be-651f4b0d596c,471,KLC,E,013,KLC-E-013,BERHAMPIRAN WISMA GENTING JALAN SULTAN ISMAIL,,3,Berhampiran,3.150405,101.710596,7,55c38deb-aae3-44c5-bfac-0bb919effec4,Wilayah Persekutuan Kuala Lumpur,137,WP Kuala Lumpur,2,Swasta,1,Berfungsi,635.981,images/img_pili/20201130115054499.,1,Pillar Hydrant,119,Titiwangsa,0000-00-00,0,11,KUALALUMPUR (WP),e020035c-e1d1-481d-b224-6475deb88d49
566257,bf094d75-fbe2-409b-a19b-e5496aafd482,c4a96c5b-759e-4542-a2be-651f4b0d596c,471,KLC,E,014,KLC-E-014,BERHAMPIRAN WISMA GENTING JALAN SULTAN ISMAIL,,3,Berhampiran,3.150313,101.710646,7,55c38deb-aae3-44c5-bfac-0bb919effec4,Wilayah Persekutuan Kuala Lumpur,137,WP Kuala Lumpur,1,Awam,1,Berfungsi,635.981,images/img_pili/20201130115308330.,1,Pillar Hydrant,119,Titiwangsa,0000-00-00,0,11,KUALALUMPUR (WP),e020035c-e1d1-481d-b224-6475deb88d49
566496,ee953e73-f027-43d1-a417-f82a19ea8928,c4a96c5b-759e-4542-a2be-651f4b0d596c,471,KLC,E,015,KLC-E-015,DEKAT KOMPLEKS ANTARABANGSA JALAN SULTAN ISMAIL,,3,Berhampiran,3.151422,101.710296,7,55c38deb-aae3-44c5-bfac-0bb919effec4,Wilayah Persekutuan Kuala Lumpur,137,WP Kuala Lumpur,1,Awam,1,Berfungsi,635.981,images/img_pili/20201203132455140.,1,Pillar Hydrant,119,Titiwangsa,0000-00-00,0,202,KUALA LUMPUR,9e597da1-fbe5-4168-9f07-c4746f7466a9
566497,1ac1d61e-b402-4ccb-add7-5e3a7601ada1,c4a96c5b-759e-4542-a2be-651f4b0d596c,471,KLC,E,016,KLC-E-016,DEKAT MENARA IMC JALAN SULATN ISMAIL( MAYBANK),,3,Berhampiran,3.154742,101.70678,7,55c38deb-aae3-44c5-bfac-0bb919effec4,Wilayah Persekutuan Kuala Lumpur,137,WP Kuala Lumpur,1,Awam,1,Berfungsi,635.981,images/img_pili/20201203134338627.,1,Pillar Hydrant,119,Titiwangsa,0000-00-00,0,202,KUALA LUMPUR,9e597da1-fbe5-4168-9f07-c4746f7466a9
566688,4d22cf28-b0be-4fea-8e8f-6576672f9770,c4a96c5b-759e-4542-a2be-651f4b0d596c,471,KLC,E,017,KLC-E-017,Depan Menara Prudential Jalan Sultan Ismail,,1,Hadapan,3.156764,101.70254,7,55c38deb-aae3-44c5-bfac-0bb919effec4,Wilayah Persekutuan Kuala Lumpur,137,WP Kuala Lumpur,1,Awam,1,Berfungsi,635.981,images/img_pili/20201208104404568.,1,Pillar Hydrant,119,Titiwangsa,0000-00-00,0,202,KUALA LUMPUR,9e597da1-fbe5-4168-9f07-c4746f7466a9
566689,37d39656-c2f7-4fac-b364-79569d3778a5,c4a96c5b-759e-4542-a2be-651f4b0d596c,471,KLC,E,018,KLC-E-018,BELAKANG MENARA IMC LORONG PERAK,,2,Belakang,3.155245,101.706329,7,55c38deb-aae3-44c5-bfac-0bb919effec4,Wilayah Persekutuan Kuala Lumpur,137,WP Kuala Lumpur,1,Awam,1,Berfungsi,635.981,images/img_pili/20201208105635143.,1,Pillar Hydrant,119,Titiwangsa,0000-00-00,0,108,KUALA LUMPURA (WP),9e34d0e5-3888-45bb-b3f5-462f2a1519cf
566690,80e4b642-8663-4337-940f-8fca9364e212,c4a96c5b-759e-4542-a2be-651f4b0d596c,471,KLC,E,019,KLC-E-019,BELAKANG MENARA IMC LORONG PERAK,,2,Belakang,3.155242,101.706329,7,55c38deb-aae3-44c5-bfac-0bb919effec4,Wilayah Persekutuan Kuala Lumpur,137,WP Kuala Lumpur,1,Awam,1,Berfungsi,635.981,images/img_pili/20201208110103460.,1,Pillar Hydrant,119,Titiwangsa,0000-00-00,0,1,KUALA LUMPUR (WP),88beb013-6a67-4936-9afd-b84a072cb60f
566691,abc356e3-b1dc-4223-aeda-56d1f56ddc18,c4a96c5b-759e-4542-a2be-651f4b0d596c,471,KLC,E,020,KLC-E-020,DEPAN CROWN REGENCY COFFEE BEAN JALAN P.RAMLEE ,,1,Hadapan,3.154946,101.707982,7,55c38deb-aae3-44c5-bfac-0bb919effec4,Wilayah Persekutuan Kuala Lumpur,137,WP Kuala Lumpur,1,Awam,1,Berfungsi,635.981,images/img_pili/20201208110726421.,1,Pillar Hydrant,119,Titiwangsa,0000-00-00,0,1,KUALA LUMPUR (WP),88beb013-6a67-4936-9afd-b84a072cb60f
566692,9ab2ad53-678e-4099-b3af-c10314c73104,c4a96c5b-759e-4542-a2be-651f4b0d596c,471,KLC,E,021,KLC-E-021,DEPAN RESTORAN OZEKI JALAN P.RAMLEE,,1,Hadapan,3.157282,101.709463,7,55c38deb-aae3-44c5-bfac-0bb919effec4,Wilayah Persekutuan Kuala Lumpur,137,WP Kuala Lumpur,1,Awam,1,Berfungsi,635.981,images/img_pili/20201208111131499.,1,Pillar Hydrant,119,Titiwangsa,0000-00-00,0,1,KUALA LUMPUR (WP),88beb013-6a67-4936-9afd-b84a072cb60f
566693,dddf969c-89bf-4493-a591-3c8d2ce9bcea,c4a96c5b-759e-4542-a2be-651f4b0d596c,471,KLC,E,022,KLC-E-022,HADAPAN TEPI RESTORAN OZEKI JALAN P.RAMLEE,,4,Tepi,3.157094,101.709492,7,55c38deb-aae3-44c5-bfac-0bb919effec4,Wilayah Persekutuan Kuala Lumpur,137,WP Kuala Lumpur,2,Swasta,1,Berfungsi,635.981,images/img_pili/20201208112006728.,1,Pillar Hydrant,119,Titiwangsa,0000-00-00,0,11,KUALALUMPUR (WP),e020035c-e1d1-481d-b224-6475deb88d49
566694,4c9f818a-f1c4-4da6-a2f0-c1e2cc07b638,c4a96c5b-759e-4542-a2be-651f4b0d596c,471,KLC,E,023,KLC-E-023,DEPAN HOTEL GRAND HYATT JALAN PINANG,,1,Hadapan,3.153669,101.710067,7,55c38deb-aae3-44c5-bfac-0bb919effec4,Wilayah Persekutuan Kuala Lumpur,137,WP Kuala Lumpur,2,Swasta,1,Berfungsi,635.981,images/img_pili/2020120811224917.,1,Pillar Hydrant,119,Titiwangsa,0000-00-00,0,1,KUALA LUMPUR (WP),88beb013-6a67-4936-9afd-b84a072cb60f
566695,b0eb795d-4296-48de-bba6-552c1b33a5d3,c4a96c5b-759e-4542-a2be-651f4b0d596c,471,KLC,E,024,KLC-E-024,KOMPLEKS ANTARABANGSA JALAN PERAK,,2,Belakang,3.152213,101.710296,7,55c38deb-aae3-44c5-bfac-0bb919effec4,Wilayah Persekutuan Kuala Lumpur,137,WP Kuala Lumpur,1,Awam,1,Berfungsi,635.981,images/img_pili/20201208112637551.,1,Pillar Hydrant,119,Titiwangsa,0000-00-00,0,11,KUALALUMPUR (WP),e020035c-e1d1-481d-b224-6475deb88d49
566696,db3c42d7-0f08-4eae-b654-c2ec5224e12a,c4a96c5b-759e-4542-a2be-651f4b0d596c,471,KLC,E,025,KLC-E-025,MENARA BANK ISLAM JALAN PERAK,,1,Hadapan,3.153285,101.708561,7,55c38deb-aae3-44c5-bfac-0bb919effec4,Wilayah Persekutuan Kuala Lumpur,137,WP Kuala Lumpur,1,Awam,1,Berfungsi,635.981,images/img_pili/2020120811293323.,1,Pillar Hydrant,119,Titiwangsa,0000-00-00,0,11,KUALALUMPUR (WP),e020035c-e1d1-481d-b224-6475deb88d49
566697,feb04ca0-2bc9-42ba-a961-1a3e08e37b68,c4a96c5b-759e-4542-a2be-651f4b0d596c,471,KLC,E,026,KLC-E-026,ISTANA SIRAJ NO 875-2A JALAN ETON,,1,Hadapan,3.15145,101.719198,7,55c38deb-aae3-44c5-bfac-0bb919effec4,Wilayah Persekutuan Kuala Lumpur,137,WP Kuala Lumpur,1,Awam,2,Tidak Berfungsi,0,images/img_pili/20201208113218904.,2,Ground Hydrant,119,Titiwangsa,0000-00-00,0,1,KUALA LUMPUR (WP),88beb013-6a67-4936-9afd-b84a072cb60f
563686,6903bcab-ca8d-44ea-b3d5-0b703f7aa52b,c4a96c5b-759e-4542-a2be-651f4b0d596c,471,KLC,F,001,KLC-F-001,BERHADAPAN KELAB PETRONAS JALAN TUN RAZAK,,1,Hadapan,3.158203,101.720572,7,55c38deb-aae3-44c5-bfac-0bb919effec4,Wilayah Persekutuan Kuala Lumpur,137,WP Kuala Lumpur,1,Awam,4,Hilang,,images/img_pili/2020102215210947.,1,Pillar Hydrant,119,Titiwangsa,0000-00-00,0,1,KUALA LUMPUR (WP),88beb013-6a67-4936-9afd-b84a072cb60f
563691,a47dde26-1ce2-4db4-88b4-9c4552317d4b,c4a96c5b-759e-4542-a2be-651f4b0d596c,471,KLC,F,002,KLC-F-002,BERHADAPAN TABUNG HAJI JALAN TUN RAZAK,,1,Hadapan,3.158449,101.72043,7,55c38deb-aae3-44c5-bfac-0bb919effec4,Wilayah Persekutuan Kuala Lumpur,137,WP Kuala Lumpur,1,Awam,2,Tidak Berfungsi,0,images/img_pili/20201022152352890.,1,Pillar Hydrant,119,Titiwangsa,0000-00-00,0,11,KUALALUMPUR (WP),e020035c-e1d1-481d-b224-6475deb88d49
563711,98b8c72a-ab4e-4064-acc8-9d862ff5982f,c4a96c5b-759e-4542-a2be-651f4b0d596c,471,KLC,F,003,KLC-F-003,BERHADAPAN PADANG GOLF JALAN TUN RAZAK,,1,Hadapan,3.151459,101.722967,7,55c38deb-aae3-44c5-bfac-0bb919effec4,Wilayah Persekutuan Kuala Lumpur,137,WP Kuala Lumpur,1,Awam,1,Berfungsi,635.981,images/img_pili/20201022154323981.,1,Pillar Hydrant,119,Titiwangsa,0000-00-00,0,11,KUALALUMPUR (WP),e020035c-e1d1-481d-b224-6475deb88d49
563719,348ab2d9-bba5-4bf5-a504-d5dc9abf04c3,c4a96c5b-759e-4542-a2be-651f4b0d596c,471,KLC,F,004,KLC-F-004,"BERHADAPAN LOT 261,JALAN TUN RAZAK",261,1,Hadapan,3.14315,101.721226,7,55c38deb-aae3-44c5-bfac-0bb919effec4,Wilayah Persekutuan Kuala Lumpur,137,WP Kuala Lumpur,1,Awam,2,Tidak Berfungsi,0,images/img_pili/2020102215513796.,1,Pillar Hydrant,119,Titiwangsa,0000-00-00,0,1,KUALA LUMPUR (WP),88beb013-6a67-4936-9afd-b84a072cb60f
563725,f8c47a0c-a359-438e-8143-2d0b8785c986,c4a96c5b-759e-4542-a2be-651f4b0d596c,471,KLC,F,005,KLC-F-005,BERHADAPAN STESEN PUTRA LRT AMPANG PARK,,1,Hadapan,3.159993,101.719506,7,55c38deb-aae3-44c5-bfac-0bb919effec4,Wilayah Persekutuan Kuala Lumpur,137,WP Kuala Lumpur,1,Awam,1,Berfungsi,635.981,images/img_pili/20201022155846979.,1,Pillar Hydrant,119,Titiwangsa,0000-00-00,0,11,KUALALUMPUR (WP),e020035c-e1d1-481d-b224-6475deb88d49
563737,f1af88bc-18ba-41df-ade6-7d44381dc91e,c4a96c5b-759e-4542-a2be-651f4b0d596c,471,KLC,F,006,KLC-F-006,"PERSIMPANGAN PERDANA KLCC (PNB Perdana Hotel & Suites Kuala Lumpur) , JALAN BINJAI OFF JALAN AMPANG",,3,Berhampiran,3.157749,101.718387,7,55c38deb-aae3-44c5-bfac-0bb919effec4,Wilayah Persekutuan Kuala Lumpur,137,WP Kuala Lumpur,1,Awam,1,Berfungsi,635.981,images/img_pili/20201022161708498.,1,Pillar Hydrant,119,Titiwangsa,0000-00-00,0,11,KUALALUMPUR (WP),e020035c-e1d1-481d-b224-6475deb88d49
566698,a7d0b22a-e25a-462f-a68a-fcec267abb13,c4a96c5b-759e-4542-a2be-651f4b0d596c,471,KLC,F,007,KLC-F-007,KEDUTAAN JEPUN JALAN PERSIARAN STONOR,,1,Hadapan,3.09812,101.430233,7,55c38deb-aae3-44c5-bfac-0bb919effec4,Wilayah Persekutuan Kuala Lumpur,137,WP Kuala Lumpur,1,Awam,1,Berfungsi,635.981,images/img_pili/20201208113739796.,2,Ground Hydrant,119,Titiwangsa,0000-00-00,0,11,KUALALUMPUR (WP),e020035c-e1d1-481d-b224-6475deb88d49
566699,c9bce8d7-c139-4fca-bc74-0833c1feb81a,c4a96c5b-759e-4542-a2be-651f4b0d596c,471,KLC,F,008,KLC-F-008,RUMAH NO 9 JLN PERSIARAN STONOR (ETON HOUSE),,1,Hadapan,3.152822,101.719729,7,55c38deb-aae3-44c5-bfac-0bb919effec4,Wilayah Persekutuan Kuala Lumpur,137,WP Kuala Lumpur,1,Awam,2,Tidak Berfungsi,0,images/img_pili/20201208114407835.,1,Pillar Hydrant,119,Titiwangsa,0000-00-00,0,11,KUALALUMPUR (WP),e020035c-e1d1-481d-b224-6475deb88d49
566700,55b368d3-1465-4e11-a288-141034d3ff49,c4a96c5b-759e-4542-a2be-651f4b0d596c,471,KLC,F,009,KLC-F-009,KEDUTAAN VIETNAM NO 3 JALAN PERSIARAN STONOR,,1,Hadapan,3.152805,101.719352,7,55c38deb-aae3-44c5-bfac-0bb919effec4,Wilayah Persekutuan Kuala Lumpur,137,WP Kuala Lumpur,1,Awam,2,Tidak Berfungsi,0,images/img_pili/20201208114713769.,1,Pillar Hydrant,119,Titiwangsa,0000-00-00,0,11,KUALALUMPUR (WP),e020035c-e1d1-481d-b224-6475deb88d49
566702,e0d78d1e-b939-40e9-bc1d-cf4adc0d488b,c4a96c5b-759e-4542-a2be-651f4b0d596c,471,KLC,F,010,KLC-F-010,ISTANA SIRAJ NO 875-2A JALAN ETON,,1,Hadapan,3.09812,101.430233,7,55c38deb-aae3-44c5-bfac-0bb919effec4,Wilayah Persekutuan Kuala Lumpur,137,WP Kuala Lumpur,2,Swasta,1,Berfungsi,635.981,images/img_pili/20201208115450789.,2,Ground Hydrant,119,Titiwangsa,0000-00-00,0,11,KUALALUMPUR (WP),e020035c-e1d1-481d-b224-6475deb88d49
566707,7d6ce37b-fd93-4fa9-ab08-e3dc0d1f52b2,c4a96c5b-759e-4542-a2be-651f4b0d596c,471,KLC,F,011,KLC-F-011,LAMPU ISYARAT LORONG KUDA,,3,Berhampiran,3.155784,101.719008,7,55c38deb-aae3-44c5-bfac-0bb919effec4,Wilayah Persekutuan Kuala Lumpur,137,WP Kuala Lumpur,1,Awam,2,Tidak Berfungsi,0,images/img_pili/20201208121037163.,1,Pillar Hydrant,119,Titiwangsa,0000-00-00,0,1,KUALA LUMPUR (WP),88beb013-6a67-4936-9afd-b84a072cb60f
566710,6a7ee54e-bef5-413b-afb3-c95a50080b67,c4a96c5b-759e-4542-a2be-651f4b0d596c,471,KLC,F,012,KLC-F-012,RUMAH NO 6 LORONG KUDA,,3,Berhampiran,3.155729,101.718285,7,55c38deb-aae3-44c5-bfac-0bb919effec4,Wilayah Persekutuan Kuala Lumpur,137,WP Kuala Lumpur,1,Awam,2,Tidak Berfungsi,0,images/img_pili/20201208121737818.,1,Pillar Hydrant,119,Titiwangsa,0000-00-00,0,1,KUALA LUMPUR (WP),88beb013-6a67-4936-9afd-b84a072cb60f
566715,d8750873-9d95-4fe0-9e7f-866354c07d3a,c4a96c5b-759e-4542-a2be-651f4b0d596c,471,KLC,F,013,KLC-F-013,STESEN PUTRA LRT AMPANG PARK,,1,Hadapan,3.15984,101.716806,7,55c38deb-aae3-44c5-bfac-0bb919effec4,Wilayah Persekutuan Kuala Lumpur,137,WP Kuala Lumpur,1,Awam,1,Berfungsi,635.981,images/img_pili/20201208123433498.,1,Pillar Hydrant,119,Titiwangsa,0000-00-00,0,11,KUALALUMPUR (WP),e020035c-e1d1-481d-b224-6475deb88d49
566993,bcbdd08a-6eb5-410a-b6ca-a00cf1287e42,c4a96c5b-759e-4542-a2be-651f4b0d596c,471,KLC,F,014,KLC-F-014,"PONDOK PENGAWAL KONDOMINIUM THE CORINTHIAN , JALAN BINJAI",,1,Hadapan,3.168903,101.706371,7,55c38deb-aae3-44c5-bfac-0bb919effec4,Wilayah Persekutuan Kuala Lumpur,137,WP Kuala Lumpur,1,Awam,1,Berfungsi,635.981,images/img_pili/20201211000242296.,1,Pillar Hydrant,119,Titiwangsa,0000-00-00,0,202,KUALA LUMPUR,9e597da1-fbe5-4168-9f07-c4746f7466a9
566716,3cb009dc-6755-4bdd-b68c-d3ff160742a9,c4a96c5b-759e-4542-a2be-651f4b0d596c,471,KLC,G,001,KLC-G-001,PRINCE COURT MEDICAL CENTRE SDN BHD,,1,Hadapan,3.148016,101.720788,7,55c38deb-aae3-44c5-bfac-0bb919effec4,Wilayah Persekutuan Kuala Lumpur,137,WP Kuala Lumpur,2,Swasta,1,Berfungsi,635.981,images/img_pili/20201208124107867.,1,Pillar Hydrant,119,Titiwangsa,0000-00-00,0,1,KUALA LUMPUR (WP),88beb013-6a67-4936-9afd-b84a072cb60f
566717,30d82c4a-4e3d-429b-9d06-d700e3e79be3,c4a96c5b-759e-4542-a2be-651f4b0d596c,471,KLC,G,002,KLC-G-002,PRINCE COURT MEDICAL CENTRE SDN BHD,,1,Hadapan,3.148016,101.720788,7,55c38deb-aae3-44c5-bfac-0bb919effec4,Wilayah Persekutuan Kuala Lumpur,137,WP Kuala Lumpur,2,Swasta,1,Berfungsi,635.981,images/img_pili/20201208124258396.,1,Pillar Hydrant,119,Titiwangsa,0000-00-00,0,1,KUALA LUMPUR (WP),88beb013-6a67-4936-9afd-b84a072cb60f
566718,d7e07e80-c906-418e-b8de-c53402bce6cf,c4a96c5b-759e-4542-a2be-651f4b0d596c,471,KLC,G,003,KLC-G-003,PRINCE COURT MEDICAL CENTRE SDN BHD,,3,Berhampiran,3.147888,101.720895,7,55c38deb-aae3-44c5-bfac-0bb919effec4,Wilayah Persekutuan Kuala Lumpur,137,WP Kuala Lumpur,2,Swasta,1,Berfungsi,635.981,images/img_pili/20201208125114870.,1,Pillar Hydrant,119,Titiwangsa,0000-00-00,0,11,KUALALUMPUR (WP),e020035c-e1d1-481d-b224-6475deb88d49
566719,2a25490c-121b-4eed-873a-4ebae1cdffc9,c4a96c5b-759e-4542-a2be-651f4b0d596c,471,KLC,G,004,KLC-G-004,PRINCE COURT MEDICAL CENTRE SDN BHD,,3,Berhampiran,3.148713,101.721325,7,55c38deb-aae3-44c5-bfac-0bb919effec4,Wilayah Persekutuan Kuala Lumpur,137,WP Kuala Lumpur,2,Swasta,1,Berfungsi,635.981,images/img_pili/20201208125350320.,1,Pillar Hydrant,119,Titiwangsa,0000-00-00,0,1,KUALA LUMPUR (WP),88beb013-6a67-4936-9afd-b84a072cb60f
566720,96ab3d62-9c0c-4641-a5fc-9491e53f710d,c4a96c5b-759e-4542-a2be-651f4b0d596c,471,KLC,G,005,KLC-G-005,PRINCE COURT MEDICAL CENTRE SDN BHD,,1,Hadapan,3.148531,101.722521,7,55c38deb-aae3-44c5-bfac-0bb919effec4,Wilayah Persekutuan Kuala Lumpur,137,WP Kuala Lumpur,2,Swasta,1,Berfungsi,635.981,images/img_pili/20201208125554311.,1,Pillar Hydrant,119,Titiwangsa,0000-00-00,0,11,KUALALUMPUR (WP),e020035c-e1d1-481d-b224-6475deb88d49
566721,caab13a9-cebe-4b79-8976-13006629aad9,c4a96c5b-759e-4542-a2be-651f4b0d596c,471,KLC,G,006,KLC-G-006,PRINCE COURT MEDICAL CENTRE SDN BHD,,1,Hadapan,3.147936,101.721029,7,55c38deb-aae3-44c5-bfac-0bb919effec4,Wilayah Persekutuan Kuala Lumpur,137,WP Kuala Lumpur,2,Swasta,1,Berfungsi,635.981,images/img_pili/20201208130349496.,1,Pillar Hydrant,119,Titiwangsa,0000-00-00,0,1,KUALA LUMPUR (WP),88beb013-6a67-4936-9afd-b84a072cb60f
566900,2206c089-7ac1-428a-ba99-d52b5feae374,c4a96c5b-759e-4542-a2be-651f4b0d596c,471,KLC,G,007,KLC-G-007,DEPAN PRINCE COURT MEDICAL CENTRE SDN BHD,,1,Hadapan,3.148484,101.72247,7,55c38deb-aae3-44c5-bfac-0bb919effec4,Wilayah Persekutuan Kuala Lumpur,137,WP Kuala Lumpur,2,Swasta,1,Berfungsi,635.981,images/img_pili/20201209204917242.,1,Pillar Hydrant,119,Titiwangsa,0000-00-00,0,1,KUALA LUMPUR (WP),88beb013-6a67-4936-9afd-b84a072cb60f
566901,70d1c98a-7f09-42e8-ac6e-dc304462a801,c4a96c5b-759e-4542-a2be-651f4b0d596c,471,KLC,G,008,KLC-G-008,DEPAN PRINCE COURT CENTRE SDN BHD,,1,Hadapan,3.148656,101.722663,7,55c38deb-aae3-44c5-bfac-0bb919effec4,Wilayah Persekutuan Kuala Lumpur,137,WP Kuala Lumpur,2,Swasta,1,Berfungsi,635.981,images/img_pili/20201209205127107.,1,Pillar Hydrant,119,Titiwangsa,0000-00-00,0,11,KUALALUMPUR (WP),e020035c-e1d1-481d-b224-6475deb88d49
567843,b647aec1-5cce-49f3-a496-9b8eb76ca215,c4a96c5b-759e-4542-a2be-651f4b0d596c,471,KLC,G,009,KLC-G-009,PRINCE COURT MEDICAL ,,4,Tepi,3.147722,101.72036,7,55c38deb-aae3-44c5-bfac-0bb919effec4,Wilayah Persekutuan Kuala Lumpur,137,WP Kuala Lumpur,2,Swasta,1,Berfungsi,635.981,images/img_pili/20201217114646331.,1,Pillar Hydrant,119,Titiwangsa,0000-00-00,0,1,KUALA LUMPUR (WP),88beb013-6a67-4936-9afd-b84a072cb60f
567844,f2eef786-aed6-4987-9baf-cb478322e614,c4a96c5b-759e-4542-a2be-651f4b0d596c,471,KLC,G,010,KLC-G-010,PRINCE COURT MEDICAL CENTRE SDN BHD,,5,Kiri,3.147722,101.72036,7,55c38deb-aae3-44c5-bfac-0bb919effec4,Wilayah Persekutuan Kuala Lumpur,137,WP Kuala Lumpur,2,Swasta,1,Berfungsi,635.981,images/img_pili/20201217115005948.,1,Pillar Hydrant,119,Titiwangsa,0000-00-00,0,1,KUALA LUMPUR (WP),88beb013-6a67-4936-9afd-b84a072cb60f
567845,cd7ade85-6398-48d8-8210-342259b319b5,c4a96c5b-759e-4542-a2be-651f4b0d596c,471,KLC,G,011,KLC-G-011,BANGUNAN LTAT JALAN BUKIT BINTANG ,,1,Hadapan,3.148338,101.716608,7,55c38deb-aae3-44c5-bfac-0bb919effec4,Wilayah Persekutuan Kuala Lumpur,137,WP Kuala Lumpur,1,Awam,1,Berfungsi,635.981,images/img_pili/20201217115926597.,1,Pillar Hydrant,119,Titiwangsa,0000-00-00,0,1,KUALA LUMPUR (WP),88beb013-6a67-4936-9afd-b84a072cb60f
567856,7769c52d-97cf-4206-8e1c-6eeef1d95aec,c4a96c5b-759e-4542-a2be-651f4b0d596c,471,KLC,G,012,KLC-G-012,COFFEE BEAN JALAN RAJA CHULAN,,1,Hadapan,3.150315,101.71132,7,55c38deb-aae3-44c5-bfac-0bb919effec4,Wilayah Persekutuan Kuala Lumpur,137,WP Kuala Lumpur,1,Awam,1,Berfungsi,635.981,images/img_pili/20201217160833408.,2,Ground Hydrant,119,Titiwangsa,0000-00-00,0,11,KUALALUMPUR (WP),e020035c-e1d1-481d-b224-6475deb88d49
567857,9a4ba8d4-6ba8-4280-b837-e5338bf038c4,c4a96c5b-759e-4542-a2be-651f4b0d596c,471,KLC,G,013,KLC-G-013,CHULAN SQUARE JALAN RAJA CHULAN,,1,Hadapan,3.148741,101.7154,7,55c38deb-aae3-44c5-bfac-0bb919effec4,Wilayah Persekutuan Kuala Lumpur,137,WP Kuala Lumpur,1,Awam,1,Berfungsi,635.981,images/img_pili/20201217161156778.,1,Pillar Hydrant,119,Titiwangsa,0000-00-00,0,11,KUALALUMPUR (WP),e020035c-e1d1-481d-b224-6475deb88d49
567858,b4d7aee0-5660-4ed0-b9f1-8131c551df53,c4a96c5b-759e-4542-a2be-651f4b0d596c,471,KLC,G,014,KLC-G-014,CHULAN SQUARE JALAN RAJA CHULAN,,1,Hadapan,3.148741,101.7154,7,55c38deb-aae3-44c5-bfac-0bb919effec4,Wilayah Persekutuan Kuala Lumpur,137,WP Kuala Lumpur,1,Awam,1,Berfungsi,635.981,images/img_pili/20201217161351376.,1,Pillar Hydrant,119,Titiwangsa,0000-00-00,0,11,KUALALUMPUR (WP),e020035c-e1d1-481d-b224-6475deb88d49
567859,1c890a1d-2144-4be3-aaa9-bbdd3592b7e0,c4a96c5b-759e-4542-a2be-651f4b0d596c,471,KLC,G,015,KLC-G-015,SEBELAH RUMAH NO 25 JALAN KIA PENG,,4,Tepi,3.151555,101.718904,7,55c38deb-aae3-44c5-bfac-0bb919effec4,Wilayah Persekutuan Kuala Lumpur,137,WP Kuala Lumpur,1,Awam,2,Tidak Berfungsi,0,images/img_pili/20201217161522538.,2,Ground Hydrant,119,Titiwangsa,0000-00-00,0,1,KUALA LUMPUR (WP),88beb013-6a67-4936-9afd-b84a072cb60f
567861,6265b2d3-a538-4b5f-8b7b-36681b7d90d9,c4a96c5b-759e-4542-a2be-651f4b0d596c,471,KLC,G,016,KLC-G-016,YAYASAN SARAWAK JALAN STONOR (WONDO 1A),,3,Berhampiran,3.150582,101.716167,7,55c38deb-aae3-44c5-bfac-0bb919effec4,Wilayah Persekutuan Kuala Lumpur,137,WP Kuala Lumpur,1,Awam,1,Berfungsi,635.981,images/img_pili/20201217162134211.,1,Pillar Hydrant,119,Titiwangsa,0000-00-00,0,1,KUALA LUMPUR (WP),88beb013-6a67-4936-9afd-b84a072cb60f
567862,aa7a72c7-43fc-4a77-89b1-7d1862af9a43,c4a96c5b-759e-4542-a2be-651f4b0d596c,471,KLC,G,017,KLC-G-017,JALAN STONOR (JKR 989/2),,4,Tepi,3.151827,101.717258,7,55c38deb-aae3-44c5-bfac-0bb919effec4,Wilayah Persekutuan Kuala Lumpur,137,WP Kuala Lumpur,1,Awam,1,Berfungsi,635.981,images/img_pili/20201217162831521.,1,Pillar Hydrant,119,Titiwangsa,0000-00-00,0,1,KUALA LUMPUR (WP),88beb013-6a67-4936-9afd-b84a072cb60f
567863,a2a520ec-60b7-40b0-a4ff-ee97028770a3,c4a96c5b-759e-4542-a2be-651f4b0d596c,471,KLC,G,018,KLC-G-018,DALAM KOMPLEKS KRAFTANGAN JALAN CONLAY,,7,Tengah,3.149397,101.718329,7,55c38deb-aae3-44c5-bfac-0bb919effec4,Wilayah Persekutuan Kuala Lumpur,137,WP Kuala Lumpur,1,Awam,1,Berfungsi,635.981,images/img_pili/20201217163124491.,1,Pillar Hydrant,119,Titiwangsa,0000-00-00,0,11,KUALALUMPUR (WP),e020035c-e1d1-481d-b224-6475deb88d49
567864,b933e990-db41-4ed0-a027-29d8a1aca15a,c4a96c5b-759e-4542-a2be-651f4b0d596c,471,KLC,G,019,KLC-G-019,DALAM KOMPLEKS KRAFTANGAN JALAN CONLAY,,7,Tengah,3.149397,101.718329,7,55c38deb-aae3-44c5-bfac-0bb919effec4,Wilayah Persekutuan Kuala Lumpur,137,WP Kuala Lumpur,1,Awam,1,Berfungsi,635.981,images/img_pili/20201217163346524.,1,Pillar Hydrant,119,Titiwangsa,0000-00-00,0,11,KUALALUMPUR (WP),e020035c-e1d1-481d-b224-6475deb88d49
567866,7ac12cfe-af5a-42df-ad04-0636a77a4822,c4a96c5b-759e-4542-a2be-651f4b0d596c,471,KLC,G,020,KLC-G-020,DEPAN PARKIR KERETA JALAN CONLAY,,1,Hadapan,3.148579,101.717785,7,55c38deb-aae3-44c5-bfac-0bb919effec4,Wilayah Persekutuan Kuala Lumpur,137,WP Kuala Lumpur,1,Awam,1,Berfungsi,635.981,images/img_pili/2020121716371333.,1,Pillar Hydrant,119,Titiwangsa,0000-00-00,0,1,KUALA LUMPUR (WP),88beb013-6a67-4936-9afd-b84a072cb60f
567868,1aa3babd-0bc4-4460-bd98-a8497818ff76,c4a96c5b-759e-4542-a2be-651f4b0d596c,471,KLC,G,021,KLC-G-021,DEPAN MENARA HLA JALAN KIA PENG,,1,Hadapan,3.151823,101.712598,7,55c38deb-aae3-44c5-bfac-0bb919effec4,Wilayah Persekutuan Kuala Lumpur,137,WP Kuala Lumpur,1,Awam,1,Berfungsi,635.981,images/img_pili/20201217163918381.,1,Pillar Hydrant,119,Titiwangsa,0000-00-00,0,1,KUALA LUMPUR (WP),88beb013-6a67-4936-9afd-b84a072cb60f
567869,82a55f57-3dac-4e23-95cc-1948d955824e,c4a96c5b-759e-4542-a2be-651f4b0d596c,471,KLC,G,022,KLC-G-022,SEBELAH MENARA HLA JALAN KIA PENG,,4,Tepi,3.151745,101.711329,7,55c38deb-aae3-44c5-bfac-0bb919effec4,Wilayah Persekutuan Kuala Lumpur,137,WP Kuala Lumpur,1,Awam,1,Berfungsi,635.981,images/img_pili/20201217164141760.,1,Pillar Hydrant,119,Titiwangsa,0000-00-00,0,1,KUALA LUMPUR (WP),88beb013-6a67-4936-9afd-b84a072cb60f
567870,d60efc26-0a6c-4ef2-adda-a088f21cb37c,c4a96c5b-759e-4542-a2be-651f4b0d596c,471,KLC,G,023,KLC-G-023,"HADAPAN RUMAH NO.2, JALAN CHANGKAT KIA PENG",,1,Hadapan,3.091102,101.428642,7,55c38deb-aae3-44c5-bfac-0bb919effec4,Wilayah Persekutuan Kuala Lumpur,137,WP Kuala Lumpur,1,Awam,1,Berfungsi,635.981,images/img_pili/20201217164354442.,2,Ground Hydrant,119,Titiwangsa,0000-00-00,0,11,KUALALUMPUR (WP),e020035c-e1d1-481d-b224-6475deb88d49
567871,e98244e2-79b4-46d6-b2b8-9accab95cd2f,c4a96c5b-759e-4542-a2be-651f4b0d596c,471,KLC,G,024,KLC-G-024,KONDO SRI KIA PENG JALAN CHANGKAT KIA PENG,,1,Hadapan,3.151236,101.712262,7,55c38deb-aae3-44c5-bfac-0bb919effec4,Wilayah Persekutuan Kuala Lumpur,137,WP Kuala Lumpur,1,Awam,1,Berfungsi,635.981,images/img_pili/20201217164609320.,1,Pillar Hydrant,119,Titiwangsa,0000-00-00,0,11,KUALALUMPUR (WP),e020035c-e1d1-481d-b224-6475deb88d49
567872,5302c3ed-6968-4b21-bc1e-c4b52e56a9c7,c4a96c5b-759e-4542-a2be-651f4b0d596c,471,KLC,G,025,KLC-G-025,DEPAN RUMAH NO 6 JALAN CHANGKAT KIA PENG,,1,Hadapan,3.152116,101.715984,7,55c38deb-aae3-44c5-bfac-0bb919effec4,Wilayah Persekutuan Kuala Lumpur,137,WP Kuala Lumpur,1,Awam,2,Tidak Berfungsi,0,images/img_pili/20201217164809600.,2,Ground Hydrant,119,Titiwangsa,0000-00-00,0,11,KUALALUMPUR (WP),e020035c-e1d1-481d-b224-6475deb88d49