id_pili,hydrant_id_uuid,station_id_uuid,station_id,station_code,zon,no_pili,pili_num_combine,alamat,penanda_kawasan,id_kedudukan,kedudukan,lokasi,latitud,longitud,id_negeri,state_id_uuid,negeri,id_daerah,daerah,id_pemilikan_pili,pemilikan_pili,id_status_pili,status_pili,diameter_pengeluaran,image_1,id_jenis_pili,jenis_pili,id_parlimen,parlimen,tarikh_pili,id_syarikat_air,flag_migrasi,id_bandar,bandar,city_id_uuid
314012,59e9d503-8d0c-4ee2-8980-05a37fcfc7ed,e795beb3-2cda-4ac4-b79d-7953221f1fb6,166,JHT,A,001,JHT-A-001,Dalam Kawasan Balai Bomba dekat surau Jalan Hang Tuah,Dalam Kawasan Balai Bomba dekat surau Jalan Hang Tuah,3,Berhampiran,KUALA LUMPUR,3.138121,101.705122,7,55c38deb-aae3-44c5-bfac-0bb919effec4,Wilayah Persekutuan Kuala Lumpur,137,WP Kuala Lumpur,2,Swasta,1,Berfungsi,252.96,images/img_pili/20170810150157177.jpg,1,Pillar Hydrant,120,Bukit Bintang,0000-00-00,0,KUALA LUMPUR_JLN HANG TUAH_ZON A_WANI_20052015,75,K LUMPUR (WP),6f03580f-58e6-4bfe-ba59-1909cb2988fa
314013,3f01dceb-5df7-4317-95d3-91302abd0091,e795beb3-2cda-4ac4-b79d-7953221f1fb6,166,JHT,A,002,JHT-A-002,BALAI BOMBA DAN PENYELAMAT JALAN HANG TUAH,Berhampiran Hose Tower Dalam Kawasan Balai Bomba Jalan Hang Tuah,3,Berhampiran,KUALA LUMPUR,3.137494,101.705011,7,55c38deb-aae3-44c5-bfac-0bb919effec4,Wilayah Persekutuan Kuala Lumpur,137,WP Kuala Lumpur,2,Swasta,1,Berfungsi,252.96,,1,Pillar Hydrant,120,Bukit Bintang,0000-00-00,0,KUALA LUMPUR_JLN HANG TUAH_ZON A_WANI_20052015,75,K LUMPUR (WP),6f03580f-58e6-4bfe-ba59-1909cb2988fa
314014,028d7b0a-10da-4bf8-9d0b-1fb8b78456b5,e795beb3-2cda-4ac4-b79d-7953221f1fb6,166,JHT,A,003,JHT-A-003,Tepi Tokong Flat Jalan Hang Tuah,Tepi Tokong Flat Jalan Hang Tuah,1,Hadapan,KUALA LUMPUR,3.138846,101.705204,7,55c38deb-aae3-44c5-bfac-0bb919effec4,Wilayah Persekutuan Kuala Lumpur,137,WP Kuala Lumpur,1,Awam,1,Berfungsi,252.96,images/img_pili/20170810150329709.jpg,2,Ground Hydrant,120,Bukit Bintang,0000-00-00,0,KUALA LUMPUR_JLN HANG TUAH_ZON A_WANI_20052015,45,KUALA LMPUR (WP),08d3c005-65d8-4c9b-b86d-53759fd3dff4
314015,ba753a54-06a1-4273-a959-0dad6d9adbe0,e795beb3-2cda-4ac4-b79d-7953221f1fb6,166,JHT,A,004,JHT-A-004,Tepi Rumah Rukun Tetangga Jalan Hang Tuah,Tepi Rumah Rukun Tetangga Jalan Hang Tuah,3,Berhampiran,KUALA LUMPUR,3.13985,101.705746,7,55c38deb-aae3-44c5-bfac-0bb919effec4,Wilayah Persekutuan Kuala Lumpur,137,WP Kuala Lumpur,1,Awam,2,Tidak Berfungsi,0,images/img_pili/20170810150605267.jpg,1,Pillar Hydrant,120,Bukit Bintang,0000-00-00,0,KUALA LUMPUR_JLN HANG TUAH_ZON A_WANI_20052015,89,KUALA  LUMPUR (WP),53aa1806-b81f-4985-8066-6a9cf92f1446
314016,405d0d04-8fa0-4ddf-b4f5-b47abfad9a65,e795beb3-2cda-4ac4-b79d-7953221f1fb6,166,JHT,A,005,JHT-A-005,Depan Kuil Flat Jalan Hang Tuah,Depan Kuil Flat Jalan Hang Tuah,1,Hadapan,KUALA LUMPUR,3.139684,101.705591,7,55c38deb-aae3-44c5-bfac-0bb919effec4,Wilayah Persekutuan Kuala Lumpur,137,WP Kuala Lumpur,1,Awam,1,Berfungsi,357.74,images/img_pili/20170810150442571.jpg,1,Pillar Hydrant,120,Bukit Bintang,0000-00-00,0,KUALA LUMPUR_JLN HANG TUAH_ZON A_WANI_20052015,45,KUALA LMPUR (WP),08d3c005-65d8-4c9b-b86d-53759fd3dff4
314017,cc6ebd73-fff8-4ea3-bc97-c62e4cfdf897,e795beb3-2cda-4ac4-b79d-7953221f1fb6,166,JHT,A,006,JHT-A-006,Tepi Pagar Dekat Setesen LRT jalan Hang Tuah,Tepi Pagar Dekat Setesen LRT jalan Hang Tuah,4,Tepi,KUALA LUMPUR,3.139497,101.706487,7,55c38deb-aae3-44c5-bfac-0bb919effec4,Wilayah Persekutuan Kuala Lumpur,137,WP Kuala Lumpur,1,Awam,1,Berfungsi,252.96,images/img_pili/20170810150712804.jpg,1,Pillar Hydrant,120,Bukit Bintang,0000-00-00,0,KUALA LUMPUR_JLN HANG TUAH_ZON A_WANI_20052015,89,KUALA  LUMPUR (WP),53aa1806-b81f-4985-8066-6a9cf92f1446
314018,4bbee654-245e-4c87-aceb-93c6032887e1,e795beb3-2cda-4ac4-b79d-7953221f1fb6,166,JHT,A,007,JHT-A-007,Depan No 49 Pemborong Pakaian MCQ Fasion Lorong Merbau Off Jalan Kenanga ,Depan No 49 Pemborong Pakaian MCQ FasionLorong Merbau Off Jalan Kenanga,1,Hadapan,KUALA LUMPUR,3.138253,101.705618,7,55c38deb-aae3-44c5-bfac-0bb919effec4,Wilayah Persekutuan Kuala Lumpur,137,WP Kuala Lumpur,1,Awam,1,Berfungsi,252.96,images/img_pili/20170814113708252.jpg,1,Pillar Hydrant,120,Bukit Bintang,0000-00-00,0,KUALA LUMPUR_JLN HANG TUAH_ZON A_WANI_20052015,45,KUALA LMPUR (WP),08d3c005-65d8-4c9b-b86d-53759fd3dff4
314019,b2633a95-749f-4b90-bccc-92f96a10413e,e795beb3-2cda-4ac4-b79d-7953221f1fb6,166,JHT,A,008,JHT-A-008,JALAN MERBAU OFF JALAN KENANGA,Depan kedai No 27 Lorong Merbau Off Jalan Kenanga,1,Hadapan,KUALA LUMPUR,3.139078,101.706261,7,55c38deb-aae3-44c5-bfac-0bb919effec4,Wilayah Persekutuan Kuala Lumpur,137,WP Kuala Lumpur,1,Awam,4,Hilang,,,1,Pillar Hydrant,120,Bukit Bintang,0000-00-00,0,KUALA LUMPUR_JLN HANG TUAH_ZON A_WANI_20052015,89,KUALA  LUMPUR (WP),53aa1806-b81f-4985-8066-6a9cf92f1446
314020,ee1e7d4d-784a-4e33-8a50-dd8a6b273dfa,e795beb3-2cda-4ac4-b79d-7953221f1fb6,166,JHT,A,009,JHT-A-009,Depan Kedai Pemborong Plush & Lush Jalan Meranti,Depan Kedai Pemborong Plush & Lush Jalan Meranti,1,Hadapan,KUALA LUMPUR,3.137675,101.706057,7,55c38deb-aae3-44c5-bfac-0bb919effec4,Wilayah Persekutuan Kuala Lumpur,137,WP Kuala Lumpur,2,Swasta,1,Berfungsi,252.96,,1,Pillar Hydrant,120,Bukit Bintang,0000-00-00,0,KUALA LUMPUR_JLN HANG TUAH_ZON A_WANI_20052015,89,KUALA  LUMPUR (WP),53aa1806-b81f-4985-8066-6a9cf92f1446
314021,5d5e1a73-cdc8-4966-8d24-10e79afbe97e,e795beb3-2cda-4ac4-b79d-7953221f1fb6,166,JHT,A,010,JHT-A-010,Sebelah kiri Block C Flat Sri Sarawak,Sebelah kiri Block C Flat Sri Sarawak,3,Berhampiran,KUALA LUMPUR,3.137317,101.705627,7,55c38deb-aae3-44c5-bfac-0bb919effec4,Wilayah Persekutuan Kuala Lumpur,137,WP Kuala Lumpur,2,Swasta,1,Berfungsi,158.995,images/img_pili/2017081111024674.jpg,1,Pillar Hydrant,120,Bukit Bintang,0000-00-00,0,KUALA LUMPUR_JLN HANG TUAH_ZON A_WANI_20052015,11,KUALALUMPUR (WP),e020035c-e1d1-481d-b224-6475deb88d49
314022,4065c674-03da-4c6d-a197-f79c859cd0c1,e795beb3-2cda-4ac4-b79d-7953221f1fb6,166,JHT,A,011,JHT-A-011,Belakang Block C Flat Sri Sarawak,Belakang Block C Flat Sri Sarawak,1,Hadapan,KUALA LUMPUR,3.136994,101.705463,7,55c38deb-aae3-44c5-bfac-0bb919effec4,Wilayah Persekutuan Kuala Lumpur,137,WP Kuala Lumpur,2,Swasta,1,Berfungsi,158.995,images/img_pili/201708111104041.jpg,1,Pillar Hydrant,120,Bukit Bintang,0000-00-00,0,KUALA LUMPUR_JLN HANG TUAH_ZON A_WANI_20052015,11,KUALALUMPUR (WP),e020035c-e1d1-481d-b224-6475deb88d49
314023,b5abcb19-f5c5-426c-9411-0d1bf67c7580,e795beb3-2cda-4ac4-b79d-7953221f1fb6,166,JHT,A,012,JHT-A-012,Dekat Taman Flat Sri Sarawak,Dekat Taman Flat Sri Sarawak,1,Hadapan,KUALA LUMPUR,3.136485,101.705802,7,55c38deb-aae3-44c5-bfac-0bb919effec4,Wilayah Persekutuan Kuala Lumpur,137,WP Kuala Lumpur,2,Swasta,1,Berfungsi,158.995,images/img_pili/20170811110507624.jpg,1,Pillar Hydrant,120,Bukit Bintang,0000-00-00,0,KUALA LUMPUR_JLN HANG TUAH_ZON A_WANI_20052015,11,KUALALUMPUR (WP),e020035c-e1d1-481d-b224-6475deb88d49
314024,97d85ddc-32df-4b75-9919-218df4b9ef6f,e795beb3-2cda-4ac4-b79d-7953221f1fb6,166,JHT,A,013,JHT-A-013,Dekat Surau Flat Sri Sarawak,Dekat Surau Flat Sri Sarawak,1,Hadapan,KUALA LUMPUR,3.136339,101.706189,7,55c38deb-aae3-44c5-bfac-0bb919effec4,Wilayah Persekutuan Kuala Lumpur,137,WP Kuala Lumpur,2,Swasta,1,Berfungsi,158.995,images/img_pili/20170811110609246.jpg,1,Pillar Hydrant,120,Bukit Bintang,0000-00-00,0,KUALA LUMPUR_JLN HANG TUAH_ZON A_WANI_20052015,11,KUALALUMPUR (WP),e020035c-e1d1-481d-b224-6475deb88d49
314025,15955c31-a2b8-43f4-b5bf-3b753eb924df,e795beb3-2cda-4ac4-b79d-7953221f1fb6,166,JHT,A,014,JHT-A-014,Belakang Block A Flat Sri Sarawak,Belakang Block A Flat Sri Sarawak,1,Hadapan,KUALA LUMPUR,3.136211,101.70645,7,55c38deb-aae3-44c5-bfac-0bb919effec4,Wilayah Persekutuan Kuala Lumpur,137,WP Kuala Lumpur,2,Swasta,1,Berfungsi,252.96,images/img_pili/20170811151320426.jpg,1,Pillar Hydrant,120,Bukit Bintang,0000-00-00,0,KUALA LUMPUR_JLN HANG TUAH_ZON A_WANI_20052015,11,KUALALUMPUR (WP),e020035c-e1d1-481d-b224-6475deb88d49
314026,4c892116-d126-4f04-afd8-5af0a64a8ee8,e795beb3-2cda-4ac4-b79d-7953221f1fb6,166,JHT,A,015,JHT-A-015,Depan Kedai Ali Enterprise Flat Sri Serawak,Depan Kedai Ali Enterprise Flat Sri Serawak,1,Hadapan,KUALA LUMPUR,3.136939,101.706426,7,55c38deb-aae3-44c5-bfac-0bb919effec4,Wilayah Persekutuan Kuala Lumpur,137,WP Kuala Lumpur,2,Swasta,1,Berfungsi,252.96,,1,Pillar Hydrant,120,Bukit Bintang,0000-00-00,0,KUALA LUMPUR_JLN HANG TUAH_ZON A_WANI_20052015,11,KUALALUMPUR (WP),e020035c-e1d1-481d-b224-6475deb88d49
314027,fe6c4fc1-d13f-4369-8281-503fa49ae9fa,e795beb3-2cda-4ac4-b79d-7953221f1fb6,166,JHT,A,016,JHT-A-016,Kedai Runcit No 1 Flat Sri Sarawak,Kedai Runcit No 1 Flat Sri Sarawak,1,Hadapan,KUALA LUMPUR,3.137166,101.706025,7,55c38deb-aae3-44c5-bfac-0bb919effec4,Wilayah Persekutuan Kuala Lumpur,137,WP Kuala Lumpur,2,Swasta,2,Tidak Berfungsi,0,images/img_pili/20170811110713523.jpg,1,Pillar Hydrant,120,Bukit Bintang,0000-00-00,0,KUALA LUMPUR_JLN HANG TUAH_ZON A_WANI_20052015,11,KUALALUMPUR (WP),e020035c-e1d1-481d-b224-6475deb88d49
314028,326e0ebb-8d6c-4d46-bee6-0754d550ce9a,e795beb3-2cda-4ac4-b79d-7953221f1fb6,166,JHT,A,017,JHT-A-017,Depan Bank Hong Leong Jalan Kenanga,Depan Bank Hong Leong Jalan Kenanga,1,Hadapan,KUALA LUMPUR,3.136609,101.706946,7,55c38deb-aae3-44c5-bfac-0bb919effec4,Wilayah Persekutuan Kuala Lumpur,137,WP Kuala Lumpur,1,Awam,1,Berfungsi,252.96,images/img_pili/20170811111042870.jpg,1,Pillar Hydrant,120,Bukit Bintang,0000-00-00,0,KUALA LUMPUR_JLN HANG TUAH_ZON A_WANI_20052015,11,KUALALUMPUR (WP),e020035c-e1d1-481d-b224-6475deb88d49
314029,9dcce6ce-91a4-4e3a-937d-5e54f7ea0fdf,e795beb3-2cda-4ac4-b79d-7953221f1fb6,166,JHT,A,018,JHT-A-018,Depan Kedai Mitoli Trading Sdn Bhd Jalan Kenanga ( Sebelah MayBank ),Depan Kedai Mitoli Trading Sdn Bhd Jalan Kenanga ( Sebelah MayBank ),1,Hadapan,KUALA LUMPUR,3.136744,101.707301,7,55c38deb-aae3-44c5-bfac-0bb919effec4,Wilayah Persekutuan Kuala Lumpur,137,WP Kuala Lumpur,1,Awam,1,Berfungsi,252.96,images/img_pili/2017081015125767.jpg,1,Pillar Hydrant,120,Bukit Bintang,0000-00-00,0,KUALA LUMPUR_JLN HANG TUAH_ZON A_WANI_20052015,11,KUALALUMPUR (WP),e020035c-e1d1-481d-b224-6475deb88d49
314030,3e808506-d255-430b-a803-d34a691f1399,e795beb3-2cda-4ac4-b79d-7953221f1fb6,166,JHT,A,019,JHT-A-019,Depan kedai NO 43 More Fahsion Jalan Merlimau,Depan kedai NO 43 More Fahsion Jalan Merlimau,1,Hadapan,KUALA LUMPUR,3.136977,101.70762,7,55c38deb-aae3-44c5-bfac-0bb919effec4,Wilayah Persekutuan Kuala Lumpur,137,WP Kuala Lumpur,1,Awam,1,Berfungsi,252.96,,1,Pillar Hydrant,120,Bukit Bintang,0000-00-00,0,KUALA LUMPUR_JLN HANG TUAH_ZON A_WANI_20052015,75,K LUMPUR (WP),6f03580f-58e6-4bfe-ba59-1909cb2988fa
314031,7ed3ca74-e829-44f2-9180-56419f647836,e795beb3-2cda-4ac4-b79d-7953221f1fb6,166,JHT,A,020,JHT-A-020,Depan Kedai Pemborong Pakaian Neat & Sweet Jln Merlimau,Depan Kedai Pemborong Pakaian Neat & Sweet Jln Merlimau,1,Hadapan,KUALA LUMPUR,3.137387,101.708671,7,55c38deb-aae3-44c5-bfac-0bb919effec4,Wilayah Persekutuan Kuala Lumpur,137,WP Kuala Lumpur,1,Awam,1,Berfungsi,252.96,images/img_pili/20170814105943663.jpg,1,Pillar Hydrant,120,Bukit Bintang,0000-00-00,0,KUALA LUMPUR_JLN HANG TUAH_ZON A_WANI_20052015,89,KUALA  LUMPUR (WP),53aa1806-b81f-4985-8066-6a9cf92f1446
314032,b98486ed-e961-48be-83d4-f58dec188752,e795beb3-2cda-4ac4-b79d-7953221f1fb6,166,JHT,A,021,JHT-A-021,Depan Kedai No 55 Steps Lorong Meranti 3 ,Depan Kedai No 55 Steps Lorong Meranti 3,1,Hadapan,KUALA LUMPUR,3.137848,101.708449,7,55c38deb-aae3-44c5-bfac-0bb919effec4,Wilayah Persekutuan Kuala Lumpur,137,WP Kuala Lumpur,1,Awam,1,Berfungsi,252.96,images/img_pili/20170814110150666.jpg,1,Pillar Hydrant,120,Bukit Bintang,0000-00-00,0,KUALA LUMPUR_JLN HANG TUAH_ZON A_WANI_20052015,45,KUALA LMPUR (WP),08d3c005-65d8-4c9b-b86d-53759fd3dff4
314033,966e20eb-96f1-4184-960c-5174890cb611,e795beb3-2cda-4ac4-b79d-7953221f1fb6,166,JHT,A,022,JHT-A-022, No 55 Pusat Pemborong Pakaian New Look Fashion Jalan Meranti 3, No 55 Pusat Pemborong Pakaian New Look Fashion Jalan Meranti 3,1,Hadapan,KUALA LUMPUR,3.138469,101.707663,7,55c38deb-aae3-44c5-bfac-0bb919effec4,Wilayah Persekutuan Kuala Lumpur,137,WP Kuala Lumpur,1,Awam,1,Berfungsi,158.995,images/img_pili/2024020214081747.jpg,1,Pillar Hydrant,120,Bukit Bintang,0000-00-00,0,KUALA LUMPUR_JLN HANG TUAH_ZON A_WANI_20052015,89,KUALA  LUMPUR (WP),53aa1806-b81f-4985-8066-6a9cf92f1446
314034,addf04ab-33de-41ee-8e69-c31628b3b94d,e795beb3-2cda-4ac4-b79d-7953221f1fb6,166,JHT,A,023,JHT-A-023,No 11 Pemborong Pakaian Evie Lorong Meranti 2,No 11 Pemborong Pakaian Evie Lorong Meranti 2,1,Hadapan,KUALA LUMPUR,3.137794,101.707663,7,55c38deb-aae3-44c5-bfac-0bb919effec4,Wilayah Persekutuan Kuala Lumpur,137,WP Kuala Lumpur,1,Awam,1,Berfungsi,158.995,,1,Pillar Hydrant,120,Bukit Bintang,0000-00-00,0,KUALA LUMPUR_JLN HANG TUAH_ZON A_WANI_20052015,89,KUALA  LUMPUR (WP),53aa1806-b81f-4985-8066-6a9cf92f1446
314035,58ea2eec-2bac-443e-80ae-49430bdba40a,e795beb3-2cda-4ac4-b79d-7953221f1fb6,166,JHT,A,024,JHT-A-024,No 17 Pemborong Pakaian Xin Xin Lorong Meranti 1,No 17 Pemborong Pakaian Xin Xin Lorong Meranti 1,1,Hadapan,KUALA LUMPUR,3.137601,101.706845,7,55c38deb-aae3-44c5-bfac-0bb919effec4,Wilayah Persekutuan Kuala Lumpur,137,WP Kuala Lumpur,1,Awam,1,Berfungsi,39.7488,images/img_pili/20170814111355325.jpg,1,Pillar Hydrant,120,Bukit Bintang,0000-00-00,0,KUALA LUMPUR_JLN HANG TUAH_ZON A_WANI_20052015,45,KUALA LMPUR (WP),08d3c005-65d8-4c9b-b86d-53759fd3dff4
314036,5d00dd05-699c-42be-86e9-c85a0c71b9fd,e795beb3-2cda-4ac4-b79d-7953221f1fb6,166,JHT,A,025,JHT-A-025,Depan kedai 99 Speed Mart Jalan Gelugur,Depan kedai 99 Speed Mart Jalan Gelugur,1,Hadapan,KUALA LUMPUR,3.136183,101.707015,7,55c38deb-aae3-44c5-bfac-0bb919effec4,Wilayah Persekutuan Kuala Lumpur,137,WP Kuala Lumpur,1,Awam,1,Berfungsi,158.995,images/img_pili/20170810151510382.jpg,1,Pillar Hydrant,120,Bukit Bintang,0000-00-00,0,KUALA LUMPUR_JLN HANG TUAH_ZON A_WANI_20052015,11,KUALALUMPUR (WP),e020035c-e1d1-481d-b224-6475deb88d49
314037,23cdadc4-dd32-4c45-b93a-8eeb96488029,e795beb3-2cda-4ac4-b79d-7953221f1fb6,166,JHT,A,026,JHT-A-026,Depan Kedai  No 20  Tecno Top Facts Lorong Meranti 2,Depan Kedai  No 20  Tecno Top Facts Lorong Meranti 2,2,Belakang,KUALA LUMPUR,3.136321,101.707313,7,55c38deb-aae3-44c5-bfac-0bb919effec4,Wilayah Persekutuan Kuala Lumpur,137,WP Kuala Lumpur,1,Awam,1,Berfungsi,252.96,,1,Pillar Hydrant,120,Bukit Bintang,0000-00-00,0,KUALA LUMPUR_JLN HANG TUAH_ZON A_WANI_20052015,45,KUALA LMPUR (WP),08d3c005-65d8-4c9b-b86d-53759fd3dff4
314038,e8d7033f-c3eb-42e0-aab9-990063d44a58,e795beb3-2cda-4ac4-b79d-7953221f1fb6,166,JHT,A,027,JHT-A-027,Pintu Masuk Parking Kereta Kenanga Wholesale City Jalan Gelugur,Pintu Masuk Parking Kereta Kenanga Wholesale City Jalan Gelugur,1,Hadapan,KUALA LUMPUR,3.135896,101.708099,7,55c38deb-aae3-44c5-bfac-0bb919effec4,Wilayah Persekutuan Kuala Lumpur,137,WP Kuala Lumpur,2,Swasta,1,Berfungsi,357.74,images/img_pili/20170810151637353.jpg,3,Pressurize Hydrant,120,Bukit Bintang,0000-00-00,0,KUALA LUMPUR_JLN HANG TUAH_ZON A_WANI_20052015,75,K LUMPUR (WP),6f03580f-58e6-4bfe-ba59-1909cb2988fa
314039,62c4c873-26db-441d-b558-cfc58b379a08,e795beb3-2cda-4ac4-b79d-7953221f1fb6,166,JHT,A,028,JHT-A-028,Sebelah Kiri Depan Kondo Kenanga Point Jalan Gelugur,Sebelah Kiri Depan Kondo Kenanga Point Jalan Gelugur,1,Hadapan,KUALA LUMPUR,3.134997,101.708112,7,55c38deb-aae3-44c5-bfac-0bb919effec4,Wilayah Persekutuan Kuala Lumpur,137,WP Kuala Lumpur,2,Swasta,1,Berfungsi,357.74,images/img_pili/20170814112030246.jpg,3,Pressurize Hydrant,120,Bukit Bintang,0000-00-00,0,KUALA LUMPUR_JLN HANG TUAH_ZON A_WANI_20052015,89,KUALA  LUMPUR (WP),53aa1806-b81f-4985-8066-6a9cf92f1446
314040,dc9b551a-34e6-4863-b0ec-70a53a06e63a,e795beb3-2cda-4ac4-b79d-7953221f1fb6,166,JHT,A,029,JHT-A-029,Sebelah Kiri Belakang Kondo Kenanga Point Jalan Gelugur,Sebelah Kiri Belakang Kondo Kenanga Point Jalan Gelugur,2,Belakang,KUALA LUMPUR,3.135069,101.707097,7,55c38deb-aae3-44c5-bfac-0bb919effec4,Wilayah Persekutuan Kuala Lumpur,137,WP Kuala Lumpur,2,Swasta,1,Berfungsi,252.96,images/img_pili/20170814112147865.jpg,3,Pressurize Hydrant,120,Bukit Bintang,0000-00-00,0,KUALA LUMPUR_JLN HANG TUAH_ZON A_WANI_20052015,89,KUALA  LUMPUR (WP),53aa1806-b81f-4985-8066-6a9cf92f1446
314041,9cb83f51-6ea6-4eb1-bfec-3f2f8e94695b,e795beb3-2cda-4ac4-b79d-7953221f1fb6,166,JHT,A,030,JHT-A-030,Depan Sebelah Kanan Apt Chinwoo Jalan Gelugur,Depan Sebelah Kanan Apt Chinwoo Jalan Gelugur,1,Hadapan,KUALA LUMPUR,3.135781,101.707113,7,55c38deb-aae3-44c5-bfac-0bb919effec4,Wilayah Persekutuan Kuala Lumpur,137,WP Kuala Lumpur,2,Swasta,1,Berfungsi,252.96,images/img_pili/20170810151752143.jpg,3,Pressurize Hydrant,120,Bukit Bintang,0000-00-00,0,KUALA LUMPUR_JLN HANG TUAH_ZON A_WANI_20052015,89,KUALA  LUMPUR (WP),53aa1806-b81f-4985-8066-6a9cf92f1446
314042,54556e2b-092c-4569-8fc9-6f8eb7976eee,e795beb3-2cda-4ac4-b79d-7953221f1fb6,166,JHT,A,031,JHT-A-031,Depan Kuarters JPM Jalan Gelugur,Depan Kuarters JPM Jalan Gelugur,1,Hadapan,KUALA LUMPUR,3.13598,101.707904,7,55c38deb-aae3-44c5-bfac-0bb919effec4,Wilayah Persekutuan Kuala Lumpur,137,WP Kuala Lumpur,1,Awam,1,Berfungsi,252.96,images/img_pili/20170810151910608.jpg,1,Pillar Hydrant,120,Bukit Bintang,0000-00-00,0,KUALA LUMPUR_JLN HANG TUAH_ZON A_WANI_20052015,89,KUALA  LUMPUR (WP),53aa1806-b81f-4985-8066-6a9cf92f1446
314043,9383fdb5-b319-46e1-a538-07ecf5eea39c,e795beb3-2cda-4ac4-b79d-7953221f1fb6,166,JHT,A,032,JHT-A-032,Depan Surau belakang Kenang Wholesale Jalan San Peng,Depan Surau belakang Kenang Wholesale Jalan San Peng,1,Hadapan,KUALA LUMPUR,3.136056,101.708864,7,55c38deb-aae3-44c5-bfac-0bb919effec4,Wilayah Persekutuan Kuala Lumpur,137,WP Kuala Lumpur,1,Awam,1,Berfungsi,252.96,images/img_pili/20170810152045267.jpg,1,Pillar Hydrant,120,Bukit Bintang,0000-00-00,0,KUALA LUMPUR_JLN HANG TUAH_ZON A_WANI_20052015,89,KUALA  LUMPUR (WP),53aa1806-b81f-4985-8066-6a9cf92f1446
314044,48f6cd6e-cd68-4ce9-a1b9-af5c7c3e009d,e795beb3-2cda-4ac4-b79d-7953221f1fb6,166,JHT,A,033,JHT-A-033,Depan Kedai Perniagaan Komplek Sri Selangor Jalan San Peng,Depan Kedai Perniagaan Komplek Sri Selangor Jalan San Peng,1,Hadapan,KUALA LUMPUR,3.135787,101.709143,7,55c38deb-aae3-44c5-bfac-0bb919effec4,Wilayah Persekutuan Kuala Lumpur,137,WP Kuala Lumpur,2,Swasta,1,Berfungsi,252.96,images/img_pili/20170810152815937.jpg,1,Pillar Hydrant,120,Bukit Bintang,0000-00-00,0,KUALA LUMPUR_JLN HANG TUAH_ZON A_WANI_20052015,89,KUALA  LUMPUR (WP),53aa1806-b81f-4985-8066-6a9cf92f1446
314045,d07c68dd-62c0-46e1-9aec-d46672a4dfc7,e795beb3-2cda-4ac4-b79d-7953221f1fb6,166,JHT,A,034,JHT-A-034,Block 7  Tepi Sungai Flat Sri Selangor,Block 7  Tepi Sungai Flat Sri Selangor,1,Hadapan,KUALA LUMPUR,3.134845,101.709619,7,55c38deb-aae3-44c5-bfac-0bb919effec4,Wilayah Persekutuan Kuala Lumpur,137,WP Kuala Lumpur,2,Swasta,1,Berfungsi,39.7488,images/img_pili/20170814111728483.jpg,1,Pillar Hydrant,120,Bukit Bintang,0000-00-00,0,KUALA LUMPUR_JLN HANG TUAH_ZON A_WANI_20052015,45,KUALA LMPUR (WP),08d3c005-65d8-4c9b-b86d-53759fd3dff4
314046,7d0c37f0-00d6-4e81-9192-3506c1dafe34,e795beb3-2cda-4ac4-b79d-7953221f1fb6,166,JHT,A,035,JHT-A-035,Flat Sri Selangor tepi pagar kiri Jalan SanPeng,Flat Sri Selangor tepi pagar kiri Jalan SanPeng,1,Hadapan,KUALA LUMPUR,3.134401,101.708423,7,55c38deb-aae3-44c5-bfac-0bb919effec4,Wilayah Persekutuan Kuala Lumpur,137,WP Kuala Lumpur,1,Awam,1,Berfungsi,39.7488,images/img_pili/20170814111901664.jpg,1,Pillar Hydrant,120,Bukit Bintang,0000-00-00,0,KUALA LUMPUR_JLN HANG TUAH_ZON A_WANI_20052015,89,KUALA  LUMPUR (WP),53aa1806-b81f-4985-8066-6a9cf92f1446
314047,19c328a4-5f0c-488c-8050-aad22563f403,e795beb3-2cda-4ac4-b79d-7953221f1fb6,166,JHT,A,036,JHT-A-036,Depan Pondok Polis Luar Pagar Berhampiran Flat Sri Selangor Jalan San Peng ,Depan Pondok Polis Luar Pagar Berhampiran Flat Sri Selangor Jalan San Peng,1,Hadapan,KUALA LUMPUR,3.134312,101.708742,7,55c38deb-aae3-44c5-bfac-0bb919effec4,Wilayah Persekutuan Kuala Lumpur,137,WP Kuala Lumpur,1,Awam,1,Berfungsi,158.995,images/img_pili/20170814112318947.jpg,1,Pillar Hydrant,120,Bukit Bintang,0000-00-00,0,KUALA LUMPUR_JLN HANG TUAH_ZON A_WANI_20052015,45,KUALA LMPUR (WP),08d3c005-65d8-4c9b-b86d-53759fd3dff4
314048,3d9208c7-09c2-4d6a-8763-23e37b838adf,e795beb3-2cda-4ac4-b79d-7953221f1fb6,166,JHT,A,037,JHT-A-037,Depan Kedai Pasar Mini 98 Jalan Baiduri off Jalan San Peng ,Depan Kedai Pasar Mini 98 Jalan Baiduri off Jalan San Peng,1,Hadapan,KUALA LUMPUR,3.133919,101.707793,7,55c38deb-aae3-44c5-bfac-0bb919effec4,Wilayah Persekutuan Kuala Lumpur,137,WP Kuala Lumpur,1,Awam,1,Berfungsi,158.995,images/img_pili/20170814113207577.jpg,1,Pillar Hydrant,120,Bukit Bintang,0000-00-00,0,KUALA LUMPUR_JLN HANG TUAH_ZON A_WANI_20052015,89,KUALA  LUMPUR (WP),53aa1806-b81f-4985-8066-6a9cf92f1446
314049,c57f9aea-5e6c-4dae-b876-0fbb3952369d,e795beb3-2cda-4ac4-b79d-7953221f1fb6,166,JHT,A,038,JHT-A-038,Depan Kedai No 23 Jalan Baiduri  off Jalan San Peng ,Depan Kedai No 23 Jalan Baiduri  off Jalan San Peng,1,Hadapan,KUALA LUMPUR,3.133896,101.70779,7,55c38deb-aae3-44c5-bfac-0bb919effec4,Wilayah Persekutuan Kuala Lumpur,137,WP Kuala Lumpur,1,Awam,1,Berfungsi,252.96,images/img_pili/20170814113516549.jpg,1,Pillar Hydrant,120,Bukit Bintang,0000-00-00,0,KUALA LUMPUR_JLN HANG TUAH_ZON A_WANI_20052015,45,KUALA LMPUR (WP),08d3c005-65d8-4c9b-b86d-53759fd3dff4
314050,d4b0af9e-c6b3-4f10-a6b7-4e9713e5a29a,e795beb3-2cda-4ac4-b79d-7953221f1fb6,166,JHT,A,039,JHT-A-039,Dekat Bus Stop luar pagar Sek.Jenis Keb India Jalan San Peng,Dekat Bus Stop luar pagar Sek.Jenis Keb India Jalan San Peng,3,Berhampiran,KUALA LUMPUR,3.134084,101.709354,7,55c38deb-aae3-44c5-bfac-0bb919effec4,Wilayah Persekutuan Kuala Lumpur,137,WP Kuala Lumpur,1,Awam,1,Berfungsi,252.96,images/img_pili/20170814112501775.jpg,1,Pillar Hydrant,120,Bukit Bintang,0000-00-00,0,KUALA LUMPUR_JLN HANG TUAH_ZON A_WANI_20052015,89,KUALA  LUMPUR (WP),53aa1806-b81f-4985-8066-6a9cf92f1446
314051,9d83457f-7215-420b-a7a5-d8d8e3d32df6,e795beb3-2cda-4ac4-b79d-7953221f1fb6,166,JHT,A,040,JHT-A-040,Depan kedai No 24 Flat Melati Jalan Loke Yew,Depan kedai No 24 Flat Melati Jalan Loke Yew,1,Hadapan,KUALA LUMPUR,3.13616,101.704663,7,55c38deb-aae3-44c5-bfac-0bb919effec4,Wilayah Persekutuan Kuala Lumpur,137,WP Kuala Lumpur,1,Awam,1,Berfungsi,252.96,images/img_pili/20170811152140961.jpg,1,Pillar Hydrant,120,Bukit Bintang,0000-00-00,0,KUALA LUMPUR_JLN HANG TUAH_ZON A_WANI_20052015,89,KUALA  LUMPUR (WP),53aa1806-b81f-4985-8066-6a9cf92f1446
314052,75eae84b-c130-4974-a8b4-4f8aae008ed4,e795beb3-2cda-4ac4-b79d-7953221f1fb6,166,JHT,A,041,JHT-A-041,Depan Rumah No 32 Flat Melor Jalan Loke Yew,Depan Rumah No 32 Flat Melor Jalan Loke Yew,1,Hadapan,KUALA LUMPUR,3.135747,101.705221,7,55c38deb-aae3-44c5-bfac-0bb919effec4,Wilayah Persekutuan Kuala Lumpur,137,WP Kuala Lumpur,1,Awam,1,Berfungsi,252.96,,1,Pillar Hydrant,120,Bukit Bintang,0000-00-00,0,KUALA LUMPUR_JLN HANG TUAH_ZON A_WANI_20052015,45,KUALA LMPUR (WP),08d3c005-65d8-4c9b-b86d-53759fd3dff4
314053,26baa83f-10d1-482f-b03b-9e7a42d934cd,e795beb3-2cda-4ac4-b79d-7953221f1fb6,166,JHT,A,042,JHT-A-042,Belakang Flat Melati Berhampiran Parking Motor Jalan Loke Yew,Belakang Flat Melati Berhampiran Parking Motor Jalan Loke Yew,2,Belakang,KUALA LUMPUR,3.136173,101.70532,7,55c38deb-aae3-44c5-bfac-0bb919effec4,Wilayah Persekutuan Kuala Lumpur,137,WP Kuala Lumpur,1,Awam,1,Berfungsi,252.96,images/img_pili/20170811151757528.jpg,1,Pillar Hydrant,120,Bukit Bintang,0000-00-00,0,KUALA LUMPUR_JLN HANG TUAH_ZON A_WANI_20052015,89,KUALA  LUMPUR (WP),53aa1806-b81f-4985-8066-6a9cf92f1446
314054,eeab44cd-1631-448a-badc-764bf511ec3c,e795beb3-2cda-4ac4-b79d-7953221f1fb6,166,JHT,A,043,JHT-A-043,Jalan Masuk Flat Merak Jalan Loke Yew,Jalan Masuk Flat Merak Jalan Loke Yew,1,Hadapan,KUALA LUMPUR,3.135589,101.705872,7,55c38deb-aae3-44c5-bfac-0bb919effec4,Wilayah Persekutuan Kuala Lumpur,137,WP Kuala Lumpur,1,Awam,1,Berfungsi,252.96,,1,Pillar Hydrant,120,Bukit Bintang,0000-00-00,0,KUALA LUMPUR_JLN HANG TUAH_ZON A_WANI_20052015,89,KUALA  LUMPUR (WP),53aa1806-b81f-4985-8066-6a9cf92f1446
314055,b7ccad7b-8872-4150-bb36-4e50fc54ab5e,e795beb3-2cda-4ac4-b79d-7953221f1fb6,166,JHT,A,044,JHT-A-044,Depan SHELL Jalan Loke Yew,Depan SHELL Jalan Loke Yew,1,Hadapan,KUALA LUMPUR,3.134005,101.707084,7,55c38deb-aae3-44c5-bfac-0bb919effec4,Wilayah Persekutuan Kuala Lumpur,137,WP Kuala Lumpur,2,Swasta,1,Berfungsi,0,images/img_pili/20170814112630147.jpg,1,Pillar Hydrant,120,Bukit Bintang,2016-08-17T08:00:00+08:00,0,KUALA LUMPUR_JLN HANG TUAH_ZON A_WANI_20052015,45,KUALA LMPUR (WP),08d3c005-65d8-4c9b-b86d-53759fd3dff4
314056,3ed7504e-3723-4cc0-b7d6-9a073b5202b0,e795beb3-2cda-4ac4-b79d-7953221f1fb6,166,JHT,A,045,JHT-A-045,Depan Kedai Hui Hup Hardware Jalan Loke Yew,Depan Kedai Hui Hup Hardware Jalan Loke Yew,1,Hadapan,KUALA LUMPUR,3.133194,101.707613,7,55c38deb-aae3-44c5-bfac-0bb919effec4,Wilayah Persekutuan Kuala Lumpur,137,WP Kuala Lumpur,1,Awam,1,Berfungsi,252.96,,1,Pillar Hydrant,120,Bukit Bintang,0000-00-00,0,KUALA LUMPUR_JLN HANG TUAH_ZON A_WANI_20052015,11,KUALALUMPUR (WP),e020035c-e1d1-481d-b224-6475deb88d49
314057,75d73707-ce9a-435e-a48f-250216f04da3,e795beb3-2cda-4ac4-b79d-7953221f1fb6,166,JHT,A,046,JHT-A-046,Depan Kedai No 29-8C Jalan Loke Yew,Depan Kedai No 29-8C Jalan Loke Yew,1,Hadapan,KUALA LUMPUR,3.132965,101.70781,7,55c38deb-aae3-44c5-bfac-0bb919effec4,Wilayah Persekutuan Kuala Lumpur,137,WP Kuala Lumpur,1,Awam,1,Berfungsi,158.995,images/img_pili/20170814112916869.jpg,1,Pillar Hydrant,120,Bukit Bintang,0000-00-00,0,KUALA LUMPUR_JLN HANG TUAH_ZON A_WANI_20052015,89,KUALA  LUMPUR (WP),53aa1806-b81f-4985-8066-6a9cf92f1446
314058,e17a89bd-a6c1-4c64-9937-8a7e84c77010,e795beb3-2cda-4ac4-b79d-7953221f1fb6,166,JHT,A,047,JHT-A-047,Belakang Bangunan Penjara Pudu,Belakang Bangunan Penjara Pudu,2,Belakang,KUALA LUMPUR,3.141302,101.708376,7,55c38deb-aae3-44c5-bfac-0bb919effec4,Wilayah Persekutuan Kuala Lumpur,137,WP Kuala Lumpur,1,Awam,4,Hilang,,,2,Ground Hydrant,120,Bukit Bintang,0000-00-00,0,KUALA LUMPUR_JLN HANG TUAH_ZON A_WANI_20052015,45,KUALA LMPUR (WP),08d3c005-65d8-4c9b-b86d-53759fd3dff4
314059,4245f80a-4657-495c-9709-059fba29b85c,e795beb3-2cda-4ac4-b79d-7953221f1fb6,166,JHT,A,048,JHT-A-048,Depan Bangunan Persatuan Tabib Cina Jalan Pudu,Depan Bangunan Persatuan Tabib Cina Jalan Pudu,1,Hadapan,KUALA LUMPUR,3.141329,101.70893,7,55c38deb-aae3-44c5-bfac-0bb919effec4,Wilayah Persekutuan Kuala Lumpur,137,WP Kuala Lumpur,1,Awam,2,Tidak Berfungsi,0,,2,Ground Hydrant,120,Bukit Bintang,0000-00-00,0,KUALA LUMPUR_JLN HANG TUAH_ZON A_WANI_20052015,45,KUALA LMPUR (WP),08d3c005-65d8-4c9b-b86d-53759fd3dff4
314060,e2dc21b6-d2d5-4ebe-9c6c-88aa23c42caf,e795beb3-2cda-4ac4-b79d-7953221f1fb6,166,JHT,A,049,JHT-A-049,Sebelah Sekolah Agama Aslahiyah Dekat Flat Sri Selangor,Sebelah Sekolah Agama Aslahiyah Dekat Flat Sri Selangor,3,Berhampiran,KUALA LUMPUR,1.135377,101.710054,7,55c38deb-aae3-44c5-bfac-0bb919effec4,Wilayah Persekutuan Kuala Lumpur,137,WP Kuala Lumpur,1,Awam,1,Berfungsi,39.7488,images/img_pili/20170814111547650.jpg,1,Pillar Hydrant,120,Bukit Bintang,0000-00-00,0,KUALA LUMPUR_JLN HANG TUAH_ZON A_WANI_20052015,89,KUALA  LUMPUR (WP),53aa1806-b81f-4985-8066-6a9cf92f1446
314061,19096f91-2550-46d0-97c3-859bd37b73cb,e795beb3-2cda-4ac4-b79d-7953221f1fb6,166,JHT,A,050,JHT-A-050,Belakang Sebelah Kanan Kenanga Wholesale City Jalan Gelugor,Belakang Sebelah Kanan Kenanga Wholesale City Jalan Gelugor,2,Belakang,KUALA LUMPUR,3.137023,101.70846,7,55c38deb-aae3-44c5-bfac-0bb919effec4,Wilayah Persekutuan Kuala Lumpur,137,WP Kuala Lumpur,2,Swasta,1,Berfungsi,158.995,images/img_pili/20170810153217203.jpg,1,Pillar Hydrant,120,Bukit Bintang,0000-00-00,0,KUALA LUMPUR_JLN HANG TUAH_ZON A_WANI_20052015,89,KUALA  LUMPUR (WP),53aa1806-b81f-4985-8066-6a9cf92f1446
314062,18d6ed76-a43b-4069-bef3-586b424baf64,e795beb3-2cda-4ac4-b79d-7953221f1fb6,166,JHT,A,051,JHT-A-051,Belakang Sebelah Kiri Kenanga Wholesale City Jalan Gelugor,Belakang Sebelah Kiri Kenanga Wholesale City Jalan Gelugor,2,Belakang,KUALA LUMPUR,1.136181,101.708738,7,55c38deb-aae3-44c5-bfac-0bb919effec4,Wilayah Persekutuan Kuala Lumpur,137,WP Kuala Lumpur,2,Swasta,1,Berfungsi,252.96,images/img_pili/20170810153357285.jpg,1,Pillar Hydrant,120,Bukit Bintang,0000-00-00,0,KUALA LUMPUR_JLN HANG TUAH_ZON A_WANI_20052015,89,KUALA  LUMPUR (WP),53aa1806-b81f-4985-8066-6a9cf92f1446
314063,89121d3e-19f6-45ab-b938-2a2ee3f6f370,e795beb3-2cda-4ac4-b79d-7953221f1fb6,166,JHT,A,052,JHT-A-052,Depan Marrybrown Kenanga Wholesale City Jalan Gelugor ,Depan Marrybrown Kenanga Wholesale City Jalan Gelugor,1,Hadapan,KUALA LUMPUR,3.136777,101.707785,7,55c38deb-aae3-44c5-bfac-0bb919effec4,Wilayah Persekutuan Kuala Lumpur,137,WP Kuala Lumpur,2,Swasta,1,Berfungsi,252.96,images/img_pili/20170810153512643.jpg,1,Pillar Hydrant,120,Bukit Bintang,0000-00-00,0,KUALA LUMPUR_JLN HANG TUAH_ZON A_WANI_20052015,45,KUALA LMPUR (WP),08d3c005-65d8-4c9b-b86d-53759fd3dff4
314064,3e1e1596-3cf8-447c-9fe6-3b64c0fda002,e795beb3-2cda-4ac4-b79d-7953221f1fb6,166,JHT,A,053,JHT-A-053,Dekat Pintu Masuk  CLC sebelah kanan Jalan Kenanga,Dekat Pintu Masuk  CLC sebelah kanan Jalan Kenanga,1,Hadapan,KUALA LUMPUR,3.137973,101.70543,7,55c38deb-aae3-44c5-bfac-0bb919effec4,Wilayah Persekutuan Kuala Lumpur,137,WP Kuala Lumpur,1,Awam,1,Berfungsi,252.96,images/img_pili/20170814105721174.jpg,1,Pillar Hydrant,120,Bukit Bintang,0000-00-00,0,KUALA LUMPUR_JLN HANG TUAH_ZON A_WANI_20052015,1,KUALA LUMPUR (WP),88beb013-6a67-4936-9afd-b84a072cb60f
314065,222c4ff5-754a-4bdc-8ff9-56ce27251b05,e795beb3-2cda-4ac4-b79d-7953221f1fb6,166,JHT,A,054,JHT-A-054,Depan Hotel Malaya Jalan Hang Lekir,Depan Hotel Malaya Jalan Hang Lekir,1,Hadapan,KUALA LUMPUR,3.144347,101.696922,7,55c38deb-aae3-44c5-bfac-0bb919effec4,Wilayah Persekutuan Kuala Lumpur,137,WP Kuala Lumpur,1,Awam,2,Tidak Berfungsi,0,,1,Pillar Hydrant,120,Bukit Bintang,0000-00-00,0,KUALA LUMPUR_JLN HANG TUAH_ZON A_WANI_20052015,89,KUALA  LUMPUR (WP),53aa1806-b81f-4985-8066-6a9cf92f1446
314066,553a2999-f7b7-439e-b415-262cb21459c5,e795beb3-2cda-4ac4-b79d-7953221f1fb6,166,JHT,A,055,JHT-A-055,Depan Kedai pakaian Faghira Lorong Meranti 3 off Jalan Kenanga,Depan Kedai pakaian Faghira Lorong Meranti 3 off Jalan Kenanga,1,Hadapan,KUALA LUMPUR,3.138919,101.707074,7,55c38deb-aae3-44c5-bfac-0bb919effec4,Wilayah Persekutuan Kuala Lumpur,137,WP Kuala Lumpur,1,Awam,1,Berfungsi,252.96,images/img_pili/20170810150935920.jpg,1,Pillar Hydrant,120,Bukit Bintang,0000-00-00,0,KUALA LUMPUR_JLN HANG TUAH_ZON A_WANI_20052015,45,KUALA LMPUR (WP),08d3c005-65d8-4c9b-b86d-53759fd3dff4
314067,e6841410-a2de-4c6b-95e4-d127453e535f,e795beb3-2cda-4ac4-b79d-7953221f1fb6,166,JHT,A,056,JHT-A-056,Depan Kedai No 17 Pakaian E2E Lorong Meranti 1 Off Jalan Kenanga,Depan Kedai No 17 Pakaian E2E Lorong Meranti 1 Off Jalan Kenanga,1,Hadapan,KUALA LUMPUR,3.137602,101.706747,7,55c38deb-aae3-44c5-bfac-0bb919effec4,Wilayah Persekutuan Kuala Lumpur,137,WP Kuala Lumpur,1,Awam,1,Berfungsi,252.96,,1,Pillar Hydrant,120,Bukit Bintang,0000-00-00,0,KUALA LUMPUR_JLN HANG TUAH_ZON A_WANI_20052015,89,KUALA  LUMPUR (WP),53aa1806-b81f-4985-8066-6a9cf92f1446
314068,cd714ed9-430a-47f6-910d-88b5e94cccc2,e795beb3-2cda-4ac4-b79d-7953221f1fb6,166,JHT,A,057,JHT-A-057,Depan Kedai No 11  Pakaian Eliana Lorong Meranti 2 Off Jalan Kenanga,Depan Kedai No 11  Pakaian Eliana Lorong Meranti 2 Off Jalan Kenanga,1,Hadapan,KUALA LUMPUR,3.133164,101.708284,7,55c38deb-aae3-44c5-bfac-0bb919effec4,Wilayah Persekutuan Kuala Lumpur,137,WP Kuala Lumpur,1,Awam,1,Berfungsi,252.96,images/img_pili/20170811151111226.jpg,1,Pillar Hydrant,120,Bukit Bintang,0000-00-00,0,KUALA LUMPUR_JLN HANG TUAH_ZON A_WANI_20052015,45,KUALA LMPUR (WP),08d3c005-65d8-4c9b-b86d-53759fd3dff4
471634,11a56775-b3ac-476d-a363-d5b4d39035ee,e795beb3-2cda-4ac4-b79d-7953221f1fb6,166,JHT,A,058,JHT-A-058,JLN BKT BINTANG UJI CUBA SPPB,JLN BKT BINTANG UJI CUBA SPPB,1,Hadapan,,90.123456,180.123456,7,55c38deb-aae3-44c5-bfac-0bb919effec4,Wilayah Persekutuan Kuala Lumpur,137,WP Kuala Lumpur,1,Awam,1,Berfungsi,252.96,images/img_pili/20161206100852736.,1,Pillar Hydrant,120,Bukit Bintang,0000-00-00,0,,11,KUALALUMPUR (WP),e020035c-e1d1-481d-b224-6475deb88d49
314075,ba63ee63-9732-4172-8569-9176e2cfc584,e795beb3-2cda-4ac4-b79d-7953221f1fb6,166,JHT,B,001,JHT-B-001,Depan Pintu Masuk Hotel Swiss Garden Jalan Pudu,Depan Pintu Masuk Hotel Swiss Garden Jalan Pudu,3,Berhampiran,KUALA LUMPUR,3.144221,101.705908,7,55c38deb-aae3-44c5-bfac-0bb919effec4,Wilayah Persekutuan Kuala Lumpur,137,WP Kuala Lumpur,2,Swasta,1,Berfungsi,158.995,images/img_pili/20170921094545909.jpg,1,Pillar Hydrant,120,Bukit Bintang,0000-00-00,0,KUALA LUMPUR_JLN HANG TUAH_ZON B_WANI_20052015,45,KUALA LMPUR (WP),08d3c005-65d8-4c9b-b86d-53759fd3dff4
314076,1d6d8b92-926e-49e6-882a-b103aafad888,e795beb3-2cda-4ac4-b79d-7953221f1fb6,166,JHT,B,002,JHT-B-002,Sebelah Kanan Bangunan AmBank Jalan Pudu,Sebelah Kanan Bangunan AmBank Jalan Pudu,1,Hadapan,KUALA LUMPUR,3.144427,101.705509,7,55c38deb-aae3-44c5-bfac-0bb919effec4,Wilayah Persekutuan Kuala Lumpur,137,WP Kuala Lumpur,2,Swasta,1,Berfungsi,158.995,images/img_pili/20170921094651245.jpg,1,Pillar Hydrant,120,Bukit Bintang,0000-00-00,0,KUALA LUMPUR_JLN HANG TUAH_ZON B_WANI_20052015,89,KUALA  LUMPUR (WP),53aa1806-b81f-4985-8066-6a9cf92f1446
314077,2a501a8e-e44d-4c7d-9c17-34651d91fe4e,e795beb3-2cda-4ac4-b79d-7953221f1fb6,166,JHT,B,003,JHT-B-003,Belakang Sebelah Kiri Bangunan Swiss Garden Hotel Parking Kereta,Belakang Sebelah Kiri Bangunan Swiss Garden Hotel Parking Kereta,2,Belakang,KUALA LUMPUR,3.144036,101.705511,7,55c38deb-aae3-44c5-bfac-0bb919effec4,Wilayah Persekutuan Kuala Lumpur,137,WP Kuala Lumpur,2,Swasta,1,Berfungsi,158.995,images/img_pili/20170921094801519.jpg,1,Pillar Hydrant,120,Bukit Bintang,0000-00-00,0,KUALA LUMPUR_JLN HANG TUAH_ZON B_WANI_20052015,45,KUALA LMPUR (WP),08d3c005-65d8-4c9b-b86d-53759fd3dff4
314078,1a173a08-a60d-4504-9f80-bef6bf80f618,e795beb3-2cda-4ac4-b79d-7953221f1fb6,166,JHT,B,004,JHT-B-004,Belakang Bangunan Swiss Garden Hotel Parking Kereta,Belakang Bangunan Swiss Garden Hotel Parking Kereta,2,Belakang,KUALA LUMPUR,3.144157,101.70535,7,55c38deb-aae3-44c5-bfac-0bb919effec4,Wilayah Persekutuan Kuala Lumpur,137,WP Kuala Lumpur,2,Swasta,1,Berfungsi,158.995,images/img_pili/2017092109484791.jpg,1,Pillar Hydrant,120,Bukit Bintang,0000-00-00,0,KUALA LUMPUR_JLN HANG TUAH_ZON B_WANI_20052015,89,KUALA  LUMPUR (WP),53aa1806-b81f-4985-8066-6a9cf92f1446
314079,af552b04-75a5-4236-aa5b-5e015403e024,e795beb3-2cda-4ac4-b79d-7953221f1fb6,166,JHT,B,005,JHT-B-005,Atas Bukit Kawasan IPK Polis  Jalan Galloway Off Jalan Pudu,Atas Bukit Kawasan IPK Polis  Jalan Galloway Off Jalan Pudu,3,Berhampiran,KUALA LUMPUR,3.143552,101.706265,7,55c38deb-aae3-44c5-bfac-0bb919effec4,Wilayah Persekutuan Kuala Lumpur,137,WP Kuala Lumpur,2,Swasta,4,Hilang,,,1,Pillar Hydrant,120,Bukit Bintang,0000-00-00,0,KUALA LUMPUR_JLN HANG TUAH_ZON B_WANI_20052015,1,KUALA LUMPUR (WP),88beb013-6a67-4936-9afd-b84a072cb60f
314080,e1d76acd-6159-4e85-b6d6-e3b24c5fdd18,e795beb3-2cda-4ac4-b79d-7953221f1fb6,166,JHT,B,006,JHT-B-006,Depan Hotel Swiss Rengenses Jalan Galloway Off Jalan Pudu,Depan Hotel Swiss Rengenses Jalan Galloway Off Jalan Pudu,1,Hadapan,KUALA LUMPUR,3.14396,101.705557,7,55c38deb-aae3-44c5-bfac-0bb919effec4,Wilayah Persekutuan Kuala Lumpur,137,WP Kuala Lumpur,2,Swasta,1,Berfungsi,252.96,images/img_pili/20170921095015192.jpg,1,Pillar Hydrant,120,Bukit Bintang,0000-00-00,0,KUALA LUMPUR_JLN HANG TUAH_ZON B_WANI_20052015,1,KUALA LUMPUR (WP),88beb013-6a67-4936-9afd-b84a072cb60f
314081,9f5a1e63-253e-4b23-8b2d-926abf1eaa0f,e795beb3-2cda-4ac4-b79d-7953221f1fb6,166,JHT,B,007,JHT-B-007,Depan Kondo Casa Mutiara Jln Isap Galloway,Depan Kondo Casa Mutiara Jln Isap Galloway,1,Hadapan,KUALA LUMPUR,3.142606,101.703815,7,55c38deb-aae3-44c5-bfac-0bb919effec4,Wilayah Persekutuan Kuala Lumpur,137,WP Kuala Lumpur,1,Awam,1,Berfungsi,252.96,images/img_pili/20170921095112665.jpg,2,Ground Hydrant,120,Bukit Bintang,0000-00-00,0,KUALA LUMPUR_JLN HANG TUAH_ZON B_WANI_20052015,89,KUALA  LUMPUR (WP),53aa1806-b81f-4985-8066-6a9cf92f1446
314082,6b24d736-36ae-4cca-b183-36c54cd427d1,e795beb3-2cda-4ac4-b79d-7953221f1fb6,166,JHT,B,008,JHT-B-008,Kiri depan Vistana Corner Jalan Sin Chew Kee Off Jalan Galloway,Kiri depan Vistana Corner Jalan Sin Chew Kee Off Jalan Galloway,1,Hadapan,KUALA LUMPUR,3.142611,101.704464,7,55c38deb-aae3-44c5-bfac-0bb919effec4,Wilayah Persekutuan Kuala Lumpur,137,WP Kuala Lumpur,1,Awam,1,Berfungsi,252.96,images/img_pili/20170921095154903.jpg,1,Pillar Hydrant,120,Bukit Bintang,0000-00-00,0,KUALA LUMPUR_JLN HANG TUAH_ZON B_WANI_20052015,89,KUALA  LUMPUR (WP),53aa1806-b81f-4985-8066-6a9cf92f1446
314083,c2ca3ef0-a5eb-419a-bc7e-6cef4d579e74,e795beb3-2cda-4ac4-b79d-7953221f1fb6,166,JHT,B,009,JHT-B-009,Kanan Depan Flat Baru Jalan Sin Chew Kee Off Jalan Galloway,Kanan Depan Flat Baru Jalan Sin Chew Kee Off Jalan Galloway,1,Hadapan,KUALA LUMPUR,3.142729,101.704534,7,55c38deb-aae3-44c5-bfac-0bb919effec4,Wilayah Persekutuan Kuala Lumpur,137,WP Kuala Lumpur,1,Awam,2,Tidak Berfungsi,0,images/img_pili/20170921095242266.jpg,2,Ground Hydrant,120,Bukit Bintang,0000-00-00,0,KUALA LUMPUR_JLN HANG TUAH_ZON B_WANI_20052015,89,KUALA  LUMPUR (WP),53aa1806-b81f-4985-8066-6a9cf92f1446
314084,515fe27e-a542-469b-b8e7-54783b5ddfd0,e795beb3-2cda-4ac4-b79d-7953221f1fb6,166,JHT,B,010,JHT-B-010,Depan Rumah No 20 Jalan Sin Chew Kee Off Jalan Galloway,Depan Rumah No 20 Jalan Sin Chew Kee Off Jalan Galloway,1,Hadapan,KUALA LUMPUR,3.142828,101.704496,7,55c38deb-aae3-44c5-bfac-0bb919effec4,Wilayah Persekutuan Kuala Lumpur,137,WP Kuala Lumpur,1,Awam,1,Berfungsi,252.96,images/img_pili/201709210953317.jpg,1,Pillar Hydrant,120,Bukit Bintang,0000-00-00,0,KUALA LUMPUR_JLN HANG TUAH_ZON B_WANI_20052015,89,KUALA  LUMPUR (WP),53aa1806-b81f-4985-8066-6a9cf92f1446
314085,d87dbb24-2f16-4ba3-b590-25dc2899cbef,e795beb3-2cda-4ac4-b79d-7953221f1fb6,166,JHT,B,011,JHT-B-011,Antara Rumah No 1& 2 Jalan Sin Chew Kee off Jalan Galloway,Antara Rumah No 1& 2 Jalan Sin Chew Kee off Jalan Galloway,1,Hadapan,KUALA LUMPUR,3.143592,101.704971,7,55c38deb-aae3-44c5-bfac-0bb919effec4,Wilayah Persekutuan Kuala Lumpur,137,WP Kuala Lumpur,1,Awam,1,Berfungsi,252.96,images/img_pili/20170921095410102.jpg,2,Ground Hydrant,120,Bukit Bintang,0000-00-00,0,KUALA LUMPUR_JLN HANG TUAH_ZON B_WANI_20052015,89,KUALA  LUMPUR (WP),53aa1806-b81f-4985-8066-6a9cf92f1446
314086,3fabe577-a9dd-4f24-b26f-f5faa0537bec,e795beb3-2cda-4ac4-b79d-7953221f1fb6,166,JHT,B,012,JHT-B-012,Kawasan Sek.Men. Stella Maris Dekat Pintu Masuk,Kawasan Sek.Men. Stella Maris Dekat Pintu Masuk,4,Tepi,KUALA LUMPUR,3.14413,101.703925,7,55c38deb-aae3-44c5-bfac-0bb919effec4,Wilayah Persekutuan Kuala Lumpur,137,WP Kuala Lumpur,2,Swasta,1,Berfungsi,252.96,images/img_pili/20170921095454197.jpg,1,Pillar Hydrant,120,Bukit Bintang,0000-00-00,0,KUALA LUMPUR_JLN HANG TUAH_ZON B_WANI_20052015,89,KUALA  LUMPUR (WP),53aa1806-b81f-4985-8066-6a9cf92f1446
314087,cf07d76c-766f-4f7d-ab9e-6554abd10802,e795beb3-2cda-4ac4-b79d-7953221f1fb6,166,JHT,B,013,JHT-B-013,Dalam Kawasan Sek.Men.Stella Maris,Dalam Kawasan Sek.Men.Stella Maris,1,Hadapan,KUALA LUMPUR,3.143718,101.703413,7,55c38deb-aae3-44c5-bfac-0bb919effec4,Wilayah Persekutuan Kuala Lumpur,137,WP Kuala Lumpur,2,Swasta,1,Berfungsi,252.96,images/img_pili/20170921095546123.jpg,1,Pillar Hydrant,120,Bukit Bintang,0000-00-00,0,KUALA LUMPUR_JLN HANG TUAH_ZON B_WANI_20052015,89,KUALA  LUMPUR (WP),53aa1806-b81f-4985-8066-6a9cf92f1446
314088,b6a15a0b-b447-46be-84c3-7c62ca0b6349,e795beb3-2cda-4ac4-b79d-7953221f1fb6,166,JHT,B,014,JHT-B-014,Belakang Gereja Sek.Men.Stella Maris Jalan Roberson Off Jalan Pudu,Belakang Gereja Sek.Men.Stella Maris Jalan Roberson Off Jalan Pudu,2,Belakang,KUALA LUMPUR,3.143206,101.703533,7,55c38deb-aae3-44c5-bfac-0bb919effec4,Wilayah Persekutuan Kuala Lumpur,137,WP Kuala Lumpur,2,Swasta,1,Berfungsi,158.995,images/img_pili/20170921095650495.jpg,1,Pillar Hydrant,120,Bukit Bintang,0000-00-00,0,KUALA LUMPUR_JLN HANG TUAH_ZON B_WANI_20052015,89,KUALA  LUMPUR (WP),53aa1806-b81f-4985-8066-6a9cf92f1446
314089,d152f490-3dea-4c3f-a55c-87b4190da4a2,e795beb3-2cda-4ac4-b79d-7953221f1fb6,166,JHT,B,015,JHT-B-015,Dekat Parking Kereta Tapak SHELL Lama Jalan Pudu,Dekat Parking Kereta Tapak SHELL Lama Jalan Pudu,4,Tepi,KUALA LUMPUR,3.145525,101.703386,7,55c38deb-aae3-44c5-bfac-0bb919effec4,Wilayah Persekutuan Kuala Lumpur,137,WP Kuala Lumpur,1,Awam,2,Tidak Berfungsi,0,,1,Pillar Hydrant,120,Bukit Bintang,0000-00-00,0,KUALA LUMPUR_JLN HANG TUAH_ZON B_WANI_20052015,89,KUALA  LUMPUR (WP),53aa1806-b81f-4985-8066-6a9cf92f1446
314090,14e647ce-9125-41cb-9c20-5bac3ab1d4f6,e795beb3-2cda-4ac4-b79d-7953221f1fb6,166,JHT,B,016,JHT-B-016,Dekat Parking Motor IPK Jalan Hang Tuah,Dekat Parking Motor IPK Jalan Hang Tuah,4,Tepi,KUALA LUMPUR,3.142431,101.705917,7,55c38deb-aae3-44c5-bfac-0bb919effec4,Wilayah Persekutuan Kuala Lumpur,137,WP Kuala Lumpur,2,Swasta,2,Tidak Berfungsi,0,,1,Pillar Hydrant,120,Bukit Bintang,0000-00-00,0,KUALA LUMPUR_JLN HANG TUAH_ZON B_WANI_20052015,1,KUALA LUMPUR (WP),88beb013-6a67-4936-9afd-b84a072cb60f
314091,44cabe0a-f9f4-4387-9d1e-4d866bc368af,e795beb3-2cda-4ac4-b79d-7953221f1fb6,166,JHT,B,017,JHT-B-017,Depan Tangki Air Bangunan IPK Jalan Hang Tuah,Depan Tangki Air Bangunan IPK Jalan Hang Tuah,1,Hadapan,KUALA LUMPUR,3.142912,101.707345,7,55c38deb-aae3-44c5-bfac-0bb919effec4,Wilayah Persekutuan Kuala Lumpur,137,WP Kuala Lumpur,2,Swasta,1,Berfungsi,39.7488,,1,Pillar Hydrant,120,Bukit Bintang,0000-00-00,0,KUALA LUMPUR_JLN HANG TUAH_ZON B_WANI_20052015,1,KUALA LUMPUR (WP),88beb013-6a67-4936-9afd-b84a072cb60f
314092,038fc9f3-542d-400b-b863-391252406f94,e795beb3-2cda-4ac4-b79d-7953221f1fb6,166,JHT,B,018,JHT-B-018,Depan Pintu Masuk IPK Jalan Hang Tuah,Depan Pintu Masuk IPK Jalan Hang Tuah,1,Hadapan,KUALA LUMPUR,3.142109,101.706099,7,55c38deb-aae3-44c5-bfac-0bb919effec4,Wilayah Persekutuan Kuala Lumpur,137,WP Kuala Lumpur,2,Swasta,1,Berfungsi,252.96,,1,Pillar Hydrant,120,Bukit Bintang,0000-00-00,0,KUALA LUMPUR_JLN HANG TUAH_ZON B_WANI_20052015,1,KUALA LUMPUR (WP),88beb013-6a67-4936-9afd-b84a072cb60f
314093,ec877c64-9c5d-4413-8e35-20025f473f32,e795beb3-2cda-4ac4-b79d-7953221f1fb6,166,JHT,B,019,JHT-B-019,Belakang Pondok Pengawal IPK Jalan Hang Tuah,Belakang Pondok Pengawal IPK Jalan Hang Tuah,2,Belakang,KUALA LUMPUR,3.141766,101.706367,7,55c38deb-aae3-44c5-bfac-0bb919effec4,Wilayah Persekutuan Kuala Lumpur,137,WP Kuala Lumpur,2,Swasta,1,Berfungsi,252.96,,1,Pillar Hydrant,120,Bukit Bintang,0000-00-00,0,KUALA LUMPUR_JLN HANG TUAH_ZON B_WANI_20052015,1,KUALA LUMPUR (WP),88beb013-6a67-4936-9afd-b84a072cb60f
314094,7350447a-9457-477b-a01a-b580e1eb9089,e795beb3-2cda-4ac4-b79d-7953221f1fb6,166,JHT,B,020,JHT-B-020,Sebelah Kanan Depan Tangga Stesen Monorail Jalan Hang Tuah,Sebelah Kanan Depan Tangga Stesen Monorail Jalan Hang Tuah,3,Berhampiran,KUALA LUMPUR,3.141007,101.706216,7,55c38deb-aae3-44c5-bfac-0bb919effec4,Wilayah Persekutuan Kuala Lumpur,137,WP Kuala Lumpur,1,Awam,1,Berfungsi,252.96,,1,Pillar Hydrant,120,Bukit Bintang,0000-00-00,0,KUALA LUMPUR_JLN HANG TUAH_ZON B_WANI_20052015,89,KUALA  LUMPUR (WP),53aa1806-b81f-4985-8066-6a9cf92f1446
314095,c9ef6ec9-e726-4772-82d3-8955b3c83153,e795beb3-2cda-4ac4-b79d-7953221f1fb6,166,JHT,B,021,JHT-B-021,Depan Pencawang TNB Jalan Hang Jebat,Depan Pencawang TNB Jalan Hang Jebat,1,Hadapan,KUALA LUMPUR,3.141269,101.704074,7,55c38deb-aae3-44c5-bfac-0bb919effec4,Wilayah Persekutuan Kuala Lumpur,137,WP Kuala Lumpur,2,Swasta,2,Tidak Berfungsi,0,,1,Pillar Hydrant,120,Bukit Bintang,0000-00-00,0,KUALA LUMPUR_JLN HANG TUAH_ZON B_WANI_20052015,89,KUALA  LUMPUR (WP),53aa1806-b81f-4985-8066-6a9cf92f1446
314096,37eb0087-61a4-4d4f-933d-e6be5b6610fb,e795beb3-2cda-4ac4-b79d-7953221f1fb6,166,JHT,B,022,JHT-B-022,Tepi pagar kuarters kerajaan Sekolah Jalan Hang Jebat,Tepi pagar kuarters kerajaan Sekolah Jalan Hang Jebat,3,Berhampiran,KUALA LUMPUR,3.14046,101.704683,7,55c38deb-aae3-44c5-bfac-0bb919effec4,Wilayah Persekutuan Kuala Lumpur,137,WP Kuala Lumpur,1,Awam,1,Berfungsi,252.96,,1,Pillar Hydrant,120,Bukit Bintang,0000-00-00,0,KUALA LUMPUR_JLN HANG TUAH_ZON B_WANI_20052015,89,KUALA  LUMPUR (WP),53aa1806-b81f-4985-8066-6a9cf92f1446
314097,c5d2b204-56f5-418d-80b6-e66c78ef8dbd,e795beb3-2cda-4ac4-b79d-7953221f1fb6,166,JHT,B,023,JHT-B-023,Depan Kedai Makan Stadium Negara Jalan Stadium,Depan Kedai Makan Stadium Negara Jalan Stadium,3,Berhampiran,KUALA LUMPUR,3.139459,101.700083,7,55c38deb-aae3-44c5-bfac-0bb919effec4,Wilayah Persekutuan Kuala Lumpur,137,WP Kuala Lumpur,1,Awam,4,Hilang,0,,2,Ground Hydrant,120,Bukit Bintang,0000-00-00,0,KUALA LUMPUR_JLN HANG TUAH_ZON B_WANI_20052015,1,KUALA LUMPUR (WP),88beb013-6a67-4936-9afd-b84a072cb60f
314098,9d25ceee-0f2b-42e4-a272-ac6fbd12f9e2,e795beb3-2cda-4ac4-b79d-7953221f1fb6,166,JHT,B,024,JHT-B-024,Depan Stadium Jalan Stadium,Depan Stadium Jalan Stadium,3,Berhampiran,KUALA LUMPUR,3.140885,101.703416,7,55c38deb-aae3-44c5-bfac-0bb919effec4,Wilayah Persekutuan Kuala Lumpur,137,WP Kuala Lumpur,1,Awam,2,Tidak Berfungsi,0,,1,Pillar Hydrant,120,Bukit Bintang,0000-00-00,0,KUALA LUMPUR_JLN HANG TUAH_ZON B_WANI_20052015,1,KUALA LUMPUR (WP),88beb013-6a67-4936-9afd-b84a072cb60f
314099,cb8dbcd8-9f79-41b3-80ed-166f9b0b6c86,e795beb3-2cda-4ac4-b79d-7953221f1fb6,166,JHT,B,025,JHT-B-025,Depan Dewan Kuliah Victoria Institution Jalan Stadium,Depan Dewan Kuliah Victoria Institution Jalan Stadium,1,Hadapan,KUALA LUMPUR,3.138998,101.702612,7,55c38deb-aae3-44c5-bfac-0bb919effec4,Wilayah Persekutuan Kuala Lumpur,137,WP Kuala Lumpur,2,Swasta,1,Berfungsi,252.96,,2,Ground Hydrant,120,Bukit Bintang,0000-00-00,0,KUALA LUMPUR_JLN HANG TUAH_ZON B_WANI_20052015,89,KUALA  LUMPUR (WP),53aa1806-b81f-4985-8066-6a9cf92f1446
314100,57c06f67-ab8c-48ae-833f-2f1b14bccae7,e795beb3-2cda-4ac4-b79d-7953221f1fb6,166,JHT,B,026,JHT-B-026,Depan Balai Polis Dearah Dang Wangi Jalan Stadium,Depan Balai Polis Dearah Dang Wangi Jalan Stadium,4,Tepi,KUALA LUMPUR,3.140318,101.69982,7,55c38deb-aae3-44c5-bfac-0bb919effec4,Wilayah Persekutuan Kuala Lumpur,137,WP Kuala Lumpur,1,Awam,2,Tidak Berfungsi,0,,1,Pillar Hydrant,120,Bukit Bintang,0000-00-00,0,KUALA LUMPUR_JLN HANG TUAH_ZON B_WANI_20052015,45,KUALA LMPUR (WP),08d3c005-65d8-4c9b-b86d-53759fd3dff4
314101,01a6399f-6c5a-4f77-ace3-abfea9a8d25b,e795beb3-2cda-4ac4-b79d-7953221f1fb6,166,JHT,B,027,JHT-B-027,Depan Kedai Ubat Ban Heng Jalan Tun H.S.Lee,Depan Kedai Ubat Ban Heng Jalan Tun H.S.Lee,1,Hadapan,KUALA LUMPUR,3.145,101.696679,7,55c38deb-aae3-44c5-bfac-0bb919effec4,Wilayah Persekutuan Kuala Lumpur,137,WP Kuala Lumpur,1,Awam,1,Berfungsi,0,,2,Ground Hydrant,120,Bukit Bintang,0000-00-00,0,KUALA LUMPUR_JLN HANG TUAH_ZON B_WANI_20052015,45,KUALA LMPUR (WP),08d3c005-65d8-4c9b-b86d-53759fd3dff4
314102,fc3a3be2-9deb-41a5-82c7-ddfe3633d187,e795beb3-2cda-4ac4-b79d-7953221f1fb6,166,JHT,B,028,JHT-B-028,Depan Kedai Ubat Ban Heng Jalan Tun H.S.Lee,Depan Kedai Ubat Ban Heng Jalan Tun H.S.Lee,1,Hadapan,KUALA LUMPUR,3.144226,101.696676,7,55c38deb-aae3-44c5-bfac-0bb919effec4,Wilayah Persekutuan Kuala Lumpur,137,WP Kuala Lumpur,1,Awam,4,Hilang,,,2,Ground Hydrant,120,Bukit Bintang,0000-00-00,0,KUALA LUMPUR_JLN HANG TUAH_ZON B_WANI_20052015,45,KUALA LMPUR (WP),08d3c005-65d8-4c9b-b86d-53759fd3dff4
314103,2b67cdd2-4ae7-4543-8e04-397cffb9092c,e795beb3-2cda-4ac4-b79d-7953221f1fb6,166,JHT,B,029,JHT-B-029,Hadapan Kedai Barang-Barang Kemas Tiruan,Hadapan Kedai Barang-Barang Kemas Tiruan,1,Hadapan,KUALA LUMPUR,3.143278,101.696628,7,55c38deb-aae3-44c5-bfac-0bb919effec4,Wilayah Persekutuan Kuala Lumpur,137,WP Kuala Lumpur,1,Awam,4,Hilang,,,2,Ground Hydrant,120,Bukit Bintang,0000-00-00,0,KUALA LUMPUR_JLN HANG TUAH_ZON B_WANI_20052015,45,KUALA LMPUR (WP),08d3c005-65d8-4c9b-b86d-53759fd3dff4
314104,6fa6f051-1650-435c-bfa5-7eb40780f263,e795beb3-2cda-4ac4-b79d-7953221f1fb6,166,JHT,B,030,JHT-B-030,Hadapan Balai Polis Traffic Tun H.S.Lee,Hadapan Balai Polis Traffic Tun H.S.Lee,1,Hadapan,KUALA LUMPUR,3.141416,101.696234,7,55c38deb-aae3-44c5-bfac-0bb919effec4,Wilayah Persekutuan Kuala Lumpur,137,WP Kuala Lumpur,1,Awam,2,Tidak Berfungsi,0,,2,Ground Hydrant,120,Bukit Bintang,0000-00-00,0,KUALA LUMPUR_JLN HANG TUAH_ZON B_WANI_20052015,45,KUALA LMPUR (WP),08d3c005-65d8-4c9b-b86d-53759fd3dff4
314105,d4c8c1f5-b901-47a8-be83-940b51682d39,e795beb3-2cda-4ac4-b79d-7953221f1fb6,166,JHT,B,031,JHT-B-031,Persimpangan Jalan Petaling / Jalan Sultan,Persimpangan Jalan Petaling / Jalan Sultan,3,Berhampiran,KUALA LUMPUR,3.14245,101.697826,7,55c38deb-aae3-44c5-bfac-0bb919effec4,Wilayah Persekutuan Kuala Lumpur,137,WP Kuala Lumpur,1,Awam,2,Tidak Berfungsi,0,,1,Pillar Hydrant,120,Bukit Bintang,0000-00-00,0,KUALA LUMPUR_JLN HANG TUAH_ZON B_WANI_20052015,89,KUALA  LUMPUR (WP),53aa1806-b81f-4985-8066-6a9cf92f1446
314106,ff8cd627-6e9e-493b-b5d6-6e94d9998fe2,e795beb3-2cda-4ac4-b79d-7953221f1fb6,166,JHT,B,032,JHT-B-032,Persimpangan Jalan Hang Jebat dan Jalan Sultan  ,Hadapan Restoran West Lake Jalan Sultan,1,Hadapan,KUALA LUMPUR,3.142832,101.69862,7,55c38deb-aae3-44c5-bfac-0bb919effec4,Wilayah Persekutuan Kuala Lumpur,137,WP Kuala Lumpur,1,Awam,2,Tidak Berfungsi,0,,1,Pillar Hydrant,120,Bukit Bintang,0000-00-00,0,KUALA LUMPUR_JLN HANG TUAH_ZON B_WANI_20052015,89,KUALA  LUMPUR (WP),53aa1806-b81f-4985-8066-6a9cf92f1446
314107,a1126aa5-f3ce-423c-8aa9-d79b82f3c9cc,e795beb3-2cda-4ac4-b79d-7953221f1fb6,166,JHT,B,033,JHT-B-033,Hadapan Bangunan UDA Oceon Jalan Tun H.S.Lee,Hadapan Bangunan UDA Oceon Jalan Tun H.S.Lee,1,Hadapan,KUALA LUMPUR,3.142589,101.696528,7,55c38deb-aae3-44c5-bfac-0bb919effec4,Wilayah Persekutuan Kuala Lumpur,137,WP Kuala Lumpur,1,Awam,4,Hilang,,,2,Ground Hydrant,120,Bukit Bintang,0000-00-00,0,KUALA LUMPUR_JLN HANG TUAH_ZON B_WANI_20052015,90,KUALU LUMPUR (WP),b4ee9692-5c33-4881-b53e-4b4e2dfd1147
314108,63a54a88-2a1a-4fe6-995e-5a436406560d,e795beb3-2cda-4ac4-b79d-7953221f1fb6,166,JHT,B,034,JHT-B-034,Jalan Masuk Parking  UDA Oceon Jalan Tun H.S.Lee,Jalan Masuk Parking  UDA Oceon Jalan Tun H.S.Lee,2,Belakang,KUALA LUMPUR,3.14227,101.696434,7,55c38deb-aae3-44c5-bfac-0bb919effec4,Wilayah Persekutuan Kuala Lumpur,137,WP Kuala Lumpur,1,Awam,2,Tidak Berfungsi,0,,1,Pillar Hydrant,120,Bukit Bintang,0000-00-00,0,KUALA LUMPUR_JLN HANG TUAH_ZON B_WANI_20052015,90,KUALU LUMPUR (WP),b4ee9692-5c33-4881-b53e-4b4e2dfd1147
314109,25032b8e-9a4c-4bab-b230-33d286854830,e795beb3-2cda-4ac4-b79d-7953221f1fb6,166,JHT,B,035,JHT-B-035,Jalan Keluar Parking Kereta UDA Ocean,Jalan Keluar Parking Kereta UDA Ocean,2,Belakang,KUALA LUMPUR,3.142195,101.697019,7,55c38deb-aae3-44c5-bfac-0bb919effec4,Wilayah Persekutuan Kuala Lumpur,137,WP Kuala Lumpur,1,Awam,2,Tidak Berfungsi,0,,1,Pillar Hydrant,120,Bukit Bintang,0000-00-00,0,KUALA LUMPUR_JLN HANG TUAH_ZON B_WANI_20052015,89,KUALA  LUMPUR (WP),53aa1806-b81f-4985-8066-6a9cf92f1446
314110,02eee6dd-ee41-4862-815b-da5949404f80,e795beb3-2cda-4ac4-b79d-7953221f1fb6,166,JHT,B,036,JHT-B-036,Belakang Bangunan Plaza Warisan Jalan Tun H.S.Lee,Belakang Bangunan Plaza Warisan Jalan Tun H.S.Lee,2,Belakang,KUALA LUMPUR,3.141863,101.695863,7,55c38deb-aae3-44c5-bfac-0bb919effec4,Wilayah Persekutuan Kuala Lumpur,137,WP Kuala Lumpur,1,Awam,2,Tidak Berfungsi,0,,1,Pillar Hydrant,120,Bukit Bintang,0000-00-00,0,KUALA LUMPUR_JLN HANG TUAH_ZON B_WANI_20052015,89,KUALA  LUMPUR (WP),53aa1806-b81f-4985-8066-6a9cf92f1446
314111,0a0a8756-b74e-434d-8fa6-61716e8e9c79,e795beb3-2cda-4ac4-b79d-7953221f1fb6,166,JHT,B,037,JHT-B-037,Bawah Stesen Putra Jalan Sultan,Bawah Stesen Putra Jalan Sultan,3,Berhampiran,KUALA LUMPUR,3.142787,101.695238,7,55c38deb-aae3-44c5-bfac-0bb919effec4,Wilayah Persekutuan Kuala Lumpur,137,WP Kuala Lumpur,1,Awam,2,Tidak Berfungsi,0,,1,Pillar Hydrant,120,Bukit Bintang,0000-00-00,0,KUALA LUMPUR_JLN HANG TUAH_ZON B_WANI_20052015,89,KUALA  LUMPUR (WP),53aa1806-b81f-4985-8066-6a9cf92f1446
314112,be9269b0-5f61-4c24-a464-79adf84e053f,e795beb3-2cda-4ac4-b79d-7953221f1fb6,166,JHT,B,038,JHT-B-038,Dekat Tangga Bawah Stesen Putra Jalan Sultan,Dekat Tangga Bawah Stesen Putra Jalan Sultan,3,Berhampiran,KUALA LUMPUR,3.142787,101.695238,7,55c38deb-aae3-44c5-bfac-0bb919effec4,Wilayah Persekutuan Kuala Lumpur,137,WP Kuala Lumpur,1,Awam,1,Berfungsi,252.96,,1,Pillar Hydrant,120,Bukit Bintang,0000-00-00,0,KUALA LUMPUR_JLN HANG TUAH_ZON B_WANI_20052015,89,KUALA  LUMPUR (WP),53aa1806-b81f-4985-8066-6a9cf92f1446
314113,e7064922-ffeb-4616-ba26-24fe0e148f93,e795beb3-2cda-4ac4-b79d-7953221f1fb6,166,JHT,B,039,JHT-B-039,Tepi Kedai Coco Meme Aksesori Wanita Jalan Panggong,Tepi Kedai Coco Meme Aksesori Wanita Jalan Panggong,3,Berhampiran,KUALA LUMPUR,3.141875,101.697144,7,55c38deb-aae3-44c5-bfac-0bb919effec4,Wilayah Persekutuan Kuala Lumpur,137,WP Kuala Lumpur,1,Awam,4,Hilang,,,2,Ground Hydrant,120,Bukit Bintang,0000-00-00,0,KUALA LUMPUR_JLN HANG TUAH_ZON B_WANI_20052015,89,KUALA  LUMPUR (WP),53aa1806-b81f-4985-8066-6a9cf92f1446
314114,65470a6c-91a2-4a6d-9e1f-79d646c297a5,e795beb3-2cda-4ac4-b79d-7953221f1fb6,166,JHT,B,040,JHT-B-040,Tepi Pejabat Pos Lama Jalan Panggong,Tepi Pejabat Pos Lama Jalan Panggong,3,Berhampiran,KUALA LUMPUR,3.141876,101.697107,7,55c38deb-aae3-44c5-bfac-0bb919effec4,Wilayah Persekutuan Kuala Lumpur,137,WP Kuala Lumpur,1,Awam,4,Hilang,,,2,Ground Hydrant,120,Bukit Bintang,0000-00-00,0,KUALA LUMPUR_JLN HANG TUAH_ZON B_WANI_20052015,45,KUALA LMPUR (WP),08d3c005-65d8-4c9b-b86d-53759fd3dff4
314115,fa5884a8-c2d3-4993-9011-0497f2bde3b1,e795beb3-2cda-4ac4-b79d-7953221f1fb6,166,JHT,B,041,JHT-B-041,Depan Tokong Cina No 3 Jalan Panggong,Depan Tokong Cina No 3 Jalan Panggong,1,Hadapan,KUALA LUMPUR,3.142096,101.697124,7,55c38deb-aae3-44c5-bfac-0bb919effec4,Wilayah Persekutuan Kuala Lumpur,137,WP Kuala Lumpur,1,Awam,1,Berfungsi,252.96,,1,Pillar Hydrant,120,Bukit Bintang,0000-00-00,0,KUALA LUMPUR_JLN HANG TUAH_ZON B_WANI_20052015,1,KUALA LUMPUR (WP),88beb013-6a67-4936-9afd-b84a072cb60f
314116,0596fc97-ddde-48de-939f-ad66a89e21f7,e795beb3-2cda-4ac4-b79d-7953221f1fb6,166,JHT,B,042,JHT-B-042,Belakang Bangunan First Nationwide Jalan Hang Kasturi,Belakang Bangunan First Nationwide Jalan Hang Kasturi,2,Belakang,KUALA LUMPUR,3.14389,101.69621,7,55c38deb-aae3-44c5-bfac-0bb919effec4,Wilayah Persekutuan Kuala Lumpur,137,WP Kuala Lumpur,1,Awam,2,Tidak Berfungsi,0,,1,Pillar Hydrant,120,Bukit Bintang,0000-00-00,0,KUALA LUMPUR_JLN HANG TUAH_ZON B_WANI_20052015,89,KUALA  LUMPUR (WP),53aa1806-b81f-4985-8066-6a9cf92f1446
314117,1d1f5573-c6a7-404a-9541-1c57d0443c64,e795beb3-2cda-4ac4-b79d-7953221f1fb6,166,JHT,B,043,JHT-B-043,Depan Kedai Chan poh Chan/Chicken rice Jalan Hang Kasturi,Depan Kedai Chan poh Chan/Chicken rice Jalan Hang Kasturi,1,Hadapan,KUALA LUMPUR,3.142974,101.695844,7,55c38deb-aae3-44c5-bfac-0bb919effec4,Wilayah Persekutuan Kuala Lumpur,137,WP Kuala Lumpur,1,Awam,2,Tidak Berfungsi,252.96,,1,Pillar Hydrant,120,Bukit Bintang,0000-00-00,0,KUALA LUMPUR_JLN HANG TUAH_ZON B_WANI_20052015,89,KUALA  LUMPUR (WP),53aa1806-b81f-4985-8066-6a9cf92f1446
314118,fa26f48a-c25a-4635-b710-5e3fd7f7e449,e795beb3-2cda-4ac4-b79d-7953221f1fb6,166,JHT,B,044,JHT-B-044,Tepi Bangunan Wisma Hang Sam Jalan Hang Kasturi Lot 44/43,Tepi Bangunan Wisma Hang Sam Jalan Hang Kasturi Lot 44/43 ,4,Tepi,KUALA LUMPUR,3.144182,101.695787,7,55c38deb-aae3-44c5-bfac-0bb919effec4,Wilayah Persekutuan Kuala Lumpur,137,WP Kuala Lumpur,1,Awam,1,Berfungsi,158.995,,1,Pillar Hydrant,120,Bukit Bintang,0000-00-00,0,KUALA LUMPUR_JLN HANG TUAH_ZON B_WANI_20052015,89,KUALA  LUMPUR (WP),53aa1806-b81f-4985-8066-6a9cf92f1446
314119,c1c900a4-785f-4681-adad-10ca45a8f8a8,e795beb3-2cda-4ac4-b79d-7953221f1fb6,166,JHT,B,045,JHT-B-045,Hadapan  B Management Hotel Jalan Petaling ,Hadapan  B Management Hotel Jalan Petaling ,3,Berhampiran,KUALA LUMPUR,3.143023,101.697883,7,55c38deb-aae3-44c5-bfac-0bb919effec4,Wilayah Persekutuan Kuala Lumpur,137,WP Kuala Lumpur,1,Awam,1,Berfungsi,158.995,,1,Pillar Hydrant,120,Bukit Bintang,0000-00-00,0,KUALA LUMPUR_JLN HANG TUAH_ZON B_WANI_20052015,89,KUALA  LUMPUR (WP),53aa1806-b81f-4985-8066-6a9cf92f1446
314120,caf88493-5ae0-49a4-8dff-69402f9b970b,e795beb3-2cda-4ac4-b79d-7953221f1fb6,166,JHT,B,046,JHT-B-046,Depan Bangunan Pak Peng / Jalan Petaling,Depan Bangunan Pak Peng / Jalan Petaling,1,Hadapan,KUALA LUMPUR,3.143601,101.697637,7,55c38deb-aae3-44c5-bfac-0bb919effec4,Wilayah Persekutuan Kuala Lumpur,137,WP Kuala Lumpur,1,Awam,2,Tidak Berfungsi,0,,1,Pillar Hydrant,120,Bukit Bintang,0000-00-00,0,KUALA LUMPUR_JLN HANG TUAH_ZON B_WANI_20052015,89,KUALA  LUMPUR (WP),53aa1806-b81f-4985-8066-6a9cf92f1446
314121,0ada233d-7efa-4fc5-a152-65f9ff7f2fdf,e795beb3-2cda-4ac4-b79d-7953221f1fb6,166,JHT,B,047,JHT-B-047,Persimpangan Jalan Cheng Lock / Jalan Petaling,Persimpangan Jalan Cheng Lock / Jalan Petaling,3,Berhampiran,KUALA LUMPUR,3.145187,101.697642,7,55c38deb-aae3-44c5-bfac-0bb919effec4,Wilayah Persekutuan Kuala Lumpur,137,WP Kuala Lumpur,1,Awam,2,Tidak Berfungsi,0,,2,Ground Hydrant,120,Bukit Bintang,0000-00-00,0,KUALA LUMPUR_JLN HANG TUAH_ZON B_WANI_20052015,89,KUALA  LUMPUR (WP),53aa1806-b81f-4985-8066-6a9cf92f1446
314122,7c6dc59a-8638-4e49-b6f9-607bace50d1d,e795beb3-2cda-4ac4-b79d-7953221f1fb6,166,JHT,B,048,JHT-B-048,Sebelah Kanan Bangunan 5 Elemen Hotel Jalan Sultan,Sebelah Kanan Bangunan 5 Elemen Hotel Jalan Sultan,4,Tepi,KUALA LUMPUR,3.143975,101.698771,7,55c38deb-aae3-44c5-bfac-0bb919effec4,Wilayah Persekutuan Kuala Lumpur,137,WP Kuala Lumpur,1,Awam,2,Tidak Berfungsi,0,,2,Ground Hydrant,120,Bukit Bintang,0000-00-00,0,KUALA LUMPUR_JLN HANG TUAH_ZON B_WANI_20052015,89,KUALA  LUMPUR (WP),53aa1806-b81f-4985-8066-6a9cf92f1446
314123,e5f3b9da-39d8-42bd-97b3-45da4763df39,e795beb3-2cda-4ac4-b79d-7953221f1fb6,166,JHT,B,049,JHT-B-049,Persimpangan Jalan Hang Jebat / Jalan Sultan,Persimpangan Jalan Hang Jebat / Jalan Sultan,4,Tepi,KUALA LUMPUR,3.14287,101.698617,7,55c38deb-aae3-44c5-bfac-0bb919effec4,Wilayah Persekutuan Kuala Lumpur,137,WP Kuala Lumpur,1,Awam,1,Berfungsi,252.96,,1,Pillar Hydrant,120,Bukit Bintang,0000-00-00,0,KUALA LUMPUR_JLN HANG TUAH_ZON B_WANI_20052015,89,KUALA  LUMPUR (WP),53aa1806-b81f-4985-8066-6a9cf92f1446
314124,1330c3f8-b5a4-4d6a-8d3f-7ed721e171bb,e795beb3-2cda-4ac4-b79d-7953221f1fb6,166,JHT,B,050,JHT-B-050,Tepi Bangunan Hong Leong Bank Jalan Hang Lekir,Tepi Bangunan Hong Leong Bank Jalan Hang Lekir,1,Hadapan,KUALA LUMPUR,3.144356,101.697724,7,55c38deb-aae3-44c5-bfac-0bb919effec4,Wilayah Persekutuan Kuala Lumpur,137,WP Kuala Lumpur,1,Awam,1,Berfungsi,252.96,,1,Pillar Hydrant,120,Bukit Bintang,0000-00-00,0,KUALA LUMPUR_JLN HANG TUAH_ZON B_WANI_20052015,89,KUALA  LUMPUR (WP),53aa1806-b81f-4985-8066-6a9cf92f1446
314125,1762d8a4-3819-4153-8d05-afa0e3790bd0,e795beb3-2cda-4ac4-b79d-7953221f1fb6,166,JHT,B,051,JHT-B-051,Depan Restoran Roland See Food Jalan Hang Lekir,Depan Restoran Roland See Food Jalan Hang Lekir,1,Hadapan,KUALA LUMPUR,3.14441,101.698367,7,55c38deb-aae3-44c5-bfac-0bb919effec4,Wilayah Persekutuan Kuala Lumpur,137,WP Kuala Lumpur,1,Awam,1,Berfungsi,252.96,,1,Pillar Hydrant,120,Bukit Bintang,0000-00-00,0,KUALA LUMPUR_JLN HANG TUAH_ZON B_WANI_20052015,89,KUALA  LUMPUR (WP),53aa1806-b81f-4985-8066-6a9cf92f1446
314126,0d5294aa-7a48-4164-8808-1c2ec2cc1f1b,e795beb3-2cda-4ac4-b79d-7953221f1fb6,166,JHT,B,052,JHT-B-052,Belakang  Bangunan Ancasa Hotel Jalan Cheng Lock,Belakang  Bangunan Ancasa Hotel Jalan Cheng Lock,2,Belakang,KUALA LUMPUR,3.144958,101.699129,7,55c38deb-aae3-44c5-bfac-0bb919effec4,Wilayah Persekutuan Kuala Lumpur,137,WP Kuala Lumpur,2,Swasta,1,Berfungsi,252.96,,1,Pillar Hydrant,120,Bukit Bintang,0000-00-00,0,KUALA LUMPUR_JLN HANG TUAH_ZON B_WANI_20052015,89,KUALA  LUMPUR (WP),53aa1806-b81f-4985-8066-6a9cf92f1446
314127,e1ab237b-3a40-4da5-a9ac-02fb19585d4e,e795beb3-2cda-4ac4-b79d-7953221f1fb6,166,JHT,B,053,JHT-B-053,Sebelah Kiri Depan Ancasa Hotel Jalan Cheng Lock,Sebelah Kiri Depan Ancasa Hotel Jalan Cheng Lock,1,Hadapan,KUALA LUMPUR,3.145357,101.699384,7,55c38deb-aae3-44c5-bfac-0bb919effec4,Wilayah Persekutuan Kuala Lumpur,137,WP Kuala Lumpur,2,Swasta,2,Tidak Berfungsi,0,,1,Pillar Hydrant,120,Bukit Bintang,0000-00-00,0,KUALA LUMPUR_JLN HANG TUAH_ZON B_WANI_20052015,89,KUALA  LUMPUR (WP),53aa1806-b81f-4985-8066-6a9cf92f1446
314128,7c611a87-38ab-4153-947b-d9d867a35172,e795beb3-2cda-4ac4-b79d-7953221f1fb6,166,JHT,B,054,JHT-B-054,Sebelah Kanan Depan Ancasa Hotel Jalan Cheng Lock,Sebelah Kanan Depan Ancasa Hotel Jalan Cheng Lock,1,Hadapan,KUALA LUMPUR,3.145381,101.699384,7,55c38deb-aae3-44c5-bfac-0bb919effec4,Wilayah Persekutuan Kuala Lumpur,137,WP Kuala Lumpur,2,Swasta,2,Tidak Berfungsi,0,,1,Pillar Hydrant,120,Bukit Bintang,0000-00-00,0,KUALA LUMPUR_JLN HANG TUAH_ZON B_WANI_20052015,89,KUALA  LUMPUR (WP),53aa1806-b81f-4985-8066-6a9cf92f1446
314129,6aedde2d-0d15-4aeb-a90a-4d42065f46ad,e795beb3-2cda-4ac4-b79d-7953221f1fb6,166,JHT,B,055,JHT-B-055,Tepi Bangunan Guardian Farmasi Jalan Cheng Lock,Tepi Bangunan Guardian Farmasi Jalan Cheng Lock,4,Tepi,KUALA LUMPUR,3.145306,101.698724,7,55c38deb-aae3-44c5-bfac-0bb919effec4,Wilayah Persekutuan Kuala Lumpur,137,WP Kuala Lumpur,1,Awam,2,Tidak Berfungsi,0,,1,Pillar Hydrant,120,Bukit Bintang,0000-00-00,0,KUALA LUMPUR_JLN HANG TUAH_ZON B_WANI_20052015,89,KUALA  LUMPUR (WP),53aa1806-b81f-4985-8066-6a9cf92f1446
314130,af28d78f-8e69-4ccb-9fb6-4a6ddbb2d3c0,e795beb3-2cda-4ac4-b79d-7953221f1fb6,166,JHT,B,056,JHT-B-056,,Hadapan Pasaraya KK MART/Sebelah Kedai Pajak Gadai Jalan Tun Tan Cheng Lok,1,Hadapan,KUALA LUMPUR,3.145317,101.698262,7,55c38deb-aae3-44c5-bfac-0bb919effec4,Wilayah Persekutuan Kuala Lumpur,137,WP Kuala Lumpur,1,Awam,1,Berfungsi,357.74,,1,Pillar Hydrant,120,Bukit Bintang,0000-00-00,0,KUALA LUMPUR_JLN HANG TUAH_ZON B_WANI_20052015,89,KUALA  LUMPUR (WP),53aa1806-b81f-4985-8066-6a9cf92f1446
314131,dce55a48-ae6e-49c8-84fa-13d48f579a8a,e795beb3-2cda-4ac4-b79d-7953221f1fb6,166,JHT,B,057,JHT-B-057,Pintu Masuk Hotel Grand Olimpic Jalan Hang Jebat,Pintu Masuk Hotel Grand Olimpic Jalan Hang Jebat,1,Hadapan,KUALA LUMPUR,3.142607,101.702454,7,55c38deb-aae3-44c5-bfac-0bb919effec4,Wilayah Persekutuan Kuala Lumpur,137,WP Kuala Lumpur,2,Swasta,1,Berfungsi,158.995,,1,Pillar Hydrant,120,Bukit Bintang,0000-00-00,0,KUALA LUMPUR_JLN HANG TUAH_ZON B_WANI_20052015,89,KUALA  LUMPUR (WP),53aa1806-b81f-4985-8066-6a9cf92f1446
314132,22d2f22f-0b08-472b-acf0-66b124e6eac3,e795beb3-2cda-4ac4-b79d-7953221f1fb6,166,JHT,B,058,JHT-B-058,Depan Hotel Grand Olympic Jalan Hang Jebat,Depan Hotel Grand Olympic Jalan Hang Jebat,1,Hadapan,KUALA LUMPUR,3.142786,101.702473,7,55c38deb-aae3-44c5-bfac-0bb919effec4,Wilayah Persekutuan Kuala Lumpur,137,WP Kuala Lumpur,2,Swasta,1,Berfungsi,158.995,,1,Pillar Hydrant,120,Bukit Bintang,0000-00-00,0,KUALA LUMPUR_JLN HANG TUAH_ZON B_WANI_20052015,89,KUALA  LUMPUR (WP),53aa1806-b81f-4985-8066-6a9cf92f1446
314133,1e0ee60d-c412-4006-b67a-cf92bdad89ed,e795beb3-2cda-4ac4-b79d-7953221f1fb6,166,JHT,B,059,JHT-B-059,Belakang Hotel Grand Olympic Jalan Hang Jebat,Belakang Hotel Grand Olympic Jalan Hang Jebat,2,Belakang,KUALA LUMPUR,3.143022,101.702317,7,55c38deb-aae3-44c5-bfac-0bb919effec4,Wilayah Persekutuan Kuala Lumpur,137,WP Kuala Lumpur,2,Swasta,1,Berfungsi,357.74,,1,Pillar Hydrant,120,Bukit Bintang,0000-00-00,0,KUALA LUMPUR_JLN HANG TUAH_ZON B_WANI_20052015,89,KUALA  LUMPUR (WP),53aa1806-b81f-4985-8066-6a9cf92f1446
314134,95a3a9f4-f66b-49f7-ab4e-25b67a8e7f7a,e795beb3-2cda-4ac4-b79d-7953221f1fb6,166,JHT,B,060,JHT-B-060,Depan Bangunan YMCA Jalan Hang Jebat,Depan Bangunan YMCA Jalan Hang Jebat,1,Hadapan,KUALA LUMPUR,3.142866,101.701909,7,55c38deb-aae3-44c5-bfac-0bb919effec4,Wilayah Persekutuan Kuala Lumpur,137,WP Kuala Lumpur,2,Swasta,1,Berfungsi,252.96,,1,Pillar Hydrant,120,Bukit Bintang,0000-00-00,0,KUALA LUMPUR_JLN HANG TUAH_ZON B_WANI_20052015,89,KUALA  LUMPUR (WP),53aa1806-b81f-4985-8066-6a9cf92f1446
314135,#NUM!,e795beb3-2cda-4ac4-b79d-7953221f1fb6,166,JHT,B,061,JHT-B-061,Depan Bangunan Bola Keranjang Jalan Hang Jebat,Depan Bangunan Bola Keranjang Jalan Hang Jebat,1,Hadapan,KUALA LUMPUR,3.142932,101.700485,7,55c38deb-aae3-44c5-bfac-0bb919effec4,Wilayah Persekutuan Kuala Lumpur,137,WP Kuala Lumpur,1,Awam,2,Tidak Berfungsi,0,,2,Ground Hydrant,120,Bukit Bintang,0000-00-00,0,KUALA LUMPUR_JLN HANG TUAH_ZON B_WANI_20052015,11,KUALALUMPUR (WP),e020035c-e1d1-481d-b224-6475deb88d49
314136,475fb61a-cac8-4efc-9f2a-7b7c790ee993,e795beb3-2cda-4ac4-b79d-7953221f1fb6,166,JHT,B,062,JHT-B-062,Persatuan Bola Keranjang Malaysia Jalan Hang Jebat,Persatuan Bola Keranjang Malaysia Jalan Hang Jebat,1,Hadapan,KUALA LUMPUR,3.142845,101.70045,7,55c38deb-aae3-44c5-bfac-0bb919effec4,Wilayah Persekutuan Kuala Lumpur,137,WP Kuala Lumpur,1,Awam,2,Tidak Berfungsi,0,,1,Pillar Hydrant,120,Bukit Bintang,0000-00-00,0,KUALA LUMPUR_JLN HANG TUAH_ZON B_WANI_20052015,1,KUALA LUMPUR (WP),88beb013-6a67-4936-9afd-b84a072cb60f
314137,39f08654-21d4-4d20-840f-b7f1cf06dc86,e795beb3-2cda-4ac4-b79d-7953221f1fb6,166,JHT,B,063,JHT-B-063,Jalan Masuk Sekolah Methodist Jalan Wesley,Jalan Masuk Sekolah Methodist Jalan Wesley,3,Berhampiran,KUALA LUMPUR,3.143045,101.700856,7,55c38deb-aae3-44c5-bfac-0bb919effec4,Wilayah Persekutuan Kuala Lumpur,137,WP Kuala Lumpur,1,Awam,1,Berfungsi,252.96,,1,Pillar Hydrant,120,Bukit Bintang,0000-00-00,0,KUALA LUMPUR_JLN HANG TUAH_ZON B_WANI_20052015,89,KUALA  LUMPUR (WP),53aa1806-b81f-4985-8066-6a9cf92f1446
314138,8ca88794-413d-4304-ab73-6341369785ac,e795beb3-2cda-4ac4-b79d-7953221f1fb6,166,JHT,B,064,JHT-B-064,Depan Menara Wesley Sek.Methodist Jalan Wesley,Depan Menara Wesley Sek.Methodist Jalan Wesley,1,Hadapan,KUALA LUMPUR,3.144518,101.70059,7,55c38deb-aae3-44c5-bfac-0bb919effec4,Wilayah Persekutuan Kuala Lumpur,137,WP Kuala Lumpur,2,Swasta,1,Berfungsi,438.14,,1,Pillar Hydrant,120,Bukit Bintang,0000-00-00,0,KUALA LUMPUR_JLN HANG TUAH_ZON B_WANI_20052015,89,KUALA  LUMPUR (WP),53aa1806-b81f-4985-8066-6a9cf92f1446
314139,bfc34c68-263b-4bdd-a01e-584f10fb5bc5,e795beb3-2cda-4ac4-b79d-7953221f1fb6,166,JHT,B,065,JHT-B-065,Depan Sek.Men.Confucion Jalan Hang Jebat,Depan Sek.Men.Confucion Jalan Hang Jebat,1,Hadapan,KUALA LUMPUR,3.143987,101.699897,7,55c38deb-aae3-44c5-bfac-0bb919effec4,Wilayah Persekutuan Kuala Lumpur,137,WP Kuala Lumpur,2,Swasta,1,Berfungsi,357.74,,1,Pillar Hydrant,120,Bukit Bintang,0000-00-00,0,KUALA LUMPUR_JLN HANG TUAH_ZON B_WANI_20052015,89,KUALA  LUMPUR (WP),53aa1806-b81f-4985-8066-6a9cf92f1446
314140,a323ea06-fb85-4ee4-809b-679e46128cdd,e795beb3-2cda-4ac4-b79d-7953221f1fb6,166,JHT,B,066,JHT-B-066,Dalam Kawasan Sek.Men.Confucion Jalan Hang Jebat,Dalam Kawasan Sek.Men.Confucion Jalan Hang Jebat,1,Hadapan,KUALA LUMPUR,3.144142,101.699387,7,55c38deb-aae3-44c5-bfac-0bb919effec4,Wilayah Persekutuan Kuala Lumpur,137,WP Kuala Lumpur,2,Swasta,1,Berfungsi,252.96,,1,Pillar Hydrant,120,Bukit Bintang,0000-00-00,0,KUALA LUMPUR_JLN HANG TUAH_ZON B_WANI_20052015,90,KUALU LUMPUR (WP),b4ee9692-5c33-4881-b53e-4b4e2dfd1147
314141,9c8f2c82-1fe6-4287-9d42-da926311044c,e795beb3-2cda-4ac4-b79d-7953221f1fb6,166,JHT,B,067,JHT-B-067,Sebelah Kiri Sek.Men.Confucion Jalan Hang Jebat,Sebelah Kiri Sek.Men.Confucion Jalan Hang Jebat,1,Hadapan,KUALA LUMPUR,3.14456,101.699382,7,55c38deb-aae3-44c5-bfac-0bb919effec4,Wilayah Persekutuan Kuala Lumpur,137,WP Kuala Lumpur,2,Swasta,1,Berfungsi,158.995,,1,Pillar Hydrant,120,Bukit Bintang,0000-00-00,0,KUALA LUMPUR_JLN HANG TUAH_ZON B_WANI_20052015,89,KUALA  LUMPUR (WP),53aa1806-b81f-4985-8066-6a9cf92f1446
314142,effcabc5-0651-4855-b9a7-8d95f6a0c338,e795beb3-2cda-4ac4-b79d-7953221f1fb6,166,JHT,B,068,JHT-B-068,Belakang Sek.Men.Confucion Jalan Hang Jebat,Belakang Sek.Men.Confucion Jalan Hang Jebat,2,Belakang,KUALA LUMPUR,3.144793,101.699079,7,55c38deb-aae3-44c5-bfac-0bb919effec4,Wilayah Persekutuan Kuala Lumpur,137,WP Kuala Lumpur,2,Swasta,1,Berfungsi,28.1067,,1,Pillar Hydrant,120,Bukit Bintang,0000-00-00,0,KUALA LUMPUR_JLN HANG TUAH_ZON B_WANI_20052015,89,KUALA  LUMPUR (WP),53aa1806-b81f-4985-8066-6a9cf92f1446
314143,87a0a748-82ad-4bfb-bd65-e2a1edc1ed65,e795beb3-2cda-4ac4-b79d-7953221f1fb6,166,JHT,B,069,JHT-B-069,Belakang Stadium Chin Woo Jalan Hang Jebat,Belakang Stadium Chin Woo Jalan Hang Jebat,2,Belakang,KUALA LUMPUR,3.141393,101.699546,7,55c38deb-aae3-44c5-bfac-0bb919effec4,Wilayah Persekutuan Kuala Lumpur,137,WP Kuala Lumpur,1,Awam,2,Tidak Berfungsi,0,,2,Ground Hydrant,120,Bukit Bintang,0000-00-00,0,KUALA LUMPUR_JLN HANG TUAH_ZON B_WANI_20052015,89,KUALA  LUMPUR (WP),53aa1806-b81f-4985-8066-6a9cf92f1446
314144,38d838ae-8b92-4f76-af5e-f9e044318c2e,e795beb3-2cda-4ac4-b79d-7953221f1fb6,166,JHT,B,070,JHT-B-070,Depan Stadium Merdeka Jalan Stadium,Depan Stadium Merdeka Jalan Stadium,1,Hadapan,KUALA LUMPUR,3.140075,101.701858,7,55c38deb-aae3-44c5-bfac-0bb919effec4,Wilayah Persekutuan Kuala Lumpur,137,WP Kuala Lumpur,1,Awam,2,Tidak Berfungsi,252.96,,2,Ground Hydrant,120,Bukit Bintang,0000-00-00,0,KUALA LUMPUR_JLN HANG TUAH_ZON B_WANI_20052015,1,KUALA LUMPUR (WP),88beb013-6a67-4936-9afd-b84a072cb60f
314145,763a93b0-43f9-4983-aec6-aeca913aa5ff,e795beb3-2cda-4ac4-b79d-7953221f1fb6,166,JHT,B,071,JHT-B-071,Depan dewan kuliah victoria institut jalan stadium,Depan dewan kuliah victoria institut jalan stadium,2,Belakang,KUALA LUMPUR,3.139457,101.702721,7,55c38deb-aae3-44c5-bfac-0bb919effec4,Wilayah Persekutuan Kuala Lumpur,137,WP Kuala Lumpur,1,Awam,1,Berfungsi,252.96,,2,Ground Hydrant,120,Bukit Bintang,0000-00-00,0,KUALA LUMPUR_JLN HANG TUAH_ZON B_WANI_20052015,1,KUALA LUMPUR (WP),88beb013-6a67-4936-9afd-b84a072cb60f
314146,9006baeb-25a2-4095-b70b-59397aaf3784,e795beb3-2cda-4ac4-b79d-7953221f1fb6,166,JHT,B,072,JHT-B-072,Sebelah Kanan Bangunan Jabatan Kebudayaan Dan Kesenian Negara Jalan Tun H.S.Lee,Sebelah Kanan Bangunan Jabatan Kebudayaan Dan Kesenian Negara Jalan Tun H.S.Lee,4,Tepi,KUALA LUMPUR,3.140756,101.69571,7,55c38deb-aae3-44c5-bfac-0bb919effec4,Wilayah Persekutuan Kuala Lumpur,137,WP Kuala Lumpur,2,Swasta,1,Berfungsi,252.96,,1,Pillar Hydrant,120,Bukit Bintang,0000-00-00,0,KUALA LUMPUR_JLN HANG TUAH_ZON B_WANI_20052015,89,KUALA  LUMPUR (WP),53aa1806-b81f-4985-8066-6a9cf92f1446
314147,cf6e8829-ff78-4c59-8822-b0baada285f9,e795beb3-2cda-4ac4-b79d-7953221f1fb6,166,JHT,B,073,JHT-B-073,Sebelah Kiri Bangunan Jabatan Kebudayaan Dan Kesenian Negara Jalan Tun H.S.Lee,Sebelah Kiri Bangunan Jabatan Kebudayaan Dan Kesenian Negara Jalan Tun H.S.Lee,4,Tepi,KUALA LUMPUR,3.141134,101.695903,7,55c38deb-aae3-44c5-bfac-0bb919effec4,Wilayah Persekutuan Kuala Lumpur,137,WP Kuala Lumpur,2,Swasta,1,Berfungsi,357.74,,1,Pillar Hydrant,120,Bukit Bintang,0000-00-00,0,KUALA LUMPUR_JLN HANG TUAH_ZON B_WANI_20052015,89,KUALA  LUMPUR (WP),53aa1806-b81f-4985-8066-6a9cf92f1446
314148,caa7e627-8bf1-4602-8068-e62c03ac7560,e795beb3-2cda-4ac4-b79d-7953221f1fb6,166,JHT,B,074,JHT-B-074,Dalam Masjid Albukhary Jalan Hang Tuah,Dalam Masjid Albukhary Jalan Hang Tuah,1,Hadapan,KUALA LUMPUR,3.139288,101.704946,7,55c38deb-aae3-44c5-bfac-0bb919effec4,Wilayah Persekutuan Kuala Lumpur,137,WP Kuala Lumpur,1,Awam,1,Berfungsi,0,,1,Pillar Hydrant,120,Bukit Bintang,0000-00-00,0,KUALA LUMPUR_JLN HANG TUAH_ZON B_WANI_20052015,89,KUALA  LUMPUR (WP),53aa1806-b81f-4985-8066-6a9cf92f1446
314149,2b61ea54-f7c4-4d87-ae61-2373a189b595,e795beb3-2cda-4ac4-b79d-7953221f1fb6,166,JHT,B,075,JHT-B-075,Dalam Kawasan Depoh Bas Eksperes Jalan Hang Tuah,Dalam Kawasan Depoh Bas Eksperes Jalan Hang Tuah,3,Berhampiran,KUALA LUMPUR,3.141351,101.705533,7,55c38deb-aae3-44c5-bfac-0bb919effec4,Wilayah Persekutuan Kuala Lumpur,137,WP Kuala Lumpur,1,Awam,1,Berfungsi,0,,1,Pillar Hydrant,120,Bukit Bintang,0000-00-00,0,KUALA LUMPUR_JLN HANG TUAH_ZON B_WANI_20052015,89,KUALA  LUMPUR (WP),53aa1806-b81f-4985-8066-6a9cf92f1446
314150,7fc33a2a-3b4a-4467-98a3-61ed01d763e5,e795beb3-2cda-4ac4-b79d-7953221f1fb6,166,JHT,B,076,JHT-B-076,Depan Pencawang TNB Jalan Galloway,Depan Pencawang TNB Jalan Galloway,1,Hadapan,KUALA LUMPUR,3.142417,101.705656,7,55c38deb-aae3-44c5-bfac-0bb919effec4,Wilayah Persekutuan Kuala Lumpur,137,WP Kuala Lumpur,2,Swasta,2,Tidak Berfungsi,0,,1,Pillar Hydrant,120,Bukit Bintang,0000-00-00,0,KUALA LUMPUR_JLN HANG TUAH_ZON B_WANI_20052015,89,KUALA  LUMPUR (WP),53aa1806-b81f-4985-8066-6a9cf92f1446
314151,4848bca2-881e-452e-90b6-e6d5b9fa8a45,e795beb3-2cda-4ac4-b79d-7953221f1fb6,166,JHT,B,077,JHT-B-077,Belakang Pencawang TNB Jalan Galloway,Belakang Pencawang TNB Jalan Galloway,2,Belakang,KUALA LUMPUR,3.14205,101.705528,7,55c38deb-aae3-44c5-bfac-0bb919effec4,Wilayah Persekutuan Kuala Lumpur,137,WP Kuala Lumpur,2,Swasta,2,Tidak Berfungsi,0,,1,Pillar Hydrant,120,Bukit Bintang,0000-00-00,0,KUALA LUMPUR_JLN HANG TUAH_ZON B_WANI_20052015,89,KUALA  LUMPUR (WP),53aa1806-b81f-4985-8066-6a9cf92f1446
314152,731a3236-6ddb-4e99-a9b9-b701ada08bb6,e795beb3-2cda-4ac4-b79d-7953221f1fb6,166,JHT,B,078,JHT-B-078,Belakang Hotel Swiss Regensese Jalan Galloway Off Jalan Pudu,Belakang Hotel Swiss Regensese Jalan Galloway Off Jalan Pudu,2,Belakang,KUALA LUMPUR,3.143524,101.705238,7,55c38deb-aae3-44c5-bfac-0bb919effec4,Wilayah Persekutuan Kuala Lumpur,137,WP Kuala Lumpur,2,Swasta,1,Berfungsi,158.995,,1,Pillar Hydrant,120,Bukit Bintang,0000-00-00,0,KUALA LUMPUR_JLN HANG TUAH_ZON B_WANI_20052015,89,KUALA  LUMPUR (WP),53aa1806-b81f-4985-8066-6a9cf92f1446
314153,3d0b0e03-d689-4c50-aa4b-60d1dafd2f74,e795beb3-2cda-4ac4-b79d-7953221f1fb6,166,JHT,B,079,JHT-B-079,Depan Bangunan Tunas Utama Jalan Petaling,Depan Bangunan Tunas Utama Jalan Petaling,4,Tepi,KUALA LUMPUR,3.140992,101.698069,7,55c38deb-aae3-44c5-bfac-0bb919effec4,Wilayah Persekutuan Kuala Lumpur,137,WP Kuala Lumpur,1,Awam,1,Berfungsi,158.995,images/img_pili/20240217111440824.jpg,1,Pillar Hydrant,120,Bukit Bintang,0000-00-00,0,KUALA LUMPUR_JLN HANG TUAH_ZON B_WANI_20052015,89,KUALA  LUMPUR (WP),53aa1806-b81f-4985-8066-6a9cf92f1446
314154,87e0fb44-f9b1-49d0-944f-10b6a14bffdb,e795beb3-2cda-4ac4-b79d-7953221f1fb6,166,JHT,B,080,JHT-B-080,Depan Hotel Malaya jalan Hang Lekir,Depan Hotel Malaya jalan Hang Lekir,1,Hadapan,KUALA LUMPUR,3.144433,101.6971,7,55c38deb-aae3-44c5-bfac-0bb919effec4,Wilayah Persekutuan Kuala Lumpur,137,WP Kuala Lumpur,1,Awam,1,Berfungsi,0,images/img_pili/20240217114432899.jpg,1,Pillar Hydrant,120,Bukit Bintang,0000-00-00,0,KUALA LUMPUR_JLN HANG TUAH_ZON B_WANI_20052015,89,KUALA  LUMPUR (WP),53aa1806-b81f-4985-8066-6a9cf92f1446
314155,e6e5a622-58a2-4305-aeb8-049e6332eed0,e795beb3-2cda-4ac4-b79d-7953221f1fb6,166,JHT,B,081,JHT-B-081,Depan Makmal Sek.Victoria Institution Jalan Stadium,Depan Makmal Sek.Victoria Institution Jalan Stadium,1,Hadapan,KUALA LUMPUR,3.138102,101.701958,7,55c38deb-aae3-44c5-bfac-0bb919effec4,Wilayah Persekutuan Kuala Lumpur,137,WP Kuala Lumpur,2,Swasta,2,Tidak Berfungsi,39.7488,images/img_pili/20240217103116158.jpg,2,Ground Hydrant,120,Bukit Bintang,0000-00-00,0,KUALA LUMPUR_JLN HANG TUAH_ZON B_WANI_20052015,89,KUALA  LUMPUR (WP),53aa1806-b81f-4985-8066-6a9cf92f1446
314156,7c395c37-dddd-45b4-9624-20ce218b029e,e795beb3-2cda-4ac4-b79d-7953221f1fb6,166,JHT,B,082,JHT-B-082,Sebelah VCR Coffee And Cake Jalan Galloway,Sebelah VCR Coffee And Cake Jalan Galloway,4,Tepi,KUALA LUMPUR,3.143377,101.70558,7,55c38deb-aae3-44c5-bfac-0bb919effec4,Wilayah Persekutuan Kuala Lumpur,137,WP Kuala Lumpur,1,Awam,1,Berfungsi,158.995,images/img_pili/20240217115205420.jpg,1,Pillar Hydrant,120,Bukit Bintang,0000-00-00,0,KUALA LUMPUR_JLN HANG TUAH_ZON B_WANI_20052015,89,KUALA  LUMPUR (WP),53aa1806-b81f-4985-8066-6a9cf92f1446
314457,d4bd13c2-8818-4d08-a0e9-14f6b7276508,e795beb3-2cda-4ac4-b79d-7953221f1fb6,166,JHT,C,001,JHT-C-001,Depan Flat No 9 Jalan Ceylon,Depan Flat No 9 Jalan Ceylon,1,Hadapan,KUALA LUMPUR,3.148099,101.704508,7,55c38deb-aae3-44c5-bfac-0bb919effec4,Wilayah Persekutuan Kuala Lumpur,137,WP Kuala Lumpur,1,Awam,4,Hilang,316996000,,2,Ground Hydrant,120,Bukit Bintang,0000-00-00,0,KUALA LUMPUR_JLN HANG TUAH_ZON C_WANI_20052015,1,KUALA LUMPUR (WP),88beb013-6a67-4936-9afd-b84a072cb60f
314458,eed465a8-6454-473a-8b86-dd0d987d7076,e795beb3-2cda-4ac4-b79d-7953221f1fb6,166,JHT,C,002,JHT-C-002,Tepi Pondok Kawalan Bangunan Regency tower,Tepi Pondok Kawalan Bangunan Regency Tower,4,Tepi,KUALA LUMPUR,3.15156,101.70519,7,55c38deb-aae3-44c5-bfac-0bb919effec4,Wilayah Persekutuan Kuala Lumpur,137,WP Kuala Lumpur,2,Swasta,1,Berfungsi,357.74,images/img_pili/20220206215849665.jpg,3,Pressurize Hydrant,120,Bukit Bintang,0000-00-00,0,KUALA LUMPUR_JLN HANG TUAH_ZON C_WANI_20052015,1,KUALA LUMPUR (WP),88beb013-6a67-4936-9afd-b84a072cb60f
314459,8558fbd1-6417-4aad-9dc9-006dbefd1142,e795beb3-2cda-4ac4-b79d-7953221f1fb6,166,JHT,C,003,JHT-C-003,Sebelah Kanan Depan Bangunan Regency Tower,Sebelah Kanan Depan Bangunan Regency Tower,6,Kanan,KUALA LUMPUR,3.15156,101.70519,7,55c38deb-aae3-44c5-bfac-0bb919effec4,Wilayah Persekutuan Kuala Lumpur,137,WP Kuala Lumpur,2,Swasta,1,Berfungsi,357.74,images/img_pili/20220206220145608.jpg,3,Pressurize Hydrant,120,Bukit Bintang,0000-00-00,0,KUALA LUMPUR_JLN HANG TUAH_ZON C_WANI_20052015,1,KUALA LUMPUR (WP),88beb013-6a67-4936-9afd-b84a072cb60f
314460,dc655c16-4272-4d35-9bb1-4102d1fbcf9b,e795beb3-2cda-4ac4-b79d-7953221f1fb6,166,JHT,C,004,JHT-C-004,Sebelah Kanan  Belakang Bangunan Regency Tower,Sebelah Kanan  Belakang Bangunan Regency Tower,2,Belakang,KUALA LUMPUR,3.147838,101.705385,7,55c38deb-aae3-44c5-bfac-0bb919effec4,Wilayah Persekutuan Kuala Lumpur,137,WP Kuala Lumpur,2,Swasta,1,Berfungsi,357.74,images/img_pili/20220206220342753.jpg,3,Pressurize Hydrant,120,Bukit Bintang,0000-00-00,0,KUALA LUMPUR_JLN HANG TUAH_ZON C_WANI_20052015,1,KUALA LUMPUR (WP),88beb013-6a67-4936-9afd-b84a072cb60f
314461,6edde490-fbc1-470a-a12f-15d4d8eaa921,e795beb3-2cda-4ac4-b79d-7953221f1fb6,166,JHT,C,005,JHT-C-005,Sebelah kiri belakang bangunan Regency Tower,Sebelah kiri belakang bangunan Regency Tower,4,Tepi,KUALA LUMPUR,3.15156,101.70519,7,55c38deb-aae3-44c5-bfac-0bb919effec4,Wilayah Persekutuan Kuala Lumpur,137,WP Kuala Lumpur,2,Swasta,1,Berfungsi,357.74,,3,Pressurize Hydrant,120,Bukit Bintang,0000-00-00,0,KUALA LUMPUR_JLN HANG TUAH_ZON C_WANI_20052015,1,KUALA LUMPUR (WP),88beb013-6a67-4936-9afd-b84a072cb60f
314462,7dae1f6b-cbe9-4999-870c-0325c609f1de,e795beb3-2cda-4ac4-b79d-7953221f1fb6,166,JHT,C,006,JHT-C-006,"6,Jalan Ceylon,Bukit Ceylon,50200 Kuala Lumpur,Wilayah Persekutuan Kuala Lumpur",Hadapan Bangunan 6 Ceylon,1,Hadapan,KUALA LUMPUR,3.14828,101.7056,7,55c38deb-aae3-44c5-bfac-0bb919effec4,Wilayah Persekutuan Kuala Lumpur,137,WP Kuala Lumpur,2,Swasta,1,Berfungsi,357.74,images/img_pili/20220206220716820.jpg,3,Pressurize Hydrant,120,Bukit Bintang,0000-00-00,0,KUALA LUMPUR_JLN HANG TUAH_ZON C_WANI_20052015,1,KUALA LUMPUR (WP),88beb013-6a67-4936-9afd-b84a072cb60f
314463,6bfabfa0-de5f-4fc1-8a02-708361c4343b,e795beb3-2cda-4ac4-b79d-7953221f1fb6,166,JHT,C,007,JHT-C-007,Depan Rumah No 3 Jalan Ceylon,Depan Rumah No 3 Jalan Ceylon,1,Hadapan,KUALA LUMPUR,3.149144,101.704377,7,55c38deb-aae3-44c5-bfac-0bb919effec4,Wilayah Persekutuan Kuala Lumpur,137,WP Kuala Lumpur,1,Awam,2,Tidak Berfungsi,0,,1,Pillar Hydrant,120,Bukit Bintang,0000-00-00,0,KUALA LUMPUR_JLN HANG TUAH_ZON C_WANI_20052015,1,KUALA LUMPUR (WP),88beb013-6a67-4936-9afd-b84a072cb60f
314464,888a5581-6b77-4ace-bc25-a8eb1663e9b9,e795beb3-2cda-4ac4-b79d-7953221f1fb6,166,JHT,C,008,JHT-C-008,Sebelah Kiri Pintu Masuk Menara Bukit Ceylon,Sebelah Kiri Pintu Masuk Menara Bukit Ceylon,4,Tepi,KUALA LUMPUR,3.149123,101.704184,7,55c38deb-aae3-44c5-bfac-0bb919effec4,Wilayah Persekutuan Kuala Lumpur,137,WP Kuala Lumpur,1,Awam,1,Berfungsi,252.96,,1,Pillar Hydrant,120,Bukit Bintang,0000-00-00,0,KUALA LUMPUR_JLN HANG TUAH_ZON C_WANI_20052015,1,KUALA LUMPUR (WP),88beb013-6a67-4936-9afd-b84a072cb60f
314465,19a1f3d6-6e03-45f6-aa5f-edf97d0c77b9,e795beb3-2cda-4ac4-b79d-7953221f1fb6,166,JHT,C,009,JHT-C-009,Depan Rumah No 9A Jalan Bukit Ceylon,Depan Rumah No 9A Jalan Bukit Ceylon,1,Hadapan,KUALA LUMPUR,3.148695,101.705149,7,55c38deb-aae3-44c5-bfac-0bb919effec4,Wilayah Persekutuan Kuala Lumpur,137,WP Kuala Lumpur,1,Awam,1,Berfungsi,357.74,,1,Pillar Hydrant,120,Bukit Bintang,0000-00-00,0,KUALA LUMPUR_JLN HANG TUAH_ZON C_WANI_20052015,1,KUALA LUMPUR (WP),88beb013-6a67-4936-9afd-b84a072cb60f
314466,e053ffa9-8ce4-4e2c-9b03-4dc4ee3fe1cc,e795beb3-2cda-4ac4-b79d-7953221f1fb6,166,JHT,C,010,JHT-C-010,Hadapan Menara Antara Jalan Bukit Ceylon,Hadapan Menara Antara Jalan Bukit Ceylon,1,Hadapan,KUALA LUMPUR,3.149209,101.70427,7,55c38deb-aae3-44c5-bfac-0bb919effec4,Wilayah Persekutuan Kuala Lumpur,137,WP Kuala Lumpur,1,Awam,1,Berfungsi,357.74,,1,Pillar Hydrant,120,Bukit Bintang,0000-00-00,0,KUALA LUMPUR_JLN HANG TUAH_ZON C_WANI_20052015,1,KUALA LUMPUR (WP),88beb013-6a67-4936-9afd-b84a072cb60f
314467,3a9d6f5f-72b3-4889-8c80-ced01d34cec7,e795beb3-2cda-4ac4-b79d-7953221f1fb6,166,JHT,C,011,JHT-C-011,Depan Rumah No 18 Jalan Bukit Ceylon,Depan Rumah No 18 Jalan Bukit Ceylon,1,Hadapan,KUALA LUMPUR,3.148944,101.704292,7,55c38deb-aae3-44c5-bfac-0bb919effec4,Wilayah Persekutuan Kuala Lumpur,137,WP Kuala Lumpur,1,Awam,1,Berfungsi,357.74,,1,Pillar Hydrant,120,Bukit Bintang,0000-00-00,0,KUALA LUMPUR_JLN HANG TUAH_ZON C_WANI_20052015,1,KUALA LUMPUR (WP),88beb013-6a67-4936-9afd-b84a072cb60f
314468,5d53d1a0-1a87-493d-b8bd-438a0ec19b1a,e795beb3-2cda-4ac4-b79d-7953221f1fb6,166,JHT,C,012,JHT-C-012,Persimpangan Jalan Ceylon,Persimpangan Jalan Ceylon,3,Berhampiran,KUALA LUMPUR,3.148097,101.706747,7,55c38deb-aae3-44c5-bfac-0bb919effec4,Wilayah Persekutuan Kuala Lumpur,137,WP Kuala Lumpur,1,Awam,4,Hilang,,,2,Ground Hydrant,120,Bukit Bintang,0000-00-00,0,KUALA LUMPUR_JLN HANG TUAH_ZON C_WANI_20052015,11,KUALALUMPUR (WP),e020035c-e1d1-481d-b224-6475deb88d49
314469,001024f8-745f-4102-95e7-15ca25f349c0,e795beb3-2cda-4ac4-b79d-7953221f1fb6,166,JHT,C,013,JHT-C-013,Sebelah Kanan Wisma Budiman Jalan Raja Chulan,Sebelah Kanan Wisma Budiman Jalan Raja Chulan,4,Tepi,KUALA LUMPUR,3.148839,101.701943,7,55c38deb-aae3-44c5-bfac-0bb919effec4,Wilayah Persekutuan Kuala Lumpur,137,WP Kuala Lumpur,1,Awam,1,Berfungsi,48.0961,,2,Ground Hydrant,120,Bukit Bintang,0000-00-00,0,KUALA LUMPUR_JLN HANG TUAH_ZON C_WANI_20052015,11,KUALALUMPUR (WP),e020035c-e1d1-481d-b224-6475deb88d49
314470,d4f28c6e-5de8-49de-a9c9-95233aa488fb,e795beb3-2cda-4ac4-b79d-7953221f1fb6,166,JHT,C,014,JHT-C-014,"Exsim Ceylonz Suites,Persiaran Raja Chulan ","Exsim Ceylonz Suites,Persiaran Raja Chulan ",4,Tepi,KUALA LUMPUR,3.148997,101.701568,7,55c38deb-aae3-44c5-bfac-0bb919effec4,Wilayah Persekutuan Kuala Lumpur,137,WP Kuala Lumpur,2,Swasta,1,Berfungsi,438.14,,3,Pressurize Hydrant,120,Bukit Bintang,0000-00-00,0,KUALA LUMPUR_JLN HANG TUAH_ZON C_WANI_20052015,45,KUALA LMPUR (WP),08d3c005-65d8-4c9b-b86d-53759fd3dff4
314471,302c7d3e-cfd6-4fd6-bbe8-af021f54412f,e795beb3-2cda-4ac4-b79d-7953221f1fb6,166,JHT,C,015,JHT-C-015,Depan Pintu Masuk Istana Pahang Jalan Persiaran Raja Chulan,Depan Pintu Masuk Istana Pahang Jalan Persiaran Raja Chulan,1,Hadapan,KUALA LUMPUR,3.147822,101.703045,7,55c38deb-aae3-44c5-bfac-0bb919effec4,Wilayah Persekutuan Kuala Lumpur,137,WP Kuala Lumpur,1,Awam,4,Hilang,,,2,Ground Hydrant,120,Bukit Bintang,0000-00-00,0,KUALA LUMPUR_JLN HANG TUAH_ZON C_WANI_20052015,11,KUALALUMPUR (WP),e020035c-e1d1-481d-b224-6475deb88d49
314472,6c476e47-af34-4d3e-8318-e25bea18bd94,e795beb3-2cda-4ac4-b79d-7953221f1fb6,166,JHT,C,016,JHT-C-016,Depan Kondo Villa Putra Jalan Persiaran Raja Chulan,Depan Kondo Villa Putra Jalan Persiaran Raja Chulan,1,Hadapan,KUALA LUMPUR,3.165373,101.69195,7,55c38deb-aae3-44c5-bfac-0bb919effec4,Wilayah Persekutuan Kuala Lumpur,137,WP Kuala Lumpur,2,Swasta,1,Berfungsi,158.995,images/img_pili/20220206202904404.jpg,1,Pillar Hydrant,120,Bukit Bintang,0000-00-00,0,KUALA LUMPUR_JLN HANG TUAH_ZON C_WANI_20052015,1,KUALA LUMPUR (WP),88beb013-6a67-4936-9afd-b84a072cb60f
314473,802b6d70-0a08-4695-9531-3d3fcedb0d81,e795beb3-2cda-4ac4-b79d-7953221f1fb6,166,JHT,C,017,JHT-C-017,Kiri Depan Kondo Villa Putra Jalan Persiaran Raja Chulan,Kiri Depan Kondo Villa Putra Jalan Persiaran Raja Chulan,4,Tepi,KUALA LUMPUR,3.147181,101.705754,7,55c38deb-aae3-44c5-bfac-0bb919effec4,Wilayah Persekutuan Kuala Lumpur,137,WP Kuala Lumpur,2,Swasta,1,Berfungsi,194.729,images/img_pili/20220206203232569.jpg,1,Pillar Hydrant,120,Bukit Bintang,0000-00-00,0,KUALA LUMPUR_JLN HANG TUAH_ZON C_WANI_20052015,1,KUALA LUMPUR (WP),88beb013-6a67-4936-9afd-b84a072cb60f
314474,f6f2dfa8-5197-41d2-ba01-62b4c35ce326,e795beb3-2cda-4ac4-b79d-7953221f1fb6,166,JHT,C,018,JHT-C-018,Tepi Kondo Villa sayang Jalan Persiaran raja Chulan,Tepi Kondo Villa sayang Jalan Persiaran raja Chulan,4,Tepi,KUALA LUMPUR,3.146359,101.705752,7,55c38deb-aae3-44c5-bfac-0bb919effec4,Wilayah Persekutuan Kuala Lumpur,137,WP Kuala Lumpur,2,Swasta,1,Berfungsi,194.729,images/img_pili/20220206204424673.jpg,1,Pillar Hydrant,120,Bukit Bintang,0000-00-00,0,KUALA LUMPUR_JLN HANG TUAH_ZON C_WANI_20052015,1,KUALA LUMPUR (WP),88beb013-6a67-4936-9afd-b84a072cb60f
314475,8357c946-3e16-4e8d-b4ff-2b497011780e,e795beb3-2cda-4ac4-b79d-7953221f1fb6,166,JHT,C,019,JHT-C-019,Depan Kondo Villa Putri Sri Garden Jalan Persiaran Raja Chulan,Depan Kondo Villa Putri Sri Garden Jalan Persiaran Raja Chulan,1,Hadapan,KUALA LUMPUR,3.147053,101.704298,7,55c38deb-aae3-44c5-bfac-0bb919effec4,Wilayah Persekutuan Kuala Lumpur,137,WP Kuala Lumpur,2,Swasta,1,Berfungsi,357.74,,1,Pillar Hydrant,120,Bukit Bintang,0000-00-00,0,KUALA LUMPUR_JLN HANG TUAH_ZON C_WANI_20052015,1,KUALA LUMPUR (WP),88beb013-6a67-4936-9afd-b84a072cb60f
314476,540a84fb-40bb-4b29-8999-53d6d803242c,e795beb3-2cda-4ac4-b79d-7953221f1fb6,166,JHT,C,020,JHT-C-020,Pintu Pagar Sek.Ren.Jenis Keb.Cina Nam Kai Jalan Persiaran Raja Chulan,Pintu Pagar Sek.Ren.Jenis Keb.Cina Nam Kai Jalan Persiaran Raja Chulan,1,Hadapan,KUALA LUMPUR,3.146981,101.704377,7,55c38deb-aae3-44c5-bfac-0bb919effec4,Wilayah Persekutuan Kuala Lumpur,137,WP Kuala Lumpur,1,Awam,2,Tidak Berfungsi,0,images/img_pili/20220206221242996.jpg,1,Pillar Hydrant,120,Bukit Bintang,0000-00-00,0,KUALA LUMPUR_JLN HANG TUAH_ZON C_WANI_20052015,1,KUALA LUMPUR (WP),88beb013-6a67-4936-9afd-b84a072cb60f
314477,345e8676-2516-4617-bfce-138d4819907d,e795beb3-2cda-4ac4-b79d-7953221f1fb6,166,JHT,C,021,JHT-C-021,Dalam Kawasan Parking Kereta Kondo Angkasa Impian 1 Jln Persiaran Raja Chulan,Dalam Kawasan Parking Kereta Kondo Angkasa Impian 1 Jln Persiaran Raja Chulan,1,Hadapan,KUALA LUMPUR,3.145524,101.706458,7,55c38deb-aae3-44c5-bfac-0bb919effec4,Wilayah Persekutuan Kuala Lumpur,137,WP Kuala Lumpur,2,Swasta,1,Berfungsi,357.74,,1,Pillar Hydrant,120,Bukit Bintang,0000-00-00,0,KUALA LUMPUR_JLN HANG TUAH_ZON C_WANI_20052015,1,KUALA LUMPUR (WP),88beb013-6a67-4936-9afd-b84a072cb60f
314478,8c1f1e3b-1947-47ac-b5c6-c67774c8e9a4,e795beb3-2cda-4ac4-b79d-7953221f1fb6,166,JHT,C,022,JHT-C-022,Belakang Kondo Angkasa Impian 1 Jalan Persiaran Chulan,Belakang Kondo Angkasa Impian 1 Jalan Persiaran Chulan,2,Belakang,KUALA LUMPUR,3.146166,101.706694,7,55c38deb-aae3-44c5-bfac-0bb919effec4,Wilayah Persekutuan Kuala Lumpur,137,WP Kuala Lumpur,2,Swasta,1,Berfungsi,357.74,,1,Pillar Hydrant,120,Bukit Bintang,0000-00-00,0,KUALA LUMPUR_JLN HANG TUAH_ZON C_WANI_20052015,1,KUALA LUMPUR (WP),88beb013-6a67-4936-9afd-b84a072cb60f
314479,34f4d562-ca40-411b-9b1f-4d4cd1cc98d5,e795beb3-2cda-4ac4-b79d-7953221f1fb6,166,JHT,C,023,JHT-C-023,Hadapan Bangunan KWSP Jalan Changkat Raja Chulan,Hadapan Bangunan KWSP Jalan Changkat Raja Chulan,1,Hadapan,KUALA LUMPUR,3.149637,101.705471,7,55c38deb-aae3-44c5-bfac-0bb919effec4,Wilayah Persekutuan Kuala Lumpur,137,WP Kuala Lumpur,2,Swasta,1,Berfungsi,357.74,images/img_pili/20220206221800737.jpg,1,Pillar Hydrant,120,Bukit Bintang,0000-00-00,0,KUALA LUMPUR_JLN HANG TUAH_ZON C_WANI_20052015,1,KUALA LUMPUR (WP),88beb013-6a67-4936-9afd-b84a072cb60f
314480,38aa2188-9349-4890-999b-1aace33495b1,e795beb3-2cda-4ac4-b79d-7953221f1fb6,166,JHT,C,024,JHT-C-024,Depan Bangunan Menara Maplelee  Jalan Changkat Raja Chulan,Depan Bangunan Menara Maplelee  Jalan Changkat Raja Chulan,1,Hadapan,KUALA LUMPUR,3.149852,101.705042,7,55c38deb-aae3-44c5-bfac-0bb919effec4,Wilayah Persekutuan Kuala Lumpur,137,WP Kuala Lumpur,2,Swasta,1,Berfungsi,357.74,,1,Pillar Hydrant,120,Bukit Bintang,0000-00-00,0,KUALA LUMPUR_JLN HANG TUAH_ZON C_WANI_20052015,1,KUALA LUMPUR (WP),88beb013-6a67-4936-9afd-b84a072cb60f
314481,5f616c9f-d24e-41ce-9285-531b3cbe1352,e795beb3-2cda-4ac4-b79d-7953221f1fb6,166,JHT,C,025,JHT-C-025,Depan Citin Hotel Jalan Pudu,Depan Citin Hotel Jalan Pudu,1,Hadapan,KUALA LUMPUR,3.146046,101.701275,7,55c38deb-aae3-44c5-bfac-0bb919effec4,Wilayah Persekutuan Kuala Lumpur,137,WP Kuala Lumpur,1,Awam,2,Tidak Berfungsi,0,,2,Ground Hydrant,120,Bukit Bintang,0000-00-00,0,KUALA LUMPUR_JLN HANG TUAH_ZON C_WANI_20052015,11,KUALALUMPUR (WP),e020035c-e1d1-481d-b224-6475deb88d49
314482,eed7f358-e422-4ec5-996d-b67371fa26d4,e795beb3-2cda-4ac4-b79d-7953221f1fb6,166,JHT,C,026,JHT-C-026,Depan Parking Kereta Bekas Tapak Pam Minyak Shell Pudu Raya Jalan Pudu,Depan Parking Kereta Bekas Tapak Pam Minyak Shell Pudu Raya Jalan Pudu,1,Hadapan,KUALA LUMPUR,3.145695,101.70266,7,55c38deb-aae3-44c5-bfac-0bb919effec4,Wilayah Persekutuan Kuala Lumpur,137,WP Kuala Lumpur,1,Awam,1,Berfungsi,252.96,,1,Pillar Hydrant,120,Bukit Bintang,0000-00-00,0,KUALA LUMPUR_JLN HANG TUAH_ZON C_WANI_20052015,1,KUALA LUMPUR (WP),88beb013-6a67-4936-9afd-b84a072cb60f
314483,3f346e75-18a1-4394-ba57-eb298b7f6fcd,e795beb3-2cda-4ac4-b79d-7953221f1fb6,166,JHT,C,027,JHT-C-027,Parking Kereta Bekas Tapak Shell Sebelah Hospital Tung Shin Jalan Pudu,Parking Kereta Bekas Tapak Shell Sebelah Hospital Tung Shin Jalan Pudu,3,Berhampiran,KUALA LUMPUR,3.145546,101.703346,7,55c38deb-aae3-44c5-bfac-0bb919effec4,Wilayah Persekutuan Kuala Lumpur,137,WP Kuala Lumpur,1,Awam,1,Berfungsi,39.7488,,1,Pillar Hydrant,120,Bukit Bintang,0000-00-00,0,KUALA LUMPUR_JLN HANG TUAH_ZON C_WANI_20052015,1,KUALA LUMPUR (WP),88beb013-6a67-4936-9afd-b84a072cb60f
314484,cde97a25-bb1f-4ee2-855b-1986cbd1f5e0,e795beb3-2cda-4ac4-b79d-7953221f1fb6,166,JHT,C,028,JHT-C-028,Hadapan Bangunan Hospital Tung Shin Jalan Pudu,Hadapan Bangunan Hospital Tung Shin Jalan Pudu,1,Hadapan,KUALA LUMPUR,3.145722,101.703915,7,55c38deb-aae3-44c5-bfac-0bb919effec4,Wilayah Persekutuan Kuala Lumpur,137,WP Kuala Lumpur,2,Swasta,1,Berfungsi,28.1067,,1,Pillar Hydrant,120,Bukit Bintang,0000-00-00,0,KUALA LUMPUR_JLN HANG TUAH_ZON C_WANI_20052015,45,KUALA LMPUR (WP),08d3c005-65d8-4c9b-b86d-53759fd3dff4
314485,adaf0f37-54af-4209-901b-c9da18a35016,e795beb3-2cda-4ac4-b79d-7953221f1fb6,166,JHT,C,029,JHT-C-029,Dalam Kawasan Depan Bangunan Baru Hospital Tung Shin Jalan Pudu,Dalam Kawasan Depan Bangunan Baru Hospital Tung Shin Jalan Pudu,1,Hadapan,KUALA LUMPUR,3.146298,101.703865,7,55c38deb-aae3-44c5-bfac-0bb919effec4,Wilayah Persekutuan Kuala Lumpur,137,WP Kuala Lumpur,2,Swasta,1,Berfungsi,28.1067,,1,Pillar Hydrant,120,Bukit Bintang,0000-00-00,0,KUALA LUMPUR_JLN HANG TUAH_ZON C_WANI_20052015,45,KUALA LMPUR (WP),08d3c005-65d8-4c9b-b86d-53759fd3dff4
314486,742737f5-4c31-4bc0-a9eb-4c52f619e655,e795beb3-2cda-4ac4-b79d-7953221f1fb6,166,JHT,C,030,JHT-C-030,Dalam Kawasan Belakang Bangunan Baru Hospital Tung Shin Jalan Pudu,Dalam Kawasan Belakang Bangunan Baru Hospital Tung Shin Jalan Pudu,2,Belakang,KUALA LUMPUR,3.146786,101.703775,7,55c38deb-aae3-44c5-bfac-0bb919effec4,Wilayah Persekutuan Kuala Lumpur,137,WP Kuala Lumpur,2,Swasta,1,Berfungsi,28.1067,,1,Pillar Hydrant,120,Bukit Bintang,0000-00-00,0,KUALA LUMPUR_JLN HANG TUAH_ZON C_WANI_20052015,45,KUALA LMPUR (WP),08d3c005-65d8-4c9b-b86d-53759fd3dff4
314487,87788b53-a7f2-4a76-a80f-21fa8c33a3cc,e795beb3-2cda-4ac4-b79d-7953221f1fb6,166,JHT,C,031,JHT-C-031,Dalam Kawasan Hospital Tung Shin Dekat Pam House,Dalam Kawasan Hospital Tung Shin Dekat Pam House,1,Hadapan,KUALA LUMPUR,3.146111,101.704636,7,55c38deb-aae3-44c5-bfac-0bb919effec4,Wilayah Persekutuan Kuala Lumpur,137,WP Kuala Lumpur,2,Swasta,1,Berfungsi,252.96,,1,Pillar Hydrant,120,Bukit Bintang,0000-00-00,0,KUALA LUMPUR_JLN HANG TUAH_ZON C_WANI_20052015,11,KUALALUMPUR (WP),e020035c-e1d1-481d-b224-6475deb88d49
314488,55db731c-e99d-4afe-b72d-ebb79eaa7ae3,e795beb3-2cda-4ac4-b79d-7953221f1fb6,166,JHT,C,032,JHT-C-032,Tepi Jalan Luar Parking Kereta Hospital Tung Shin,Tepi Jalan Luar Parking Kereta Hospital Tung Shin,4,Tepi,KUALA LUMPUR,3.14535,101.704439,7,55c38deb-aae3-44c5-bfac-0bb919effec4,Wilayah Persekutuan Kuala Lumpur,137,WP Kuala Lumpur,2,Swasta,1,Berfungsi,252.96,,1,Pillar Hydrant,120,Bukit Bintang,0000-00-00,0,KUALA LUMPUR_JLN HANG TUAH_ZON C_WANI_20052015,1,KUALA LUMPUR (WP),88beb013-6a67-4936-9afd-b84a072cb60f
314489,eb3d0a6e-f01b-429d-9268-0a2ed60c7991,e795beb3-2cda-4ac4-b79d-7953221f1fb6,166,JHT,C,033,JHT-C-033,Kawasan Parking Kereta Hospital CMH Jalan Pudu,Kawasan Parking Kereta Hospital CMH Jalan Pudu,3,Berhampiran,KUALA LUMPUR,3.145781,101.704849,7,55c38deb-aae3-44c5-bfac-0bb919effec4,Wilayah Persekutuan Kuala Lumpur,137,WP Kuala Lumpur,2,Swasta,1,Berfungsi,252.96,,1,Pillar Hydrant,120,Bukit Bintang,0000-00-00,0,KUALA LUMPUR_JLN HANG TUAH_ZON C_WANI_20052015,89,KUALA  LUMPUR (WP),53aa1806-b81f-4985-8066-6a9cf92f1446
314490,9fbd6a81-aa35-461d-8fad-16fecad42f40,e795beb3-2cda-4ac4-b79d-7953221f1fb6,166,JHT,C,034,JHT-C-034,Kawasan Parking Kereta Hospital CMH Jalan Pudu,Kawasan Parking Kereta Hospital CMH Jalan Pudu,3,Berhampiran,KUALA LUMPUR,3.145459,101.704999,7,55c38deb-aae3-44c5-bfac-0bb919effec4,Wilayah Persekutuan Kuala Lumpur,137,WP Kuala Lumpur,2,Swasta,1,Berfungsi,357.74,images/img_pili/20220212100542588.jpg,1,Pillar Hydrant,120,Bukit Bintang,0000-00-00,0,KUALA LUMPUR_JLN HANG TUAH_ZON C_WANI_20052015,1,KUALA LUMPUR (WP),88beb013-6a67-4936-9afd-b84a072cb60f
314491,2c491e0d-25b9-4ef6-be99-72fab6e17747,e795beb3-2cda-4ac4-b79d-7953221f1fb6,166,JHT,C,035,JHT-C-035,Pintu Masuk Hospital CMH Jalan Pudu,Pintu Masuk Hospital CMH Jalan Pudu,1,Hadapan,KUALA LUMPUR,3.145481,101.704913,7,55c38deb-aae3-44c5-bfac-0bb919effec4,Wilayah Persekutuan Kuala Lumpur,137,WP Kuala Lumpur,1,Awam,1,Berfungsi,357.74,images/img_pili/20220212101007703.jpg,1,Pillar Hydrant,120,Bukit Bintang,0000-00-00,0,KUALA LUMPUR_JLN HANG TUAH_ZON C_WANI_20052015,1,KUALA LUMPUR (WP),88beb013-6a67-4936-9afd-b84a072cb60f
314492,1596fb48-c92e-4e71-bbf4-4ad5a33920ef,e795beb3-2cda-4ac4-b79d-7953221f1fb6,166,JHT,C,036,JHT-C-036,Belakang Swiss Garden Hotel Kuala Lumpur,Belakang Swiss Garden Hotel Kuala Lumpur,2,Belakang,KUALA LUMPUR,3.143993,101.705338,7,55c38deb-aae3-44c5-bfac-0bb919effec4,Wilayah Persekutuan Kuala Lumpur,137,WP Kuala Lumpur,2,Swasta,1,Berfungsi,357.74,images/img_pili/20220212171345586.jpg,3,Pressurize Hydrant,120,Bukit Bintang,0000-00-00,0,KUALA LUMPUR_JLN HANG TUAH_ZON C_WANI_20052015,1,KUALA LUMPUR (WP),88beb013-6a67-4936-9afd-b84a072cb60f
314493,69c06a14-dedc-47c8-95fe-5c9c4a8499e9,e795beb3-2cda-4ac4-b79d-7953221f1fb6,166,JHT,C,037,JHT-C-037,Parking Kereta Bangunan Hospital Tung Shin Jalan Pudu,Parking Kereta Bangunan Hospital Tung Shin Jalan Pudu,3,Berhampiran,KUALA LUMPUR,3.146387,101.704381,7,55c38deb-aae3-44c5-bfac-0bb919effec4,Wilayah Persekutuan Kuala Lumpur,137,WP Kuala Lumpur,2,Swasta,1,Berfungsi,357.74,images/img_pili/20220212172433581.jpg,1,Pillar Hydrant,120,Bukit Bintang,0000-00-00,0,KUALA LUMPUR_JLN HANG TUAH_ZON C_WANI_20052015,1,KUALA LUMPUR (WP),88beb013-6a67-4936-9afd-b84a072cb60f
314494,52256d0a-1eb8-472c-8da3-84c24bb05573,e795beb3-2cda-4ac4-b79d-7953221f1fb6,166,JHT,C,038,JHT-C-038,Depan Bangunan No 37 Jalan Pudu Lama,Depan Bangunan No 37 Jalan Pudu Lama,1,Hadapan,KUALA LUMPUR,3.14649,101.701203,7,55c38deb-aae3-44c5-bfac-0bb919effec4,Wilayah Persekutuan Kuala Lumpur,137,WP Kuala Lumpur,1,Awam,1,Berfungsi,252.96,images/img_pili/20220212172156513.jpg,1,Pillar Hydrant,120,Bukit Bintang,0000-00-00,0,KUALA LUMPUR_JLN HANG TUAH_ZON C_WANI_20052015,1,KUALA LUMPUR (WP),88beb013-6a67-4936-9afd-b84a072cb60f
314495,754fd684-06c9-4c85-b79b-270753847b70,e795beb3-2cda-4ac4-b79d-7953221f1fb6,166,JHT,C,039,JHT-C-039,Tepi Restoran Kelasik Jalan Pudu Lama Off Jalan Pudu,Tepi Restoran Kelasik Jalan Pudu Lama Off Jalan Pudu,4,Tepi,KUALA LUMPUR,3.146359,101.701523,7,55c38deb-aae3-44c5-bfac-0bb919effec4,Wilayah Persekutuan Kuala Lumpur,137,WP Kuala Lumpur,1,Awam,1,Berfungsi,28.1067,,1,Pillar Hydrant,120,Bukit Bintang,0000-00-00,0,KUALA LUMPUR_JLN HANG TUAH_ZON C_WANI_20052015,1,KUALA LUMPUR (WP),88beb013-6a67-4936-9afd-b84a072cb60f
314496,82482714-76c9-4ae0-a474-c5c3f5680dae,e795beb3-2cda-4ac4-b79d-7953221f1fb6,166,JHT,C,040,JHT-C-040,Depan Wisma G2 Jalan Bukit Mahkamah,Depan Wisma G2 Jalan Bukit Mahkamah,1,Hadapan,KUALA LUMPUR,3.146209,101.700922,7,55c38deb-aae3-44c5-bfac-0bb919effec4,Wilayah Persekutuan Kuala Lumpur,137,WP Kuala Lumpur,1,Awam,1,Berfungsi,39.7488,,1,Pillar Hydrant,120,Bukit Bintang,0000-00-00,0,KUALA LUMPUR_JLN HANG TUAH_ZON C_WANI_20052015,1,KUALA LUMPUR (WP),88beb013-6a67-4936-9afd-b84a072cb60f
314497,7ddf7dc0-0e44-4ab6-ad75-0c21e6eef1bf,e795beb3-2cda-4ac4-b79d-7953221f1fb6,166,JHT,C,041,JHT-C-041,Hadapan Jalan Masuk Menara MayBank Jalan Bukit Mahkamah,Hadapan Jalan Masuk Menara MayBank Jalan Bukit Mahkamah,1,Hadapan,KUALA LUMPUR,3.147273,101.699535,7,55c38deb-aae3-44c5-bfac-0bb919effec4,Wilayah Persekutuan Kuala Lumpur,137,WP Kuala Lumpur,2,Swasta,1,Berfungsi,158.995,,1,Pillar Hydrant,120,Bukit Bintang,0000-00-00,0,KUALA LUMPUR_JLN HANG TUAH_ZON C_WANI_20052015,1,KUALA LUMPUR (WP),88beb013-6a67-4936-9afd-b84a072cb60f
314498,3000ecc1-7887-4d33-bdf5-40d81d07c938,e795beb3-2cda-4ac4-b79d-7953221f1fb6,166,JHT,C,042,JHT-C-042,Depan Gerai Makan Dalam Kawasan Menara MayBank,Depan Gerai Makan Dalam Kawasan Menara MayBank,1,Hadapan,KUALA LUMPUR,3.14706,101.699731,7,55c38deb-aae3-44c5-bfac-0bb919effec4,Wilayah Persekutuan Kuala Lumpur,137,WP Kuala Lumpur,2,Swasta,1,Berfungsi,158.995,,1,Pillar Hydrant,120,Bukit Bintang,0000-00-00,0,KUALA LUMPUR_JLN HANG TUAH_ZON C_WANI_20052015,1,KUALA LUMPUR (WP),88beb013-6a67-4936-9afd-b84a072cb60f
314499,7bfde394-286a-42c3-aa64-25667c044ff9,e795beb3-2cda-4ac4-b79d-7953221f1fb6,166,JHT,C,043,JHT-C-043,Depan Jalan Masuk Menara MayBank,Depan Jalan Masuk Menara MayBank,1,Hadapan,KUALA LUMPUR,3.147017,101.699216,7,55c38deb-aae3-44c5-bfac-0bb919effec4,Wilayah Persekutuan Kuala Lumpur,137,WP Kuala Lumpur,2,Swasta,1,Berfungsi,252.96,,1,Pillar Hydrant,120,Bukit Bintang,0000-00-00,0,KUALA LUMPUR_JLN HANG TUAH_ZON C_WANI_20052015,1,KUALA LUMPUR (WP),88beb013-6a67-4936-9afd-b84a072cb60f
314500,e9b42038-e9cd-4619-bb56-20bd103d3395,e795beb3-2cda-4ac4-b79d-7953221f1fb6,166,JHT,C,044,JHT-C-044,Kawasan Parking Motor Menara MayBank,Kawasan Parking Motor Menara MayBank,3,Berhampiran,KUALA LUMPUR,3.147446,101.69956,7,55c38deb-aae3-44c5-bfac-0bb919effec4,Wilayah Persekutuan Kuala Lumpur,137,WP Kuala Lumpur,2,Swasta,1,Berfungsi,252.96,,1,Pillar Hydrant,120,Bukit Bintang,0000-00-00,0,KUALA LUMPUR_JLN HANG TUAH_ZON C_WANI_20052015,1,KUALA LUMPUR (WP),88beb013-6a67-4936-9afd-b84a072cb60f
314501,eb2f2647-cc39-4906-9447-5a0bb41732c0,e795beb3-2cda-4ac4-b79d-7953221f1fb6,166,JHT,C,045,JHT-C-045,Belakang Menara MayBank Jalan Bukit Mahkamah,Belakang Menara MayBank Jalan Bukit Mahkamah,2,Belakang,KUALA LUMPUR,3.147403,101.699302,7,55c38deb-aae3-44c5-bfac-0bb919effec4,Wilayah Persekutuan Kuala Lumpur,137,WP Kuala Lumpur,2,Swasta,1,Berfungsi,252.96,,1,Pillar Hydrant,120,Bukit Bintang,0000-00-00,0,KUALA LUMPUR_JLN HANG TUAH_ZON C_WANI_20052015,1,KUALA LUMPUR (WP),88beb013-6a67-4936-9afd-b84a072cb60f
314502,df6a56cf-f3ea-4a13-baa4-5213545c70bb,e795beb3-2cda-4ac4-b79d-7953221f1fb6,166,JHT,C,046,JHT-C-046,Depan Bangunan BSKL Jalan Bukit Mahkamah,Depan Bangunan BSKL Jalan Bukit Mahkamah,1,Hadapan,KUALA LUMPUR,3.147859,101.701051,7,55c38deb-aae3-44c5-bfac-0bb919effec4,Wilayah Persekutuan Kuala Lumpur,137,WP Kuala Lumpur,2,Swasta,1,Berfungsi,252.96,,1,Pillar Hydrant,120,Bukit Bintang,0000-00-00,0,KUALA LUMPUR_JLN HANG TUAH_ZON C_WANI_20052015,1,KUALA LUMPUR (WP),88beb013-6a67-4936-9afd-b84a072cb60f
314503,96173749-2b4c-47ef-824a-ea7a9eb929b9,e795beb3-2cda-4ac4-b79d-7953221f1fb6,166,JHT,C,047,JHT-C-047,Belakang Bangunan BSKL Jalan Persiaran MayBank,Belakang Bangunan BSKL Jalan Persiaran MayBank,2,Belakang,KUALA LUMPUR,3.148073,101.701351,7,55c38deb-aae3-44c5-bfac-0bb919effec4,Wilayah Persekutuan Kuala Lumpur,137,WP Kuala Lumpur,2,Swasta,1,Berfungsi,252.96,,1,Pillar Hydrant,120,Bukit Bintang,0000-00-00,0,KUALA LUMPUR_JLN HANG TUAH_ZON C_WANI_20052015,1,KUALA LUMPUR (WP),88beb013-6a67-4936-9afd-b84a072cb60f
314504,1f65561e-0a71-4a91-8dae-426eead67d34,e795beb3-2cda-4ac4-b79d-7953221f1fb6,166,JHT,C,048,JHT-C-048,Kiri Depan Bangunan BSKL Jalan Persiaran MayBank,Kiri Depan Bangunan BSKL Jalan Persiaran MayBank,1,Hadapan,KUALA LUMPUR,3.147688,101.701201,7,55c38deb-aae3-44c5-bfac-0bb919effec4,Wilayah Persekutuan Kuala Lumpur,137,WP Kuala Lumpur,2,Swasta,1,Berfungsi,357.74,,1,Pillar Hydrant,120,Bukit Bintang,0000-00-00,0,KUALA LUMPUR_JLN HANG TUAH_ZON C_WANI_20052015,1,KUALA LUMPUR (WP),88beb013-6a67-4936-9afd-b84a072cb60f
314505,bdca9986-042f-4ceb-8a31-50aecb961cff,e795beb3-2cda-4ac4-b79d-7953221f1fb6,166,JHT,C,049,JHT-C-049,Tepi Pasifik Insurance Jalan Raja Chulan,Tepi Pasifik Insurance Jalan Raja Chulan,3,Berhampiran,KUALA LUMPUR,3.154756,101.707497,7,55c38deb-aae3-44c5-bfac-0bb919effec4,Wilayah Persekutuan Kuala Lumpur,137,WP Kuala Lumpur,1,Awam,1,Berfungsi,357.74,,1,Pillar Hydrant,120,Bukit Bintang,0000-00-00,0,KUALA LUMPUR_JLN HANG TUAH_ZON C_WANI_20052015,1,KUALA LUMPUR (WP),88beb013-6a67-4936-9afd-b84a072cb60f
314506,154e9cc3-ddcb-4f0a-b1fb-ee9c6802955e,e795beb3-2cda-4ac4-b79d-7953221f1fb6,166,JHT,C,050,JHT-C-050,Depan Bangunan In House  Jalan Raja Chulan,Depan Bangunan In House  Jalan Raja Chulan,1,Hadapan,KUALA LUMPUR,3.14839,101.699402,7,55c38deb-aae3-44c5-bfac-0bb919effec4,Wilayah Persekutuan Kuala Lumpur,137,WP Kuala Lumpur,1,Awam,1,Berfungsi,357.74,images/img_pili/20220212184240868.jpg,1,Pillar Hydrant,120,Bukit Bintang,0000-00-00,0,KUALA LUMPUR_JLN HANG TUAH_ZON C_WANI_20052015,1,KUALA LUMPUR (WP),88beb013-6a67-4936-9afd-b84a072cb60f
314507,63d8e1d3-8e4c-4a08-b08f-8f6b3c39659f,e795beb3-2cda-4ac4-b79d-7953221f1fb6,166,JHT,C,051,JHT-C-051,Jalan Masuk Parking Bawah Tanah Menara MayBank,Jalan Masuk Parking Bawah Tanah Menara MayBank,4,Tepi,KUALA LUMPUR,3.147323,101.699249,7,55c38deb-aae3-44c5-bfac-0bb919effec4,Wilayah Persekutuan Kuala Lumpur,137,WP Kuala Lumpur,2,Swasta,1,Berfungsi,158.995,,1,Pillar Hydrant,120,Bukit Bintang,0000-00-00,0,KUALA LUMPUR_JLN HANG TUAH_ZON C_WANI_20052015,1,KUALA LUMPUR (WP),88beb013-6a67-4936-9afd-b84a072cb60f
314508,ef7e91d3-119e-42c2-94cf-d0a1b0d43109,e795beb3-2cda-4ac4-b79d-7953221f1fb6,166,JHT,C,052,JHT-C-052,Depan Bangunan yayasan Selangor Jalan Bukit Bintang,Depan Bangunan yayasan Selangor Jalan Bukit Bintang,1,Hadapan,KUALA LUMPUR,3.146124,101.711007,7,55c38deb-aae3-44c5-bfac-0bb919effec4,Wilayah Persekutuan Kuala Lumpur,137,WP Kuala Lumpur,1,Awam,2,Tidak Berfungsi,0,,1,Pillar Hydrant,120,Bukit Bintang,0000-00-00,0,KUALA LUMPUR_JLN HANG TUAH_ZON C_WANI_20052015,1,KUALA LUMPUR (WP),88beb013-6a67-4936-9afd-b84a072cb60f
314509,0faad307-1541-4b0b-8f32-b1cd321808a0,e795beb3-2cda-4ac4-b79d-7953221f1fb6,166,JHT,C,053,JHT-C-053,Depan Pejabat UDA Holding Jalan Bukit Bintang,Depan Pejabat UDA Holding Jalan Bukit Bintang,1,Hadapan,KUALA LUMPUR,3.145245,101.710814,7,55c38deb-aae3-44c5-bfac-0bb919effec4,Wilayah Persekutuan Kuala Lumpur,137,WP Kuala Lumpur,2,Swasta,2,Tidak Berfungsi,0,,1,Pillar Hydrant,120,Bukit Bintang,0000-00-00,0,KUALA LUMPUR_JLN HANG TUAH_ZON C_WANI_20052015,1,KUALA LUMPUR (WP),88beb013-6a67-4936-9afd-b84a072cb60f
314510,34fb4350-8fea-4707-a2d8-b87467b25d72,e795beb3-2cda-4ac4-b79d-7953221f1fb6,166,JHT,C,054,JHT-C-054,Sebelah Kanan Plaza Bukit Bintang Jalan Bukit Bintang,Sebelah Kanan Plaza Bukit Bintang Jalan Bukit Bintang,4,Tepi,KUALA LUMPUR,3.14568,101.71006,7,55c38deb-aae3-44c5-bfac-0bb919effec4,Wilayah Persekutuan Kuala Lumpur,137,WP Kuala Lumpur,1,Awam,2,Tidak Berfungsi,0,,1,Pillar Hydrant,120,Bukit Bintang,0000-00-00,0,KUALA LUMPUR_JLN HANG TUAH_ZON C_WANI_20052015,1,KUALA LUMPUR (WP),88beb013-6a67-4936-9afd-b84a072cb60f
314511,03934f0a-34a3-435b-bac8-1d5b355c8a58,e795beb3-2cda-4ac4-b79d-7953221f1fb6,166,JHT,C,055,JHT-C-055,Depan Bangunan Bank CIMB Jalan Bukit Bintang,Depan Bangunan Bank CIMB Jalan Bukit Bintang,1,Hadapan,KUALA LUMPUR,3.14491,101.70915,7,55c38deb-aae3-44c5-bfac-0bb919effec4,Wilayah Persekutuan Kuala Lumpur,137,WP Kuala Lumpur,1,Awam,1,Berfungsi,252.96,,1,Pillar Hydrant,120,Bukit Bintang,0000-00-00,0,KUALA LUMPUR_JLN HANG TUAH_ZON C_WANI_20052015,1,KUALA LUMPUR (WP),88beb013-6a67-4936-9afd-b84a072cb60f
314512,76f85b75-bf55-487d-825d-dd09a16941c2,e795beb3-2cda-4ac4-b79d-7953221f1fb6,166,JHT,C,056,JHT-C-056,Sebelah Kiri Depan Royale Bintang Hotel Jalan Bukit Bintang,Sebelah Kiri Depan Royale Bintang Hotel Jalan Bukit Bintang,4,Tepi,KUALA LUMPUR,3.144174,101.708341,7,55c38deb-aae3-44c5-bfac-0bb919effec4,Wilayah Persekutuan Kuala Lumpur,137,WP Kuala Lumpur,1,Awam,1,Berfungsi,252.96,,1,Pillar Hydrant,120,Bukit Bintang,0000-00-00,0,KUALA LUMPUR_JLN HANG TUAH_ZON C_WANI_20052015,1,KUALA LUMPUR (WP),88beb013-6a67-4936-9afd-b84a072cb60f
314513,b03a8ae5-29c7-45a8-ab38-c1310e19e3dd,e795beb3-2cda-4ac4-b79d-7953221f1fb6,166,JHT,C,057,JHT-C-057,Pintu Masuk Parking Kereta Sun Komplek Jalan Bukit Bintang,Pintu Masuk Parking Kereta Sun Komplek Jalan Bukit Bintang,1,Hadapan,KUALA LUMPUR,3.143364,101.708653,7,55c38deb-aae3-44c5-bfac-0bb919effec4,Wilayah Persekutuan Kuala Lumpur,137,WP Kuala Lumpur,1,Awam,1,Berfungsi,252.96,,2,Ground Hydrant,120,Bukit Bintang,0000-00-00,0,KUALA LUMPUR_JLN HANG TUAH_ZON C_WANI_20052015,1,KUALA LUMPUR (WP),88beb013-6a67-4936-9afd-b84a072cb60f
314514,59a7f902-e731-4d93-97a3-590ff137cf29,e795beb3-2cda-4ac4-b79d-7953221f1fb6,166,JHT,C,058,JHT-C-058,Belakang Royale Bintang Hotel Jalan Bukit Bintang,Belakang Royale Bintang Hotel Jalan Bukit Bintang,2,Belakang,KUALA LUMPUR,3.144238,101.708819,7,55c38deb-aae3-44c5-bfac-0bb919effec4,Wilayah Persekutuan Kuala Lumpur,137,WP Kuala Lumpur,1,Awam,1,Berfungsi,252.96,,1,Pillar Hydrant,120,Bukit Bintang,0000-00-00,0,KUALA LUMPUR_JLN HANG TUAH_ZON C_WANI_20052015,1,KUALA LUMPUR (WP),88beb013-6a67-4936-9afd-b84a072cb60f
314515,277f1c46-d2ea-4c9e-9dca-5b791ee9aec1,e795beb3-2cda-4ac4-b79d-7953221f1fb6,166,JHT,C,059,JHT-C-059,Sebelah Kiri Bangunan Federal Hotel Jalan Bukit Bintang,Sebelah Kiri Bangunan Federal Hotel Jalan Bukit Bintang,3,Berhampiran,KUALA LUMPUR,3.144497,101.708652,7,55c38deb-aae3-44c5-bfac-0bb919effec4,Wilayah Persekutuan Kuala Lumpur,137,WP Kuala Lumpur,1,Awam,1,Berfungsi,252.96,,1,Pillar Hydrant,120,Bukit Bintang,0000-00-00,0,KUALA LUMPUR_JLN HANG TUAH_ZON C_WANI_20052015,1,KUALA LUMPUR (WP),88beb013-6a67-4936-9afd-b84a072cb60f
314516,e3d97b32-4ef3-4ef3-8f0a-fc7ca312467f,e795beb3-2cda-4ac4-b79d-7953221f1fb6,166,JHT,C,060,JHT-C-060,Depan Metrojaya Jalan Bulan Off Jalan Bukit Bintang,Depan Metrojaya Jalan Bulan Off Jalan Bukit Bintang,4,Tepi,KUALA LUMPUR,3.144602,101.710407,7,55c38deb-aae3-44c5-bfac-0bb919effec4,Wilayah Persekutuan Kuala Lumpur,137,WP Kuala Lumpur,2,Swasta,1,Berfungsi,252.96,,1,Pillar Hydrant,120,Bukit Bintang,0000-00-00,0,KUALA LUMPUR_JLN HANG TUAH_ZON C_WANI_20052015,1,KUALA LUMPUR (WP),88beb013-6a67-4936-9afd-b84a072cb60f
314517,9384387b-0b1d-477d-87c7-bb92e73b0243,e795beb3-2cda-4ac4-b79d-7953221f1fb6,166,JHT,C,061,JHT-C-061,Kanan Jalan Masuk Parking Kereta Metrojaya Jalan Bulan,Kanan Jalan Masuk Parking Kereta Metrojaya Jalan Bulan,1,Hadapan,KUALA LUMPUR,3.144852,101.710315,7,55c38deb-aae3-44c5-bfac-0bb919effec4,Wilayah Persekutuan Kuala Lumpur,137,WP Kuala Lumpur,2,Swasta,1,Berfungsi,252.96,,1,Pillar Hydrant,120,Bukit Bintang,0000-00-00,0,KUALA LUMPUR_JLN HANG TUAH_ZON C_WANI_20052015,1,KUALA LUMPUR (WP),88beb013-6a67-4936-9afd-b84a072cb60f
314518,fcc7c09d-3c7a-4b69-a2df-c56fafe23c93,e795beb3-2cda-4ac4-b79d-7953221f1fb6,166,JHT,C,062,JHT-C-062,Kanan Belakang Sungei Wang Plaza Jalan Bulan-Bulan,Kanan Belakang Sungei Wang Plaza Jalan Bulan-Bulan,2,Belakang,KUALA LUMPUR,3.144166,101.711195,7,55c38deb-aae3-44c5-bfac-0bb919effec4,Wilayah Persekutuan Kuala Lumpur,137,WP Kuala Lumpur,2,Swasta,1,Berfungsi,252.96,,1,Pillar Hydrant,120,Bukit Bintang,0000-00-00,0,KUALA LUMPUR_JLN HANG TUAH_ZON C_WANI_20052015,1,KUALA LUMPUR (WP),88beb013-6a67-4936-9afd-b84a072cb60f
314519,e0f38bed-e45a-457c-b441-714484724914,e795beb3-2cda-4ac4-b79d-7953221f1fb6,166,JHT,C,063,JHT-C-063,Sebelah Kiri Belakang Sungei Wang Palza Jalan Bulan-Bulan,Sebelah Kiri Belakang Sungei Wang Palza Jalan Bulan-Bulan,2,Belakang,KUALA LUMPUR,3.144637,101.711807,7,55c38deb-aae3-44c5-bfac-0bb919effec4,Wilayah Persekutuan Kuala Lumpur,137,WP Kuala Lumpur,2,Swasta,2,Tidak Berfungsi,0,,1,Pillar Hydrant,120,Bukit Bintang,0000-00-00,0,KUALA LUMPUR_JLN HANG TUAH_ZON C_WANI_20052015,1,KUALA LUMPUR (WP),88beb013-6a67-4936-9afd-b84a072cb60f
314520,b17dd715-0194-47dc-aaa3-425614a500f5,e795beb3-2cda-4ac4-b79d-7953221f1fb6,166,JHT,C,064,JHT-C-064,Depan Sebelah Kanan Sungei Wang Plaza Jalan Sultan Ismail,Depan Sebelah Kanan Sungei Wang Plaza Jalan Sultan Ismail,1,Hadapan,KUALA LUMPUR,3.145045,101.711505,7,55c38deb-aae3-44c5-bfac-0bb919effec4,Wilayah Persekutuan Kuala Lumpur,137,WP Kuala Lumpur,2,Swasta,2,Tidak Berfungsi,0,,1,Pillar Hydrant,120,Bukit Bintang,0000-00-00,0,KUALA LUMPUR_JLN HANG TUAH_ZON C_WANI_20052015,1,KUALA LUMPUR (WP),88beb013-6a67-4936-9afd-b84a072cb60f
314521,c7351917-a308-4c76-bd3b-f43d75cb9cb4,e795beb3-2cda-4ac4-b79d-7953221f1fb6,166,JHT,C,065,JHT-C-065,Sebelah Kiri Bangunan Sungei Wang Plaza Jalan Sultan Ismail,Sebelah Kiri Bangunan Sungei Wang Plaza Jalan Sultan Ismail,1,Hadapan,KUALA LUMPUR,3.145355,101.710852,7,55c38deb-aae3-44c5-bfac-0bb919effec4,Wilayah Persekutuan Kuala Lumpur,137,WP Kuala Lumpur,2,Swasta,1,Berfungsi,39.7488,,1,Pillar Hydrant,120,Bukit Bintang,0000-00-00,0,KUALA LUMPUR_JLN HANG TUAH_ZON C_WANI_20052015,1,KUALA LUMPUR (WP),88beb013-6a67-4936-9afd-b84a072cb60f
314522,1b9fb536-51fb-458e-99ed-56aaf0707ef6,e795beb3-2cda-4ac4-b79d-7953221f1fb6,166,JHT,C,066,JHT-C-066,Hadapan MayBank (Cawangan) Jalan Sultan Ismail,Hadapan MayBank (Cawangan) Jalan Sultan Ismail,1,Hadapan,KUALA LUMPUR,3.145923,101.711206,7,55c38deb-aae3-44c5-bfac-0bb919effec4,Wilayah Persekutuan Kuala Lumpur,137,WP Kuala Lumpur,1,Awam,2,Tidak Berfungsi,0,,1,Pillar Hydrant,120,Bukit Bintang,0000-00-00,0,KUALA LUMPUR_JLN HANG TUAH_ZON C_WANI_20052015,1,KUALA LUMPUR (WP),88beb013-6a67-4936-9afd-b84a072cb60f
314523,d7bc7f94-fd21-4dd1-a975-c34ba2c93f51,e795beb3-2cda-4ac4-b79d-7953221f1fb6,166,JHT,C,067,JHT-C-067,Belakang Federal Hotel,Belakang Federal Hotel,1,Hadapan,KUALA LUMPUR,3.14426,101.708947,7,55c38deb-aae3-44c5-bfac-0bb919effec4,Wilayah Persekutuan Kuala Lumpur,137,WP Kuala Lumpur,2,Swasta,1,Berfungsi,252.96,,2,Ground Hydrant,120,Bukit Bintang,0000-00-00,0,KUALA LUMPUR_JLN HANG TUAH_ZON C_WANI_20052015,1,KUALA LUMPUR (WP),88beb013-6a67-4936-9afd-b84a072cb60f
314524,3f62a27f-04c3-4933-8d87-ce6ae9a6885b,e795beb3-2cda-4ac4-b79d-7953221f1fb6,166,JHT,C,068,JHT-C-068,Sebelah Kiri Belakang Bangunan Amoda,Sebelah Kiri Belakang Bangunan Amoda,4,Tepi,KUALA LUMPUR,3.143253,101.710707,7,55c38deb-aae3-44c5-bfac-0bb919effec4,Wilayah Persekutuan Kuala Lumpur,137,WP Kuala Lumpur,2,Swasta,1,Berfungsi,252.96,,1,Pillar Hydrant,120,Bukit Bintang,0000-00-00,0,KUALA LUMPUR_JLN HANG TUAH_ZON C_WANI_20052015,1,KUALA LUMPUR (WP),88beb013-6a67-4936-9afd-b84a072cb60f
314525,4c959e5d-d1cb-49a5-8727-6b3547ea764d,e795beb3-2cda-4ac4-b79d-7953221f1fb6,166,JHT,C,069,JHT-C-069,Sebelah Kanan Belakang Bangunan Imbi Plaza,Sebelah Kanan Belakang Bangunan Imbi Plaza,2,Belakang,KUALA LUMPUR,3.144024,101.711479,7,55c38deb-aae3-44c5-bfac-0bb919effec4,Wilayah Persekutuan Kuala Lumpur,137,WP Kuala Lumpur,2,Swasta,1,Berfungsi,252.96,,1,Pillar Hydrant,120,Bukit Bintang,0000-00-00,0,KUALA LUMPUR_JLN HANG TUAH_ZON C_WANI_20052015,1,KUALA LUMPUR (WP),88beb013-6a67-4936-9afd-b84a072cb60f
314526,5ffc4339-8313-4da5-b240-345fa383b1b3,e795beb3-2cda-4ac4-b79d-7953221f1fb6,166,JHT,C,070,JHT-C-070,Sebelah Kiri Belakang Bangunan Imbi Plaza,Sebelah Kiri Belakang Bangunan Imbi Plaza,2,Belakang,KUALA LUMPUR,3.143702,101.711093,7,55c38deb-aae3-44c5-bfac-0bb919effec4,Wilayah Persekutuan Kuala Lumpur,137,WP Kuala Lumpur,2,Swasta,1,Berfungsi,252.96,,1,Pillar Hydrant,120,Bukit Bintang,0000-00-00,0,KUALA LUMPUR_JLN HANG TUAH_ZON C_WANI_20052015,1,KUALA LUMPUR (WP),88beb013-6a67-4936-9afd-b84a072cb60f
314527,7853b2ab-1976-4ec4-abdf-bce4207de0c5,e795beb3-2cda-4ac4-b79d-7953221f1fb6,166,JHT,C,071,JHT-C-071,Belakang Wisma Teo Swee Kian Lorong Pudu Off Jalan Imbi,Belakang Wisma Teo Swee Kian Lorong Pudu Off Jalan Imb,2,Belakang,KUALA LUMPUR,3.143611,101.707857,7,55c38deb-aae3-44c5-bfac-0bb919effec4,Wilayah Persekutuan Kuala Lumpur,137,WP Kuala Lumpur,1,Awam,1,Berfungsi,252.96,,1,Pillar Hydrant,120,Bukit Bintang,0000-00-00,0,KUALA LUMPUR_JLN HANG TUAH_ZON C_WANI_20052015,1,KUALA LUMPUR (WP),88beb013-6a67-4936-9afd-b84a072cb60f
314528,6f63cd19-30da-428f-959d-81cf712f66d3,e795beb3-2cda-4ac4-b79d-7953221f1fb6,166,JHT,C,072,JHT-C-072,Sebelah Kanan Bangunan Plaza Berjaya Jalan Imbi,Sebelah Kanan Bangunan Plaza Berjaya Jalan Imbi,2,Belakang,KUALA LUMPUR,3.143242,101.709231,7,55c38deb-aae3-44c5-bfac-0bb919effec4,Wilayah Persekutuan Kuala Lumpur,137,WP Kuala Lumpur,1,Awam,1,Berfungsi,252.96,,1,Pillar Hydrant,120,Bukit Bintang,0000-00-00,0,KUALA LUMPUR_JLN HANG TUAH_ZON C_WANI_20052015,1,KUALA LUMPUR (WP),88beb013-6a67-4936-9afd-b84a072cb60f
314529,c37012ba-1019-4182-befd-11d22dd71e56,e795beb3-2cda-4ac4-b79d-7953221f1fb6,166,JHT,C,073,JHT-C-073,Hadapan Pejabat Urusetia Plaza Berjaya  Jalan Imbi ( Seberang Jalan ),Hadapan Pejabat Urusetia Plaza Berjaya  Jalan Imbi ( Seberang Jalan ),4,Tepi,KUALA LUMPUR,3.14261,101.70899,7,55c38deb-aae3-44c5-bfac-0bb919effec4,Wilayah Persekutuan Kuala Lumpur,137,WP Kuala Lumpur,1,Awam,2,Tidak Berfungsi,0,,2,Ground Hydrant,120,Bukit Bintang,0000-00-00,0,KUALA LUMPUR_JLN HANG TUAH_ZON C_WANI_20052015,1,KUALA LUMPUR (WP),88beb013-6a67-4936-9afd-b84a072cb60f
314530,9c924a3a-a4e4-4aa0-aeb9-47d67291b323,e795beb3-2cda-4ac4-b79d-7953221f1fb6,166,JHT,C,074,JHT-C-074,Pintu Masuk Plaza Berjaya  Jalan Imbi,Pintu Masuk Plaza Berjaya  Jalan Imbi,1,Hadapan,KUALA LUMPUR,3.143062,101.709216,7,55c38deb-aae3-44c5-bfac-0bb919effec4,Wilayah Persekutuan Kuala Lumpur,137,WP Kuala Lumpur,2,Swasta,1,Berfungsi,252.96,,1,Pillar Hydrant,120,Bukit Bintang,0000-00-00,0,KUALA LUMPUR_JLN HANG TUAH_ZON C_WANI_20052015,45,KUALA LMPUR (WP),08d3c005-65d8-4c9b-b86d-53759fd3dff4
314531,c357c7f5-9860-4252-8c9d-0da6c3cfdf35,e795beb3-2cda-4ac4-b79d-7953221f1fb6,166,JHT,C,075,JHT-C-075,Sebelah Kiri Bangunan Plaza Berjaya  Jalan Imbi,Sebelah Kiri Bangunan Plaza Berjaya  Jalan Imbi,4,Tepi,KUALA LUMPUR,3.14277,101.708397,7,55c38deb-aae3-44c5-bfac-0bb919effec4,Wilayah Persekutuan Kuala Lumpur,137,WP Kuala Lumpur,2,Swasta,2,Tidak Berfungsi,0,,1,Pillar Hydrant,120,Bukit Bintang,0000-00-00,0,KUALA LUMPUR_JLN HANG TUAH_ZON C_WANI_20052015,45,KUALA LMPUR (WP),08d3c005-65d8-4c9b-b86d-53759fd3dff4
314532,3c744dae-9cc1-4fcd-92a5-f6074a31c6a4,e795beb3-2cda-4ac4-b79d-7953221f1fb6,166,JHT,C,076,JHT-C-076,Sebelah Kanan Bangunan Milia Hotel Jalan Imbi,Sebelah Kanan Bangunan Milia Hotel Jalan Imbi,4,Tepi,KUALA LUMPUR,3.143239,101.710334,7,55c38deb-aae3-44c5-bfac-0bb919effec4,Wilayah Persekutuan Kuala Lumpur,137,WP Kuala Lumpur,2,Swasta,1,Berfungsi,39.7488,,1,Pillar Hydrant,120,Bukit Bintang,0000-00-00,0,KUALA LUMPUR_JLN HANG TUAH_ZON C_WANI_20052015,11,KUALALUMPUR (WP),e020035c-e1d1-481d-b224-6475deb88d49
314533,53944e27-f862-4604-8589-2211e6b5e481,e795beb3-2cda-4ac4-b79d-7953221f1fb6,166,JHT,C,077,JHT-C-077,Belakang bangunan Plaza Berjaya Jalan Imbi,Belakang bangunan Plaza Berjaya Jalan Imbi,2,Belakang,KUALA LUMPUR,3.143393,101.709258,7,55c38deb-aae3-44c5-bfac-0bb919effec4,Wilayah Persekutuan Kuala Lumpur,137,WP Kuala Lumpur,2,Swasta,2,Tidak Berfungsi,0,,1,Pillar Hydrant,120,Bukit Bintang,0000-00-00,0,KUALA LUMPUR_JLN HANG TUAH_ZON C_WANI_20052015,11,KUALALUMPUR (WP),e020035c-e1d1-481d-b224-6475deb88d49
314534,b28fb938-7a59-4719-99e8-013a729b906e,e795beb3-2cda-4ac4-b79d-7953221f1fb6,166,JHT,C,078,JHT-C-078,Kanan Depan Milia Hotel jalan Imbi,Kanan Depan Milia Hotel jalan Imbi,1,Hadapan,KUALA LUMPUR,3.143088,101.710001,7,55c38deb-aae3-44c5-bfac-0bb919effec4,Wilayah Persekutuan Kuala Lumpur,137,WP Kuala Lumpur,2,Swasta,1,Berfungsi,39.7488,,1,Pillar Hydrant,120,Bukit Bintang,0000-00-00,0,KUALA LUMPUR_JLN HANG TUAH_ZON C_WANI_20052015,11,KUALALUMPUR (WP),e020035c-e1d1-481d-b224-6475deb88d49
314535,cf90e288-c9b1-45cc-9e9d-4a861e2df04b,e795beb3-2cda-4ac4-b79d-7953221f1fb6,166,JHT,C,079,JHT-C-079,Sebelah Kiri Depan Bangunan Milia Hotel Jalan Imbi Sebelah,Sebelah Kiri Depan Bangunan Milia Hotel Jalan Imbi Sebelah,4,Tepi,KUALA LUMPUR,3.143103,101.709977,7,55c38deb-aae3-44c5-bfac-0bb919effec4,Wilayah Persekutuan Kuala Lumpur,137,WP Kuala Lumpur,2,Swasta,1,Berfungsi,252.96,,1,Pillar Hydrant,120,Bukit Bintang,0000-00-00,0,KUALA LUMPUR_JLN HANG TUAH_ZON C_WANI_20052015,1,KUALA LUMPUR (WP),88beb013-6a67-4936-9afd-b84a072cb60f
314536,c2205936-2630-481e-927a-8e487e4d9684,e795beb3-2cda-4ac4-b79d-7953221f1fb6,166,JHT,C,080,JHT-C-080,Sebelah Kiri Belakang Milia Hotel Jalan Imbi,Sebelah Kiri Belakang Milia Hotel Jalan Imbi,4,Tepi,KUALA LUMPUR,3.143257,101.709712,7,55c38deb-aae3-44c5-bfac-0bb919effec4,Wilayah Persekutuan Kuala Lumpur,137,WP Kuala Lumpur,2,Swasta,1,Berfungsi,252.96,,1,Pillar Hydrant,120,Bukit Bintang,0000-00-00,0,KUALA LUMPUR_JLN HANG TUAH_ZON C_WANI_20052015,1,KUALA LUMPUR (WP),88beb013-6a67-4936-9afd-b84a072cb60f
314537,65140e80-a23b-46be-bacc-d4681ef14b28,e795beb3-2cda-4ac4-b79d-7953221f1fb6,166,JHT,C,081,JHT-C-081,Sebelah Kanan Belakang Bangunan Amoda Jalan Imbi,Sebelah Kanan Belakang Bangunan Amoda Jalan Imbi,2,Belakang,KUALA LUMPUR,3.143546,101.710252,7,55c38deb-aae3-44c5-bfac-0bb919effec4,Wilayah Persekutuan Kuala Lumpur,137,WP Kuala Lumpur,2,Swasta,1,Berfungsi,252.96,,1,Pillar Hydrant,120,Bukit Bintang,0000-00-00,0,KUALA LUMPUR_JLN HANG TUAH_ZON C_WANI_20052015,11,KUALALUMPUR (WP),e020035c-e1d1-481d-b224-6475deb88d49
314538,5b016632-a040-4433-9a4e-c26b388bf7b2,e795beb3-2cda-4ac4-b79d-7953221f1fb6,166,JHT,C,082,JHT-C-082,Depan Bangunan Amoda Jalan Imbi,Depan Bangunan Amoda Jalan Imbi,1,Hadapan,KUALA LUMPUR,3.143498,101.710252,7,55c38deb-aae3-44c5-bfac-0bb919effec4,Wilayah Persekutuan Kuala Lumpur,137,WP Kuala Lumpur,2,Swasta,1,Berfungsi,252.96,,1,Pillar Hydrant,120,Bukit Bintang,0000-00-00,0,KUALA LUMPUR_JLN HANG TUAH_ZON C_WANI_20052015,11,KUALALUMPUR (WP),e020035c-e1d1-481d-b224-6475deb88d49
314539,c9bbb510-3eab-4843-89ed-0b4918c1181d,e795beb3-2cda-4ac4-b79d-7953221f1fb6,166,JHT,C,083,JHT-C-083,Depan Bangunan Imbi Plaza Jalan Imbi,Depan Bangunan Imbi Plaza Jalan Imbi,1,Hadapan,KUALA LUMPUR,3.14339,101.711164,7,55c38deb-aae3-44c5-bfac-0bb919effec4,Wilayah Persekutuan Kuala Lumpur,137,WP Kuala Lumpur,1,Awam,1,Berfungsi,357.74,,1,Pillar Hydrant,120,Bukit Bintang,0000-00-00,0,KUALA LUMPUR_JLN HANG TUAH_ZON C_WANI_20052015,89,KUALA  LUMPUR (WP),53aa1806-b81f-4985-8066-6a9cf92f1446
314540,ba38d1da-b320-4745-8ed0-66a37396398d,e795beb3-2cda-4ac4-b79d-7953221f1fb6,166,JHT,C,084,JHT-C-084,Depan Sky Hotel Jalan Bukit Bintang Off Jalan Imbi,Depan Sky Hotel Jalan Bukit Bintang Off Jalan Imbi,1,Hadapan,KUALA LUMPUR,3.144019,101.707925,7,55c38deb-aae3-44c5-bfac-0bb919effec4,Wilayah Persekutuan Kuala Lumpur,137,WP Kuala Lumpur,1,Awam,1,Berfungsi,357.74,,1,Pillar Hydrant,120,Bukit Bintang,0000-00-00,0,KUALA LUMPUR_JLN HANG TUAH_ZON C_WANI_20052015,45,KUALA LMPUR (WP),08d3c005-65d8-4c9b-b86d-53759fd3dff4
314541,34f73344-b232-4b5a-9f2c-ca72c985b54d,e795beb3-2cda-4ac4-b79d-7953221f1fb6,166,JHT,C,085,JHT-C-085,Depan Kedai 7 ElevenBerjaya Time Square,Depan Kedai 7 ElevenBerjaya Time Square,4,Tepi,KUALA LUMPUR,3.142564,101.7114,7,55c38deb-aae3-44c5-bfac-0bb919effec4,Wilayah Persekutuan Kuala Lumpur,137,WP Kuala Lumpur,2,Swasta,1,Berfungsi,357.74,,1,Pillar Hydrant,120,Bukit Bintang,0000-00-00,0,KUALA LUMPUR_JLN HANG TUAH_ZON C_WANI_20052015,1,KUALA LUMPUR (WP),88beb013-6a67-4936-9afd-b84a072cb60f
314542,4d0edd73-d0de-445e-9670-9f95ed245e10,e795beb3-2cda-4ac4-b79d-7953221f1fb6,166,JHT,C,086,JHT-C-086,Tepi Selekoh Bangunan Plaza Berjaya Time Square,Tepi Selekoh Bangunan Plaza Berjaya Time Square,3,Berhampiran,KUALA LUMPUR,3.142867,101.711115,7,55c38deb-aae3-44c5-bfac-0bb919effec4,Wilayah Persekutuan Kuala Lumpur,137,WP Kuala Lumpur,2,Swasta,1,Berfungsi,357.74,,1,Pillar Hydrant,120,Bukit Bintang,0000-00-00,0,KUALA LUMPUR_JLN HANG TUAH_ZON C_WANI_20052015,1,KUALA LUMPUR (WP),88beb013-6a67-4936-9afd-b84a072cb60f
314543,6cb93a01-f58a-4434-9df1-de7b8727e4ea,e795beb3-2cda-4ac4-b79d-7953221f1fb6,166,JHT,C,087,JHT-C-087,Pintu Masuk Utama Plaza Berjaya Time Square,Pintu Masuk Utama Plaza Berjaya Time Square,1,Hadapan,KUALA LUMPUR,3.142808,101.71021,7,55c38deb-aae3-44c5-bfac-0bb919effec4,Wilayah Persekutuan Kuala Lumpur,137,WP Kuala Lumpur,2,Swasta,1,Berfungsi,39.7488,,1,Pillar Hydrant,120,Bukit Bintang,0000-00-00,0,KUALA LUMPUR_JLN HANG TUAH_ZON C_WANI_20052015,11,KUALALUMPUR (WP),e020035c-e1d1-481d-b224-6475deb88d49
314544,4a7eb6b6-14f4-4684-8438-090d8bd0ffd5,e795beb3-2cda-4ac4-b79d-7953221f1fb6,166,JHT,C,088,JHT-C-088,Dekat Tangga Monorail Plaza Time Square,Dekat Tangga Monorail Plaza Time Square,1,Hadapan,KUALA LUMPUR,3.142722,101.709713,7,55c38deb-aae3-44c5-bfac-0bb919effec4,Wilayah Persekutuan Kuala Lumpur,137,WP Kuala Lumpur,2,Swasta,1,Berfungsi,39.7488,,1,Pillar Hydrant,120,Bukit Bintang,0000-00-00,0,KUALA LUMPUR_JLN HANG TUAH_ZON C_WANI_20052015,11,KUALALUMPUR (WP),e020035c-e1d1-481d-b224-6475deb88d49
314545,584446eb-75b3-405c-891b-739c95d6ce0d,e795beb3-2cda-4ac4-b79d-7953221f1fb6,166,JHT,C,089,JHT-C-089,Dekat Texi Stand Plaza Berjaya Time Square,Dekat Texi Stand Plaza Berjaya Time Square,1,Hadapan,KUALA LUMPUR,3.142695,101.710449,7,55c38deb-aae3-44c5-bfac-0bb919effec4,Wilayah Persekutuan Kuala Lumpur,137,WP Kuala Lumpur,2,Swasta,1,Berfungsi,158.995,,1,Pillar Hydrant,120,Bukit Bintang,0000-00-00,0,KUALA LUMPUR_JLN HANG TUAH_ZON C_WANI_20052015,1,KUALA LUMPUR (WP),88beb013-6a67-4936-9afd-b84a072cb60f
314546,645eb669-c14c-4218-a72c-a522d05a97ad,e795beb3-2cda-4ac4-b79d-7953221f1fb6,166,JHT,C,090,JHT-C-090,Depan Pintu Loding Plaza Berjaya Time Square,Depan Pintu Loding Plaza Berjaya Time Square,1,Hadapan,KUALA LUMPUR,3.141688,101.709634,7,55c38deb-aae3-44c5-bfac-0bb919effec4,Wilayah Persekutuan Kuala Lumpur,137,WP Kuala Lumpur,2,Swasta,1,Berfungsi,158.995,,1,Pillar Hydrant,120,Bukit Bintang,0000-00-00,0,KUALA LUMPUR_JLN HANG TUAH_ZON C_WANI_20052015,1,KUALA LUMPUR (WP),88beb013-6a67-4936-9afd-b84a072cb60f
314547,1e8eda81-fa2b-40ae-8e43-68cf83a9ca83,e795beb3-2cda-4ac4-b79d-7953221f1fb6,166,JHT,C,091,JHT-C-091,Depan Pintu Parking 3 Plaza Time Square,Depan Pintu Parking 3 Plaza Time Square,1,Hadapan,KUALA LUMPUR,3.14276,101.710063,7,55c38deb-aae3-44c5-bfac-0bb919effec4,Wilayah Persekutuan Kuala Lumpur,137,WP Kuala Lumpur,2,Swasta,1,Berfungsi,252.96,,1,Pillar Hydrant,120,Bukit Bintang,0000-00-00,0,KUALA LUMPUR_JLN HANG TUAH_ZON C_WANI_20052015,1,KUALA LUMPUR (WP),88beb013-6a67-4936-9afd-b84a072cb60f
314548,be7c1b7f-0c01-421c-967d-6cec2fa0bb1b,e795beb3-2cda-4ac4-b79d-7953221f1fb6,166,JHT,C,092,JHT-C-092,Depan Pintu Loding 3 Plaza Time Square,Depan Pintu Loding 3 Plaza Time Square,1,Hadapan,KUALA LUMPUR,3.14306,101.711029,7,55c38deb-aae3-44c5-bfac-0bb919effec4,Wilayah Persekutuan Kuala Lumpur,137,WP Kuala Lumpur,2,Swasta,1,Berfungsi,252.96,,1,Pillar Hydrant,120,Bukit Bintang,0000-00-00,0,KUALA LUMPUR_JLN HANG TUAH_ZON C_WANI_20052015,1,KUALA LUMPUR (WP),88beb013-6a67-4936-9afd-b84a072cb60f
314549,14cc383f-dde5-4706-91e3-b1278486c143,e795beb3-2cda-4ac4-b79d-7953221f1fb6,166,JHT,C,093,JHT-C-093,Jalan Keluar Parking Plaza Berjaya Time Square,Jalan Keluar Parking Plaza Berjaya Time Square,4,Tepi,KUALA LUMPUR,3.142181,101.709377,7,55c38deb-aae3-44c5-bfac-0bb919effec4,Wilayah Persekutuan Kuala Lumpur,137,WP Kuala Lumpur,2,Swasta,1,Berfungsi,252.96,,1,Pillar Hydrant,120,Bukit Bintang,0000-00-00,0,KUALA LUMPUR_JLN HANG TUAH_ZON C_WANI_20052015,1,KUALA LUMPUR (WP),88beb013-6a67-4936-9afd-b84a072cb60f
314550,361125d4-dc9a-47f0-a7c0-70feeef65797,e795beb3-2cda-4ac4-b79d-7953221f1fb6,166,JHT,C,094,JHT-C-094,Sebelah Kiri Bangunan Istana Hotel Jalan Raja Chulan,Sebelah Kiri Bangunan Istana Hotel Jalan Raja Chulan,4,Tepi,KUALA LUMPUR,3.150044,101.709613,7,55c38deb-aae3-44c5-bfac-0bb919effec4,Wilayah Persekutuan Kuala Lumpur,137,WP Kuala Lumpur,2,Swasta,1,Berfungsi,252.96,,1,Pillar Hydrant,120,Bukit Bintang,0000-00-00,0,KUALA LUMPUR_JLN HANG TUAH_ZON C_WANI_20052015,1,KUALA LUMPUR (WP),88beb013-6a67-4936-9afd-b84a072cb60f
314551,c3db8301-5f24-410e-be4d-9b8f81da5f19,e795beb3-2cda-4ac4-b79d-7953221f1fb6,166,JHT,C,095,JHT-C-095,Sebelah Kanan Belakang Istana Hotel Jalan Raja Chulan,Sebelah Kanan Belakang Istana Hotel Jalan Raja Chulan,4,Tepi,KUALA LUMPUR,3.149278,101.709366,7,55c38deb-aae3-44c5-bfac-0bb919effec4,Wilayah Persekutuan Kuala Lumpur,137,WP Kuala Lumpur,2,Swasta,1,Berfungsi,252.96,,1,Pillar Hydrant,120,Bukit Bintang,0000-00-00,0,KUALA LUMPUR_JLN HANG TUAH_ZON C_WANI_20052015,11,KUALALUMPUR (WP),e020035c-e1d1-481d-b224-6475deb88d49
314552,f8bb4903-56fe-4b1f-9385-3906b1c6bb63,e795beb3-2cda-4ac4-b79d-7953221f1fb6,166,JHT,C,096,JHT-C-096,Sebelah Kiri Pintu Masuk Parking Istana Hotel,Sebelah Kiri Pintu Masuk Parking Istana Hotel,4,Tepi,KUALA LUMPUR,3.149615,101.709425,7,55c38deb-aae3-44c5-bfac-0bb919effec4,Wilayah Persekutuan Kuala Lumpur,137,WP Kuala Lumpur,2,Swasta,1,Berfungsi,252.96,,1,Pillar Hydrant,120,Bukit Bintang,0000-00-00,0,KUALA LUMPUR_JLN HANG TUAH_ZON C_WANI_20052015,11,KUALALUMPUR (WP),e020035c-e1d1-481d-b224-6475deb88d49
314553,432d4170-3481-4f52-a0fc-2253219b49b4,e795beb3-2cda-4ac4-b79d-7953221f1fb6,166,JHT,C,097,JHT-C-097,Depan Sebelah Kanan Pintu Masuk Hotel Istana,Depan Sebelah Kanan Pintu Masuk Hotel Istana,1,Hadapan,KUALA LUMPUR,3.149974,101.709762,7,55c38deb-aae3-44c5-bfac-0bb919effec4,Wilayah Persekutuan Kuala Lumpur,137,WP Kuala Lumpur,2,Swasta,2,Tidak Berfungsi,0,,1,Pillar Hydrant,120,Bukit Bintang,0000-00-00,0,KUALA LUMPUR_JLN HANG TUAH_ZON C_WANI_20052015,11,KUALALUMPUR (WP),e020035c-e1d1-481d-b224-6475deb88d49
314554,e0e08074-a8da-41d2-9e4e-1052fc4f0e91,e795beb3-2cda-4ac4-b79d-7953221f1fb6,166,JHT,C,098,JHT-C-098,Belakang Hotel Istana Jalan Raja Chulan,Belakang Hotel Istana Jalan Raja Chulan,2,Belakang,KUALA LUMPUR,3.149089,101.709732,7,55c38deb-aae3-44c5-bfac-0bb919effec4,Wilayah Persekutuan Kuala Lumpur,137,WP Kuala Lumpur,2,Swasta,1,Berfungsi,252.96,,1,Pillar Hydrant,120,Bukit Bintang,0000-00-00,0,KUALA LUMPUR_JLN HANG TUAH_ZON C_WANI_20052015,11,KUALALUMPUR (WP),e020035c-e1d1-481d-b224-6475deb88d49
314555,28e29b60-ee6c-4ed7-9956-051f945654da,e795beb3-2cda-4ac4-b79d-7953221f1fb6,166,JHT,C,099,JHT-C-099,Sebelah Kiri Pintu Masuk Hotel Istana Jalan Raja Chulan,Sebelah Kiri Pintu Masuk Hotel Istana Jalan Raja Chulan,4,Tepi,KUALA LUMPUR,3.149866,101.710177,7,55c38deb-aae3-44c5-bfac-0bb919effec4,Wilayah Persekutuan Kuala Lumpur,137,WP Kuala Lumpur,2,Swasta,2,Tidak Berfungsi,0,,1,Pillar Hydrant,120,Bukit Bintang,0000-00-00,0,KUALA LUMPUR_JLN HANG TUAH_ZON C_WANI_20052015,11,KUALALUMPUR (WP),e020035c-e1d1-481d-b224-6475deb88d49
314556,8eee7b6f-5035-41eb-b711-86da5882b94c,e795beb3-2cda-4ac4-b79d-7953221f1fb6,166,JHT,C,100,JHT-C-100,Sebelah Kanan Istana Hotel Jalan Raja Chulan,Sebelah Kanan Istana Hotel Jalan Raja Chulan,4,Tepi,KUALA LUMPUR,3.149974,101.709762,7,55c38deb-aae3-44c5-bfac-0bb919effec4,Wilayah Persekutuan Kuala Lumpur,137,WP Kuala Lumpur,2,Swasta,1,Berfungsi,0,,1,Pillar Hydrant,120,Bukit Bintang,0000-00-00,0,KUALA LUMPUR_JLN HANG TUAH_ZON C_WANI_20052015,11,KUALALUMPUR (WP),e020035c-e1d1-481d-b224-6475deb88d49
314557,57e76919-2402-4f18-94b3-19ca47d2fa4a,e795beb3-2cda-4ac4-b79d-7953221f1fb6,166,JHT,C,101,JHT-C-101,Belakang Bangunan Istana Hotel Jalan Raja Chulan,Belakang Bangunan Istana Hotel Jalan Raja Chulan,2,Belakang,KUALA LUMPUR,3.149209,101.709377,7,55c38deb-aae3-44c5-bfac-0bb919effec4,Wilayah Persekutuan Kuala Lumpur,137,WP Kuala Lumpur,2,Swasta,2,Tidak Berfungsi,0,,1,Pillar Hydrant,120,Bukit Bintang,0000-00-00,0,KUALA LUMPUR_JLN HANG TUAH_ZON C_WANI_20052015,1,KUALA LUMPUR (WP),88beb013-6a67-4936-9afd-b84a072cb60f
314558,3f629695-bee9-41cf-8c50-f84e6e965122,e795beb3-2cda-4ac4-b79d-7953221f1fb6,166,JHT,C,102,JHT-C-102,fortuna hotel no 1 A jalan beremi, Bangunan Fortuna Hotel Jalan Beremi no 1 A ,1,Hadapan,KUALA LUMPUR,3.147273,101.710611,7,55c38deb-aae3-44c5-bfac-0bb919effec4,Wilayah Persekutuan Kuala Lumpur,137,WP Kuala Lumpur,1,Awam,1,Berfungsi,39.7488,,1,Pillar Hydrant,120,Bukit Bintang,0000-00-00,0,KUALA LUMPUR_JLN HANG TUAH_ZON C_WANI_20052015,11,KUALALUMPUR (WP),e020035c-e1d1-481d-b224-6475deb88d49
314559,9494cb9a-86f2-43dc-89bb-5888ebd2a3ad,e795beb3-2cda-4ac4-b79d-7953221f1fb6,166,JHT,C,103,JHT-C-103,Persimpangan Jalan Berangan Dan Jalan Nagasari,Persimpangan Jalan Berangan Dan Jalan Nagasari,3,Berhampiran,KUALA LUMPUR,3.14785,101.708609,7,55c38deb-aae3-44c5-bfac-0bb919effec4,Wilayah Persekutuan Kuala Lumpur,137,WP Kuala Lumpur,1,Awam,1,Berfungsi,252.96,,2,Ground Hydrant,120,Bukit Bintang,0000-00-00,0,KUALA LUMPUR_JLN HANG TUAH_ZON C_WANI_20052015,1,KUALA LUMPUR (WP),88beb013-6a67-4936-9afd-b84a072cb60f
314560,2b79769a-eadc-4c9c-9077-30e45f9764d1,e795beb3-2cda-4ac4-b79d-7953221f1fb6,166,JHT,C,104,JHT-C-104,Depan Rumah No.7 Jalan Brangan bukit bintang kuala lumpur,Depan Rumah No.7 Jalan Brangan bukit bintang kuala lumpur,1,Hadapan,KUALA LUMPUR,3.14817,101.70783,7,55c38deb-aae3-44c5-bfac-0bb919effec4,Wilayah Persekutuan Kuala Lumpur,137,WP Kuala Lumpur,1,Awam,1,Berfungsi,252.96,,1,Pillar Hydrant,120,Bukit Bintang,0000-00-00,0,KUALA LUMPUR_JLN HANG TUAH_ZON C_WANI_20052015,1,KUALA LUMPUR (WP),88beb013-6a67-4936-9afd-b84a072cb60f
314561,209a3ef0-6941-4337-a9dc-f684b806b642,e795beb3-2cda-4ac4-b79d-7953221f1fb6,166,JHT,C,105,JHT-C-105,Hadapan Flat Tong Fong No. 4A Jalan  Angsoka,Hadapan Flat Tong Fong No. 4A Jalan  Angsoka,1,Hadapan,KUALA LUMPUR,3.148207,101.709373,7,55c38deb-aae3-44c5-bfac-0bb919effec4,Wilayah Persekutuan Kuala Lumpur,137,WP Kuala Lumpur,1,Awam,1,Berfungsi,252.96,,2,Ground Hydrant,120,Bukit Bintang,0000-00-00,0,KUALA LUMPUR_JLN HANG TUAH_ZON C_WANI_20052015,1,KUALA LUMPUR (WP),88beb013-6a67-4936-9afd-b84a072cb60f
314562,0144c819-6e89-4177-ad05-563ba76eab0f,e795beb3-2cda-4ac4-b79d-7953221f1fb6,166,JHT,C,106,JHT-C-106,JALAN ANGSOKA,Rumah antara No.16 & 18 Jln  Bidara off Jln Bukit Bintang,1,Hadapan,KUALA LUMPUR,3.148678,101.710307,7,55c38deb-aae3-44c5-bfac-0bb919effec4,Wilayah Persekutuan Kuala Lumpur,137,WP Kuala Lumpur,1,Awam,1,Berfungsi,252.96,,2,Ground Hydrant,120,Bukit Bintang,0000-00-00,0,KUALA LUMPUR_JLN HANG TUAH_ZON C_WANI_20052015,1,KUALA LUMPUR (WP),88beb013-6a67-4936-9afd-b84a072cb60f
314563,ce419851-68a4-4dd3-85c5-47fb6f5094ad,e795beb3-2cda-4ac4-b79d-7953221f1fb6,166,JHT,C,107,JHT-C-107,Depan Rumah No.47 Jalan Bidara off Jalan Bukit Bintang,Depan Rumah No.47 Jalan Bidara off Jalan Bukit Bintang,1,Hadapan,KUALA LUMPUR,3.14842,101.70997,7,55c38deb-aae3-44c5-bfac-0bb919effec4,Wilayah Persekutuan Kuala Lumpur,137,WP Kuala Lumpur,1,Awam,1,Berfungsi,252.96,,2,Ground Hydrant,120,Bukit Bintang,0000-00-00,0,KUALA LUMPUR_JLN HANG TUAH_ZON C_WANI_20052015,1,KUALA LUMPUR (WP),88beb013-6a67-4936-9afd-b84a072cb60f
314564,78b28b85-ea01-48bb-bbf5-2c77cf23fd7c,e795beb3-2cda-4ac4-b79d-7953221f1fb6,166,JHT,C,108,JHT-C-108,Kanan Restoran The Smoke And Lily,Kanan Restoran The Smoke And Lily,6,Kanan,KUALA LUMPUR,3.148701,101.708989,7,55c38deb-aae3-44c5-bfac-0bb919effec4,Wilayah Persekutuan Kuala Lumpur,137,WP Kuala Lumpur,1,Awam,1,Berfungsi,252.96,,1,Pillar Hydrant,120,Bukit Bintang,0000-00-00,0,KUALA LUMPUR_JLN HANG TUAH_ZON C_WANI_20052015,45,KUALA LMPUR (WP),08d3c005-65d8-4c9b-b86d-53759fd3dff4
314565,eab916da-29d1-4404-8940-23bc9b6b5bd9,e795beb3-2cda-4ac4-b79d-7953221f1fb6,166,JHT,C,109,JHT-C-109,Depan Menara Genesis Jalan Sultan Ismail,Depan Menara Genesis Jalan Sultan Ismail,1,Hadapan,KUALA LUMPUR,3.148383,101.710798,7,55c38deb-aae3-44c5-bfac-0bb919effec4,Wilayah Persekutuan Kuala Lumpur,137,WP Kuala Lumpur,2,Swasta,1,Berfungsi,252.96,,1,Pillar Hydrant,120,Bukit Bintang,0000-00-00,0,KUALA LUMPUR_JLN HANG TUAH_ZON C_WANI_20052015,11,KUALALUMPUR (WP),e020035c-e1d1-481d-b224-6475deb88d49
314566,d7bd79cb-73ae-4a48-8a1d-18f1a06a588a,e795beb3-2cda-4ac4-b79d-7953221f1fb6,166,JHT,C,110,JHT-C-110,Belakang Menara Genesis Jalan Sultan Ismail,Belakang Menara Genesis Jalan Sultan Ismail,2,Belakang,KUALA LUMPUR,3.148402,101.710559,7,55c38deb-aae3-44c5-bfac-0bb919effec4,Wilayah Persekutuan Kuala Lumpur,137,WP Kuala Lumpur,2,Swasta,1,Berfungsi,252.96,,1,Pillar Hydrant,120,Bukit Bintang,0000-00-00,0,KUALA LUMPUR_JLN HANG TUAH_ZON C_WANI_20052015,1,KUALA LUMPUR (WP),88beb013-6a67-4936-9afd-b84a072cb60f
314567,b79f8de8-8f3b-470a-9911-a24816a0b4c8,e795beb3-2cda-4ac4-b79d-7953221f1fb6,166,JHT,C,111,JHT-C-111,Depan Flat No 16A Jalan Beremi off Jalan Bukit Bintang,Depan Flat No 16A Jalan Beremi off Jalan Bukit Bintang,1,Hadapan,KUALA LUMPUR,3.147615,101.710138,7,55c38deb-aae3-44c5-bfac-0bb919effec4,Wilayah Persekutuan Kuala Lumpur,137,WP Kuala Lumpur,1,Awam,4,Hilang,,,2,Ground Hydrant,120,Bukit Bintang,0000-00-00,0,KUALA LUMPUR_JLN HANG TUAH_ZON C_WANI_20052015,1,KUALA LUMPUR (WP),88beb013-6a67-4936-9afd-b84a072cb60f
314568,a8bdb902-600f-423f-8454-86eb40472892,e795beb3-2cda-4ac4-b79d-7953221f1fb6,166,JHT,C,112,JHT-C-112,Kiri Depan Menara Genesis Jln Sultan Ismail,Kiri Depan Menara Genesis Jln Sultan Ismail,1,Hadapan,KUALA LUMPUR,3.148383,101.710789,7,55c38deb-aae3-44c5-bfac-0bb919effec4,Wilayah Persekutuan Kuala Lumpur,137,WP Kuala Lumpur,2,Swasta,1,Berfungsi,39.7488,,1,Pillar Hydrant,120,Bukit Bintang,0000-00-00,0,KUALA LUMPUR_JLN HANG TUAH_ZON C_WANI_20052015,1,KUALA LUMPUR (WP),88beb013-6a67-4936-9afd-b84a072cb60f
314569,78127011-63fa-4e5f-95b2-3e5eb110f8f2,e795beb3-2cda-4ac4-b79d-7953221f1fb6,166,JHT,C,113,JHT-C-113,Pintu Masuk Parking Apt 38 Bedara Jalan Bedara,Pintu Masuk Parking Apt 38 Bedara Jalan Bedara,2,Belakang,KUALA LUMPUR,3.148823,101.709934,7,55c38deb-aae3-44c5-bfac-0bb919effec4,Wilayah Persekutuan Kuala Lumpur,137,WP Kuala Lumpur,2,Swasta,1,Berfungsi,39.7488,,1,Pillar Hydrant,120,Bukit Bintang,0000-00-00,0,KUALA LUMPUR_JLN HANG TUAH_ZON C_WANI_20052015,1,KUALA LUMPUR (WP),88beb013-6a67-4936-9afd-b84a072cb60f
314570,0c9d4e67-04b2-4142-bed2-28e0e8cb5f8c,e795beb3-2cda-4ac4-b79d-7953221f1fb6,166,JHT,C,114,JHT-C-114,Sebelah Kiri Apt 38 Bedara Jalan Bedara  Bukit Bintang,Sebelah Kiri Apt 38 Bedara Jalan Bedara  Bukit Bintang,4,Tepi,KUALA LUMPUR,3.148854,101.709714,7,55c38deb-aae3-44c5-bfac-0bb919effec4,Wilayah Persekutuan Kuala Lumpur,137,WP Kuala Lumpur,2,Swasta,1,Berfungsi,39.7488,,1,Pillar Hydrant,120,Bukit Bintang,0000-00-00,0,KUALA LUMPUR_JLN HANG TUAH_ZON C_WANI_20052015,45,KUALA LMPUR (WP),08d3c005-65d8-4c9b-b86d-53759fd3dff4
314571,0382dc50-b487-40d5-bc32-55becd559bf6,e795beb3-2cda-4ac4-b79d-7953221f1fb6,166,JHT,C,115,JHT-C-115,Bangunan Fortune Court No.1 Jalan Lorong Ceylon,Bangunan Fortune Court No.1 Jalan Lorong Ceylon,1,Hadapan,KUALA LUMPUR,3.148339,101.707359,7,55c38deb-aae3-44c5-bfac-0bb919effec4,Wilayah Persekutuan Kuala Lumpur,137,WP Kuala Lumpur,1,Awam,1,Berfungsi,39.7488,,1,Pillar Hydrant,120,Bukit Bintang,0000-00-00,0,KUALA LUMPUR_JLN HANG TUAH_ZON C_WANI_20052015,1,KUALA LUMPUR (WP),88beb013-6a67-4936-9afd-b84a072cb60f
314572,f16f9527-ad19-4131-aac7-e5af49c9b0eb,e795beb3-2cda-4ac4-b79d-7953221f1fb6,166,JHT,C,116,JHT-C-116,Kiri Kondo Sri Raja Chulan Jalan Changkat Raja Chulan,Kiri Kondo Sri Raja Chulan Jalan Changkat Raja Chulan,4,Tepi,KUALA LUMPUR,3.148346,101.706865,7,55c38deb-aae3-44c5-bfac-0bb919effec4,Wilayah Persekutuan Kuala Lumpur,137,WP Kuala Lumpur,1,Awam,1,Berfungsi,252.96,,1,Pillar Hydrant,120,Bukit Bintang,0000-00-00,0,KUALA LUMPUR_JLN HANG TUAH_ZON C_WANI_20052015,11,KUALALUMPUR (WP),e020035c-e1d1-481d-b224-6475deb88d49
314573,4d13b778-e5e1-4ebc-bba9-0f01f7cc8726,e795beb3-2cda-4ac4-b79d-7953221f1fb6,166,JHT,C,117,JHT-C-117,Depan bangunan Menara PMI ( HQ Metrojaya )Jalan Lorong Ceylon,Depan bangunan Menara PMI ( HQ Metrojaya )Jalan Lorong Ceylon,1,Hadapan,KUALA LUMPUR,3.148971,101.7076,7,55c38deb-aae3-44c5-bfac-0bb919effec4,Wilayah Persekutuan Kuala Lumpur,137,WP Kuala Lumpur,2,Swasta,1,Berfungsi,252.96,,1,Pillar Hydrant,120,Bukit Bintang,0000-00-00,0,KUALA LUMPUR_JLN HANG TUAH_ZON C_WANI_20052015,1,KUALA LUMPUR (WP),88beb013-6a67-4936-9afd-b84a072cb60f
314574,367914b0-da15-43df-b8b1-a0aae47c7562,e795beb3-2cda-4ac4-b79d-7953221f1fb6,166,JHT,C,118,JHT-C-118,Sebelah kanan Park Royal Jalan Lorong Cylon,Sebelah kanan Park Royal Jalan Lorong Cylon,4,Tepi,KUALA LUMPUR,3.149566,101.709231,7,55c38deb-aae3-44c5-bfac-0bb919effec4,Wilayah Persekutuan Kuala Lumpur,137,WP Kuala Lumpur,2,Swasta,1,Berfungsi,252.96,,1,Pillar Hydrant,120,Bukit Bintang,0000-00-00,0,KUALA LUMPUR_JLN HANG TUAH_ZON C_WANI_20052015,45,KUALA LMPUR (WP),08d3c005-65d8-4c9b-b86d-53759fd3dff4
314575,d4d4bc90-ab01-4466-9cee-c547b977db71,e795beb3-2cda-4ac4-b79d-7953221f1fb6,166,JHT,C,119,JHT-C-119,Kiri Bangunan Menara Bousted Parking  Kereta Lorong Ceylon,Kiri Bangunan Menara Bousted Parking  Kereta Lorong Ceylon,3,Berhampiran,KUALA LUMPUR,3.1503,101.708734,7,55c38deb-aae3-44c5-bfac-0bb919effec4,Wilayah Persekutuan Kuala Lumpur,137,WP Kuala Lumpur,2,Swasta,1,Berfungsi,252.96,,1,Pillar Hydrant,120,Bukit Bintang,0000-00-00,0,KUALA LUMPUR_JLN HANG TUAH_ZON C_WANI_20052015,90,KUALU LUMPUR (WP),b4ee9692-5c33-4881-b53e-4b4e2dfd1147
314576,2d483958-efef-48bd-b0f2-27cbd909bc85,e795beb3-2cda-4ac4-b79d-7953221f1fb6,166,JHT,C,120,JHT-C-120,Sebelah Belakang Menara Bousted Jalan Lorong Ceylon,Sebelah Belakang Menara Bousted Jalan Lorong Ceylon,2,Belakang,KUALA LUMPUR,3.150038,101.708856,7,55c38deb-aae3-44c5-bfac-0bb919effec4,Wilayah Persekutuan Kuala Lumpur,137,WP Kuala Lumpur,2,Swasta,1,Berfungsi,252.96,,1,Pillar Hydrant,120,Bukit Bintang,0000-00-00,0,KUALA LUMPUR_JLN HANG TUAH_ZON C_WANI_20052015,89,KUALA  LUMPUR (WP),53aa1806-b81f-4985-8066-6a9cf92f1446
314577,f234644e-36e4-4099-9604-296a689a8306,e795beb3-2cda-4ac4-b79d-7953221f1fb6,166,JHT,C,121,JHT-C-121,Sebelah Kanan Menara Bousted Jalan Masuk Parking Kereta,Sebelah Kanan Menara Bousted Jalan Masuk Parking Kereta,4,Tepi,KUALA LUMPUR,3.150038,101.708856,7,55c38deb-aae3-44c5-bfac-0bb919effec4,Wilayah Persekutuan Kuala Lumpur,137,WP Kuala Lumpur,2,Swasta,1,Berfungsi,357.74,,2,Ground Hydrant,120,Bukit Bintang,0000-00-00,0,KUALA LUMPUR_JLN HANG TUAH_ZON C_WANI_20052015,45,KUALA LMPUR (WP),08d3c005-65d8-4c9b-b86d-53759fd3dff4
314578,b55469c9-7931-4889-8bba-0ea2f39fb988,e795beb3-2cda-4ac4-b79d-7953221f1fb6,166,JHT,C,122,JHT-C-122,Pintu Masuk Seri Bukit Ceylon SERVICED RESIDENCES,Pintu Masuk Seri Bukit Ceylon SERVICED RESIDENCES,1,Hadapan,KUALA LUMPUR,3.148732,101.70727,7,55c38deb-aae3-44c5-bfac-0bb919effec4,Wilayah Persekutuan Kuala Lumpur,137,WP Kuala Lumpur,2,Swasta,1,Berfungsi,252.96,,1,Pillar Hydrant,120,Bukit Bintang,0000-00-00,0,KUALA LUMPUR_JLN HANG TUAH_ZON C_WANI_20052015,1,KUALA LUMPUR (WP),88beb013-6a67-4936-9afd-b84a072cb60f
314579,195a03ef-2503-4ea7-835c-4ffa765816d1,e795beb3-2cda-4ac4-b79d-7953221f1fb6,166,JHT,C,123,JHT-C-123,Belakang Bangunan Seri Bukit Ceylon SERVICED RESIDENCES,Belakang Bangunan Seri Bukit Ceylon SERVICED RESIDENCES,2,Belakang,KUALA LUMPUR,3.148919,101.707541,7,55c38deb-aae3-44c5-bfac-0bb919effec4,Wilayah Persekutuan Kuala Lumpur,137,WP Kuala Lumpur,2,Swasta,1,Berfungsi,252.96,,1,Pillar Hydrant,120,Bukit Bintang,0000-00-00,0,KUALA LUMPUR_JLN HANG TUAH_ZON C_WANI_20052015,1,KUALA LUMPUR (WP),88beb013-6a67-4936-9afd-b84a072cb60f
314580,7234b4fe-2675-41fc-8ab8-a2ba3a43bedf,e795beb3-2cda-4ac4-b79d-7953221f1fb6,166,JHT,C,124,JHT-C-124,Belakang Bangunan Menara PMI ( HQ Metrojaya ) Jalan Lorong Ceylon,Belakang Bangunan Menara PMI ( HQ Metrojaya ) Jalan Lorong Ceylon,2,Belakang,KUALA LUMPUR,3.149337,101.707627,7,55c38deb-aae3-44c5-bfac-0bb919effec4,Wilayah Persekutuan Kuala Lumpur,137,WP Kuala Lumpur,2,Swasta,1,Berfungsi,39.7488,,1,Pillar Hydrant,120,Bukit Bintang,0000-00-00,0,KUALA LUMPUR_JLN HANG TUAH_ZON C_WANI_20052015,45,KUALA LMPUR (WP),08d3c005-65d8-4c9b-b86d-53759fd3dff4
314581,6851133b-09bc-4a7c-a634-caa7fd1e06b4,e795beb3-2cda-4ac4-b79d-7953221f1fb6,166,JHT,C,125,JHT-C-125,Depan Menara Bousted JalanRaja Chulan,Depan Menara Bousted JalanRaja Chulan,1,Hadapan,KUALA LUMPUR,3.1503,101.708734,7,55c38deb-aae3-44c5-bfac-0bb919effec4,Wilayah Persekutuan Kuala Lumpur,137,WP Kuala Lumpur,2,Swasta,1,Berfungsi,39.7488,,1,Pillar Hydrant,120,Bukit Bintang,0000-00-00,0,KUALA LUMPUR_JLN HANG TUAH_ZON C_WANI_20052015,11,KUALALUMPUR (WP),e020035c-e1d1-481d-b224-6475deb88d49
314582,1741f980-5ee4-450a-9a23-9e9ff3695c13,e795beb3-2cda-4ac4-b79d-7953221f1fb6,166,JHT,C,126,JHT-C-126,Kanan Wisma Gold Hill Jalan Raja Chulan,Kanan Wisma Gold Hill Jalan Raja Chulan,4,Tepi,KUALA LUMPUR,3.150288,101.708481,7,55c38deb-aae3-44c5-bfac-0bb919effec4,Wilayah Persekutuan Kuala Lumpur,137,WP Kuala Lumpur,2,Swasta,1,Berfungsi,39.7488,,1,Pillar Hydrant,120,Bukit Bintang,0000-00-00,0,KUALA LUMPUR_JLN HANG TUAH_ZON C_WANI_20052015,1,KUALA LUMPUR (WP),88beb013-6a67-4936-9afd-b84a072cb60f
314583,b8ca0571-0a01-4372-aec3-cccb368c4ba3,e795beb3-2cda-4ac4-b79d-7953221f1fb6,166,JHT,C,127,JHT-C-127,Depan Restoran Mydin Nasi Kandar Jalan Raja Chulan,Depan Restoran Mydin Nasi Kandar Jalan Raja Chulan,1,Hadapan,KUALA LUMPUR,3.150665,101.707008,7,55c38deb-aae3-44c5-bfac-0bb919effec4,Wilayah Persekutuan Kuala Lumpur,137,WP Kuala Lumpur,1,Awam,4,Hilang,,,2,Ground Hydrant,120,Bukit Bintang,0000-00-00,0,KUALA LUMPUR_JLN HANG TUAH_ZON C_WANI_20052015,1,KUALA LUMPUR (WP),88beb013-6a67-4936-9afd-b84a072cb60f
314584,923ab824-a845-4592-9d87-db2a029d06f4,e795beb3-2cda-4ac4-b79d-7953221f1fb6,166,JHT,C,128,JHT-C-128,Bawah Pokok Buloh Wisma Hong Leong Jalan Raja Chulan,Bawah Pokok Buloh Wisma Hong Leong Jalan Raja Chulan,4,Tepi,KUALA LUMPUR,3.150686,101.706987,7,55c38deb-aae3-44c5-bfac-0bb919effec4,Wilayah Persekutuan Kuala Lumpur,137,WP Kuala Lumpur,1,Awam,1,Berfungsi,39.7488,,1,Pillar Hydrant,120,Bukit Bintang,0000-00-00,0,KUALA LUMPUR_JLN HANG TUAH_ZON C_WANI_20052015,1,KUALA LUMPUR (WP),88beb013-6a67-4936-9afd-b84a072cb60f
314585,e9f5b1d3-39d3-4ff3-9df6-95a3dbdc5ba0,e795beb3-2cda-4ac4-b79d-7953221f1fb6,166,JHT,C,129,JHT-C-129,Kiri Bangunan AMF Jalan Raja Chulan,Kiri Bangunan AMF Jalan Raja Chulan,4,Tepi,KUALA LUMPUR,3.150497,101.706271,7,55c38deb-aae3-44c5-bfac-0bb919effec4,Wilayah Persekutuan Kuala Lumpur,137,WP Kuala Lumpur,2,Swasta,1,Berfungsi,252.96,,1,Pillar Hydrant,120,Bukit Bintang,0000-00-00,0,KUALA LUMPUR_JLN HANG TUAH_ZON C_WANI_20052015,1,KUALA LUMPUR (WP),88beb013-6a67-4936-9afd-b84a072cb60f
314586,bb22e5fc-935c-49ce-bf58-2f42aff3b71e,e795beb3-2cda-4ac4-b79d-7953221f1fb6,166,JHT,C,130,JHT-C-130,Sebelah Kanan Arab Malaysian Finance Jalan Raja Chulan,Sebelah Kanan Arab Malaysian Finance Jalan Raja Chulan,4,Tepi,KUALA LUMPUR,3.150734,101.707416,7,55c38deb-aae3-44c5-bfac-0bb919effec4,Wilayah Persekutuan Kuala Lumpur,137,WP Kuala Lumpur,2,Swasta,1,Berfungsi,252.96,,1,Pillar Hydrant,120,Bukit Bintang,0000-00-00,0,KUALA LUMPUR_JLN HANG TUAH_ZON C_WANI_20052015,1,KUALA LUMPUR (WP),88beb013-6a67-4936-9afd-b84a072cb60f
314587,cbbe00ae-1336-4ee9-bded-a9932a968a99,e795beb3-2cda-4ac4-b79d-7953221f1fb6,166,JHT,C,131,JHT-C-131,Kiri Arab Malaysian Finance Jalan Raja Chulan,Kiri Arab Malaysian Finance Jalan Raja Chulan,4,Tepi,KUALA LUMPUR,3.150772,101.707233,7,55c38deb-aae3-44c5-bfac-0bb919effec4,Wilayah Persekutuan Kuala Lumpur,137,WP Kuala Lumpur,2,Swasta,1,Berfungsi,252.96,,1,Pillar Hydrant,120,Bukit Bintang,0000-00-00,0,KUALA LUMPUR_JLN HANG TUAH_ZON C_WANI_20052015,1,KUALA LUMPUR (WP),88beb013-6a67-4936-9afd-b84a072cb60f
314588,adb1c0f6-c729-461c-aedf-097f39c861b4,e795beb3-2cda-4ac4-b79d-7953221f1fb6,166,JHT,C,132,JHT-C-132,Sebelah Kanan Pam Minyak Shell Jalan Raja Chulan,Sebelah Kanan Pam Minyak Shell Jalan Raja Chulan,3,Berhampiran,KUALA LUMPUR,3.150114,101.7046,7,55c38deb-aae3-44c5-bfac-0bb919effec4,Wilayah Persekutuan Kuala Lumpur,137,WP Kuala Lumpur,1,Awam,1,Berfungsi,252.96,,1,Pillar Hydrant,120,Bukit Bintang,0000-00-00,0,KUALA LUMPUR_JLN HANG TUAH_ZON C_WANI_20052015,11,KUALALUMPUR (WP),e020035c-e1d1-481d-b224-6475deb88d49
314589,621dd3a1-2a99-47e3-ae93-0c2df138aa52,e795beb3-2cda-4ac4-b79d-7953221f1fb6,166,JHT,C,133,JHT-C-133,Depan Kondo Sri Raja Chulan Jalan Changkat Raja Chulan,Depan Kondo Sri Raja Chulan Jalan Changkat Raja Chulan,1,Hadapan,KUALA LUMPUR,3.148362,101.706857,7,55c38deb-aae3-44c5-bfac-0bb919effec4,Wilayah Persekutuan Kuala Lumpur,137,WP Kuala Lumpur,1,Awam,1,Berfungsi,252.96,,1,Pillar Hydrant,120,Bukit Bintang,0000-00-00,0,KUALA LUMPUR_JLN HANG TUAH_ZON C_WANI_20052015,89,KUALA  LUMPUR (WP),53aa1806-b81f-4985-8066-6a9cf92f1446
314590,21285ea8-2d73-4574-8c45-93e08569fccf,e795beb3-2cda-4ac4-b79d-7953221f1fb6,166,JHT,C,134,JHT-C-134,Depan Pangsapuri Down Town Jalan Changkat Raja Chulan,Depan Pangsapuri Down Town Jalan Changkat Raja Chulan,1,Hadapan,KUALA LUMPUR,3.148649,101.7068,7,55c38deb-aae3-44c5-bfac-0bb919effec4,Wilayah Persekutuan Kuala Lumpur,137,WP Kuala Lumpur,1,Awam,2,Tidak Berfungsi,0,,1,Pillar Hydrant,120,Bukit Bintang,0000-00-00,0,KUALA LUMPUR_JLN HANG TUAH_ZON C_WANI_20052015,1,KUALA LUMPUR (WP),88beb013-6a67-4936-9afd-b84a072cb60f
314591,e36883c8-0a48-4ada-b496-60b6a403dbca,e795beb3-2cda-4ac4-b79d-7953221f1fb6,166,JHT,C,135,JHT-C-135,Depan Rumah No.11 Jalan Changkat Raja Chulan,Depan Rumah No.11 Jalan Changkat Raja Chulan,1,Hadapan,KUALA LUMPUR,3.147947,101.706787,7,55c38deb-aae3-44c5-bfac-0bb919effec4,Wilayah Persekutuan Kuala Lumpur,137,WP Kuala Lumpur,1,Awam,4,Hilang,,,2,Ground Hydrant,120,Bukit Bintang,0000-00-00,0,KUALA LUMPUR_JLN HANG TUAH_ZON C_WANI_20052015,1,KUALA LUMPUR (WP),88beb013-6a67-4936-9afd-b84a072cb60f
314592,4cb64177-5301-4c0a-ac8e-7d9641c828a1,e795beb3-2cda-4ac4-b79d-7953221f1fb6,166,JHT,C,136,JHT-C-136,Kiri Belakang Bangunan MCB Plaza Jalan Changkat Raja Chulan,Kiri Belakang Bangunan MCB Plaza Jalan Changkat Raja Chulan,2,Belakang,KUALA LUMPUR,3.14926,101.70672,7,55c38deb-aae3-44c5-bfac-0bb919effec4,Wilayah Persekutuan Kuala Lumpur,137,WP Kuala Lumpur,2,Swasta,2,Tidak Berfungsi,0,,1,Pillar Hydrant,120,Bukit Bintang,0000-00-00,0,KUALA LUMPUR_JLN HANG TUAH_ZON C_WANI_20052015,1,KUALA LUMPUR (WP),88beb013-6a67-4936-9afd-b84a072cb60f
314593,cccec187-7634-4592-9e26-11c53f969c3b,e795beb3-2cda-4ac4-b79d-7953221f1fb6,166,JHT,C,137,JHT-C-137,Depan Bangunan MCB Plaza Jalan Changkat Raja Chulan,Depan Bangunan MCB Plaza Jalan Changkat Raja Chulan,1,Hadapan,KUALA LUMPUR,3.149333,101.706307,7,55c38deb-aae3-44c5-bfac-0bb919effec4,Wilayah Persekutuan Kuala Lumpur,137,WP Kuala Lumpur,2,Swasta,2,Tidak Berfungsi,0,,1,Pillar Hydrant,120,Bukit Bintang,0000-00-00,0,KUALA LUMPUR_JLN HANG TUAH_ZON C_WANI_20052015,1,KUALA LUMPUR (WP),88beb013-6a67-4936-9afd-b84a072cb60f
314594,c4b03596-c686-486a-8ab5-9ec2d2e3c3e4,e795beb3-2cda-4ac4-b79d-7953221f1fb6,166,JHT,C,138,JHT-C-138,Kiri Depan Bangunan AIMS  Jalan Changkat Raja Chulan,Kiri Depan Bangunan AIMS Jalan Changkat Raja Chulan,1,Hadapan,KUALA LUMPUR,3.149612,101.706112,7,55c38deb-aae3-44c5-bfac-0bb919effec4,Wilayah Persekutuan Kuala Lumpur,137,WP Kuala Lumpur,2,Swasta,1,Berfungsi,28.1067,,1,Pillar Hydrant,120,Bukit Bintang,0000-00-00,0,KUALA LUMPUR_JLN HANG TUAH_ZON C_WANI_20052015,1,KUALA LUMPUR (WP),88beb013-6a67-4936-9afd-b84a072cb60f
314595,5711bcd2-0052-487c-a3a1-0882a4d60491,e795beb3-2cda-4ac4-b79d-7953221f1fb6,166,JHT,C,139,JHT-C-139,Sebelah Kanan Depan  Bangunan AIMS Jalan Changkat Raja Chulan,Sebelah Kanan Depan  Bangunan AIMS Jalan Changkat Raja Chulan,4,Tepi,KUALA LUMPUR,3.149511,101.706328,7,55c38deb-aae3-44c5-bfac-0bb919effec4,Wilayah Persekutuan Kuala Lumpur,137,WP Kuala Lumpur,2,Swasta,1,Berfungsi,28.1067,,1,Pillar Hydrant,120,Bukit Bintang,0000-00-00,0,KUALA LUMPUR_JLN HANG TUAH_ZON C_WANI_20052015,1,KUALA LUMPUR (WP),88beb013-6a67-4936-9afd-b84a072cb60f
314596,da164ad0-0721-407c-8fa8-72e9d0946187,e795beb3-2cda-4ac4-b79d-7953221f1fb6,166,JHT,C,140,JHT-C-140,Kiri Depan Bangunan COChan Jln Changkat Raja Chulan,Kiri Depan Bangunan COChan Jln Changkat Raja Chulan,4,Tepi,KUALA LUMPUR,3.150071,101.70538,7,55c38deb-aae3-44c5-bfac-0bb919effec4,Wilayah Persekutuan Kuala Lumpur,137,WP Kuala Lumpur,1,Awam,1,Berfungsi,0,,1,Pillar Hydrant,120,Bukit Bintang,0000-00-00,0,KUALA LUMPUR_JLN HANG TUAH_ZON C_WANI_20052015,11,KUALALUMPUR (WP),e020035c-e1d1-481d-b224-6475deb88d49
314597,05f19504-21d2-4ca8-8812-35a4199559a6,e795beb3-2cda-4ac4-b79d-7953221f1fb6,166,JHT,C,141,JHT-C-141,Depan Bangunan C.O.Chan Pintu Masuk Parking,Depan Bangunan C.O.Chan Pintu Masuk Parking,1,Hadapan,KUALA LUMPUR,3.150004,101.705479,7,55c38deb-aae3-44c5-bfac-0bb919effec4,Wilayah Persekutuan Kuala Lumpur,137,WP Kuala Lumpur,1,Awam,4,Hilang,,,1,Pillar Hydrant,120,Bukit Bintang,0000-00-00,0,KUALA LUMPUR_JLN HANG TUAH_ZON C_WANI_20052015,11,KUALALUMPUR (WP),e020035c-e1d1-481d-b224-6475deb88d49
314598,5fa1962f-d05c-4a38-a570-3db1a0955b66,e795beb3-2cda-4ac4-b79d-7953221f1fb6,166,JHT,C,142,JHT-C-142,Depan Rumah No. 22 Jalan Changkat Bukit Bintang,Depan Rumah No. 22 Jalan Changkat Bukit Bintang,3,Berhampiran,KUALA LUMPUR,3.14774,101.707484,7,55c38deb-aae3-44c5-bfac-0bb919effec4,Wilayah Persekutuan Kuala Lumpur,137,WP Kuala Lumpur,1,Awam,1,Berfungsi,39.7488,,2,Ground Hydrant,120,Bukit Bintang,0000-00-00,0,KUALA LUMPUR_JLN HANG TUAH_ZON C_WANI_20052015,1,KUALA LUMPUR (WP),88beb013-6a67-4936-9afd-b84a072cb60f
314599,1efb6bf1-cce5-46a3-a4bc-bef1f3e08bbe,e795beb3-2cda-4ac4-b79d-7953221f1fb6,166,JHT,C,143,JHT-C-143,Depan Deutscher Haus Restoran & Pub  Jalan Changkat Bukit Bintang,Depan Deutscher Haus Restoran & Pub  Jalan Changkat Bukit Bintang,1,Hadapan,KUALA LUMPUR,3.147555,101.708115,7,55c38deb-aae3-44c5-bfac-0bb919effec4,Wilayah Persekutuan Kuala Lumpur,137,WP Kuala Lumpur,1,Awam,1,Berfungsi,252.96,,2,Ground Hydrant,120,Bukit Bintang,0000-00-00,0,KUALA LUMPUR_JLN HANG TUAH_ZON C_WANI_20052015,89,KUALA  LUMPUR (WP),53aa1806-b81f-4985-8066-6a9cf92f1446
314600,ee8543bf-22f3-4a9b-b61f-da3eac614554,e795beb3-2cda-4ac4-b79d-7953221f1fb6,166,JHT,C,144,JHT-C-144,Depan Bangunan Hick Flat Jalan Changkat Bukit Bintang,Depan Bangunan Hick Flat Jalan Changkat Bukit Bintang,1,Hadapan,KUALA LUMPUR,3.146786,101.709623,7,55c38deb-aae3-44c5-bfac-0bb919effec4,Wilayah Persekutuan Kuala Lumpur,137,WP Kuala Lumpur,1,Awam,4,Hilang,,,2,Ground Hydrant,120,Bukit Bintang,0000-00-00,0,KUALA LUMPUR_JLN HANG TUAH_ZON C_WANI_20052015,89,KUALA  LUMPUR (WP),53aa1806-b81f-4985-8066-6a9cf92f1446
314601,ed61a072-2e0a-40f6-84f2-09e70a9a0aa8,e795beb3-2cda-4ac4-b79d-7953221f1fb6,166,JHT,C,145,JHT-C-145,Depan Rest Happy Town Seafood Jalan Changkat Bukit Bintang,Depan Rest Happy Town Seafood Jalan Changkat Bukit Bintang,1,Hadapan,KUALA LUMPUR,3.146786,101.709623,7,55c38deb-aae3-44c5-bfac-0bb919effec4,Wilayah Persekutuan Kuala Lumpur,137,WP Kuala Lumpur,1,Awam,2,Tidak Berfungsi,0,,2,Ground Hydrant,120,Bukit Bintang,0000-00-00,0,KUALA LUMPUR_JLN HANG TUAH_ZON C_WANI_20052015,11,KUALALUMPUR (WP),e020035c-e1d1-481d-b224-6475deb88d49
314602,c1fa4862-49be-4959-bdae-bd26330a482d,e795beb3-2cda-4ac4-b79d-7953221f1fb6,166,JHT,C,146,JHT-C-146,Depan Imperial Hotel Jalan Changkat Bukit Bintang,Depan Imperial Hotel Jalan Changkat Bukit Bintang,1,Hadapan,KUALA LUMPUR,3.146316,101.709927,7,55c38deb-aae3-44c5-bfac-0bb919effec4,Wilayah Persekutuan Kuala Lumpur,137,WP Kuala Lumpur,2,Swasta,2,Tidak Berfungsi,0,,1,Pillar Hydrant,120,Bukit Bintang,0000-00-00,0,KUALA LUMPUR_JLN HANG TUAH_ZON C_WANI_20052015,1,KUALA LUMPUR (WP),88beb013-6a67-4936-9afd-b84a072cb60f
314603,acb37de1-3482-4d11-a86b-fa3b49ed0509,e795beb3-2cda-4ac4-b79d-7953221f1fb6,166,JHT,C,147,JHT-C-147,Depan Restoran Mandrin Jalan Alor,Depan Restoran Mandrin Jalan Alor,1,Hadapan,KUALA LUMPUR,3.145514,101.708854,7,55c38deb-aae3-44c5-bfac-0bb919effec4,Wilayah Persekutuan Kuala Lumpur,137,WP Kuala Lumpur,1,Awam,2,Tidak Berfungsi,0,,2,Ground Hydrant,120,Bukit Bintang,0000-00-00,0,KUALA LUMPUR_JLN HANG TUAH_ZON C_WANI_20052015,89,KUALA  LUMPUR (WP),53aa1806-b81f-4985-8066-6a9cf92f1446
314604,92a3a7a3-0c8d-4932-bc5e-74bf832eefff,e795beb3-2cda-4ac4-b79d-7953221f1fb6,166,JHT,C,148,JHT-C-148,Depan Restoran Chao Zhou Jalan Alor,Depan Restoran Chao Zhou Jalan Alor,1,Hadapan,KUALA LUMPUR,3.145946,101.709159,7,55c38deb-aae3-44c5-bfac-0bb919effec4,Wilayah Persekutuan Kuala Lumpur,137,WP Kuala Lumpur,1,Awam,1,Berfungsi,252.96,,1,Pillar Hydrant,120,Bukit Bintang,0000-00-00,0,KUALA LUMPUR_JLN HANG TUAH_ZON C_WANI_20052015,1,KUALA LUMPUR (WP),88beb013-6a67-4936-9afd-b84a072cb60f
314605,6b1b9c52-4350-4f9d-bd1b-35ecd0bb8110,e795beb3-2cda-4ac4-b79d-7953221f1fb6,166,JHT,C,149,JHT-C-149,Depan Restoran GUI LIN Jalan Alor,Depan Restoran GUI LIN Jalan Alor,1,Hadapan,KUALA LUMPUR,3.145588,101.7087,7,55c38deb-aae3-44c5-bfac-0bb919effec4,Wilayah Persekutuan Kuala Lumpur,137,WP Kuala Lumpur,1,Awam,1,Berfungsi,252.96,,1,Pillar Hydrant,120,Bukit Bintang,0000-00-00,0,KUALA LUMPUR_JLN HANG TUAH_ZON C_WANI_20052015,1,KUALA LUMPUR (WP),88beb013-6a67-4936-9afd-b84a072cb60f
314606,b4d3e39b-abaa-4da0-9f21-d5a2bccc950c,e795beb3-2cda-4ac4-b79d-7953221f1fb6,166,JHT,C,150,JHT-C-150,Depan Restoran One Plus Jalan Alor,Depan Restoran One Plus Jalan Alor,1,Hadapan,KUALA LUMPUR,3.1443824,101.7071085,7,55c38deb-aae3-44c5-bfac-0bb919effec4,Wilayah Persekutuan Kuala Lumpur,137,WP Kuala Lumpur,1,Awam,2,Tidak Berfungsi,0,,1,Pillar Hydrant,120,Bukit Bintang,0000-00-00,0,KUALA LUMPUR_JLN HANG TUAH_ZON C_WANI_20052015,11,KUALALUMPUR (WP),e020035c-e1d1-481d-b224-6475deb88d49
314607,2857d85f-feca-4a97-9f1c-e6f5a819292d,e795beb3-2cda-4ac4-b79d-7953221f1fb6,166,JHT,C,151,JHT-C-151,"Berhampiran Restoran  W.A.W ,di Persimpangan Jalan Alor","Berhampiran Restoran  W.A.W ,di Persimpangan Jalan Alor",3,Berhampiran,KUALA LUMPUR,3.144846,101.707798,7,55c38deb-aae3-44c5-bfac-0bb919effec4,Wilayah Persekutuan Kuala Lumpur,137,WP Kuala Lumpur,1,Awam,1,Berfungsi,252.96,,1,Pillar Hydrant,120,Bukit Bintang,0000-00-00,0,KUALA LUMPUR_JLN HANG TUAH_ZON C_WANI_20052015,1,KUALA LUMPUR (WP),88beb013-6a67-4936-9afd-b84a072cb60f
314608,5f26ff92-6752-411a-80fe-3a648a458790,e795beb3-2cda-4ac4-b79d-7953221f1fb6,166,JHT,C,152,JHT-C-152,Depan Bangunan Nova Hotel Jalan Alor,Depan Bangunan Nova Hotel Jalan Alor,1,Hadapan,KUALA LUMPUR,3.145145,101.707703,7,55c38deb-aae3-44c5-bfac-0bb919effec4,Wilayah Persekutuan Kuala Lumpur,137,WP Kuala Lumpur,2,Swasta,1,Berfungsi,39.7488,,1,Pillar Hydrant,120,Bukit Bintang,0000-00-00,0,KUALA LUMPUR_JLN HANG TUAH_ZON C_WANI_20052015,1,KUALA LUMPUR (WP),88beb013-6a67-4936-9afd-b84a072cb60f
314609,c5079185-45c2-4f31-873f-2edc73464d09,e795beb3-2cda-4ac4-b79d-7953221f1fb6,166,JHT,C,153,JHT-C-153,Sebelah Kiri Belakang  Nova Hotel Jalan Alor,Sebelah Kiri Belakang  Nova Hotel Jalan Alor,2,Belakang,KUALA LUMPUR,3.145256,101.707535,7,55c38deb-aae3-44c5-bfac-0bb919effec4,Wilayah Persekutuan Kuala Lumpur,137,WP Kuala Lumpur,2,Swasta,1,Berfungsi,39.7488,,1,Pillar Hydrant,120,Bukit Bintang,0000-00-00,0,KUALA LUMPUR_JLN HANG TUAH_ZON C_WANI_20052015,1,KUALA LUMPUR (WP),88beb013-6a67-4936-9afd-b84a072cb60f
314610,422e667f-02eb-4508-b929-328f44b6629e,e795beb3-2cda-4ac4-b79d-7953221f1fb6,166,JHT,C,154,JHT-C-154,Simpang Jln Alor Belakang Panggong Cathay,Simpang Jln Alor Belakang Panggong Cathay,3,Berhampiran,KUALA LUMPUR,3.144887,101.707711,7,55c38deb-aae3-44c5-bfac-0bb919effec4,Wilayah Persekutuan Kuala Lumpur,137,WP Kuala Lumpur,1,Awam,2,Tidak Berfungsi,0,,2,Ground Hydrant,120,Bukit Bintang,0000-00-00,0,KUALA LUMPUR_JLN HANG TUAH_ZON C_WANI_20052015,1,KUALA LUMPUR (WP),88beb013-6a67-4936-9afd-b84a072cb60f
314611,d74e380a-65ed-40f8-8f34-2af26756f94a,e795beb3-2cda-4ac4-b79d-7953221f1fb6,166,JHT,C,155,JHT-C-155,Depan Shuttle Inn Hotel Jalan Bukit Bintang,Depan Shuttle Inn Hotel Jalan Bukit Bintang,1,Hadapan,KUALA LUMPUR,3.146549,101.710812,7,55c38deb-aae3-44c5-bfac-0bb919effec4,Wilayah Persekutuan Kuala Lumpur,137,WP Kuala Lumpur,1,Awam,1,Berfungsi,39.7488,,1,Pillar Hydrant,120,Bukit Bintang,0000-00-00,0,KUALA LUMPUR_JLN HANG TUAH_ZON C_WANI_20052015,1,KUALA LUMPUR (WP),88beb013-6a67-4936-9afd-b84a072cb60f
314612,7cab38f2-156c-40d1-b3b6-3a15180f15e9,e795beb3-2cda-4ac4-b79d-7953221f1fb6,166,JHT,C,156,JHT-C-156,Depan KFC Jalan Bukit Bintang,Depan KFC Jalan Bukit Bintang,4,Tepi,KUALA LUMPUR,3.146,101.710176,7,55c38deb-aae3-44c5-bfac-0bb919effec4,Wilayah Persekutuan Kuala Lumpur,137,WP Kuala Lumpur,1,Awam,1,Berfungsi,252.96,,1,Pillar Hydrant,120,Bukit Bintang,0000-00-00,0,KUALA LUMPUR_JLN HANG TUAH_ZON C_WANI_20052015,11,KUALALUMPUR (WP),e020035c-e1d1-481d-b224-6475deb88d49
314613,0747d429-a082-4594-9fe6-fa2f9fce3007,e795beb3-2cda-4ac4-b79d-7953221f1fb6,166,JHT,C,157,JHT-C-157,Depan Restoran Papparich Jalan Bukit Bintang,Depan Restoran Papparich Jalan Bukit Bintang,1,Hadapan,KUALA LUMPUR,3.144797,101.708636,7,55c38deb-aae3-44c5-bfac-0bb919effec4,Wilayah Persekutuan Kuala Lumpur,137,WP Kuala Lumpur,1,Awam,1,Berfungsi,252.96,,1,Pillar Hydrant,120,Bukit Bintang,0000-00-00,0,KUALA LUMPUR_JLN HANG TUAH_ZON C_WANI_20052015,11,KUALALUMPUR (WP),e020035c-e1d1-481d-b224-6475deb88d49
314614,a5b35209-1cae-47ab-b394-dbd757be3400,e795beb3-2cda-4ac4-b79d-7953221f1fb6,166,JHT,C,158,JHT-C-158,Depan Tapak Panggong Pavilion (Parking ) Jalan Bukit Bintang,Depan Tapak Panggong Pavilion (Parking ) Jalan Bukit Bintang,3,Berhampiran,KUALA LUMPUR,3.144628,101.70777,7,55c38deb-aae3-44c5-bfac-0bb919effec4,Wilayah Persekutuan Kuala Lumpur,137,WP Kuala Lumpur,1,Awam,2,Tidak Berfungsi,0,,2,Ground Hydrant,120,Bukit Bintang,0000-00-00,0,KUALA LUMPUR_JLN HANG TUAH_ZON C_WANI_20052015,1,KUALA LUMPUR (WP),88beb013-6a67-4936-9afd-b84a072cb60f
314615,710fe8c2-5cdb-4353-a18c-5594b68abc7d,e795beb3-2cda-4ac4-b79d-7953221f1fb6,166,JHT,C,159,JHT-C-159,Dalam Mutiara Villa Jalan  Tengkat Tung Shin,Dalam Mutiara Villa Jalan  Tengkat Tung Shin,4,Tepi,KUALA LUMPUR,3.146077,101.707339,7,55c38deb-aae3-44c5-bfac-0bb919effec4,Wilayah Persekutuan Kuala Lumpur,137,WP Kuala Lumpur,1,Awam,1,Berfungsi,252.96,,1,Pillar Hydrant,120,Bukit Bintang,0000-00-00,0,KUALA LUMPUR_JLN HANG TUAH_ZON C_WANI_20052015,1,KUALA LUMPUR (WP),88beb013-6a67-4936-9afd-b84a072cb60f
314616,425b1439-c787-400f-bba9-2847926a23ee,e795beb3-2cda-4ac4-b79d-7953221f1fb6,166,JHT,C,160,JHT-C-160,Depan Mutiara Villa Jalan Sahabat,Depan Mutiara Villa Jalan Sahabat,1,Hadapan,KUALA LUMPUR,3.146662,101.707481,7,55c38deb-aae3-44c5-bfac-0bb919effec4,Wilayah Persekutuan Kuala Lumpur,137,WP Kuala Lumpur,1,Awam,1,Berfungsi,252.96,,1,Pillar Hydrant,120,Bukit Bintang,0000-00-00,0,KUALA LUMPUR_JLN HANG TUAH_ZON C_WANI_20052015,1,KUALA LUMPUR (WP),88beb013-6a67-4936-9afd-b84a072cb60f
314617,57a042a5-ff3c-4982-87bd-f5222a05776e,e795beb3-2cda-4ac4-b79d-7953221f1fb6,166,JHT,C,161,JHT-C-161,"Hadapan Gravy Baby Bar, No. 25, Changkat Bukit Bintang","Hadapan Gravy Baby Bar, No. 25, Changkat Bukit Bintang",1,Hadapan,KUALA LUMPUR,3.147646,101.70739,7,55c38deb-aae3-44c5-bfac-0bb919effec4,Wilayah Persekutuan Kuala Lumpur,137,WP Kuala Lumpur,1,Awam,1,Berfungsi,252.96,,1,Pillar Hydrant,120,Bukit Bintang,0000-00-00,0,KUALA LUMPUR_JLN HANG TUAH_ZON C_WANI_20052015,1,KUALA LUMPUR (WP),88beb013-6a67-4936-9afd-b84a072cb60f
314618,96be6f38-5e7e-4994-84ca-3867ff2cc0fc,e795beb3-2cda-4ac4-b79d-7953221f1fb6,166,JHT,C,162,JHT-C-162,Depan Rumah No 14C Jalan Sahabat,Depan Rumah No 14C Jalan Sahabat,1,Hadapan,KUALA LUMPUR,3.147495,101.706559,7,55c38deb-aae3-44c5-bfac-0bb919effec4,Wilayah Persekutuan Kuala Lumpur,137,WP Kuala Lumpur,1,Awam,2,Tidak Berfungsi,252.96,,2,Ground Hydrant,120,Bukit Bintang,0000-00-00,0,KUALA LUMPUR_JLN HANG TUAH_ZON C_WANI_20052015,1,KUALA LUMPUR (WP),88beb013-6a67-4936-9afd-b84a072cb60f
314619,80703d1c-b49f-4578-95c5-2785fa091243,e795beb3-2cda-4ac4-b79d-7953221f1fb6,166,JHT,C,163,JHT-C-163,"Tepi 12FLY HOTEL, Jalan Tengkat Tung Shin","Tepi 12FLY HOTEL, Jalan Tengkat Tung Shin",4,Tepi,KUALA LUMPUR,3.145292,101.706843,7,55c38deb-aae3-44c5-bfac-0bb919effec4,Wilayah Persekutuan Kuala Lumpur,137,WP Kuala Lumpur,1,Awam,1,Berfungsi,252.96,,1,Pillar Hydrant,120,Bukit Bintang,0000-00-00,0,KUALA LUMPUR_JLN HANG TUAH_ZON C_WANI_20052015,1,KUALA LUMPUR (WP),88beb013-6a67-4936-9afd-b84a072cb60f
314620,8824aadf-260c-4807-b322-c4a6a9acc642,e795beb3-2cda-4ac4-b79d-7953221f1fb6,166,JHT,C,164,JHT-C-164,Kanan  Hotel Radius International  Jalan Tengkat Tung Shin ,Kanan  Hotel Radius International  Jalan Tengkat Tung Shin ,3,Berhampiran,KUALA LUMPUR,3.14709,101.708447,7,55c38deb-aae3-44c5-bfac-0bb919effec4,Wilayah Persekutuan Kuala Lumpur,137,WP Kuala Lumpur,2,Swasta,1,Berfungsi,0,,1,Pillar Hydrant,120,Bukit Bintang,0000-00-00,0,KUALA LUMPUR_JLN HANG TUAH_ZON C_WANI_20052015,1,KUALA LUMPUR (WP),88beb013-6a67-4936-9afd-b84a072cb60f
314621,70a09fb6-45b0-4086-9bce-bd5cf60f1206,e795beb3-2cda-4ac4-b79d-7953221f1fb6,166,JHT,C,165,JHT-C-165,Jalan Keluar Hotel Radius International  Jalan Tengkat Tung Shin,Jalan Keluar Hotel Radius International  Jalan Tengkat Tung Shin,3,Berhampiran,KUALA LUMPUR,3.14725,101.708249,7,55c38deb-aae3-44c5-bfac-0bb919effec4,Wilayah Persekutuan Kuala Lumpur,137,WP Kuala Lumpur,2,Swasta,2,Tidak Berfungsi,0,,1,Pillar Hydrant,120,Bukit Bintang,0000-00-00,0,KUALA LUMPUR_JLN HANG TUAH_ZON C_WANI_20052015,1,KUALA LUMPUR (WP),88beb013-6a67-4936-9afd-b84a072cb60f
314622,90a4ba3f-f01a-4502-b01c-3d5614c8e7e8,e795beb3-2cda-4ac4-b79d-7953221f1fb6,166,JHT,C,166,JHT-C-166,Pintu Masuk Angkasa Impian 2 Jalan Sahabat,Pintu Masuk Angkasa Impian 2 Jalan Sahabat,1,Hadapan,KUALA LUMPUR,3.146746,101.706363,7,55c38deb-aae3-44c5-bfac-0bb919effec4,Wilayah Persekutuan Kuala Lumpur,137,WP Kuala Lumpur,2,Swasta,1,Berfungsi,39.7488,,1,Pillar Hydrant,120,Bukit Bintang,0000-00-00,0,KUALA LUMPUR_JLN HANG TUAH_ZON C_WANI_20052015,1,KUALA LUMPUR (WP),88beb013-6a67-4936-9afd-b84a072cb60f
314623,9b3033a4-24ca-4dfb-8687-54a42e2a7a49,e795beb3-2cda-4ac4-b79d-7953221f1fb6,166,JHT,C,167,JHT-C-167,Sebelah Kanan Angkasa Impian 2 Jalan Sahabat,Sebelah Kanan Angkasa Impian 2 Jalan Sahabat,3,Berhampiran,KUALA LUMPUR,3.146846,101.706627,7,55c38deb-aae3-44c5-bfac-0bb919effec4,Wilayah Persekutuan Kuala Lumpur,137,WP Kuala Lumpur,2,Swasta,1,Berfungsi,39.7488,,1,Pillar Hydrant,120,Bukit Bintang,0000-00-00,0,KUALA LUMPUR_JLN HANG TUAH_ZON C_WANI_20052015,1,KUALA LUMPUR (WP),88beb013-6a67-4936-9afd-b84a072cb60f
314624,a8ab9a3a-8abf-4636-acd5-df324c2dd7b8,e795beb3-2cda-4ac4-b79d-7953221f1fb6,166,JHT,C,168,JHT-C-168,Sebelah Belakang Angkasa Impian 2 Jalan Sahabat,Sebelah Belakang Angkasa Impian 2 Jalan Sahabat,2,Belakang,KUALA LUMPUR,3.146666,101.706333,7,55c38deb-aae3-44c5-bfac-0bb919effec4,Wilayah Persekutuan Kuala Lumpur,137,WP Kuala Lumpur,2,Swasta,1,Berfungsi,252.96,,1,Pillar Hydrant,120,Bukit Bintang,0000-00-00,0,KUALA LUMPUR_JLN HANG TUAH_ZON C_WANI_20052015,1,KUALA LUMPUR (WP),88beb013-6a67-4936-9afd-b84a072cb60f
314625,89c7c63f-76f3-4bc8-b5f9-ced96856939f,e795beb3-2cda-4ac4-b79d-7953221f1fb6,166,JHT,C,169,JHT-C-169,Depan Sebelah Kanan Angkasa Impian 2 Jalan Sahabat,Depan Sebelah Kanan Angkasa Impian 2 Jalan Sahabat,3,Berhampiran,KUALA LUMPUR,3.14658,101.706581,7,55c38deb-aae3-44c5-bfac-0bb919effec4,Wilayah Persekutuan Kuala Lumpur,137,WP Kuala Lumpur,2,Swasta,1,Berfungsi,252.96,,1,Pillar Hydrant,120,Bukit Bintang,0000-00-00,0,KUALA LUMPUR_JLN HANG TUAH_ZON C_WANI_20052015,1,KUALA LUMPUR (WP),88beb013-6a67-4936-9afd-b84a072cb60f
314626,de1e31e3-9545-431f-ace3-3b5a2742a95e,e795beb3-2cda-4ac4-b79d-7953221f1fb6,166,JHT,C,170,JHT-C-170,Pintu Masuk Parking Angkasa Impian 2  Jalan Sahabat,Pintu Masuk Parking Angkasa Impian 2  Jalan Sahabat,1,Hadapan,KUALA LUMPUR,3.146775,101.70639,7,55c38deb-aae3-44c5-bfac-0bb919effec4,Wilayah Persekutuan Kuala Lumpur,137,WP Kuala Lumpur,2,Swasta,1,Berfungsi,252.96,,1,Pillar Hydrant,120,Bukit Bintang,0000-00-00,0,KUALA LUMPUR_JLN HANG TUAH_ZON C_WANI_20052015,1,KUALA LUMPUR (WP),88beb013-6a67-4936-9afd-b84a072cb60f
314627,57dbee4b-b957-4c9d-a1df-7d0513984d56,e795beb3-2cda-4ac4-b79d-7953221f1fb6,166,JHT,C,171,JHT-C-171,Sebelah kanan Parkroyal Services Suittes No 1 Jalan Nagasari Off Jalan Raja Chulan,Sebelah kanan Parkroyal Services Suittes No 1 Jalan Nagasari Off Jalan Raja Chulan,3,Berhampiran,KUALA LUMPUR,3.149563,101.709245,7,55c38deb-aae3-44c5-bfac-0bb919effec4,Wilayah Persekutuan Kuala Lumpur,137,WP Kuala Lumpur,1,Awam,1,Berfungsi,252.96,,1,Pillar Hydrant,120,Bukit Bintang,0000-00-00,0,KUALA LUMPUR_JLN HANG TUAH_ZON C_WANI_20052015,1,KUALA LUMPUR (WP),88beb013-6a67-4936-9afd-b84a072cb60f
314628,3ecc15c5-3733-45c7-b7da-6d7458d1cd50,e795beb3-2cda-4ac4-b79d-7953221f1fb6,166,JHT,C,172,JHT-C-172,Sebelah kiri Parkroyal Services Suittes No 1 Jalan Nagasari Off Jalan Raja Chulan,Sebelah kiri Parkroyal Services Suittes No 1 Jalan Nagasari Off Jalan Raja Chulan,3,Berhampiran,KUALA LUMPUR,3.149529,101.709213,7,55c38deb-aae3-44c5-bfac-0bb919effec4,Wilayah Persekutuan Kuala Lumpur,137,WP Kuala Lumpur,1,Awam,1,Berfungsi,252.96,,1,Pillar Hydrant,120,Bukit Bintang,0000-00-00,0,KUALA LUMPUR_JLN HANG TUAH_ZON C_WANI_20052015,1,KUALA LUMPUR (WP),88beb013-6a67-4936-9afd-b84a072cb60f
314629,d79f184c-68f2-4fdf-8e20-7054b61e0b57,e795beb3-2cda-4ac4-b79d-7953221f1fb6,166,JHT,C,173,JHT-C-173,Sebelah Kanan Parkroyal Services Suittes No 1 Jalan Lorong Ceylon,Sebelah Kanan Parkroyal Services Suittes No 1 Jalan Lorong Ceylon,3,Berhampiran,KUALA LUMPUR,3.148785,101.708725,7,55c38deb-aae3-44c5-bfac-0bb919effec4,Wilayah Persekutuan Kuala Lumpur,137,WP Kuala Lumpur,1,Awam,1,Berfungsi,252.96,,1,Pillar Hydrant,120,Bukit Bintang,0000-00-00,0,KUALA LUMPUR_JLN HANG TUAH_ZON C_WANI_20052015,1,KUALA LUMPUR (WP),88beb013-6a67-4936-9afd-b84a072cb60f
314630,d0cc2c56-55e2-4333-9966-80139ad0f0fb,e795beb3-2cda-4ac4-b79d-7953221f1fb6,166,JHT,C,174,JHT-C-174,Sebelah Kiri Parkroyal Services Suittes No 1 Jalan Lorong Ceylon,Sebelah Kiri Parkroyal Services Suittes No 1 Jalan Lorong Ceylon,3,Berhampiran,KUALA LUMPUR,3.149071,101.708894,7,55c38deb-aae3-44c5-bfac-0bb919effec4,Wilayah Persekutuan Kuala Lumpur,137,WP Kuala Lumpur,1,Awam,1,Berfungsi,252.96,,1,Pillar Hydrant,120,Bukit Bintang,0000-00-00,0,KUALA LUMPUR_JLN HANG TUAH_ZON C_WANI_20052015,1,KUALA LUMPUR (WP),88beb013-6a67-4936-9afd-b84a072cb60f
314631,fe0723c7-a9e2-45b6-b799-1a6a44353a0d,e795beb3-2cda-4ac4-b79d-7953221f1fb6,166,JHT,C,175,JHT-C-175,Laluan Masuk Kiri Bangunan Suasana Bukit Ceylon Jalan Bukit Ceylon,Laluan Masuk Kiri Bangunan Suasana Bukit Ceylon Jalan Bukit Ceylon,3,Berhampiran,KUALA LUMPUR,3.148431,101.70284,7,55c38deb-aae3-44c5-bfac-0bb919effec4,Wilayah Persekutuan Kuala Lumpur,137,WP Kuala Lumpur,2,Swasta,1,Berfungsi,252.96,,1,Pillar Hydrant,120,Bukit Bintang,0000-00-00,0,KUALA LUMPUR_JLN HANG TUAH_ZON C_WANI_20052015,1,KUALA LUMPUR (WP),88beb013-6a67-4936-9afd-b84a072cb60f
314632,f09322f8-a944-4649-936b-9c68a33bcbf5,e795beb3-2cda-4ac4-b79d-7953221f1fb6,166,JHT,C,176,JHT-C-176,Laluan Masuk Kiri Parking Bangunan Suasana Bukit Ceylon Jalan Bukit Ceylon,Laluan Masuk Kiri Parking Bangunan Suasana Bukit Ceylon Jalan Bukit Ceylon,3,Berhampiran,KUALA LUMPUR,3.148475,101.703512,7,55c38deb-aae3-44c5-bfac-0bb919effec4,Wilayah Persekutuan Kuala Lumpur,137,WP Kuala Lumpur,2,Swasta,1,Berfungsi,158.995,,1,Pillar Hydrant,120,Bukit Bintang,0000-00-00,0,KUALA LUMPUR_JLN HANG TUAH_ZON C_WANI_20052015,1,KUALA LUMPUR (WP),88beb013-6a67-4936-9afd-b84a072cb60f
314633,898e43e4-1f3c-4df7-b065-67bd9c83de2b,e795beb3-2cda-4ac4-b79d-7953221f1fb6,166,JHT,C,177,JHT-C-177,Laluan Keluar Kanan Parking Bangunan Suasana Bukit Ceylon Jalan Bukit Ceylon,Laluan Keluar Kanan Parking Bangunan Suasana Bukit Ceylon Jalan Bukit Ceylon,3,Berhampiran,KUALA LUMPUR,3.1487,101.703338,7,55c38deb-aae3-44c5-bfac-0bb919effec4,Wilayah Persekutuan Kuala Lumpur,137,WP Kuala Lumpur,2,Swasta,1,Berfungsi,158.995,,1,Pillar Hydrant,120,Bukit Bintang,0000-00-00,0,KUALA LUMPUR_JLN HANG TUAH_ZON C_WANI_20052015,1,KUALA LUMPUR (WP),88beb013-6a67-4936-9afd-b84a072cb60f
314634,fd3bbb1f-b246-48f3-bbf7-e924ff051df7,e795beb3-2cda-4ac4-b79d-7953221f1fb6,166,JHT,C,178,JHT-C-178,Laluan Keluar Kanan Bangunan Suasana Bukit Ceylon Jalan Bukit Ceylon,Laluan Keluar Kanan Bangunan Suasana Bukit Ceylon Jalan Bukit Ceylon,3,Berhampiran,KUALA LUMPUR,3.148148,101.703064,7,55c38deb-aae3-44c5-bfac-0bb919effec4,Wilayah Persekutuan Kuala Lumpur,137,WP Kuala Lumpur,2,Swasta,1,Berfungsi,158.995,,1,Pillar Hydrant,120,Bukit Bintang,0000-00-00,0,KUALA LUMPUR_JLN HANG TUAH_ZON C_WANI_20052015,1,KUALA LUMPUR (WP),88beb013-6a67-4936-9afd-b84a072cb60f
582678,1c979280-33bf-4047-86c0-485acdc2fab0,e795beb3-2cda-4ac4-b79d-7953221f1fb6,166,JHT,C,179,JHT-C-179,"6,Jalan Ceylon,Bukit Ceylon,50200 Kuala Lumpur,Wilayah Persekutuan Kuala Lumpur",Bangunan 6 Ceylon,2,Belakang,,3.14828,101.7056,7,55c38deb-aae3-44c5-bfac-0bb919effec4,Wilayah Persekutuan Kuala Lumpur,137,WP Kuala Lumpur,2,Swasta,1,Berfungsi,194.729,images/img_pili/20220204203731278.,3,Pressurize Hydrant,120,Bukit Bintang,0000-00-00,0,,1,KUALA LUMPUR (WP),88beb013-6a67-4936-9afd-b84a072cb60f
582679,eda356cd-3027-4122-8dbd-f77ef4d5c3c5,e795beb3-2cda-4ac4-b79d-7953221f1fb6,166,JHT,C,180,JHT-C-180,"6,Jalan Ceylon,Bukit Ceylon,50200 Kuala Lumpur,Wilayah Persekutuan Kuala Lumpur",,2,Belakang,,3.14828,101.7056,7,55c38deb-aae3-44c5-bfac-0bb919effec4,Wilayah Persekutuan Kuala Lumpur,137,WP Kuala Lumpur,2,Swasta,1,Berfungsi,252.96,images/img_pili/20220204203954372.,3,Pressurize Hydrant,120,Bukit Bintang,0000-00-00,0,,1,KUALA LUMPUR (WP),88beb013-6a67-4936-9afd-b84a072cb60f
314712,3a4a178d-14e0-42c2-a3bd-f1ab779482e2,e795beb3-2cda-4ac4-b79d-7953221f1fb6,166,JHT,D,001,JHT-D-001,Tepi Bangunan Beacon House Ke Bukit Nanas,Tepi Bangunan Beacon House Ke Bukit Nanas,4,Tepi,KUALA LUMPUR,3.149123,101.698805,7,55c38deb-aae3-44c5-bfac-0bb919effec4,Wilayah Persekutuan Kuala Lumpur,137,WP Kuala Lumpur,1,Awam,1,Berfungsi,252.96,images/img_pili/20171023090045628.jpg,1,Pillar Hydrant,120,Bukit Bintang,0000-00-00,0,KUALA LUMPUR_JLN HANG TUAH_ZON D_WANI_20052015,1,KUALA LUMPUR (WP),88beb013-6a67-4936-9afd-b84a072cb60f
314713,87f30b1e-9291-4924-8879-459e3cf098ac,e795beb3-2cda-4ac4-b79d-7953221f1fb6,166,JHT,D,002,JHT-D-002,Belakang Bangunan Telekom Jalan Bukit Nanas,Belakang Bangunan Telekom Jalan Bukit Nanas,2,Belakang,KUALA LUMPUR,3.149304,101.699069,7,55c38deb-aae3-44c5-bfac-0bb919effec4,Wilayah Persekutuan Kuala Lumpur,137,WP Kuala Lumpur,2,Swasta,1,Berfungsi,252.96,images/img_pili/20171023090348194.jpg,1,Pillar Hydrant,120,Bukit Bintang,0000-00-00,0,KUALA LUMPUR_JLN HANG TUAH_ZON D_WANI_20052015,1,KUALA LUMPUR (WP),88beb013-6a67-4936-9afd-b84a072cb60f
314714,eea30da3-39c0-48f7-b980-c612bd539dcb,e795beb3-2cda-4ac4-b79d-7953221f1fb6,166,JHT,D,003,JHT-D-003,Tepi Pencawang Elektrik Jalan Bukit Nanas,Tepi Pencawang Elektrik Jalan Bukit Nanas,4,Tepi,KUALA LUMPUR,3.149403,101.698901,7,55c38deb-aae3-44c5-bfac-0bb919effec4,Wilayah Persekutuan Kuala Lumpur,137,WP Kuala Lumpur,1,Awam,2,Tidak Berfungsi,0,,2,Ground Hydrant,120,Bukit Bintang,0000-00-00,0,KUALA LUMPUR_JLN HANG TUAH_ZON D_WANI_20052015,1,KUALA LUMPUR (WP),88beb013-6a67-4936-9afd-b84a072cb60f
314715,8cd31b7c-2013-42db-a847-74935ea52c92,e795beb3-2cda-4ac4-b79d-7953221f1fb6,166,JHT,D,004,JHT-D-004,Depan Pintu Pagar Bangunan AIA Jalan Bukit Nanas,Depan Pintu Pagar Bangunan AIA Jalan Bukit Nanas,1,Hadapan,KUALA LUMPUR,3.151723,101.7005,7,55c38deb-aae3-44c5-bfac-0bb919effec4,Wilayah Persekutuan Kuala Lumpur,137,WP Kuala Lumpur,1,Awam,1,Berfungsi,252.96,images/img_pili/20171023090831318.jpg,1,Pillar Hydrant,120,Bukit Bintang,0000-00-00,0,KUALA LUMPUR_JLN HANG TUAH_ZON D_WANI_20052015,1,KUALA LUMPUR (WP),88beb013-6a67-4936-9afd-b84a072cb60f
314716,dfec148e-79c0-40d8-893f-a9707f903e7b,e795beb3-2cda-4ac4-b79d-7953221f1fb6,166,JHT,D,005,JHT-D-005,Depan Bangunan AIA Jalan Bukit Nanas,Depan Bangunan AIA Jalan Bukit Nanas,1,Hadapan,KUALA LUMPUR,3.151514,101.700218,7,55c38deb-aae3-44c5-bfac-0bb919effec4,Wilayah Persekutuan Kuala Lumpur,137,WP Kuala Lumpur,1,Awam,2,Tidak Berfungsi,0,images/img_pili/20171023090949718.jpg,1,Pillar Hydrant,120,Bukit Bintang,0000-00-00,0,KUALA LUMPUR_JLN HANG TUAH_ZON D_WANI_20052015,1,KUALA LUMPUR (WP),88beb013-6a67-4936-9afd-b84a072cb60f
314717,10d98e05-f0ba-4136-a315-9a8f859970b0,e795beb3-2cda-4ac4-b79d-7953221f1fb6,166,JHT,D,006,JHT-D-006,Depan Pintu Masuk Sek.Men.ConventJalan Bukit Nanas,Depan Pintu Masuk Sek.Men.ConventJalan Bukit Nanas,1,Hadapan,KUALA LUMPUR,3.152479,101.701436,7,55c38deb-aae3-44c5-bfac-0bb919effec4,Wilayah Persekutuan Kuala Lumpur,137,WP Kuala Lumpur,1,Awam,1,Berfungsi,252.96,images/img_pili/20171023091047213.jpg,1,Pillar Hydrant,120,Bukit Bintang,0000-00-00,0,KUALA LUMPUR_JLN HANG TUAH_ZON D_WANI_20052015,1,KUALA LUMPUR (WP),88beb013-6a67-4936-9afd-b84a072cb60f
314718,8d88b10f-9a04-46d4-8149-c8976c8336da,e795beb3-2cda-4ac4-b79d-7953221f1fb6,166,JHT,D,007,JHT-D-007,Depan Sek.Ren.Convent 1 Dan 2 Jalan Bukit Nanas,Depan Sek.Ren.Convent 1 Dan 2 Jalan Bukit Nanas,1,Hadapan,KUALA LUMPUR,3.15205,101.70094,7,55c38deb-aae3-44c5-bfac-0bb919effec4,Wilayah Persekutuan Kuala Lumpur,137,WP Kuala Lumpur,1,Awam,2,Tidak Berfungsi,0,images/img_pili/20171023091203330.jpg,1,Pillar Hydrant,120,Bukit Bintang,0000-00-00,0,KUALA LUMPUR_JLN HANG TUAH_ZON D_WANI_20052015,1,KUALA LUMPUR (WP),88beb013-6a67-4936-9afd-b84a072cb60f
314719,6bc9bf6a-21bf-48fa-a7ce-902282df2b74,e795beb3-2cda-4ac4-b79d-7953221f1fb6,166,JHT,D,008,JHT-D-008,Jalan Parking Bangunan Menara Olympia Jalan Bukit Nanas,Jalan Parking Bangunan Menara Olympia Jalan Bukit Nanas,3,Berhampiran,KUALA LUMPUR,3.149545,101.701047,7,55c38deb-aae3-44c5-bfac-0bb919effec4,Wilayah Persekutuan Kuala Lumpur,137,WP Kuala Lumpur,2,Swasta,1,Berfungsi,39.7488,images/img_pili/20171023091432541.jpg,1,Pillar Hydrant,120,Bukit Bintang,0000-00-00,0,KUALA LUMPUR_JLN HANG TUAH_ZON D_WANI_20052015,1,KUALA LUMPUR (WP),88beb013-6a67-4936-9afd-b84a072cb60f
314720,cb1dec0f-2653-4f42-abfb-2af381dd1356,e795beb3-2cda-4ac4-b79d-7953221f1fb6,166,JHT,D,009,JHT-D-009,Depan Bangunan Persatuan Hokkien Selangor Jalan Hang Lekiu Off Jln Raja Chulan,Depan Bangunan Persatuan Hokkien Selangor Jalan Hang Lekiu Off Jln Raja Chulan,1,Hadapan,KUALA LUMPUR,3.148238,101.698555,7,55c38deb-aae3-44c5-bfac-0bb919effec4,Wilayah Persekutuan Kuala Lumpur,137,WP Kuala Lumpur,1,Awam,1,Berfungsi,0,,1,Pillar Hydrant,120,Bukit Bintang,0000-00-00,0,KUALA LUMPUR_JLN HANG TUAH_ZON D_WANI_20052015,1,KUALA LUMPUR (WP),88beb013-6a67-4936-9afd-b84a072cb60f
314721,bd3a4380-e41f-4008-a964-5f5672c1114f,e795beb3-2cda-4ac4-b79d-7953221f1fb6,166,JHT,D,010,JHT-D-010,Sebelah Tepi Muzium Telekom Jalan Raja Chulan,SebelahTepi Muzium Telekom Jalan Raja Chulan,4,Tepi,KUALA LUMPUR,3.148864,101.699293,7,55c38deb-aae3-44c5-bfac-0bb919effec4,Wilayah Persekutuan Kuala Lumpur,137,WP Kuala Lumpur,2,Swasta,1,Berfungsi,39.7488,,1,Pillar Hydrant,120,Bukit Bintang,0000-00-00,0,KUALA LUMPUR_JLN HANG TUAH_ZON D_WANI_20052015,1,KUALA LUMPUR (WP),88beb013-6a67-4936-9afd-b84a072cb60f
314722,963f2c19-f0f2-477f-b9de-3d87add8a987,e795beb3-2cda-4ac4-b79d-7953221f1fb6,166,JHT,D,011,JHT-D-011,Depan Bangunan Komplek Telekom Jalan Raja Chulan,DepanBangunanKomplek Telekom Jalan Raja Chulan,1,Hadapan,KUALA LUMPUR,3.148782,101.699591,7,55c38deb-aae3-44c5-bfac-0bb919effec4,Wilayah Persekutuan Kuala Lumpur,137,WP Kuala Lumpur,2,Swasta,1,Berfungsi,39.7488,,1,Pillar Hydrant,120,Bukit Bintang,0000-00-00,0,KUALA LUMPUR_JLN HANG TUAH_ZON D_WANI_20052015,1,KUALA LUMPUR (WP),88beb013-6a67-4936-9afd-b84a072cb60f
314723,34c115cf-01bd-4266-9343-9d507fb5956d,e795beb3-2cda-4ac4-b79d-7953221f1fb6,166,JHT,D,012,JHT-D-012,SebelahKananDepanWisma Olympia Jalan Raja Chulan,SebelahKananDepanWisma Olympia Jalan Raja Chulan,4,Tepi,KUALA LUMPUR,3.148967,101.700247,7,55c38deb-aae3-44c5-bfac-0bb919effec4,Wilayah Persekutuan Kuala Lumpur,137,WP Kuala Lumpur,2,Swasta,1,Berfungsi,252.96,,1,Pillar Hydrant,120,Bukit Bintang,0000-00-00,0,KUALA LUMPUR_JLN HANG TUAH_ZON D_WANI_20052015,1,KUALA LUMPUR (WP),88beb013-6a67-4936-9afd-b84a072cb60f
314724,b1ce5612-3069-4983-9b0b-bd8341b8fce6,e795beb3-2cda-4ac4-b79d-7953221f1fb6,166,JHT,D,013,JHT-D-013,Sebelah Kiri Depan Wisma Olympia Jalan Raja Chulan,SebelahKiriDepanWisma Olympia Jalan Raja Chulan,4,Tepi,KUALA LUMPUR,3.14922,101.700973,7,55c38deb-aae3-44c5-bfac-0bb919effec4,Wilayah Persekutuan Kuala Lumpur,137,WP Kuala Lumpur,2,Swasta,1,Berfungsi,252.96,,1,Pillar Hydrant,120,Bukit Bintang,0000-00-00,0,KUALA LUMPUR_JLN HANG TUAH_ZON D_WANI_20052015,1,KUALA LUMPUR (WP),88beb013-6a67-4936-9afd-b84a072cb60f
314725,228fbb4d-2575-470b-bba9-c23a7ade4d86,e795beb3-2cda-4ac4-b79d-7953221f1fb6,166,JHT,D,014,JHT-D-014,Depan Kedai Racun Sin Teong Hing Sdn Bhd JalanT.H.S.Lee,DepanKedaiRacun Sin TeongHingSdnBhdJalanT.H.S.Lee,1,Hadapan,KUALA LUMPUR,3.14886,101.697863,7,55c38deb-aae3-44c5-bfac-0bb919effec4,Wilayah Persekutuan Kuala Lumpur,137,WP Kuala Lumpur,1,Awam,2,Tidak Berfungsi,0,,1,Pillar Hydrant,120,Bukit Bintang,0000-00-00,0,KUALA LUMPUR_JLN HANG TUAH_ZON D_WANI_20052015,1,KUALA LUMPUR (WP),88beb013-6a67-4936-9afd-b84a072cb60f
314726,e626b260-fbb9-4cbb-8cdc-9c36475eeb53,e795beb3-2cda-4ac4-b79d-7953221f1fb6,166,JHT,D,015,JHT-D-015,Persimpangan T.H.S.Lee Restoran President Corner JalanTun Perak,PersimpanganT.H.S.LeeRestoran President Corner JalanTun Perak,3,Berhampiran,KUALA LUMPUR,3.148037,101.697906,7,55c38deb-aae3-44c5-bfac-0bb919effec4,Wilayah Persekutuan Kuala Lumpur,137,WP Kuala Lumpur,1,Awam,2,Tidak Berfungsi,0,,2,Ground Hydrant,120,Bukit Bintang,0000-00-00,0,KUALA LUMPUR_JLN HANG TUAH_ZON D_WANI_20052015,1,KUALA LUMPUR (WP),88beb013-6a67-4936-9afd-b84a072cb60f
314727,7258bfd8-5e8a-44fc-875a-a564d23e7af7,e795beb3-2cda-4ac4-b79d-7953221f1fb6,166,JHT,D,016,JHT-D-016,Depan Bangunan 7 Eleven Jalan Leboh Ampang,Depan Bangunan 7 Eleven Jalan Leboh Ampang,1,Hadapan,KUALA LUMPUR,3.148831,101.697196,7,55c38deb-aae3-44c5-bfac-0bb919effec4,Wilayah Persekutuan Kuala Lumpur,137,WP Kuala Lumpur,1,Awam,1,Berfungsi,357.74,,1,Pillar Hydrant,120,Bukit Bintang,0000-00-00,0,KUALA LUMPUR_JLN HANG TUAH_ZON D_WANI_20052015,11,KUALALUMPUR (WP),e020035c-e1d1-481d-b224-6475deb88d49
314728,197a471a-6dbb-41bd-a17f-eae0e00418d2,e795beb3-2cda-4ac4-b79d-7953221f1fb6,166,JHT,D,017,JHT-D-017,Depan Kedai Emas Sri Ganesh Jalan Leboh Ampang,DepanKedaiEmas Sri Ganesh Jalan Leboh Ampang,1,Hadapan,KUALA LUMPUR,3.149626,101.698016,7,55c38deb-aae3-44c5-bfac-0bb919effec4,Wilayah Persekutuan Kuala Lumpur,137,WP Kuala Lumpur,1,Awam,1,Berfungsi,357.74,,1,Pillar Hydrant,120,Bukit Bintang,0000-00-00,0,KUALA LUMPUR_JLN HANG TUAH_ZON D_WANI_20052015,1,KUALA LUMPUR (WP),88beb013-6a67-4936-9afd-b84a072cb60f
314729,ac8a0dc9-6fed-4280-b77e-6fa35cfa0c79,e795beb3-2cda-4ac4-b79d-7953221f1fb6,166,JHT,D,018,JHT-D-018,Sebelah Kanan Arena Star Hotel Jalan Gereja,Sebelah Kanan Arena Star Hotel Jalan Gereja,4,Tepi,KUALA LUMPUR,3.148773,101.698948,7,55c38deb-aae3-44c5-bfac-0bb919effec4,Wilayah Persekutuan Kuala Lumpur,137,WP Kuala Lumpur,1,Awam,2,Tidak Berfungsi,0,,1,Pillar Hydrant,120,Bukit Bintang,0000-00-00,0,KUALA LUMPUR_JLN HANG TUAH_ZON D_WANI_20052015,1,KUALA LUMPUR (WP),88beb013-6a67-4936-9afd-b84a072cb60f
314730,c37d3d6f-0a22-4c68-a896-2b979b3c5ed1,e795beb3-2cda-4ac4-b79d-7953221f1fb6,166,JHT,D,019,JHT-D-019,Persimpangan Jalan Lekiu Off Jalan Gereja ( hadapan  Filipino Bar & Restaurance ),Persimpangan Jalan Lekiu Off Jalan Gereja ( hadapan  Filipino Bar & Restaurance ),1,Hadapan,KUALA LUMPUR,3.149022,101.698653,7,55c38deb-aae3-44c5-bfac-0bb919effec4,Wilayah Persekutuan Kuala Lumpur,137,WP Kuala Lumpur,1,Awam,2,Tidak Berfungsi,0,,2,Ground Hydrant,120,Bukit Bintang,0000-00-00,0,KUALA LUMPUR_JLN HANG TUAH_ZON D_WANI_20052015,1,KUALA LUMPUR (WP),88beb013-6a67-4936-9afd-b84a072cb60f
314731,918e437b-edd1-4629-8dcd-033aa75a0a43,e795beb3-2cda-4ac4-b79d-7953221f1fb6,166,JHT,D,020,JHT-D-020,Depan Bangunan Segi College Jalan Hang Lekiu,DepanBangunanSegiCollegeJalan Hang Lekiu,1,Hadapan,KUALA LUMPUR,3.148623,101.698492,7,55c38deb-aae3-44c5-bfac-0bb919effec4,Wilayah Persekutuan Kuala Lumpur,137,WP Kuala Lumpur,1,Awam,1,Berfungsi,0,,1,Pillar Hydrant,120,Bukit Bintang,0000-00-00,0,KUALA LUMPUR_JLN HANG TUAH_ZON D_WANI_20052015,1,KUALA LUMPUR (WP),88beb013-6a67-4936-9afd-b84a072cb60f
314732,972be4c4-ac29-4372-b02d-16335b84abb5,e795beb3-2cda-4ac4-b79d-7953221f1fb6,166,JHT,D,021,JHT-D-021,JALAN LEKIU OFF JLN TUN PERAK,DepanKedaiKorea Ginseng Persimpangan Jalan Lekiu Off JalanTun Perak,1,Hadapan,KUALA LUMPUR,3.147941,101.697935,7,55c38deb-aae3-44c5-bfac-0bb919effec4,Wilayah Persekutuan Kuala Lumpur,137,WP Kuala Lumpur,1,Awam,2,Tidak Berfungsi,0,,2,Ground Hydrant,120,Bukit Bintang,0000-00-00,0,KUALA LUMPUR_JLN HANG TUAH_ZON D_WANI_20052015,1,KUALA LUMPUR (WP),88beb013-6a67-4936-9afd-b84a072cb60f
314733,d22cea43-0626-41df-a69f-a9abb275ef4f,e795beb3-2cda-4ac4-b79d-7953221f1fb6,166,JHT,D,022,JHT-D-022,Persimpangan Leboh Ampang Depan Kedai Pengurup Wang Jalan Tun Perak,Persimpangan Leboh Ampang Depan Kedai Pengurup Wang JalanTun Perak,3,Berhampiran,KUALA LUMPUR,3.148733,101.697135,7,55c38deb-aae3-44c5-bfac-0bb919effec4,Wilayah Persekutuan Kuala Lumpur,137,WP Kuala Lumpur,1,Awam,2,Tidak Berfungsi,0,,2,Ground Hydrant,120,Bukit Bintang,0000-00-00,0,KUALA LUMPUR_JLN HANG TUAH_ZON D_WANI_20052015,1,KUALA LUMPUR (WP),88beb013-6a67-4936-9afd-b84a072cb60f
314734,2d432eec-18cc-4c61-bbaa-17e96001c6ed,e795beb3-2cda-4ac4-b79d-7953221f1fb6,166,JHT,D,023,JHT-D-023,Depan AIA Cawangan Jalan Ampang,Depan AIA Cawangan Jalan Ampang,1,Hadapan,KUALA LUMPUR,3.152548,101.69995,7,55c38deb-aae3-44c5-bfac-0bb919effec4,Wilayah Persekutuan Kuala Lumpur,137,WP Kuala Lumpur,2,Swasta,1,Berfungsi,39.7488,,1,Pillar Hydrant,120,Bukit Bintang,0000-00-00,0,KUALA LUMPUR_JLN HANG TUAH_ZON D_WANI_20052015,1,KUALA LUMPUR (WP),88beb013-6a67-4936-9afd-b84a072cb60f
314735,d3f9b7e9-21c0-484a-b3ee-df4b0716f6dc,e795beb3-2cda-4ac4-b79d-7953221f1fb6,166,JHT,D,024,JHT-D-024,Depan Bangunan City Bank Jalan Ampang,Depan Bangunan City Bank Jalan Ampang,1,Hadapan,KUALA LUMPUR,3.15225,101.699493,7,55c38deb-aae3-44c5-bfac-0bb919effec4,Wilayah Persekutuan Kuala Lumpur,137,WP Kuala Lumpur,1,Awam,1,Berfungsi,252.96,,1,Pillar Hydrant,120,Bukit Bintang,0000-00-00,0,KUALA LUMPUR_JLN HANG TUAH_ZON D_WANI_20052015,1,KUALA LUMPUR (WP),88beb013-6a67-4936-9afd-b84a072cb60f
314736,6522a21e-1e48-4680-ab0b-bf9cf965fce6,e795beb3-2cda-4ac4-b79d-7953221f1fb6,166,JHT,D,025,JHT-D-025,Jalan Masuk Parking Bangunan Ming Lorong Melaka,Jalan Masuk Parking Bangunan Ming Lorong Melaka,3,Berhampiran,KUALA LUMPUR,3.150415,101.698235,7,55c38deb-aae3-44c5-bfac-0bb919effec4,Wilayah Persekutuan Kuala Lumpur,137,WP Kuala Lumpur,1,Awam,1,Berfungsi,252.96,,1,Pillar Hydrant,120,Bukit Bintang,0000-00-00,0,KUALA LUMPUR_JLN HANG TUAH_ZON D_WANI_20052015,1,KUALA LUMPUR (WP),88beb013-6a67-4936-9afd-b84a072cb60f
314737,580bf08d-5df5-4015-a41e-ca0b56b6b6b1,e795beb3-2cda-4ac4-b79d-7953221f1fb6,166,JHT,D,026,JHT-D-026,Belakang Bangunan City Bank Jalan Ampang,Belakang Bangunan City Bank Jalan Ampang,2,Belakang,KUALA LUMPUR,3.160243,101.717252,7,55c38deb-aae3-44c5-bfac-0bb919effec4,Wilayah Persekutuan Kuala Lumpur,137,WP Kuala Lumpur,1,Awam,1,Berfungsi,252.96,,1,Pillar Hydrant,120,Bukit Bintang,0000-00-00,0,KUALA LUMPUR_JLN HANG TUAH_ZON D_WANI_20052015,1,KUALA LUMPUR (WP),88beb013-6a67-4936-9afd-b84a072cb60f
314738,95b4e11f-a37a-4d49-8fd6-bb56f1e7434e,e795beb3-2cda-4ac4-b79d-7953221f1fb6,166,JHT,D,027,JHT-D-027,Belakang Menara UMW Jalan Puncak,Menara UMW,2,Belakang,KUALA LUMPUR,3.152421,101.706017,7,55c38deb-aae3-44c5-bfac-0bb919effec4,Wilayah Persekutuan Kuala Lumpur,137,WP Kuala Lumpur,1,Awam,1,Berfungsi,252.96,,1,Pillar Hydrant,120,Bukit Bintang,0000-00-00,0,KUALA LUMPUR_JLN HANG TUAH_ZON D_WANI_20052015,1,KUALA LUMPUR (WP),88beb013-6a67-4936-9afd-b84a072cb60f
314739,caae0cea-d448-42ef-aaae-5e2166f0bfb7,e795beb3-2cda-4ac4-b79d-7953221f1fb6,166,JHT,D,028,JHT-D-028,Parking Kereta Menara UMW Jalan Puncak,Menara UMW,3,Berhampiran,KUALA LUMPUR,3.15223,101.70575,7,55c38deb-aae3-44c5-bfac-0bb919effec4,Wilayah Persekutuan Kuala Lumpur,137,WP Kuala Lumpur,1,Awam,1,Berfungsi,357.74,,1,Pillar Hydrant,120,Bukit Bintang,0000-00-00,0,KUALA LUMPUR_JLN HANG TUAH_ZON D_WANI_20052015,1,KUALA LUMPUR (WP),88beb013-6a67-4936-9afd-b84a072cb60f
314740,7dcb4140-fe27-4281-bb8d-b8eff92cb244,e795beb3-2cda-4ac4-b79d-7953221f1fb6,166,JHT,D,029,JHT-D-029,Depan Menara K.L Tempat Parking Kereta Jalan Puncak,Depan Menara K.L Tempat Parking Kereta Jalan Puncak,1,Hadapan,KUALA LUMPUR,3.152163,101.702957,7,55c38deb-aae3-44c5-bfac-0bb919effec4,Wilayah Persekutuan Kuala Lumpur,137,WP Kuala Lumpur,2,Swasta,1,Berfungsi,357.74,,1,Pillar Hydrant,120,Bukit Bintang,0000-00-00,0,KUALA LUMPUR_JLN HANG TUAH_ZON D_WANI_20052015,1,KUALA LUMPUR (WP),88beb013-6a67-4936-9afd-b84a072cb60f
314741,e00e6e3f-dbb7-4978-a0f0-60c5c1953bf6,e795beb3-2cda-4ac4-b79d-7953221f1fb6,166,JHT,D,030,JHT-D-030,Depan Jalan Masuk Menara K.L Jalan Puncak,Depan Jalan Masuk Menara K.L Jalan Puncak,1,Hadapan,KUALA LUMPUR,3.152259,101.705441,7,55c38deb-aae3-44c5-bfac-0bb919effec4,Wilayah Persekutuan Kuala Lumpur,137,WP Kuala Lumpur,2,Swasta,1,Berfungsi,357.74,,1,Pillar Hydrant,119,Titiwangsa,0000-00-00,0,KUALA LUMPUR_JLN HANG TUAH_ZON D_WANI_20052015,1,KUALA LUMPUR (WP),88beb013-6a67-4936-9afd-b84a072cb60f
314742,9caaede0-6697-4a5c-a7b5-0bee18c2e3cc,e795beb3-2cda-4ac4-b79d-7953221f1fb6,166,JHT,D,031,JHT-D-031,Penjuru Kanan Depan Menara K.L Jalan Puncak,Penjuru Kanan Depan Menara K.L Jalan Puncak,4,Tepi,KUALA LUMPUR,3.153044,101.703755,7,55c38deb-aae3-44c5-bfac-0bb919effec4,Wilayah Persekutuan Kuala Lumpur,137,WP Kuala Lumpur,2,Swasta,1,Berfungsi,357.74,images/img_pili/20180409121122983.jpg,1,Pillar Hydrant,120,Bukit Bintang,0000-00-00,0,KUALA LUMPUR_JLN HANG TUAH_ZON D_WANI_20052015,1,KUALA LUMPUR (WP),88beb013-6a67-4936-9afd-b84a072cb60f
314743,9e64239a-fc23-4800-8d4f-6d8de2e447c6,e795beb3-2cda-4ac4-b79d-7953221f1fb6,166,JHT,D,032,JHT-D-032,Penjuru Kiri Depan Menara K.L Jalan Puncak,Penjuru Kiri Depan Menara K.L Jalan Puncak,4,Tepi,KUALA LUMPUR,3.152704,101.703445,7,55c38deb-aae3-44c5-bfac-0bb919effec4,Wilayah Persekutuan Kuala Lumpur,137,WP Kuala Lumpur,2,Swasta,1,Berfungsi,39.7488,images/img_pili/20180409121459769.jpg,1,Pillar Hydrant,120,Bukit Bintang,0000-00-00,0,KUALA LUMPUR_JLN HANG TUAH_ZON D_WANI_20052015,1,KUALA LUMPUR (WP),88beb013-6a67-4936-9afd-b84a072cb60f
314744,4b8357c8-968c-4ce6-9b58-dd3ed92c71f1,e795beb3-2cda-4ac4-b79d-7953221f1fb6,166,JHT,D,033,JHT-D-033,Depan Bangunan Tai Pan Star Jalan P.Ramlee,Depan Bangunan Tai Pan Star Jalan P.Ramlee,1,Hadapan,KUALA LUMPUR,3.152975,101.70756,7,55c38deb-aae3-44c5-bfac-0bb919effec4,Wilayah Persekutuan Kuala Lumpur,137,WP Kuala Lumpur,2,Swasta,1,Berfungsi,39.7488,,1,Pillar Hydrant,120,Bukit Bintang,0000-00-00,0,KUALA LUMPUR_JLN HANG TUAH_ZON D_WANI_20052015,1,KUALA LUMPUR (WP),88beb013-6a67-4936-9afd-b84a072cb60f
314745,9153b643-fc3e-4f84-8c48-eb922b4e478e,e795beb3-2cda-4ac4-b79d-7953221f1fb6,166,JHT,D,034,JHT-D-034,Tepi Bangunan Tai Pan Star Lorong P.Ramlee,Tepi Bangunan Tai Pan Star Lorong P.Ramlee,4,Tepi,KUALA LUMPUR,3.153475,101.705714,7,55c38deb-aae3-44c5-bfac-0bb919effec4,Wilayah Persekutuan Kuala Lumpur,137,WP Kuala Lumpur,2,Swasta,1,Berfungsi,39.7488,,1,Pillar Hydrant,120,Bukit Bintang,0000-00-00,0,KUALA LUMPUR_JLN HANG TUAH_ZON D_WANI_20052015,1,KUALA LUMPUR (WP),88beb013-6a67-4936-9afd-b84a072cb60f
314746,1bb14142-9c4e-4595-86ee-ab93d230121f,e795beb3-2cda-4ac4-b79d-7953221f1fb6,166,JHT,D,035,JHT-D-035,Depan Plaza Atrum Lorong P.Ramlee,Depan Plaza Atrum Lorong P.Ramlee,1,Hadapan,KUALA LUMPUR,3.153483,101.705348,7,55c38deb-aae3-44c5-bfac-0bb919effec4,Wilayah Persekutuan Kuala Lumpur,137,WP Kuala Lumpur,2,Swasta,1,Berfungsi,0,,1,Pillar Hydrant,120,Bukit Bintang,0000-00-00,0,KUALA LUMPUR_JLN HANG TUAH_ZON D_WANI_20052015,1,KUALA LUMPUR (WP),88beb013-6a67-4936-9afd-b84a072cb60f
314747,cf0b482f-cdf3-4e7f-81b7-6392af99706b,e795beb3-2cda-4ac4-b79d-7953221f1fb6,166,JHT,D,036,JHT-D-036,Hadapan Menara KH Tower LorongP.Ramlee,Hadapan Menara KH Tower LorongP.Ramlee,1,Hadapan,KUALA LUMPUR,3.15106,101.710093,7,55c38deb-aae3-44c5-bfac-0bb919effec4,Wilayah Persekutuan Kuala Lumpur,137,WP Kuala Lumpur,2,Swasta,1,Berfungsi,252.96,images/img_pili/2017102310200412.jpg,1,Pillar Hydrant,120,Bukit Bintang,0000-00-00,0,KUALA LUMPUR_JLN HANG TUAH_ZON D_WANI_20052015,1,KUALA LUMPUR (WP),88beb013-6a67-4936-9afd-b84a072cb60f
314748,324f4f41-0137-40e1-80ae-b8a32d879fdc,e795beb3-2cda-4ac4-b79d-7953221f1fb6,166,JHT,D,037,JHT-D-037,Jalan Masuk Kanan Menara KH Tower Lorong P.Ramlee,Jalan Masuk Kanan Menara KH Tower Lorong P.Ramlee,3,Berhampiran,KUALA LUMPUR,3.153317,101.705574,7,55c38deb-aae3-44c5-bfac-0bb919effec4,Wilayah Persekutuan Kuala Lumpur,137,WP Kuala Lumpur,2,Swasta,1,Berfungsi,252.96,images/img_pili/20171023102240940.jpg,1,Pillar Hydrant,120,Bukit Bintang,0000-00-00,0,KUALA LUMPUR_JLN HANG TUAH_ZON D_WANI_20052015,1,KUALA LUMPUR (WP),88beb013-6a67-4936-9afd-b84a072cb60f
314749,1f441004-b83e-44b7-9b4e-2c09719cddc7,e795beb3-2cda-4ac4-b79d-7953221f1fb6,166,JHT,D,038,JHT-D-038,Jalan Keluar Kiri Menara Pan KH Tower Jalan P.Ramlee,Jalan Keluar Kiri Menara Pan KH Tower Jalan P.Ramlee,3,Berhampiran,KUALA LUMPUR,3.153086,101.705804,7,55c38deb-aae3-44c5-bfac-0bb919effec4,Wilayah Persekutuan Kuala Lumpur,137,WP Kuala Lumpur,2,Swasta,1,Berfungsi,252.96,images/img_pili/20171023102426228.jpg,1,Pillar Hydrant,120,Bukit Bintang,0000-00-00,0,KUALA LUMPUR_JLN HANG TUAH_ZON D_WANI_20052015,1,KUALA LUMPUR (WP),88beb013-6a67-4936-9afd-b84a072cb60f
314750,5b3edf67-1855-43b7-9663-d4558d8b23e8,e795beb3-2cda-4ac4-b79d-7953221f1fb6,166,JHT,D,039,JHT-D-039,Hadapan Menara SMI Lorong P.Ramlee,Hadapan Menara SMI Lorong P.Ramlee,1,Hadapan,KUALA LUMPUR,3.153122,101.705801,7,55c38deb-aae3-44c5-bfac-0bb919effec4,Wilayah Persekutuan Kuala Lumpur,137,WP Kuala Lumpur,2,Swasta,1,Berfungsi,252.96,images/img_pili/20171023102534850.jpg,1,Pillar Hydrant,120,Bukit Bintang,0000-00-00,0,KUALA LUMPUR_JLN HANG TUAH_ZON D_WANI_20052015,1,KUALA LUMPUR (WP),88beb013-6a67-4936-9afd-b84a072cb60f
314751,4e5fa956-e939-4068-9a0e-803433354c56,e795beb3-2cda-4ac4-b79d-7953221f1fb6,166,JHT,D,040,JHT-D-040,Belakang Menara SMI Lorong P.Ramlee,Belakang Menara SMI Lorong P.Ramlee,2,Belakang,KUALA LUMPUR,3.152918,101.705614,7,55c38deb-aae3-44c5-bfac-0bb919effec4,Wilayah Persekutuan Kuala Lumpur,137,WP Kuala Lumpur,1,Awam,1,Berfungsi,357.74,images/img_pili/20171023102639456.jpg,1,Pillar Hydrant,120,Bukit Bintang,0000-00-00,0,KUALA LUMPUR_JLN HANG TUAH_ZON D_WANI_20052015,1,KUALA LUMPUR (WP),88beb013-6a67-4936-9afd-b84a072cb60f
314752,e180e177-8124-43d5-b5a0-b41ed5230703,e795beb3-2cda-4ac4-b79d-7953221f1fb6,166,JHT,D,041,JHT-D-041,Sebelah Kiri Ambank Group Leadership Centre Lorong P.Ramlee,Sebelah Kiri Ambank Group Leadership Centre Lorong P.Ramlee,4,Tepi,KUALA LUMPUR,3.152809,101.705799,7,55c38deb-aae3-44c5-bfac-0bb919effec4,Wilayah Persekutuan Kuala Lumpur,137,WP Kuala Lumpur,2,Swasta,1,Berfungsi,357.74,,1,Pillar Hydrant,120,Bukit Bintang,0000-00-00,0,KUALA LUMPUR_JLN HANG TUAH_ZON D_WANI_20052015,1,KUALA LUMPUR (WP),88beb013-6a67-4936-9afd-b84a072cb60f
314753,61542c93-cb80-4ac7-8d16-0c40b9238163,e795beb3-2cda-4ac4-b79d-7953221f1fb6,166,JHT,D,042,JHT-D-042,Bahagian Tengah Sebelah Kiri Ambank Leadership Centre Lorong P.Ramlee,Bahagian Tengah Sebelah Kiri Ambank Leadership Centre Lorong P.Ramlee,3,Berhampiran,KUALA LUMPUR,3.152856,101.705565,7,55c38deb-aae3-44c5-bfac-0bb919effec4,Wilayah Persekutuan Kuala Lumpur,137,WP Kuala Lumpur,2,Swasta,1,Berfungsi,357.74,,1,Pillar Hydrant,120,Bukit Bintang,0000-00-00,0,KUALA LUMPUR_JLN HANG TUAH_ZON D_WANI_20052015,1,KUALA LUMPUR (WP),88beb013-6a67-4936-9afd-b84a072cb60f
314754,24e5727b-fc1e-40d2-a113-6adda00faf67,e795beb3-2cda-4ac4-b79d-7953221f1fb6,166,JHT,D,043,JHT-D-043,Kanan Jalan Masuk UBN Apartment Lorong P.Ramlee,Kanan Jalan Masuk UBN Apartment Lorong P.Ramlee,7,Tengah,KUALA LUMPUR,3.153491,101.707025,7,55c38deb-aae3-44c5-bfac-0bb919effec4,Wilayah Persekutuan Kuala Lumpur,137,WP Kuala Lumpur,1,Awam,1,Berfungsi,357.74,,1,Pillar Hydrant,120,Bukit Bintang,0000-00-00,0,KUALA LUMPUR_JLN HANG TUAH_ZON D_WANI_20052015,1,KUALA LUMPUR (WP),88beb013-6a67-4936-9afd-b84a072cb60f
314755,4f35bcd3-9c77-4263-8866-1fa00262d5b5,e795beb3-2cda-4ac4-b79d-7953221f1fb6,166,JHT,D,044,JHT-D-044,Depan Pintu Masuk UBN Apartment Lorong P.Ramlee,Depan Pintu Masuk UBN Apartment Lorong P.Ramlee,1,Hadapan,KUALA LUMPUR,3.153614,101.707108,7,55c38deb-aae3-44c5-bfac-0bb919effec4,Wilayah Persekutuan Kuala Lumpur,137,WP Kuala Lumpur,1,Awam,1,Berfungsi,158.995,,1,Pillar Hydrant,120,Bukit Bintang,0000-00-00,0,KUALA LUMPUR_JLN HANG TUAH_ZON D_WANI_20052015,1,KUALA LUMPUR (WP),88beb013-6a67-4936-9afd-b84a072cb60f
314756,b43ee00a-3923-4e37-917a-9013d2789f23,e795beb3-2cda-4ac4-b79d-7953221f1fb6,166,JHT,D,045,JHT-D-045,Depan Bangunan UBN Apartment Lorong P.Ramlee,Depan Bangunan UBN Apartment Lorong P.Ramlee,1,Hadapan,KUALA LUMPUR,3.154029,101.707124,7,55c38deb-aae3-44c5-bfac-0bb919effec4,Wilayah Persekutuan Kuala Lumpur,137,WP Kuala Lumpur,1,Awam,2,Tidak Berfungsi,0,,1,Pillar Hydrant,120,Bukit Bintang,0000-00-00,0,KUALA LUMPUR_JLN HANG TUAH_ZON D_WANI_20052015,1,KUALA LUMPUR (WP),88beb013-6a67-4936-9afd-b84a072cb60f
314757,f60aff98-a6f7-4e18-9844-34f41d5359ef,e795beb3-2cda-4ac4-b79d-7953221f1fb6,166,JHT,D,046,JHT-D-046,Persimpangan Jalan Raja Chulan Off Jalan Sultan Ismail Hadapan Delifrance,Persimpangan Jalan Raja Chulan Off Jalan Sultan Ismail Hadapan Delifrance,3,Berhampiran,KUALA LUMPUR,3.150211,101.710223,7,55c38deb-aae3-44c5-bfac-0bb919effec4,Wilayah Persekutuan Kuala Lumpur,137,WP Kuala Lumpur,1,Awam,1,Berfungsi,158.995,,1,Pillar Hydrant,120,Bukit Bintang,0000-00-00,0,KUALA LUMPUR_JLN HANG TUAH_ZON D_WANI_20052015,1,KUALA LUMPUR (WP),88beb013-6a67-4936-9afd-b84a072cb60f
314758,9899050a-d2b6-4690-a690-6149e06d1179,e795beb3-2cda-4ac4-b79d-7953221f1fb6,166,JHT,D,047,JHT-D-047,Sebelah Kanan Depan Menara Pormet Jalan Sultan Ismail,Sebelah Kanan Depan Menara Pormet Jalan Sultan Ismail,4,Tepi,KUALA LUMPUR,3.151215,101.709768,7,55c38deb-aae3-44c5-bfac-0bb919effec4,Wilayah Persekutuan Kuala Lumpur,137,WP Kuala Lumpur,1,Awam,1,Berfungsi,158.995,,1,Pillar Hydrant,120,Bukit Bintang,0000-00-00,0,KUALA LUMPUR_JLN HANG TUAH_ZON D_WANI_20052015,1,KUALA LUMPUR (WP),88beb013-6a67-4936-9afd-b84a072cb60f
314759,40445be3-91b0-4164-89d1-7fe573a182ff,e795beb3-2cda-4ac4-b79d-7953221f1fb6,166,JHT,D,048,JHT-D-048,Sebelah Kiri Depan Menara Pormet Jalan Sultan Ismail,Sebelah Kiri Depan Menara Pormet Jalan Sultan Ismail,4,Tepi,KUALA LUMPUR,3.151408,101.709993,7,55c38deb-aae3-44c5-bfac-0bb919effec4,Wilayah Persekutuan Kuala Lumpur,137,WP Kuala Lumpur,2,Swasta,1,Berfungsi,252.96,,1,Pillar Hydrant,120,Bukit Bintang,0000-00-00,0,KUALA LUMPUR_JLN HANG TUAH_ZON D_WANI_20052015,1,KUALA LUMPUR (WP),88beb013-6a67-4936-9afd-b84a072cb60f
314760,16507fbd-3cb5-4ec9-aa13-a507371369fb,e795beb3-2cda-4ac4-b79d-7953221f1fb6,166,JHT,D,049,JHT-D-049,Depan Menara Dion Jalan Sulltan Ismail,Depan Menara Dion Jalan Sulltan Ismail,1,Hadapan,KUALA LUMPUR,3.151258,101.710101,7,55c38deb-aae3-44c5-bfac-0bb919effec4,Wilayah Persekutuan Kuala Lumpur,137,WP Kuala Lumpur,1,Awam,1,Berfungsi,252.96,,1,Pillar Hydrant,120,Bukit Bintang,0000-00-00,0,KUALA LUMPUR_JLN HANG TUAH_ZON D_WANI_20052015,1,KUALA LUMPUR (WP),88beb013-6a67-4936-9afd-b84a072cb60f
314761,c2bffcbd-ddde-4f97-8ab9-321f5cf4cc80,e795beb3-2cda-4ac4-b79d-7953221f1fb6,166,JHT,D,050,JHT-D-050,Jalan Masuk Parking Kereta MAS Airlines Jalan Sultan Ismail,Jalan Masuk Parking Kereta MAS Airlines Jalan Sultan Ismail,3,Berhampiran,KUALA LUMPUR,3.152765,101.708926,7,55c38deb-aae3-44c5-bfac-0bb919effec4,Wilayah Persekutuan Kuala Lumpur,137,WP Kuala Lumpur,2,Swasta,1,Berfungsi,252.96,,1,Pillar Hydrant,120,Bukit Bintang,0000-00-00,0,KUALA LUMPUR_JLN HANG TUAH_ZON D_WANI_20052015,1,KUALA LUMPUR (WP),88beb013-6a67-4936-9afd-b84a072cb60f
314762,d1715309-2136-45e3-8c25-c7ba79202408,e795beb3-2cda-4ac4-b79d-7953221f1fb6,166,JHT,D,051,JHT-D-051,Depan Tangga Masuk MAS Airlines Jalan Sultan Ismail,Depan Tangga Masuk MAS Airlines Jalan Sultan Ismail,1,Hadapan,KUALA LUMPUR,3.15283,101.708797,7,55c38deb-aae3-44c5-bfac-0bb919effec4,Wilayah Persekutuan Kuala Lumpur,137,WP Kuala Lumpur,2,Swasta,1,Berfungsi,252.96,,1,Pillar Hydrant,120,Bukit Bintang,0000-00-00,0,KUALA LUMPUR_JLN HANG TUAH_ZON D_WANI_20052015,1,KUALA LUMPUR (WP),88beb013-6a67-4936-9afd-b84a072cb60f
314763,205bf301-e1f6-4ba6-9900-ba1f9d9094bb,e795beb3-2cda-4ac4-b79d-7953221f1fb6,166,JHT,D,052,JHT-D-052,Pintu Keluar Parking MAS Airlines Jalan Sultan Ismail,Pintu Keluar Parking MAS Airlines Jalan Sultan Ismail,3,Berhampiran,KUALA LUMPUR,3.152637,101.709205,7,55c38deb-aae3-44c5-bfac-0bb919effec4,Wilayah Persekutuan Kuala Lumpur,137,WP Kuala Lumpur,2,Swasta,1,Berfungsi,357.74,,1,Pillar Hydrant,120,Bukit Bintang,0000-00-00,0,KUALA LUMPUR_JLN HANG TUAH_ZON D_WANI_20052015,1,KUALA LUMPUR (WP),88beb013-6a67-4936-9afd-b84a072cb60f
314764,ea3422f4-10e6-4b90-bba9-a241a38c1884,e795beb3-2cda-4ac4-b79d-7953221f1fb6,166,JHT,D,053,JHT-D-053,Jalan Masuk Wisma Idris Jalan Sultan Ismail,Jalan Masuk Wisma Idris Jalan Sultan Ismail,3,Berhampiran,KUALA LUMPUR,3.152123,101.709784,7,55c38deb-aae3-44c5-bfac-0bb919effec4,Wilayah Persekutuan Kuala Lumpur,137,WP Kuala Lumpur,2,Swasta,1,Berfungsi,357.74,,1,Pillar Hydrant,120,Bukit Bintang,0000-00-00,0,KUALA LUMPUR_JLN HANG TUAH_ZON D_WANI_20052015,1,KUALA LUMPUR (WP),88beb013-6a67-4936-9afd-b84a072cb60f
314765,57fe250e-3fd7-4109-8d5f-7fcfe4671ae6,e795beb3-2cda-4ac4-b79d-7953221f1fb6,166,JHT,D,054,JHT-D-054,Hadapan Wisma Idris Jalan Sultan Ismail,Hadapan Wisma Idris Jalan Sultan Ismail,1,Hadapan,KUALA LUMPUR,3.152744,101.708653,7,55c38deb-aae3-44c5-bfac-0bb919effec4,Wilayah Persekutuan Kuala Lumpur,137,WP Kuala Lumpur,2,Swasta,1,Berfungsi,357.74,,1,Pillar Hydrant,120,Bukit Bintang,0000-00-00,0,KUALA LUMPUR_JLN HANG TUAH_ZON D_WANI_20052015,1,KUALA LUMPUR (WP),88beb013-6a67-4936-9afd-b84a072cb60f
314766,104b33cd-284a-42a4-9ec7-34caa80db7a6,e795beb3-2cda-4ac4-b79d-7953221f1fb6,166,JHT,D,055,JHT-D-055,Belakang Wisma Idris Jalan Sultan Ismail,Belakang Wisma Idris Jalan Sultan Ismail,2,Belakang,KUALA LUMPUR,3.15253,101.708583,7,55c38deb-aae3-44c5-bfac-0bb919effec4,Wilayah Persekutuan Kuala Lumpur,137,WP Kuala Lumpur,2,Swasta,1,Berfungsi,101.465,,1,Pillar Hydrant,120,Bukit Bintang,0000-00-00,0,KUALA LUMPUR_JLN HANG TUAH_ZON D_WANI_20052015,1,KUALA LUMPUR (WP),88beb013-6a67-4936-9afd-b84a072cb60f
314767,261423e0-81e0-4042-acb1-8066284c8d0e,e795beb3-2cda-4ac4-b79d-7953221f1fb6,166,JHT,D,056,JHT-D-056,Hadapan Bangunan UBN Jalan Sultan Ismail,Hadapan Bangunan UBN Jalan Sultan Ismail,1,Hadapan,KUALA LUMPUR,3.152573,101.709334,7,55c38deb-aae3-44c5-bfac-0bb919effec4,Wilayah Persekutuan Kuala Lumpur,137,WP Kuala Lumpur,2,Swasta,1,Berfungsi,112.427,,1,Pillar Hydrant,120,Bukit Bintang,0000-00-00,0,KUALA LUMPUR_JLN HANG TUAH_ZON D_WANI_20052015,1,KUALA LUMPUR (WP),88beb013-6a67-4936-9afd-b84a072cb60f
314768,8160fbe5-9b0a-45f8-a03d-ba7e31bc5cc7,e795beb3-2cda-4ac4-b79d-7953221f1fb6,166,JHT,D,057,JHT-D-057,Hadapan Lobby Shangri-La Hotel Jalan Sultan Ismail,Hadapan Lobby Shangri-La Hotel Jalan Sultan Ismail,1,Hadapan,KUALA LUMPUR,3.154394,101.706523,7,55c38deb-aae3-44c5-bfac-0bb919effec4,Wilayah Persekutuan Kuala Lumpur,137,WP Kuala Lumpur,1,Awam,1,Berfungsi,158.995,,1,Pillar Hydrant,120,Bukit Bintang,0000-00-00,0,KUALA LUMPUR_JLN HANG TUAH_ZON D_WANI_20052015,1,KUALA LUMPUR (WP),88beb013-6a67-4936-9afd-b84a072cb60f
314769,75a3d71b-978d-4925-9853-db58908a1214,e795beb3-2cda-4ac4-b79d-7953221f1fb6,166,JHT,D,058,JHT-D-058,Belakang Shangri-La Hotel Jalan Sultan Ismail,Belakang Shangri-La Hotel Jalan Sultan Ismail,2,Belakang,KUALA LUMPUR,3.154372,101.706587,7,55c38deb-aae3-44c5-bfac-0bb919effec4,Wilayah Persekutuan Kuala Lumpur,137,WP Kuala Lumpur,1,Awam,1,Berfungsi,158.995,,1,Pillar Hydrant,120,Bukit Bintang,0000-00-00,0,KUALA LUMPUR_JLN HANG TUAH_ZON D_WANI_20052015,1,KUALA LUMPUR (WP),88beb013-6a67-4936-9afd-b84a072cb60f
314770,926b587b-0d4e-4638-80c1-25636aa86d37,e795beb3-2cda-4ac4-b79d-7953221f1fb6,166,JHT,D,059,JHT-D-059,Pintu Masuk Parking Shangri-La Hotel Jalan Sultan Ismail,Pintu Masuk Parking Shangri-La Hotel Jalan Sultan Ismail,3,Berhampiran,KUALA LUMPUR,3.154501,101.706458,7,55c38deb-aae3-44c5-bfac-0bb919effec4,Wilayah Persekutuan Kuala Lumpur,137,WP Kuala Lumpur,1,Awam,1,Berfungsi,128.786,,1,Pillar Hydrant,120,Bukit Bintang,0000-00-00,0,KUALA LUMPUR_JLN HANG TUAH_ZON D_WANI_20052015,1,KUALA LUMPUR (WP),88beb013-6a67-4936-9afd-b84a072cb60f
314771,1f323874-aaee-4541-8f4b-8097848e896b,e795beb3-2cda-4ac4-b79d-7953221f1fb6,166,JHT,D,060,JHT-D-060,Pintu masuk Parking Menara Haw Par jalan Sultan Ismail,Pintu masuk Parking Menara Haw Par jalan Sultan Ismail,3,Berhampiran,KUALA LUMPUR,3.154579,101.705961,7,55c38deb-aae3-44c5-bfac-0bb919effec4,Wilayah Persekutuan Kuala Lumpur,137,WP Kuala Lumpur,2,Swasta,1,Berfungsi,71.9531,,1,Pillar Hydrant,120,Bukit Bintang,0000-00-00,0,KUALA LUMPUR_JLN HANG TUAH_ZON D_WANI_20052015,1,KUALA LUMPUR (WP),88beb013-6a67-4936-9afd-b84a072cb60f
314772,d4739601-883e-48cb-bd12-150ab08a944b,e795beb3-2cda-4ac4-b79d-7953221f1fb6,166,JHT,D,061,JHT-D-061,Sebelah Kiri Depan Menara Haw Par Jalan Sultan Ismail,Sebelah Kiri Depan Menara Haw Par Jalan Sultan Ismail,4,Tepi,KUALA LUMPUR,3.154662,101.705695,7,55c38deb-aae3-44c5-bfac-0bb919effec4,Wilayah Persekutuan Kuala Lumpur,137,WP Kuala Lumpur,2,Swasta,1,Berfungsi,128.786,,1,Pillar Hydrant,120,Bukit Bintang,0000-00-00,0,KUALA LUMPUR_JLN HANG TUAH_ZON D_WANI_20052015,1,KUALA LUMPUR (WP),88beb013-6a67-4936-9afd-b84a072cb60f
314773,dc5dedc1-c0d2-42ad-9dfc-1fe753ee1a4d,e795beb3-2cda-4ac4-b79d-7953221f1fb6,166,JHT,D,062,JHT-D-062,Belakang Bangunan Menara Promet Jalan Tengah,Belakang Bangunan Menara Promet Jalan Tengah,2,Belakang,KUALA LUMPUR,3.151234,101.709657,7,55c38deb-aae3-44c5-bfac-0bb919effec4,Wilayah Persekutuan Kuala Lumpur,137,WP Kuala Lumpur,2,Swasta,1,Berfungsi,158.995,,1,Pillar Hydrant,120,Bukit Bintang,0000-00-00,0,KUALA LUMPUR_JLN HANG TUAH_ZON D_WANI_20052015,1,KUALA LUMPUR (WP),88beb013-6a67-4936-9afd-b84a072cb60f
314774,c6359f7e-042d-45ba-91b9-0e115bb818ce,e795beb3-2cda-4ac4-b79d-7953221f1fb6,166,JHT,D,063,JHT-D-063,Belakang Menara Dion Jalan Tengah,Belakang Menara Dion Jalan Tengah,2,Belakang,KUALA LUMPUR,3.151529,101.709393,7,55c38deb-aae3-44c5-bfac-0bb919effec4,Wilayah Persekutuan Kuala Lumpur,137,WP Kuala Lumpur,2,Swasta,2,Tidak Berfungsi,0,,1,Pillar Hydrant,120,Bukit Bintang,0000-00-00,0,KUALA LUMPUR_JLN HANG TUAH_ZON D_WANI_20052015,1,KUALA LUMPUR (WP),88beb013-6a67-4936-9afd-b84a072cb60f
314775,855db6b7-b4cd-4bc8-a3d7-90c15c2f03c3,e795beb3-2cda-4ac4-b79d-7953221f1fb6,166,JHT,D,064,JHT-D-064,Belakang Wisma Lim Foo Yong Jalan Tengah,Belakang Wisma Lim Foo Yong Jalan Tengah,2,Belakang,KUALA LUMPUR,3.151048,101.709176,7,55c38deb-aae3-44c5-bfac-0bb919effec4,Wilayah Persekutuan Kuala Lumpur,137,WP Kuala Lumpur,1,Awam,2,Tidak Berfungsi,0,,2,Ground Hydrant,120,Bukit Bintang,0000-00-00,0,KUALA LUMPUR_JLN HANG TUAH_ZON D_WANI_20052015,1,KUALA LUMPUR (WP),88beb013-6a67-4936-9afd-b84a072cb60f
314776,c442c013-5a4e-4179-a0af-17f309d06b0a,e795beb3-2cda-4ac4-b79d-7953221f1fb6,166,JHT,D,065,JHT-D-065,Belakang Bangunan MAS Airlines Jalan Tengah,Belakang Bangunan MAS Airlines Jalan Tengah,2,Belakang,KUALA LUMPUR,3.151484,101.709084,7,55c38deb-aae3-44c5-bfac-0bb919effec4,Wilayah Persekutuan Kuala Lumpur,137,WP Kuala Lumpur,2,Swasta,2,Tidak Berfungsi,0,,1,Pillar Hydrant,120,Bukit Bintang,0000-00-00,0,KUALA LUMPUR_JLN HANG TUAH_ZON D_WANI_20052015,1,KUALA LUMPUR (WP),88beb013-6a67-4936-9afd-b84a072cb60f
314777,5a762ea1-2b72-486b-a404-eb9c0f69da7a,e795beb3-2cda-4ac4-b79d-7953221f1fb6,166,JHT,D,066,JHT-D-066,Sebelah Kanan MAS Airlines Jalan Tengah,Sebelah Kanan MAS Airlines Jalan Tengah,4,Tepi,KUALA LUMPUR,3.151578,101.708848,7,55c38deb-aae3-44c5-bfac-0bb919effec4,Wilayah Persekutuan Kuala Lumpur,137,WP Kuala Lumpur,2,Swasta,2,Tidak Berfungsi,0,,1,Pillar Hydrant,120,Bukit Bintang,0000-00-00,0,KUALA LUMPUR_JLN HANG TUAH_ZON D_WANI_20052015,1,KUALA LUMPUR (WP),88beb013-6a67-4936-9afd-b84a072cb60f
314778,349d6ba9-8942-4d10-ac86-6717146183e6,e795beb3-2cda-4ac4-b79d-7953221f1fb6,166,JHT,D,067,JHT-D-067,Belakang Bangunan ING Jalan Tengah,Belakang Bangunan ING Jalan Tengah,2,Belakang,KUALA LUMPUR,3.150977,101.708687,7,55c38deb-aae3-44c5-bfac-0bb919effec4,Wilayah Persekutuan Kuala Lumpur,137,WP Kuala Lumpur,2,Swasta,2,Tidak Berfungsi,0,,1,Pillar Hydrant,120,Bukit Bintang,0000-00-00,0,KUALA LUMPUR_JLN HANG TUAH_ZON D_WANI_20052015,1,KUALA LUMPUR (WP),88beb013-6a67-4936-9afd-b84a072cb60f
314779,4de58088-d253-4e3f-ae3f-8b66dfc0a731,e795beb3-2cda-4ac4-b79d-7953221f1fb6,166,JHT,D,068,JHT-D-068,Sebelah Kiri Depan Bangunan St.Mary CBD.KLCC Residences jalan Tengah,Sebelah Kiri Depan Bangunan St.Mary CBD.KLCC Residences jalan Tengah,4,Tepi,KUALA LUMPUR,3.15216,101.708164,7,55c38deb-aae3-44c5-bfac-0bb919effec4,Wilayah Persekutuan Kuala Lumpur,137,WP Kuala Lumpur,2,Swasta,1,Berfungsi,6884.7,images/img_pili/201804231731198.jpeg,1,Pillar Hydrant,120,Bukit Bintang,0000-00-00,0,KUALA LUMPUR_JLN HANG TUAH_ZON D_WANI_20052015,1,KUALA LUMPUR (WP),88beb013-6a67-4936-9afd-b84a072cb60f
314780,0b9cc89b-51fb-444c-900d-04dc379bae56,e795beb3-2cda-4ac4-b79d-7953221f1fb6,166,JHT,D,069,JHT-D-069,Depan Wisma PJD (MenaraAffin) Jalan Tengah,Depan Wisma PJD (MenaraAffin) Jalan Tengah,1,Hadapan,KUALA LUMPUR,3.151047,101.7081,7,55c38deb-aae3-44c5-bfac-0bb919effec4,Wilayah Persekutuan Kuala Lumpur,137,WP Kuala Lumpur,2,Swasta,1,Berfungsi,158.995,images/img_pili/20180423173358369.jpeg,1,Pillar Hydrant,120,Bukit Bintang,0000-00-00,0,KUALA LUMPUR_JLN HANG TUAH_ZON D_WANI_20052015,1,KUALA LUMPUR (WP),88beb013-6a67-4936-9afd-b84a072cb60f
314781,a3f50bb8-d8f8-4c00-b758-9c7b2e088476,e795beb3-2cda-4ac4-b79d-7953221f1fb6,166,JHT,D,070,JHT-D-070,Belakang Bangunan Menara Weld Jalan Tengah,Belakang Bangunan Menara Weld Jalan Tengah,2,Belakang,KUALA LUMPUR,3.151632,101.707155,7,55c38deb-aae3-44c5-bfac-0bb919effec4,Wilayah Persekutuan Kuala Lumpur,137,WP Kuala Lumpur,2,Swasta,1,Berfungsi,252.96,,2,Ground Hydrant,120,Bukit Bintang,0000-00-00,0,KUALA LUMPUR_JLN HANG TUAH_ZON D_WANI_20052015,1,KUALA LUMPUR (WP),88beb013-6a67-4936-9afd-b84a072cb60f
314782,26e1f53b-f83c-4144-888f-18c2270ab611,e795beb3-2cda-4ac4-b79d-7953221f1fb6,166,JHT,D,071,JHT-D-071,Sebelah Kiri Menara Weld Jalan P.Ramlee,Sebelah Kiri Menara Weld Jalan P.Ramlee,4,Tepi,KUALA LUMPUR,3.151455,101.706659,7,55c38deb-aae3-44c5-bfac-0bb919effec4,Wilayah Persekutuan Kuala Lumpur,137,WP Kuala Lumpur,2,Swasta,1,Berfungsi,252.96,,1,Pillar Hydrant,120,Bukit Bintang,0000-00-00,0,KUALA LUMPUR_JLN HANG TUAH_ZON D_WANI_20052015,1,KUALA LUMPUR (WP),88beb013-6a67-4936-9afd-b84a072cb60f
314783,4a3b4164-d864-430c-bcf9-7c398879c9b0,e795beb3-2cda-4ac4-b79d-7953221f1fb6,166,JHT,D,072,JHT-D-072,Persimpangan Jalan P.Ramlee Dan Jalan Raja Chulan,Persimpangan Jalan P.Ramlee Dan Jalan Raja Chulan,3,Berhampiran,KUALA LUMPUR,3.15085,101.706246,7,55c38deb-aae3-44c5-bfac-0bb919effec4,Wilayah Persekutuan Kuala Lumpur,137,WP Kuala Lumpur,1,Awam,1,Berfungsi,252.96,,2,Ground Hydrant,120,Bukit Bintang,0000-00-00,0,KUALA LUMPUR_JLN HANG TUAH_ZON D_WANI_20052015,1,KUALA LUMPUR (WP),88beb013-6a67-4936-9afd-b84a072cb60f
314784,4e5ded69-143c-43ac-a956-d054d138eb73,e795beb3-2cda-4ac4-b79d-7953221f1fb6,166,JHT,D,073,JHT-D-073, Depan Menara Weld Jalan Raja Chulan ,Depan Menara Weld Jalan Raja Chulan,1,Hadapan,KUALA LUMPUR,3.150968,101.706873,7,55c38deb-aae3-44c5-bfac-0bb919effec4,Wilayah Persekutuan Kuala Lumpur,137,WP Kuala Lumpur,2,Swasta,1,Berfungsi,252.96,,1,Pillar Hydrant,120,Bukit Bintang,0000-00-00,0,KUALA LUMPUR_JLN HANG TUAH_ZON D_WANI_20052015,1,KUALA LUMPUR (WP),88beb013-6a67-4936-9afd-b84a072cb60f
314785,0f721110-990b-4b5f-a4c3-b0c61bf0058a,e795beb3-2cda-4ac4-b79d-7953221f1fb6,166,JHT,D,074,JHT-D-074,Depan Menara Affin Jalan Raja Chulan,Depan Menara Affin Jalan Raja Chulan,1,Hadapan,KUALA LUMPUR,3.150709,101.707488,7,55c38deb-aae3-44c5-bfac-0bb919effec4,Wilayah Persekutuan Kuala Lumpur,137,WP Kuala Lumpur,2,Swasta,1,Berfungsi,252.96,,2,Ground Hydrant,120,Bukit Bintang,0000-00-00,0,KUALA LUMPUR_JLN HANG TUAH_ZON D_WANI_20052015,1,KUALA LUMPUR (WP),88beb013-6a67-4936-9afd-b84a072cb60f
314786,941c1516-4792-4f13-84c9-724c691d056f,e795beb3-2cda-4ac4-b79d-7953221f1fb6,166,JHT,D,075,JHT-D-075,Depan Menara ING Jalan Raja Chulan,Depan Menara ING Jalan Raja Chulan,1,Hadapan,KUALA LUMPUR,3.150717,101.708383,7,55c38deb-aae3-44c5-bfac-0bb919effec4,Wilayah Persekutuan Kuala Lumpur,137,WP Kuala Lumpur,2,Swasta,1,Berfungsi,252.96,,2,Ground Hydrant,120,Bukit Bintang,0000-00-00,0,KUALA LUMPUR_JLN HANG TUAH_ZON D_WANI_20052015,1,KUALA LUMPUR (WP),88beb013-6a67-4936-9afd-b84a072cb60f
314787,c3100906-4111-46cd-8f26-534afbd87f86,e795beb3-2cda-4ac4-b79d-7953221f1fb6,166,JHT,D,076,JHT-D-076,Depan Wisma Lim Foo Yong Jalan Raja Chulan,Depan Wisma Lim Foo Yong Jalan Raja Chulan,1,Hadapan,KUALA LUMPUR,3.15054,101.709051,7,55c38deb-aae3-44c5-bfac-0bb919effec4,Wilayah Persekutuan Kuala Lumpur,137,WP Kuala Lumpur,1,Awam,2,Tidak Berfungsi,0,,2,Ground Hydrant,120,Bukit Bintang,0000-00-00,0,KUALA LUMPUR_JLN HANG TUAH_ZON D_WANI_20052015,1,KUALA LUMPUR (WP),88beb013-6a67-4936-9afd-b84a072cb60f
314788,dc45681e-1cc1-4ebb-b1f5-6ebdcfc196eb,e795beb3-2cda-4ac4-b79d-7953221f1fb6,166,JHT,D,077,JHT-D-077,Kiri Istana Hotel Jalan Raja Chulan,Kiri Istana Hotel Jalan Raja Chulan,4,Tepi,KUALA LUMPUR,3.149702,101.710578,7,55c38deb-aae3-44c5-bfac-0bb919effec4,Wilayah Persekutuan Kuala Lumpur,137,WP Kuala Lumpur,1,Awam,4,Hilang,,,1,Pillar Hydrant,120,Bukit Bintang,0000-00-00,0,KUALA LUMPUR_JLN HANG TUAH_ZON D_WANI_20052015,1,KUALA LUMPUR (WP),88beb013-6a67-4936-9afd-b84a072cb60f
314789,06f1e291-ca71-43d7-829b-3fe894af9880,e795beb3-2cda-4ac4-b79d-7953221f1fb6,166,JHT,D,078,JHT-D-078,Depan Galeri Produk Kayu Malaysia jalan Ampang,Depan Galeri Produk Kayu Malaysia jalan Ampang,1,Hadapan,KUALA LUMPUR,3.156427,101.703853,7,55c38deb-aae3-44c5-bfac-0bb919effec4,Wilayah Persekutuan Kuala Lumpur,137,WP Kuala Lumpur,1,Awam,1,Berfungsi,252.96,,1,Pillar Hydrant,120,Bukit Bintang,0000-00-00,0,KUALA LUMPUR_JLN HANG TUAH_ZON D_WANI_20052015,1,KUALA LUMPUR (WP),88beb013-6a67-4936-9afd-b84a072cb60f
314790,bfde3879-d369-40f8-a303-3af0431ad258,e795beb3-2cda-4ac4-b79d-7953221f1fb6,166,JHT,D,079,JHT-D-079,Depan Bangunan Great Eastern Life Jalan Ampang,Depan Bangunan Great Eastern Life Jalan Ampang,1,Hadapan,KUALA LUMPUR,3.1608,101.737036,7,55c38deb-aae3-44c5-bfac-0bb919effec4,Wilayah Persekutuan Kuala Lumpur,137,WP Kuala Lumpur,2,Swasta,1,Berfungsi,158.995,,1,Pillar Hydrant,120,Bukit Bintang,0000-00-00,0,KUALA LUMPUR_JLN HANG TUAH_ZON D_WANI_20052015,1,KUALA LUMPUR (WP),88beb013-6a67-4936-9afd-b84a072cb60f
314791,0309c02d-6755-4fdb-bc1c-dcf881d45a06,e795beb3-2cda-4ac4-b79d-7953221f1fb6,166,JHT,D,080,JHT-D-080,Depan Menara AIA Jalan Ampang,Depan Menara AIA Jalan Ampang,1,Hadapan,KUALA LUMPUR,3.152637,101.699978,7,55c38deb-aae3-44c5-bfac-0bb919effec4,Wilayah Persekutuan Kuala Lumpur,137,WP Kuala Lumpur,2,Swasta,1,Berfungsi,158.995,,1,Pillar Hydrant,120,Bukit Bintang,0000-00-00,0,KUALA LUMPUR_JLN HANG TUAH_ZON D_WANI_20052015,1,KUALA LUMPUR (WP),88beb013-6a67-4936-9afd-b84a072cb60f
314792,ec3698ed-603f-44c2-85a0-bdad8eb2e69e,e795beb3-2cda-4ac4-b79d-7953221f1fb6,166,JHT,D,081,JHT-D-081,Sebelah Kanan Depan Bangunan St.Mary CBD.KLCC Residences  Jalan Tengah,Sebelah Kanan Depan Bangunan St.Mary CBD.KLCC Residences  Jalan Tengah,4,Tepi,KUALA LUMPUR,3.152182,101.708164,7,55c38deb-aae3-44c5-bfac-0bb919effec4,Wilayah Persekutuan Kuala Lumpur,137,WP Kuala Lumpur,2,Swasta,1,Berfungsi,5576.61,,1,Pillar Hydrant,120,Bukit Bintang,0000-00-00,0,KUALA LUMPUR_JLN HANG TUAH_ZON D_WANI_20052015,1,KUALA LUMPUR (WP),88beb013-6a67-4936-9afd-b84a072cb60f
314793,1e6e08a9-fdcb-4163-afa9-56197933b193,e795beb3-2cda-4ac4-b79d-7953221f1fb6,166,JHT,D,082,JHT-D-082,Sebelah Kanan Dalam Bangunan St.Mary CBD.KLCC Residences  Jalan Tengah,Sebelah Kanan Dalam Bangunan St.Mary CBD.KLCC Residences  Jalan Tengah,4,Tepi,KUALA LUMPUR,3.152182,101.708139,7,55c38deb-aae3-44c5-bfac-0bb919effec4,Wilayah Persekutuan Kuala Lumpur,137,WP Kuala Lumpur,2,Swasta,1,Berfungsi,4406.21,,1,Pillar Hydrant,120,Bukit Bintang,0000-00-00,0,KUALA LUMPUR_JLN HANG TUAH_ZON D_WANI_20052015,1,KUALA LUMPUR (WP),88beb013-6a67-4936-9afd-b84a072cb60f
314794,5bcaed3f-7771-4edc-98b0-c7b8e1e83bd9,e795beb3-2cda-4ac4-b79d-7953221f1fb6,166,JHT,D,083,JHT-D-083,Sebelah Kiri Dalam BangunanSt.Mary CBD.KLCC Residences  Jalan Tengah,Sebelah Kiri Dalam BangunanSt.Mary CBD.KLCC Residences  Jalan Tengah,4,Tepi,KUALA LUMPUR,3.15221,101.708147,7,55c38deb-aae3-44c5-bfac-0bb919effec4,Wilayah Persekutuan Kuala Lumpur,137,WP Kuala Lumpur,2,Swasta,1,Berfungsi,252.96,,1,Pillar Hydrant,120,Bukit Bintang,0000-00-00,0,KUALA LUMPUR_JLN HANG TUAH_ZON D_WANI_20052015,1,KUALA LUMPUR (WP),88beb013-6a67-4936-9afd-b84a072cb60f
314795,2f309fab-68f2-4c7b-86ec-a87216b1b845,e795beb3-2cda-4ac4-b79d-7953221f1fb6,166,JHT,D,084,JHT-D-084,Laluan Masuk Parking  Bangunan St.Mary CBD.KLCC Residences  Jalan Tengah,Laluan Masuk Parking  Bangunan St.Mary CBD.KLCC Residences  Jalan Tengah,3,Berhampiran,KUALA LUMPUR,3.152278,101.708191,7,55c38deb-aae3-44c5-bfac-0bb919effec4,Wilayah Persekutuan Kuala Lumpur,137,WP Kuala Lumpur,2,Swasta,1,Berfungsi,252.96,,1,Pillar Hydrant,120,Bukit Bintang,0000-00-00,0,KUALA LUMPUR_JLN HANG TUAH_ZON D_WANI_20052015,1,KUALA LUMPUR (WP),88beb013-6a67-4936-9afd-b84a072cb60f
471829,ae55990b-48c9-472e-af6a-30d5d9323195,e795beb3-2cda-4ac4-b79d-7953221f1fb6,166,JHT,D,085,JHT-D-085,Laluan Keluar Bangunan St.Mary CBD.KLCC Residences  Jalan Tengah ,Laluan Keluar Bangunan St.Mary CBD.KLCC Residences  Jalan Tengah ,3,Berhampiran,,3.152182,101.708244,7,55c38deb-aae3-44c5-bfac-0bb919effec4,Wilayah Persekutuan Kuala Lumpur,137,WP Kuala Lumpur,2,Swasta,1,Berfungsi,252.96,images/img_pili/20161207091654751.,1,Pillar Hydrant,120,Bukit Bintang,0000-00-00,0,,45,KUALA LMPUR (WP),08d3c005-65d8-4c9b-b86d-53759fd3dff4
314839,d2a73c4f-fdc1-4bea-893a-517210f20fc0,e795beb3-2cda-4ac4-b79d-7953221f1fb6,166,JHT,E,001,JHT-E-001,Depan Mahkamah Seksyen Dan Majistret Jalan Raja,Depan Mahkamah Seksyen Dan Majistret Jalan Raja,1,Hadapan,KUALA LUMPUR,3.150106,101.694982,7,55c38deb-aae3-44c5-bfac-0bb919effec4,Wilayah Persekutuan Kuala Lumpur,137,WP Kuala Lumpur,1,Awam,2,Tidak Berfungsi,0,,2,Ground Hydrant,120,Bukit Bintang,0000-00-00,0,KUALA LUMPUR_JLN HANG TUAH_ZON E_WANI_20052015,1,KUALA LUMPUR (WP),88beb013-6a67-4936-9afd-b84a072cb60f
314840,ca3103ea-689e-47e0-a027-1939180ed51e,e795beb3-2cda-4ac4-b79d-7953221f1fb6,166,JHT,E,002,JHT-E-002,Belakang Pintu Pagar Makhamah Tinggi Jalan Raja,Belakang Pintu Pagar Makhamah Tinggi Jalan Raja,2,Belakang,KUALA LUMPUR,3.150106,101.694832,7,55c38deb-aae3-44c5-bfac-0bb919effec4,Wilayah Persekutuan Kuala Lumpur,137,WP Kuala Lumpur,1,Awam,1,Berfungsi,252.96,,1,Pillar Hydrant,120,Bukit Bintang,0000-00-00,0,KUALA LUMPUR_JLN HANG TUAH_ZON E_WANI_20052015,1,KUALA LUMPUR (WP),88beb013-6a67-4936-9afd-b84a072cb60f
314841,a033f149-d1f5-4283-a5a2-3256bcc721ef,e795beb3-2cda-4ac4-b79d-7953221f1fb6,166,JHT,E,003,JHT-E-003,Belakang Makhamah Tinggi Jalan Raja,Belakang Makhamah Tinggi Jalan Raja,2,Belakang,KUALA LUMPUR,3.150171,101.695266,7,55c38deb-aae3-44c5-bfac-0bb919effec4,Wilayah Persekutuan Kuala Lumpur,137,WP Kuala Lumpur,1,Awam,1,Berfungsi,252.96,,1,Pillar Hydrant,120,Bukit Bintang,0000-00-00,0,KUALA LUMPUR_JLN HANG TUAH_ZON E_WANI_20052015,1,KUALA LUMPUR (WP),88beb013-6a67-4936-9afd-b84a072cb60f
314842,b45da572-e4b1-4c15-bea4-a978c0dd2ad4,e795beb3-2cda-4ac4-b79d-7953221f1fb6,166,JHT,E,004,JHT-E-004,Belakang Sebelah Kanan Makhamah Tinggi Jalan Raja,Belakang Sebelah Kanan Makhamah Tinggi Jalan Raja,2,Belakang,KUALA LUMPUR,3.14894,101.694799,7,55c38deb-aae3-44c5-bfac-0bb919effec4,Wilayah Persekutuan Kuala Lumpur,137,WP Kuala Lumpur,1,Awam,1,Berfungsi,252.96,,1,Pillar Hydrant,120,Bukit Bintang,0000-00-00,0,KUALA LUMPUR_JLN HANG TUAH_ZON E_WANI_20052015,1,KUALA LUMPUR (WP),88beb013-6a67-4936-9afd-b84a072cb60f
314843,30cf7d30-6ed0-455a-9e54-d4a7ff4aec3e,e795beb3-2cda-4ac4-b79d-7953221f1fb6,166,JHT,E,005,JHT-E-005,Depan Pintu Masuk Plaza Putra Jalan Raja,Depan Pintu Masuk Plaza Putra Jalan Raja,1,Hadapan,KUALA LUMPUR,3.147252,101.693704,7,55c38deb-aae3-44c5-bfac-0bb919effec4,Wilayah Persekutuan Kuala Lumpur,137,WP Kuala Lumpur,1,Awam,2,Tidak Berfungsi,0,,1,Pillar Hydrant,120,Bukit Bintang,0000-00-00,0,KUALA LUMPUR_JLN HANG TUAH_ZON E_WANI_20052015,1,KUALA LUMPUR (WP),88beb013-6a67-4936-9afd-b84a072cb60f
314844,bc2aa505-ce40-4d75-82c9-571e419ea0f3,e795beb3-2cda-4ac4-b79d-7953221f1fb6,166,JHT,E,006,JHT-E-006,Hujung  Bangunan Sultan Abdul Samad Jalan Raja,Hujung  Bangunan Sultan Abdul Samad Jalan Raja,3,Berhampiran,KUALA LUMPUR,3.147434,101.694016,7,55c38deb-aae3-44c5-bfac-0bb919effec4,Wilayah Persekutuan Kuala Lumpur,137,WP Kuala Lumpur,1,Awam,2,Tidak Berfungsi,0,,2,Ground Hydrant,120,Bukit Bintang,0000-00-00,0,KUALA LUMPUR_JLN HANG TUAH_ZON E_WANI_20052015,1,KUALA LUMPUR (WP),88beb013-6a67-4936-9afd-b84a072cb60f
314845,cf3b71a0-5300-4885-9751-68488099f21d,e795beb3-2cda-4ac4-b79d-7953221f1fb6,166,JHT,E,007,JHT-E-007,Depan Dataran Merdeka Jalan Raja,Depan Dataran Merdeka Jalan Raja,1,Hadapan,KUALA LUMPUR,3.14797,101.693973,7,55c38deb-aae3-44c5-bfac-0bb919effec4,Wilayah Persekutuan Kuala Lumpur,137,WP Kuala Lumpur,1,Awam,2,Tidak Berfungsi,0,,2,Ground Hydrant,120,Bukit Bintang,0000-00-00,0,KUALA LUMPUR_JLN HANG TUAH_ZON E_WANI_20052015,1,KUALA LUMPUR (WP),88beb013-6a67-4936-9afd-b84a072cb60f
314846,894054d8-d66b-4348-bb87-af26d0af77d8,e795beb3-2cda-4ac4-b79d-7953221f1fb6,166,JHT,E,008,JHT-E-008,Sebelah Kiri Dataran Merdeka Jalan Raja,Sebelah Kiri Dataran Merdeka Jalan Raja,1,Hadapan,KUALA LUMPUR,3.148554,101.694096,7,55c38deb-aae3-44c5-bfac-0bb919effec4,Wilayah Persekutuan Kuala Lumpur,137,WP Kuala Lumpur,1,Awam,2,Tidak Berfungsi,0,,2,Ground Hydrant,120,Bukit Bintang,0000-00-00,0,KUALA LUMPUR_JLN HANG TUAH_ZON E_WANI_20052015,1,KUALA LUMPUR (WP),88beb013-6a67-4936-9afd-b84a072cb60f
314847,e16d5294-8199-4c2c-8c98-639c2a1bd7c2,e795beb3-2cda-4ac4-b79d-7953221f1fb6,166,JHT,E,009,JHT-E-009,Sebelah Kanan Dataran Merdeka Jalan Raja,Sebelah Kanan Dataran Merdeka Jalan Raja,1,Hadapan,KUALA LUMPUR,3.149256,101.694222,7,55c38deb-aae3-44c5-bfac-0bb919effec4,Wilayah Persekutuan Kuala Lumpur,137,WP Kuala Lumpur,1,Awam,2,Tidak Berfungsi,0,,2,Ground Hydrant,120,Bukit Bintang,0000-00-00,0,KUALA LUMPUR_JLN HANG TUAH_ZON E_WANI_20052015,1,KUALA LUMPUR (WP),88beb013-6a67-4936-9afd-b84a072cb60f
314848,93dc7a59-3be1-48c6-8d7f-1e16e0376ac4,e795beb3-2cda-4ac4-b79d-7953221f1fb6,166,JHT,E,010,JHT-E-010,Dekat Air Pancut Dataran Merdeka Jalan Raja,Dekat Air Pancut Dataran Merdeka Jalan Raja,1,Hadapan,KUALA LUMPUR,3.150047,101.693557,7,55c38deb-aae3-44c5-bfac-0bb919effec4,Wilayah Persekutuan Kuala Lumpur,137,WP Kuala Lumpur,1,Awam,1,Berfungsi,252.96,,1,Pillar Hydrant,120,Bukit Bintang,0000-00-00,0,KUALA LUMPUR_JLN HANG TUAH_ZON E_WANI_20052015,1,KUALA LUMPUR (WP),88beb013-6a67-4936-9afd-b84a072cb60f
314849,ccb27e24-09cf-4846-b06d-a66d28578b1a,e795beb3-2cda-4ac4-b79d-7953221f1fb6,166,JHT,E,011,JHT-E-011,Berhadapan Gereja Jalan Raja,Berhadapan Gereja Jalan Raja,4,Tepi,KUALA LUMPUR,3.150425,101.693087,7,55c38deb-aae3-44c5-bfac-0bb919effec4,Wilayah Persekutuan Kuala Lumpur,137,WP Kuala Lumpur,1,Awam,2,Tidak Berfungsi,0,,2,Ground Hydrant,120,Bukit Bintang,0000-00-00,0,KUALA LUMPUR_JLN HANG TUAH_ZON E_WANI_20052015,1,KUALA LUMPUR (WP),88beb013-6a67-4936-9afd-b84a072cb60f
314850,02021d1e-08d2-4c25-b840-488cfd6c73e8,e795beb3-2cda-4ac4-b79d-7953221f1fb6,166,JHT,E,012,JHT-E-012,Depan Bangunan Dekat Pintu Pagar Kelab DiRaja Selangor,Depan Bangunan Dekat Pintu Pagar Kelab DiRaja Selangor,1,Hadapan,KUALA LUMPUR,3.150015,101.693127,7,55c38deb-aae3-44c5-bfac-0bb919effec4,Wilayah Persekutuan Kuala Lumpur,137,WP Kuala Lumpur,2,Swasta,1,Berfungsi,252.96,,1,Pillar Hydrant,120,Bukit Bintang,0000-00-00,0,KUALA LUMPUR_JLN HANG TUAH_ZON E_WANI_20052015,1,KUALA LUMPUR (WP),88beb013-6a67-4936-9afd-b84a072cb60f
314851,1593743b-be86-4e38-a194-f09ab2b2aa26,e795beb3-2cda-4ac4-b79d-7953221f1fb6,166,JHT,E,013,JHT-E-013,Depan Kelab DiRaja Selangor Jalan Raja,Depan Kelab DiRaja Selangor Jalan Raja,1,Hadapan,KUALA LUMPUR,3.149467,101.692946,7,55c38deb-aae3-44c5-bfac-0bb919effec4,Wilayah Persekutuan Kuala Lumpur,137,WP Kuala Lumpur,2,Swasta,1,Berfungsi,252.96,,1,Pillar Hydrant,120,Bukit Bintang,0000-00-00,0,KUALA LUMPUR_JLN HANG TUAH_ZON E_WANI_20052015,1,KUALA LUMPUR (WP),88beb013-6a67-4936-9afd-b84a072cb60f
314852,8cf52288-b593-4502-abdb-facab311647a,e795beb3-2cda-4ac4-b79d-7953221f1fb6,166,JHT,E,014,JHT-E-014,Belakang Kelab DiRaja Selangor Jalan Raja,Belakang Kelab DiRaja Selangor Jalan Raja,2,Belakang,KUALA LUMPUR,3.149426,101.692842,7,55c38deb-aae3-44c5-bfac-0bb919effec4,Wilayah Persekutuan Kuala Lumpur,137,WP Kuala Lumpur,1,Awam,1,Berfungsi,252.96,,2,Ground Hydrant,120,Bukit Bintang,0000-00-00,0,KUALA LUMPUR_JLN HANG TUAH_ZON E_WANI_20052015,1,KUALA LUMPUR (WP),88beb013-6a67-4936-9afd-b84a072cb60f
314853,e27e69af-1e1a-4ad7-a9a2-47bce510f246,e795beb3-2cda-4ac4-b79d-7953221f1fb6,166,JHT,E,015,JHT-E-015,Depan Perpustakaan Kanak-Kanak Kuala Lumpur Jalan Raja,Depan Perpustakaan Kanak-Kanak Kuala Lumpur Jalan Raja,3,Berhampiran,KUALA LUMPUR,3.147578,101.692861,7,55c38deb-aae3-44c5-bfac-0bb919effec4,Wilayah Persekutuan Kuala Lumpur,137,WP Kuala Lumpur,2,Swasta,1,Berfungsi,252.96,,1,Pillar Hydrant,120,Bukit Bintang,0000-00-00,0,KUALA LUMPUR_JLN HANG TUAH_ZON E_WANI_20052015,1,KUALA LUMPUR (WP),88beb013-6a67-4936-9afd-b84a072cb60f
314854,4972e7d1-6c17-4b1e-bf7b-0ebd6c721181,e795beb3-2cda-4ac4-b79d-7953221f1fb6,166,JHT,E,016,JHT-E-016,Belakang Bangunan Perpustakaan Kuala Lumpur Jalan Raja,Belakang Bangunan Perpustakaan Kuala Lumpur Jalan Raja,2,Belakang,KUALA LUMPUR,3.147224,101.692598,7,55c38deb-aae3-44c5-bfac-0bb919effec4,Wilayah Persekutuan Kuala Lumpur,137,WP Kuala Lumpur,2,Swasta,1,Berfungsi,252.96,,1,Pillar Hydrant,120,Bukit Bintang,0000-00-00,0,KUALA LUMPUR_JLN HANG TUAH_ZON E_WANI_20052015,1,KUALA LUMPUR (WP),88beb013-6a67-4936-9afd-b84a072cb60f
314855,71c832f8-4cde-459c-9a7b-731392871f6a,e795beb3-2cda-4ac4-b79d-7953221f1fb6,166,JHT,E,017,JHT-E-017,Jalan Masuk Parking Pejabat Pos Besar Daya Bumi,Jalan Masuk Parking Pejabat Pos Besar Daya Bumi,3,Berhampiran,KUALA LUMPUR,3.144246,101.693665,7,55c38deb-aae3-44c5-bfac-0bb919effec4,Wilayah Persekutuan Kuala Lumpur,137,WP Kuala Lumpur,1,Awam,1,Berfungsi,252.96,,1,Pillar Hydrant,120,Bukit Bintang,0000-00-00,0,KUALA LUMPUR_JLN HANG TUAH_ZON E_WANI_20052015,1,KUALA LUMPUR (WP),88beb013-6a67-4936-9afd-b84a072cb60f
314856,c27e7fb0-5f06-4758-a36d-f8f1d0586c6f,e795beb3-2cda-4ac4-b79d-7953221f1fb6,166,JHT,E,018,JHT-E-018,Depan Maybank Bangunan Daya Bumi,Depan Maybank Bangunan Daya Bumi,3,Berhampiran,KUALA LUMPUR,3.14421,101.693601,7,55c38deb-aae3-44c5-bfac-0bb919effec4,Wilayah Persekutuan Kuala Lumpur,137,WP Kuala Lumpur,1,Awam,1,Berfungsi,357.74,,1,Pillar Hydrant,120,Bukit Bintang,0000-00-00,0,KUALA LUMPUR_JLN HANG TUAH_ZON E_WANI_20052015,1,KUALA LUMPUR (WP),88beb013-6a67-4936-9afd-b84a072cb60f
314857,13c1d416-eeee-4fec-9a22-ab8eebbc49a7,e795beb3-2cda-4ac4-b79d-7953221f1fb6,166,JHT,E,019,JHT-E-019,Jalan Masuk Pejabat Pos Besar Daya Bumi Jalan Raja,Jalan Masuk Pejabat Pos Besar Daya Bumi Jalan Raja,1,Hadapan,KUALA LUMPUR,3.144208,101.693617,7,55c38deb-aae3-44c5-bfac-0bb919effec4,Wilayah Persekutuan Kuala Lumpur,137,WP Kuala Lumpur,2,Swasta,1,Berfungsi,357.74,,1,Pillar Hydrant,120,Bukit Bintang,0000-00-00,0,KUALA LUMPUR_JLN HANG TUAH_ZON E_WANI_20052015,1,KUALA LUMPUR (WP),88beb013-6a67-4936-9afd-b84a072cb60f
314858,18c8ddc0-244e-48fb-9787-99b9c64e1e2d,e795beb3-2cda-4ac4-b79d-7953221f1fb6,166,JHT,E,020,JHT-E-020,Depan Sebelah Kanan Bangunan Daya Bumi,Depan Sebelah Kanan Bangunan Daya Bumi,3,Berhampiran,KUALA LUMPUR,3.144358,101.693791,7,55c38deb-aae3-44c5-bfac-0bb919effec4,Wilayah Persekutuan Kuala Lumpur,137,WP Kuala Lumpur,1,Awam,1,Berfungsi,357.74,,1,Pillar Hydrant,120,Bukit Bintang,0000-00-00,0,KUALA LUMPUR_JLN HANG TUAH_ZON E_WANI_20052015,1,KUALA LUMPUR (WP),88beb013-6a67-4936-9afd-b84a072cb60f
314859,b189503c-761c-4160-8e88-61d8a1bd97c2,e795beb3-2cda-4ac4-b79d-7953221f1fb6,166,JHT,E,021,JHT-E-021,Sebelah Kanan Belakang City Parking Jalan Tugu,Sebelah Kanan Belakang City Parking Jalan Tugu,2,Belakang,KUALA LUMPUR,3.142975,101.693608,7,55c38deb-aae3-44c5-bfac-0bb919effec4,Wilayah Persekutuan Kuala Lumpur,137,WP Kuala Lumpur,1,Awam,1,Berfungsi,778.915,,1,Pillar Hydrant,120,Bukit Bintang,0000-00-00,0,KUALA LUMPUR_JLN HANG TUAH_ZON E_WANI_20052015,1,KUALA LUMPUR (WP),88beb013-6a67-4936-9afd-b84a072cb60f
314860,7ef4ef84-3db9-44e5-b993-d68f144b2fee,e795beb3-2cda-4ac4-b79d-7953221f1fb6,166,JHT,E,022,JHT-E-022,Sebelah Kiri Belakang City Parking Jalan Tugu,Sebelah Kiri Belakang City Parking Jalan Tugu,2,Belakang,KUALA LUMPUR,3.142356,101.69367,7,55c38deb-aae3-44c5-bfac-0bb919effec4,Wilayah Persekutuan Kuala Lumpur,137,WP Kuala Lumpur,1,Awam,1,Berfungsi,252.96,,1,Pillar Hydrant,120,Bukit Bintang,0000-00-00,0,KUALA LUMPUR_JLN HANG TUAH_ZON E_WANI_20052015,1,KUALA LUMPUR (WP),88beb013-6a67-4936-9afd-b84a072cb60f
314861,9ccbd90c-afd3-4b05-8851-63aadeb05000,e795beb3-2cda-4ac4-b79d-7953221f1fb6,166,JHT,E,023,JHT-E-023,Depan restoran mawar cafe belakang dayabumi,Depan restoran mawar cafe belakang dayabumi,1,Hadapan,KUALA LUMPUR,3.144795,101.69367,7,55c38deb-aae3-44c5-bfac-0bb919effec4,Wilayah Persekutuan Kuala Lumpur,137,WP Kuala Lumpur,1,Awam,1,Berfungsi,252.96,,1,Pillar Hydrant,120,Bukit Bintang,0000-00-00,0,KUALA LUMPUR_JLN HANG TUAH_ZON E_WANI_20052015,1,KUALA LUMPUR (WP),88beb013-6a67-4936-9afd-b84a072cb60f
314862,769c3e11-def7-451b-a406-f3629c71af61,e795beb3-2cda-4ac4-b79d-7953221f1fb6,166,JHT,E,024,JHT-E-024,Belakang Bangunan Pos Besar Daya Bumi Jalan Raja,Belakang Bangunan Pos Besar Daya Bumi Jalan Raja,2,Belakang,KUALA LUMPUR,3.144125,101.694151,7,55c38deb-aae3-44c5-bfac-0bb919effec4,Wilayah Persekutuan Kuala Lumpur,137,WP Kuala Lumpur,1,Awam,1,Berfungsi,252.96,,1,Pillar Hydrant,120,Bukit Bintang,0000-00-00,0,KUALA LUMPUR_JLN HANG TUAH_ZON E_WANI_20052015,1,KUALA LUMPUR (WP),88beb013-6a67-4936-9afd-b84a072cb60f
314863,39c89203-e9f4-48ee-b67f-a02c226d786c,e795beb3-2cda-4ac4-b79d-7953221f1fb6,166,JHT,E,025,JHT-E-025,Parking Kereta Daya Bumi Jalan Tugu,Parking Kereta Daya Bumi Jalan Tugu,3,Berhampiran,KUALA LUMPUR,3.142936,101.693662,7,55c38deb-aae3-44c5-bfac-0bb919effec4,Wilayah Persekutuan Kuala Lumpur,137,WP Kuala Lumpur,1,Awam,2,Tidak Berfungsi,0,,1,Pillar Hydrant,120,Bukit Bintang,0000-00-00,0,KUALA LUMPUR_JLN HANG TUAH_ZON E_WANI_20052015,1,KUALA LUMPUR (WP),88beb013-6a67-4936-9afd-b84a072cb60f
314864,3923b494-9ff0-41dd-b9eb-bf6ab40fb910,e795beb3-2cda-4ac4-b79d-7953221f1fb6,166,JHT,E,026,JHT-E-026,Depan Bangunan Kota Raya Jalan Cheng Lock,Depan Bangunan Kota Raya Jalan Cheng Lock,1,Hadapan,KUALA LUMPUR,3.145463,101.697726,7,55c38deb-aae3-44c5-bfac-0bb919effec4,Wilayah Persekutuan Kuala Lumpur,137,WP Kuala Lumpur,1,Awam,1,Berfungsi,252.96,,1,Pillar Hydrant,120,Bukit Bintang,0000-00-00,0,KUALA LUMPUR_JLN HANG TUAH_ZON E_WANI_20052015,1,KUALA LUMPUR (WP),88beb013-6a67-4936-9afd-b84a072cb60f
314865,b848b529-c0be-4345-ba9f-e7e1c3ba9560,e795beb3-2cda-4ac4-b79d-7953221f1fb6,166,JHT,E,027,JHT-E-027,Sebelah Kiri Bangunan Kota Raya Jalan Cheng Lock,Sebelah Kiri Bangunan Kota Raya Jalan Cheng Lock,3,Berhampiran,KUALA LUMPUR,3.145878,101.698258,7,55c38deb-aae3-44c5-bfac-0bb919effec4,Wilayah Persekutuan Kuala Lumpur,137,WP Kuala Lumpur,1,Awam,1,Berfungsi,252.96,,1,Pillar Hydrant,120,Bukit Bintang,0000-00-00,0,KUALA LUMPUR_JLN HANG TUAH_ZON E_WANI_20052015,1,KUALA LUMPUR (WP),88beb013-6a67-4936-9afd-b84a072cb60f
314866,3dd3bce8-fe4e-4221-80aa-021b0291031c,e795beb3-2cda-4ac4-b79d-7953221f1fb6,166,JHT,E,028,JHT-E-028,Belakang bangunan Kota Raya Jalan Cheng Lock,Belakang bangunan Kota Raya Jalan Cheng Lock,2,Belakang,KUALA LUMPUR,3.145739,101.697277,7,55c38deb-aae3-44c5-bfac-0bb919effec4,Wilayah Persekutuan Kuala Lumpur,137,WP Kuala Lumpur,1,Awam,1,Berfungsi,252.96,,1,Pillar Hydrant,120,Bukit Bintang,0000-00-00,0,KUALA LUMPUR_JLN HANG TUAH_ZON E_WANI_20052015,1,KUALA LUMPUR (WP),88beb013-6a67-4936-9afd-b84a072cb60f
314867,4736fcbd-b5fb-4c29-8596-87bbe3834d25,e795beb3-2cda-4ac4-b79d-7953221f1fb6,166,JHT,E,029,JHT-E-029,Depan Institut SAL Jalan Leboh Pudu,Depan Institut SAL Jalan Leboh Pudu,1,Hadapan,KUALA LUMPUR,3.14636,101.697738,7,55c38deb-aae3-44c5-bfac-0bb919effec4,Wilayah Persekutuan Kuala Lumpur,137,WP Kuala Lumpur,1,Awam,1,Berfungsi,252.96,,1,Pillar Hydrant,120,Bukit Bintang,0000-00-00,0,KUALA LUMPUR_JLN HANG TUAH_ZON E_WANI_20052015,1,KUALA LUMPUR (WP),88beb013-6a67-4936-9afd-b84a072cb60f
314868,168bd13d-f3ac-4471-a572-405edef38112,e795beb3-2cda-4ac4-b79d-7953221f1fb6,166,JHT,E,030,JHT-E-030,Depan Kedai Mas Kwong Cheong Long Sdn Bhd,Depan Kedai Mas Kwong Cheong Long Sdn Bhd,1,Hadapan,KUALA LUMPUR,3.145932,101.697025,7,55c38deb-aae3-44c5-bfac-0bb919effec4,Wilayah Persekutuan Kuala Lumpur,137,WP Kuala Lumpur,1,Awam,1,Berfungsi,357.74,,1,Pillar Hydrant,120,Bukit Bintang,0000-00-00,0,KUALA LUMPUR_JLN HANG TUAH_ZON E_WANI_20052015,1,KUALA LUMPUR (WP),88beb013-6a67-4936-9afd-b84a072cb60f
314869,41d4dc04-d19e-4462-a905-a7a4d465c18d,e795beb3-2cda-4ac4-b79d-7953221f1fb6,166,JHT,E,031,JHT-E-031,Sebelah Kiri Tepi Bangunan MAIDEN Jalan Leboh Pudu,Sebelah Kiri Tepi Bangunan MAIDEN Jalan Leboh Pudu,3,Berhampiran,KUALA LUMPUR,3.146886,101.698232,7,55c38deb-aae3-44c5-bfac-0bb919effec4,Wilayah Persekutuan Kuala Lumpur,137,WP Kuala Lumpur,2,Swasta,2,Tidak Berfungsi,0,,1,Pillar Hydrant,120,Bukit Bintang,0000-00-00,0,KUALA LUMPUR_JLN HANG TUAH_ZON E_WANI_20052015,1,KUALA LUMPUR (WP),88beb013-6a67-4936-9afd-b84a072cb60f
314870,5abe2359-eb25-4066-9569-24da4227cbe6,e795beb3-2cda-4ac4-b79d-7953221f1fb6,166,JHT,E,032,JHT-E-032,Tepi pintu Masuk Parking Bar Council Jalan Pintas,Tepi pintu Masuk Parking Bar Council Jalan Pintas,3,Berhampiran,KUALA LUMPUR,3.147451,101.697969,7,55c38deb-aae3-44c5-bfac-0bb919effec4,Wilayah Persekutuan Kuala Lumpur,137,WP Kuala Lumpur,1,Awam,4,Hilang,,,1,Pillar Hydrant,120,Bukit Bintang,0000-00-00,0,KUALA LUMPUR_JLN HANG TUAH_ZON E_WANI_20052015,1,KUALA LUMPUR (WP),88beb013-6a67-4936-9afd-b84a072cb60f
314871,2d352fc4-2860-4ce1-9f01-cb4652ced149,e795beb3-2cda-4ac4-b79d-7953221f1fb6,166,JHT,E,033,JHT-E-033,Depan Pintu Parking Bar Council Jalan Pintas,Depan Pintu Parking Bar Council Jalan Pintas,3,Berhampiran,KUALA LUMPUR,3.147494,101.698071,7,55c38deb-aae3-44c5-bfac-0bb919effec4,Wilayah Persekutuan Kuala Lumpur,137,WP Kuala Lumpur,1,Awam,4,Hilang,,,1,Pillar Hydrant,120,Bukit Bintang,0000-00-00,0,KUALA LUMPUR_JLN HANG TUAH_ZON E_WANI_20052015,1,KUALA LUMPUR (WP),88beb013-6a67-4936-9afd-b84a072cb60f
314872,009f72f4-2197-4f4c-ae5b-aea5e11a1569,e795beb3-2cda-4ac4-b79d-7953221f1fb6,166,JHT,E,034,JHT-E-034,Depan MYDIEN Jalan Silang,Depan MYDIEN Jalan Silang,1,Hadapan,KUALA LUMPUR,3.146436,101.698264,7,55c38deb-aae3-44c5-bfac-0bb919effec4,Wilayah Persekutuan Kuala Lumpur,137,WP Kuala Lumpur,1,Awam,2,Tidak Berfungsi,0,,1,Pillar Hydrant,120,Bukit Bintang,0000-00-00,0,KUALA LUMPUR_JLN HANG TUAH_ZON E_WANI_20052015,1,KUALA LUMPUR (WP),88beb013-6a67-4936-9afd-b84a072cb60f
314873,4a8802f8-7373-484b-a030-84bd2102148f,e795beb3-2cda-4ac4-b79d-7953221f1fb6,166,JHT,E,035,JHT-E-035,Depan Tangga Bangunan Cahaya Suria Jalan Silang,Depan Tangga Bangunan Cahaya Suria Jalan Silang,3,Berhampiran,KUALA LUMPUR,3.146049,101.698744,7,55c38deb-aae3-44c5-bfac-0bb919effec4,Wilayah Persekutuan Kuala Lumpur,137,WP Kuala Lumpur,1,Awam,2,Tidak Berfungsi,0,,1,Pillar Hydrant,120,Bukit Bintang,0000-00-00,0,KUALA LUMPUR_JLN HANG TUAH_ZON E_WANI_20052015,1,KUALA LUMPUR (WP),88beb013-6a67-4936-9afd-b84a072cb60f
314874,2951ba7b-7510-4321-96ec-fc00de6751ec,e795beb3-2cda-4ac4-b79d-7953221f1fb6,166,JHT,E,036,JHT-E-036,Depan Bangkok Bank Berhad Jalan Tun H.S.Lee,Depan Bangkok Bank Berhad Jalan Tun H.S.Lee,1,Hadapan,KUALA LUMPUR,3.146087,101.696489,7,55c38deb-aae3-44c5-bfac-0bb919effec4,Wilayah Persekutuan Kuala Lumpur,137,WP Kuala Lumpur,1,Awam,1,Berfungsi,252.96,,1,Pillar Hydrant,120,Bukit Bintang,0000-00-00,0,KUALA LUMPUR_JLN HANG TUAH_ZON E_WANI_20052015,1,KUALA LUMPUR (WP),88beb013-6a67-4936-9afd-b84a072cb60f
314875,75c46317-a496-4e1f-b58c-22fdf1d433a7,e795beb3-2cda-4ac4-b79d-7953221f1fb6,166,JHT,E,037,JHT-E-037,Bus Stop Jalan Tun H.S.Lee,Bus Stop Jalan Tun H.S.Lee,1,Hadapan,KUALA LUMPUR,3.145553,101.696632,7,55c38deb-aae3-44c5-bfac-0bb919effec4,Wilayah Persekutuan Kuala Lumpur,137,WP Kuala Lumpur,1,Awam,2,Tidak Berfungsi,0,,2,Ground Hydrant,120,Bukit Bintang,0000-00-00,0,KUALA LUMPUR_JLN HANG TUAH_ZON E_WANI_20052015,1,KUALA LUMPUR (WP),88beb013-6a67-4936-9afd-b84a072cb60f
314876,ac2df35c-2941-4a2c-aa98-202871fd5a73,e795beb3-2cda-4ac4-b79d-7953221f1fb6,166,JHT,E,038,JHT-E-038,Depan Farmasi M.S.Ally Sdn Bhd Jalan T.S.Lee,Depan Farmasi M.S.Ally Sdn Bhd Jalan T.S.Lee,1,Hadapan,KUALA LUMPUR,3.146612,101.696457,7,55c38deb-aae3-44c5-bfac-0bb919effec4,Wilayah Persekutuan Kuala Lumpur,137,WP Kuala Lumpur,1,Awam,1,Berfungsi,252.96,,1,Pillar Hydrant,120,Bukit Bintang,0000-00-00,0,KUALA LUMPUR_JLN HANG TUAH_ZON E_WANI_20052015,1,KUALA LUMPUR (WP),88beb013-6a67-4936-9afd-b84a072cb60f
314877,8bfbe0ae-681d-44d3-b856-bf78bfb087ee,e795beb3-2cda-4ac4-b79d-7953221f1fb6,166,JHT,E,039,JHT-E-039,Depan Bangunan Hong Leong Finance Jalan T.H.Lee,Depan Bangunan Hong Leong Finance Jalan T.H.Lee,1,Hadapan,KUALA LUMPUR,3.146612,101.696457,7,55c38deb-aae3-44c5-bfac-0bb919effec4,Wilayah Persekutuan Kuala Lumpur,137,WP Kuala Lumpur,1,Awam,1,Berfungsi,252.96,,1,Pillar Hydrant,120,Bukit Bintang,0000-00-00,0,KUALA LUMPUR_JLN HANG TUAH_ZON E_WANI_20052015,11,KUALALUMPUR (WP),e020035c-e1d1-481d-b224-6475deb88d49
314878,c1f25d22-2638-43a8-b6fd-086cf710bf30,e795beb3-2cda-4ac4-b79d-7953221f1fb6,166,JHT,E,040,JHT-E-040,Belakang bangunan Hong Leong Finance Jalan T.H.Lee,Belakang bangunan Hong Leong Finance Jalan T.H.Lee,2,Belakang,KUALA LUMPUR,3.146612,101.696457,7,55c38deb-aae3-44c5-bfac-0bb919effec4,Wilayah Persekutuan Kuala Lumpur,137,WP Kuala Lumpur,1,Awam,1,Berfungsi,252.96,,2,Ground Hydrant,120,Bukit Bintang,0000-00-00,0,KUALA LUMPUR_JLN HANG TUAH_ZON E_WANI_20052015,1,KUALA LUMPUR (WP),88beb013-6a67-4936-9afd-b84a072cb60f
314879,268910a5-f012-425d-926c-a87f42227541,e795beb3-2cda-4ac4-b79d-7953221f1fb6,166,JHT,E,041,JHT-E-041,JALAN HANG KASTURI,Sebelah Kiri Mc Donald Jalan Hang Kasturi,3,Berhampiran,KUALA LUMPUR,3.134607,101.686593,7,55c38deb-aae3-44c5-bfac-0bb919effec4,Wilayah Persekutuan Kuala Lumpur,137,WP Kuala Lumpur,1,Awam,1,Berfungsi,252.96,,1,Pillar Hydrant,120,Bukit Bintang,0000-00-00,0,KUALA LUMPUR_JLN HANG TUAH_ZON E_WANI_20052015,89,KUALA  LUMPUR (WP),53aa1806-b81f-4985-8066-6a9cf92f1446
314880,90f8bea6-162a-4eb0-9f03-c9a6157b1d38,e795beb3-2cda-4ac4-b79d-7953221f1fb6,166,JHT,E,042,JHT-E-042,Kiri Pintu Masuk Central Market Jalan Hang Kasturi,Kiri Pintu Masuk Central Market Jalan Hang Kasturi,1,Hadapan,KUALA LUMPUR,3.145126,101.695245,7,55c38deb-aae3-44c5-bfac-0bb919effec4,Wilayah Persekutuan Kuala Lumpur,137,WP Kuala Lumpur,2,Swasta,1,Berfungsi,252.96,,1,Pillar Hydrant,120,Bukit Bintang,0000-00-00,0,KUALA LUMPUR_JLN HANG TUAH_ZON E_WANI_20052015,1,KUALA LUMPUR (WP),88beb013-6a67-4936-9afd-b84a072cb60f
314881,9b7b9c98-1d37-47e2-90d6-42b9883a7ec4,e795beb3-2cda-4ac4-b79d-7953221f1fb6,166,JHT,E,043,JHT-E-043,Kanan Belakang Central Market Jalan Hang Kasturi,Kanan Belakang Central Market Jalan Hang Kasturi,2,Belakang,KUALA LUMPUR,3.145801,101.69518,7,55c38deb-aae3-44c5-bfac-0bb919effec4,Wilayah Persekutuan Kuala Lumpur,137,WP Kuala Lumpur,2,Swasta,1,Berfungsi,252.96,,1,Pillar Hydrant,120,Bukit Bintang,0000-00-00,0,KUALA LUMPUR_JLN HANG TUAH_ZON E_WANI_20052015,1,KUALA LUMPUR (WP),88beb013-6a67-4936-9afd-b84a072cb60f
314882,6c898fac-584e-4ef9-8ca1-6066197b6083,e795beb3-2cda-4ac4-b79d-7953221f1fb6,166,JHT,E,044,JHT-E-044,Sebelah Kanan Central Market Jalan Hang Kasturi,Sebelah Kanan Central Market Jalan Hang Kasturi,3,Berhampiran,KUALA LUMPUR,3.146333,101.695415,7,55c38deb-aae3-44c5-bfac-0bb919effec4,Wilayah Persekutuan Kuala Lumpur,137,WP Kuala Lumpur,2,Swasta,1,Berfungsi,778.915,,1,Pillar Hydrant,120,Bukit Bintang,0000-00-00,0,KUALA LUMPUR_JLN HANG TUAH_ZON E_WANI_20052015,1,KUALA LUMPUR (WP),88beb013-6a67-4936-9afd-b84a072cb60f
314883,9ba0d749-4272-44c3-946c-5af4ac219480,e795beb3-2cda-4ac4-b79d-7953221f1fb6,166,JHT,E,045,JHT-E-045,Depan Bangunan MAIDEN Jalan Tun Perak,Depan Bangunan MAIDEN Jalan Tun Perak,3,Berhampiran,KUALA LUMPUR,3.146461,101.698238,7,55c38deb-aae3-44c5-bfac-0bb919effec4,Wilayah Persekutuan Kuala Lumpur,137,WP Kuala Lumpur,1,Awam,2,Tidak Berfungsi,0,,1,Pillar Hydrant,120,Bukit Bintang,0000-00-00,0,KUALA LUMPUR_JLN HANG TUAH_ZON E_WANI_20052015,1,KUALA LUMPUR (WP),88beb013-6a67-4936-9afd-b84a072cb60f
314884,daedd631-01aa-4b27-b517-6be5099dd449,e795beb3-2cda-4ac4-b79d-7953221f1fb6,166,JHT,E,046,JHT-E-046,Depan Bangunan RHB Bank Jalan Tun H.S.Lee,Depan Bangunan RHB Bank Jalan Tun H.S.Lee,1,Hadapan,KUALA LUMPUR,3.147436,101.696698,7,55c38deb-aae3-44c5-bfac-0bb919effec4,Wilayah Persekutuan Kuala Lumpur,137,WP Kuala Lumpur,1,Awam,2,Tidak Berfungsi,0,,2,Ground Hydrant,120,Bukit Bintang,0000-00-00,0,KUALA LUMPUR_JLN HANG TUAH_ZON E_WANI_20052015,1,KUALA LUMPUR (WP),88beb013-6a67-4936-9afd-b84a072cb60f
314885,563921b5-2bd4-48f7-8cd3-3afca0c3f0d6,e795beb3-2cda-4ac4-b79d-7953221f1fb6,166,JHT,E,047,JHT-E-047,Depan United Overseas Bank Jalan Medan Pasar,Depan United Overseas Bank Jalan Medan Pasar,1,Hadapan,KUALA LUMPUR,3.147682,101.695955,7,55c38deb-aae3-44c5-bfac-0bb919effec4,Wilayah Persekutuan Kuala Lumpur,137,WP Kuala Lumpur,1,Awam,2,Tidak Berfungsi,0,,1,Pillar Hydrant,120,Bukit Bintang,0000-00-00,0,KUALA LUMPUR_JLN HANG TUAH_ZON E_WANI_20052015,1,KUALA LUMPUR (WP),88beb013-6a67-4936-9afd-b84a072cb60f
314886,70fc373b-6943-45b1-82cc-9bd142eaabe5,e795beb3-2cda-4ac4-b79d-7953221f1fb6,166,JHT,E,048,JHT-E-048,Persimpangan Leboh Pasar Besar Dengan Medan Pasar,Persimpangan Leboh Pasar Besar Dengan Medan Pasar,3,Berhampiran,KUALA LUMPUR,3.146951,101.695884,7,55c38deb-aae3-44c5-bfac-0bb919effec4,Wilayah Persekutuan Kuala Lumpur,137,WP Kuala Lumpur,1,Awam,4,Hilang,6511980,,2,Ground Hydrant,120,Bukit Bintang,0000-00-00,0,KUALA LUMPUR_JLN HANG TUAH_ZON E_WANI_20052015,1,KUALA LUMPUR (WP),88beb013-6a67-4936-9afd-b84a072cb60f
314887,a0dc8e78-ccee-4ad1-9b4f-7121a3a928ef,e795beb3-2cda-4ac4-b79d-7953221f1fb6,166,JHT,E,049,JHT-E-049,Tepi Bangunan Makhamah Persimpangan Jaln Leboh Pasar JALAN MEDAN PASAR,Tepi Bangunan Makhamah Persimpangan Jaln Leboh Pasar,3,Berhampiran,KUALA LUMPUR,3.147873,101.695884,7,55c38deb-aae3-44c5-bfac-0bb919effec4,Wilayah Persekutuan Kuala Lumpur,137,WP Kuala Lumpur,1,Awam,1,Berfungsi,252.96,,2,Ground Hydrant,120,Bukit Bintang,0000-00-00,0,KUALA LUMPUR_JLN HANG TUAH_ZON E_WANI_20052015,1,KUALA LUMPUR (WP),88beb013-6a67-4936-9afd-b84a072cb60f
314888,de35b049-36b0-4d58-9e65-ec95dee91a42,e795beb3-2cda-4ac4-b79d-7953221f1fb6,166,JHT,E,050,JHT-E-050,Belakang Makhamah Tinggi Jalan Makhamah,Belakang Makhamah Tinggi Jalan Makhamah,2,Belakang,KUALA LUMPUR,3.147873,101.694641,7,55c38deb-aae3-44c5-bfac-0bb919effec4,Wilayah Persekutuan Kuala Lumpur,137,WP Kuala Lumpur,1,Awam,1,Berfungsi,252.96,,1,Pillar Hydrant,120,Bukit Bintang,0000-00-00,0,KUALA LUMPUR_JLN HANG TUAH_ZON E_WANI_20052015,1,KUALA LUMPUR (WP),88beb013-6a67-4936-9afd-b84a072cb60f
314889,7a55918d-a47d-453f-9af1-f8e4ba52bf46,e795beb3-2cda-4ac4-b79d-7953221f1fb6,166,JHT,E,051,JHT-E-051,Kanan AGRO Bank  Jalan Leboh Pasar JALAN LEBOH PASAR,Kanan AGRO Bank  Jalan Leboh Pasar,3,Berhampiran,KUALA LUMPUR,3.14624,101.69467,7,55c38deb-aae3-44c5-bfac-0bb919effec4,Wilayah Persekutuan Kuala Lumpur,137,WP Kuala Lumpur,2,Swasta,1,Berfungsi,252.96,,1,Pillar Hydrant,120,Bukit Bintang,0000-00-00,0,KUALA LUMPUR_JLN HANG TUAH_ZON E_WANI_20052015,1,KUALA LUMPUR (WP),88beb013-6a67-4936-9afd-b84a072cb60f
314890,26b3cf5e-1e18-4123-bbcf-76ec628eceea,e795beb3-2cda-4ac4-b79d-7953221f1fb6,166,JHT,E,052,JHT-E-052,Belakang AGRO Bank  Jalan Leboh Pasar,Belakang AGRO Bank  Jalan Leboh Pasar,2,Belakang,KUALA LUMPUR,3.14624,101.69467,7,55c38deb-aae3-44c5-bfac-0bb919effec4,Wilayah Persekutuan Kuala Lumpur,137,WP Kuala Lumpur,2,Swasta,1,Berfungsi,252.96,,1,Pillar Hydrant,120,Bukit Bintang,0000-00-00,0,KUALA LUMPUR_JLN HANG TUAH_ZON E_WANI_20052015,1,KUALA LUMPUR (WP),88beb013-6a67-4936-9afd-b84a072cb60f
314891,e59d4d1a-c175-45e7-95ec-e1549fcf753d,e795beb3-2cda-4ac4-b79d-7953221f1fb6,166,JHT,E,053,JHT-E-053,Pintu Masuk Parking Belakang  Agro Bank Jalan Leboh Pasar,Pintu Masuk Parking Belakang  Agro Bank Jalan Leboh Pasar,3,Berhampiran,KUALA LUMPUR,3.146736,101.694434,7,55c38deb-aae3-44c5-bfac-0bb919effec4,Wilayah Persekutuan Kuala Lumpur,137,WP Kuala Lumpur,2,Swasta,1,Berfungsi,252.96,,1,Pillar Hydrant,120,Bukit Bintang,0000-00-00,0,KUALA LUMPUR_JLN HANG TUAH_ZON E_WANI_20052015,1,KUALA LUMPUR (WP),88beb013-6a67-4936-9afd-b84a072cb60f
314892,a8dbbc07-7201-4135-9dfa-72c3ac68e984,e795beb3-2cda-4ac4-b79d-7953221f1fb6,166,JHT,E,054,JHT-E-054,Depan Bangunan HSBC Jalan Leboh Ampang,Depan Bangunan HSBC Jalan Leboh Ampang,1,Hadapan,KUALA LUMPUR,3.148048,101.69617,7,55c38deb-aae3-44c5-bfac-0bb919effec4,Wilayah Persekutuan Kuala Lumpur,137,WP Kuala Lumpur,1,Awam,1,Berfungsi,252.96,,2,Ground Hydrant,120,Bukit Bintang,0000-00-00,0,KUALA LUMPUR_JLN HANG TUAH_ZON E_WANI_20052015,1,KUALA LUMPUR (WP),88beb013-6a67-4936-9afd-b84a072cb60f
314893,63515d55-0326-419f-8fab-544ec17a31c7,e795beb3-2cda-4ac4-b79d-7953221f1fb6,166,JHT,E,055,JHT-E-055,Depan Wisma Hamzah Dan Kwing Hing Jalan Leboh Ampang,Depan Wisma Hamzah Dan Kwing Hing Jalan Leboh Ampang,1,Hadapan,KUALA LUMPUR,3.147935,101.696288,7,55c38deb-aae3-44c5-bfac-0bb919effec4,Wilayah Persekutuan Kuala Lumpur,137,WP Kuala Lumpur,1,Awam,2,Tidak Berfungsi,0,,1,Pillar Hydrant,120,Bukit Bintang,0000-00-00,0,KUALA LUMPUR_JLN HANG TUAH_ZON E_WANI_20052015,1,KUALA LUMPUR (WP),88beb013-6a67-4936-9afd-b84a072cb60f
314894,03b84362-f1e6-4e38-8abf-ad0428c6c18e,e795beb3-2cda-4ac4-b79d-7953221f1fb6,166,JHT,E,056,JHT-E-056,Depan Bangunan MBSB Jalan Leboh Ampang,Depan Bangunan MBSB Jalan Leboh Ampang,3,Berhampiran,KUALA LUMPUR,3.148126,101.696488,7,55c38deb-aae3-44c5-bfac-0bb919effec4,Wilayah Persekutuan Kuala Lumpur,137,WP Kuala Lumpur,1,Awam,2,Tidak Berfungsi,0,,2,Ground Hydrant,120,Bukit Bintang,0000-00-00,0,KUALA LUMPUR_JLN HANG TUAH_ZON E_WANI_20052015,1,KUALA LUMPUR (WP),88beb013-6a67-4936-9afd-b84a072cb60f
314902,249f44b8-dcd4-4f1f-85e9-e016f7c87fc5,e795beb3-2cda-4ac4-b79d-7953221f1fb6,166,JHT,F,001,JHT-F-001,DEPAN POS PENGAWAL KE DUA PLANETERIUM JALAN PERDANA,DEPAN POS PENGAWAL KE DUA PLANETERIUM JALAN PERDANA,4,Tepi,KUALA LUMPUR,3.13953,101.689232,7,55c38deb-aae3-44c5-bfac-0bb919effec4,Wilayah Persekutuan Kuala Lumpur,137,WP Kuala Lumpur,2,Swasta,1,Berfungsi,357.74,,1,Pillar Hydrant,120,Bukit Bintang,0000-00-00,0,KUALA LUMPUR_JLN HANG TUAH_ZON F_WANI_20052015,1,KUALA LUMPUR (WP),88beb013-6a67-4936-9afd-b84a072cb60f
314903,e391746a-8141-4878-b85d-ebfc34e30e25,e795beb3-2cda-4ac4-b79d-7953221f1fb6,166,JHT,F,002,JHT-F-002,Tepi Pejabat Am Planeterium Negara Jalan Perdana,Tepi Pejabat Am Planeterium Negara JalanPerdana,4,Tepi,KUALA LUMPUR,3.139699,101.689497,7,55c38deb-aae3-44c5-bfac-0bb919effec4,Wilayah Persekutuan Kuala Lumpur,137,WP Kuala Lumpur,2,Swasta,1,Berfungsi,778.915,,1,Pillar Hydrant,120,Bukit Bintang,0000-00-00,0,KUALA LUMPUR_JLN HANG TUAH_ZON F_WANI_20052015,1,KUALA LUMPUR (WP),88beb013-6a67-4936-9afd-b84a072cb60f
314904,05554c9e-addc-4207-a1c5-5a0e26350ea8,e795beb3-2cda-4ac4-b79d-7953221f1fb6,166,JHT,F,003,JHT-F-003,Laluan masuk ke tempat letak kenderaan planetrium,Laluan masuk ke tempat letak kenderaan planetrium,4,Tepi,KUALA LUMPUR,3.139514,101.689806,7,55c38deb-aae3-44c5-bfac-0bb919effec4,Wilayah Persekutuan Kuala Lumpur,137,WP Kuala Lumpur,2,Swasta,1,Berfungsi,778.915,,1,Pillar Hydrant,120,Bukit Bintang,0000-00-00,0,KUALA LUMPUR_JLN HANG TUAH_ZON F_WANI_20052015,1,KUALA LUMPUR (WP),88beb013-6a67-4936-9afd-b84a072cb60f
314905,6588bc5c-e718-42b9-96dd-90dbb23f1cb1,e795beb3-2cda-4ac4-b79d-7953221f1fb6,166,JHT,F,004,JHT-F-004,Pintu Masuk Planeterium Negara Jalan Perdana,Pintu Masuk Planeterium Negara JalanPerdana,1,Hadapan,KUALA LUMPUR,3.139593,101.687723,7,55c38deb-aae3-44c5-bfac-0bb919effec4,Wilayah Persekutuan Kuala Lumpur,137,WP Kuala Lumpur,2,Swasta,1,Berfungsi,778.915,,1,Pillar Hydrant,120,Bukit Bintang,0000-00-00,0,KUALA LUMPUR_JLN HANG TUAH_ZON F_WANI_20052015,1,KUALA LUMPUR (WP),88beb013-6a67-4936-9afd-b84a072cb60f
314906,5c933b2a-53cb-42c4-9124-8a9f38fc2fa0,e795beb3-2cda-4ac4-b79d-7953221f1fb6,166,JHT,F,005,JHT-F-005,Depan Balai Pengawal Muzium Polis Diraja Malaysia Jalan Perdana,Depan Balai Pengawal Muzium Polis DirajaMalaysiaJalanPerdana,1,Hadapan,KUALA LUMPUR,3.141056,101.688913,7,55c38deb-aae3-44c5-bfac-0bb919effec4,Wilayah Persekutuan Kuala Lumpur,137,WP Kuala Lumpur,2,Swasta,1,Berfungsi,252.96,,1,Pillar Hydrant,120,Bukit Bintang,0000-00-00,0,KUALA LUMPUR_JLN HANG TUAH_ZON F_WANI_20052015,1,KUALA LUMPUR (WP),88beb013-6a67-4936-9afd-b84a072cb60f
314907,838cd3af-2b1a-4a93-8210-8dcf547655a0,e795beb3-2cda-4ac4-b79d-7953221f1fb6,166,JHT,F,006,JHT-F-006,Depan Muzium Polis Diraja Malaysia Jalan Perdana,Depan Muzium Polis DirajaMalaysiaJalanPerdana,1,Hadapan,KUALA LUMPUR,3.141056,101.688913,7,55c38deb-aae3-44c5-bfac-0bb919effec4,Wilayah Persekutuan Kuala Lumpur,137,WP Kuala Lumpur,2,Swasta,1,Berfungsi,252.96,,1,Pillar Hydrant,120,Bukit Bintang,0000-00-00,0,KUALA LUMPUR_JLN HANG TUAH_ZON F_WANI_20052015,1,KUALA LUMPUR (WP),88beb013-6a67-4936-9afd-b84a072cb60f
314908,79876601-1627-416f-8da1-4c56edb4ea72,e795beb3-2cda-4ac4-b79d-7953221f1fb6,166,JHT,F,007,JHT-F-007,Tepi Bengkel Polis Jalan Perdana,Tepi Bengkel Polis Jalan Perdana,4,Tepi,KUALA LUMPUR,3.141476,101.688645,7,55c38deb-aae3-44c5-bfac-0bb919effec4,Wilayah Persekutuan Kuala Lumpur,137,WP Kuala Lumpur,2,Swasta,2,Tidak Berfungsi,0,,1,Pillar Hydrant,120,Bukit Bintang,0000-00-00,0,KUALA LUMPUR_JLN HANG TUAH_ZON F_WANI_20052015,1,KUALA LUMPUR (WP),88beb013-6a67-4936-9afd-b84a072cb60f
314909,13aa81d0-ca6c-4826-90d2-c8cc0e35527a,e795beb3-2cda-4ac4-b79d-7953221f1fb6,166,JHT,F,008,JHT-F-008,Belakang Muzium Polis Jalan Perdana,BelakangMuzium Polis JalanPerdana,2,Belakang,KUALA LUMPUR,3.140835,101.688533,7,55c38deb-aae3-44c5-bfac-0bb919effec4,Wilayah Persekutuan Kuala Lumpur,137,WP Kuala Lumpur,2,Swasta,2,Tidak Berfungsi,0,,1,Pillar Hydrant,120,Bukit Bintang,0000-00-00,0,KUALA LUMPUR_JLN HANG TUAH_ZON F_WANI_20052015,1,KUALA LUMPUR (WP),88beb013-6a67-4936-9afd-b84a072cb60f
314910,1aa1e9ac-2c24-4782-8b85-35c7cc69edae,e795beb3-2cda-4ac4-b79d-7953221f1fb6,166,JHT,F,009,JHT-F-009,Tepi Muzium Kesenian Islam JalanPerdana,Tepi Muzium Kesenian Islam JalanPerdana,4,Tepi,KUALA LUMPUR,3.140834,101.689328,7,55c38deb-aae3-44c5-bfac-0bb919effec4,Wilayah Persekutuan Kuala Lumpur,137,WP Kuala Lumpur,2,Swasta,2,Tidak Berfungsi,252.96,,1,Pillar Hydrant,120,Bukit Bintang,0000-00-00,0,KUALA LUMPUR_JLN HANG TUAH_ZON F_WANI_20052015,1,KUALA LUMPUR (WP),88beb013-6a67-4936-9afd-b84a072cb60f
314911,62d70820-565c-4b64-97d3-91330f758e51,e795beb3-2cda-4ac4-b79d-7953221f1fb6,166,JHT,F,010,JHT-F-010,Tepi Muzium Kesenian Islam JalanPerdana(Belakang),Tepi Muzium Kesenian Islam JalanPerdana(Belakang),4,Tepi,KUALA LUMPUR,3.14183,101.689481,7,55c38deb-aae3-44c5-bfac-0bb919effec4,Wilayah Persekutuan Kuala Lumpur,137,WP Kuala Lumpur,2,Swasta,2,Tidak Berfungsi,252.96,,1,Pillar Hydrant,120,Bukit Bintang,0000-00-00,0,KUALA LUMPUR_JLN HANG TUAH_ZON F_WANI_20052015,1,KUALA LUMPUR (WP),88beb013-6a67-4936-9afd-b84a072cb60f
314912,c1aa9e89-0d54-4250-abb6-ac251e366753,e795beb3-2cda-4ac4-b79d-7953221f1fb6,166,JHT,F,011,JHT-F-011,Tepi Muzium Kesenian Islam JalanPerdana(Belakang),Tepi Muzium Kesenian Islam JalanPerdana(Belakang),4,Tepi,KUALA LUMPUR,3.141694,101.690183,7,55c38deb-aae3-44c5-bfac-0bb919effec4,Wilayah Persekutuan Kuala Lumpur,137,WP Kuala Lumpur,1,Awam,2,Tidak Berfungsi,252.96,,1,Pillar Hydrant,120,Bukit Bintang,0000-00-00,0,KUALA LUMPUR_JLN HANG TUAH_ZON F_WANI_20052015,1,KUALA LUMPUR (WP),88beb013-6a67-4936-9afd-b84a072cb60f
314913,6db0054d-3c64-4d6e-951e-e283863bd9b2,e795beb3-2cda-4ac4-b79d-7953221f1fb6,166,JHT,F,012,JHT-F-012,PintuKeluar Masjid Negara JalanPerdana,PintuKeluar Masjid Negara JalanPerdana,3,Berhampiran,KUALA LUMPUR,3.140873,101.691548,7,55c38deb-aae3-44c5-bfac-0bb919effec4,Wilayah Persekutuan Kuala Lumpur,137,WP Kuala Lumpur,1,Awam,2,Tidak Berfungsi,252.96,,1,Pillar Hydrant,120,Bukit Bintang,0000-00-00,0,KUALA LUMPUR_JLN HANG TUAH_ZON F_WANI_20052015,1,KUALA LUMPUR (WP),88beb013-6a67-4936-9afd-b84a072cb60f
314914,f67cde3e-2754-4ae7-8d0b-7405e9bb0bdf,e795beb3-2cda-4ac4-b79d-7953221f1fb6,166,JHT,F,013,JHT-F-013,Depan Pintu masuk Pusat Islam Jalan Perdana,Depan Pintu masuk Pusat Islam JalanPerdana,1,Hadapan,KUALA LUMPUR,3.140458,101.691873,7,55c38deb-aae3-44c5-bfac-0bb919effec4,Wilayah Persekutuan Kuala Lumpur,137,WP Kuala Lumpur,2,Swasta,2,Tidak Berfungsi,0,,1,Pillar Hydrant,120,Bukit Bintang,0000-00-00,0,KUALA LUMPUR_JLN HANG TUAH_ZON F_WANI_20052015,1,KUALA LUMPUR (WP),88beb013-6a67-4936-9afd-b84a072cb60f
314915,315ce62b-517a-4d12-8145-13688210b277,e795beb3-2cda-4ac4-b79d-7953221f1fb6,166,JHT,F,014,JHT-F-014,SEBELAH KIRI KAFETERIA PUSAT ISLAM,SEBELAH KIRI KAFETERIA PUSAT ISLAM,1,Hadapan,KUALA LUMPUR,3.140054,101.692047,7,55c38deb-aae3-44c5-bfac-0bb919effec4,Wilayah Persekutuan Kuala Lumpur,137,WP Kuala Lumpur,2,Swasta,2,Tidak Berfungsi,0,,1,Pillar Hydrant,120,Bukit Bintang,0000-00-00,0,KUALA LUMPUR_JLN HANG TUAH_ZON F_WANI_20052015,1,KUALA LUMPUR (WP),88beb013-6a67-4936-9afd-b84a072cb60f
314916,96efbf3d-d86c-40d8-83a4-7870f749b38d,e795beb3-2cda-4ac4-b79d-7953221f1fb6,166,JHT,F,015,JHT-F-015,Unit Edaran Terbitan Jakim Pusat Islam Jalan Perdana,Unit Edaran Terbitan JakimPusat Islam Jalan Perdana ,1,Hadapan,KUALA LUMPUR,3.139234,101.691543,7,55c38deb-aae3-44c5-bfac-0bb919effec4,Wilayah Persekutuan Kuala Lumpur,137,WP Kuala Lumpur,2,Swasta,2,Tidak Berfungsi,0,,1,Pillar Hydrant,120,Bukit Bintang,0000-00-00,0,KUALA LUMPUR_JLN HANG TUAH_ZON F_WANI_20052015,1,KUALA LUMPUR (WP),88beb013-6a67-4936-9afd-b84a072cb60f
314917,8152315a-15d2-43d8-87b3-a82b9e81d81b,e795beb3-2cda-4ac4-b79d-7953221f1fb6,166,JHT,F,016,JHT-F-016,Jalan Keluar Pusat Islam Jalan Perdana,Jalan Keluar Pusat Islam Jalan Perdana,4,Tepi,KUALA LUMPUR,3.140054,101.690818,7,55c38deb-aae3-44c5-bfac-0bb919effec4,Wilayah Persekutuan Kuala Lumpur,137,WP Kuala Lumpur,2,Swasta,2,Tidak Berfungsi,0,,1,Pillar Hydrant,120,Bukit Bintang,0000-00-00,0,KUALA LUMPUR_JLN HANG TUAH_ZON F_WANI_20052015,1,KUALA LUMPUR (WP),88beb013-6a67-4936-9afd-b84a072cb60f
314918,53eb4d3d-4d01-4544-ba74-fea72b854413,e795beb3-2cda-4ac4-b79d-7953221f1fb6,166,JHT,F,017,JHT-F-017,Seberang Jalan Depan Mahkamah Syariah,Seberang Jalan Depan Mahkamah Syariah,4,Tepi,KUALA LUMPUR,3.138582,101.692125,7,55c38deb-aae3-44c5-bfac-0bb919effec4,Wilayah Persekutuan Kuala Lumpur,137,WP Kuala Lumpur,1,Awam,1,Berfungsi,252.96,,1,Pillar Hydrant,120,Bukit Bintang,0000-00-00,0,KUALA LUMPUR_JLN HANG TUAH_ZON F_WANI_20052015,1,KUALA LUMPUR (WP),88beb013-6a67-4936-9afd-b84a072cb60f
314919,08a75e01-2386-4333-b92e-a1e95caabb12,e795beb3-2cda-4ac4-b79d-7953221f1fb6,166,JHT,F,018,JHT-F-018,Depan Pejabat KTM Jalan Hisamudin,Depan Pejabat KTM Jalan Hisamudin,1,Hadapan,KUALA LUMPUR,3.14066,101.693095,7,55c38deb-aae3-44c5-bfac-0bb919effec4,Wilayah Persekutuan Kuala Lumpur,137,WP Kuala Lumpur,1,Awam,1,Berfungsi,252.96,,1,Pillar Hydrant,120,Bukit Bintang,0000-00-00,0,KUALA LUMPUR_JLN HANG TUAH_ZON F_WANI_20052015,1,KUALA LUMPUR (WP),88beb013-6a67-4936-9afd-b84a072cb60f
314920,b7f24256-fae5-4285-8b52-9ec84e454e46,e795beb3-2cda-4ac4-b79d-7953221f1fb6,166,JHT,F,019,JHT-F-019,Depan Pejabat KTM Sebelah Kiri Tepi Pagar,Depan Pejabat KTM Sebelah KiriTepi Pagar,1,Hadapan,KUALA LUMPUR,3.140339,101.69309,7,55c38deb-aae3-44c5-bfac-0bb919effec4,Wilayah Persekutuan Kuala Lumpur,137,WP Kuala Lumpur,1,Awam,1,Berfungsi,252.96,,1,Pillar Hydrant,120,Bukit Bintang,0000-00-00,0,KUALA LUMPUR_JLN HANG TUAH_ZON F_WANI_20052015,1,KUALA LUMPUR (WP),88beb013-6a67-4936-9afd-b84a072cb60f
314921,9f0b5f41-26ac-4417-8e3f-85263973bf91,e795beb3-2cda-4ac4-b79d-7953221f1fb6,166,JHT,F,020,JHT-F-020,Tepi Jalan Ke Jalan Cenderawasih,Tepi Jalan Ke Jalan Cenderawasih,4,Tepi,KUALA LUMPUR,3.144783,101.69128,7,55c38deb-aae3-44c5-bfac-0bb919effec4,Wilayah Persekutuan Kuala Lumpur,137,WP Kuala Lumpur,1,Awam,1,Berfungsi,252.96,,1,Pillar Hydrant,120,Bukit Bintang,0000-00-00,0,KUALA LUMPUR_JLN HANG TUAH_ZON F_WANI_20052015,1,KUALA LUMPUR (WP),88beb013-6a67-4936-9afd-b84a072cb60f
314922,13a2c2a6-5f9b-4628-bc54-ec46bcf0a8d2,e795beb3-2cda-4ac4-b79d-7953221f1fb6,166,JHT,F,021,JHT-F-021,Persimpangan Jalan Perdana,Persimpangan Jalan Perdana,3,Berhampiran,KUALA LUMPUR,3.147857,101.690872,7,55c38deb-aae3-44c5-bfac-0bb919effec4,Wilayah Persekutuan Kuala Lumpur,137,WP Kuala Lumpur,1,Awam,1,Berfungsi,252.96,,2,Ground Hydrant,120,Bukit Bintang,0000-00-00,0,KUALA LUMPUR_JLN HANG TUAH_ZON F_WANI_20052015,1,KUALA LUMPUR (WP),88beb013-6a67-4936-9afd-b84a072cb60f
314923,4ae9e943-2e00-4d64-bd99-6198c40023cf,e795beb3-2cda-4ac4-b79d-7953221f1fb6,166,JHT,F,022,JHT-F-022,Depan Memorial Tun Abdul Razak Jalan Perdana,Depan Memorial Tun Abdul Razak Jalan Perdana,1,Hadapan,KUALA LUMPUR,3.141947,101.687353,7,55c38deb-aae3-44c5-bfac-0bb919effec4,Wilayah Persekutuan Kuala Lumpur,137,WP Kuala Lumpur,2,Swasta,2,Tidak Berfungsi,0,,2,Ground Hydrant,120,Bukit Bintang,0000-00-00,0,KUALA LUMPUR_JLN HANG TUAH_ZON F_WANI_20052015,1,KUALA LUMPUR (WP),88beb013-6a67-4936-9afd-b84a072cb60f
314924,e910798c-272d-4ea0-9867-5a3e319b1509,e795beb3-2cda-4ac4-b79d-7953221f1fb6,166,JHT,F,023,JHT-F-023,Dekat Pejabat Memorial Tun Abdul Razak Jalan Perdana,Dekat Pejabat Memorial Tun Abdul Razak Jalan Perdana,3,Berhampiran,KUALA LUMPUR,3.141689,101.687374,7,55c38deb-aae3-44c5-bfac-0bb919effec4,Wilayah Persekutuan Kuala Lumpur,137,WP Kuala Lumpur,1,Awam,1,Berfungsi,252.96,,1,Pillar Hydrant,120,Bukit Bintang,0000-00-00,0,KUALA LUMPUR_JLN HANG TUAH_ZON F_WANI_20052015,1,KUALA LUMPUR (WP),88beb013-6a67-4936-9afd-b84a072cb60f
314925,b9d06cfe-c044-45be-b27b-e5f01281ff95,e795beb3-2cda-4ac4-b79d-7953221f1fb6,166,JHT,F,024,JHT-F-024,Berdekatan Taman Burung Jalan Chendewasih,Berdekatan Taman Burung Jalan Chendewasih,3,Berhampiran,KUALA LUMPUR,3.142994,101.687455,7,55c38deb-aae3-44c5-bfac-0bb919effec4,Wilayah Persekutuan Kuala Lumpur,137,WP Kuala Lumpur,1,Awam,1,Berfungsi,252.96,,2,Ground Hydrant,120,Bukit Bintang,0000-00-00,0,KUALA LUMPUR_JLN HANG TUAH_ZON F_WANI_20052015,1,KUALA LUMPUR (WP),88beb013-6a67-4936-9afd-b84a072cb60f
314926,c83515ba-e2d4-43a2-8e1b-466bb27c91b8,e795beb3-2cda-4ac4-b79d-7953221f1fb6,166,JHT,F,025,JHT-F-025,Depan Kelab Diraja Tasik Perdana,Depan Kelab Diraja Tasik Perdana,1,Hadapan,KUALA LUMPUR,3.14669,101.683722,7,55c38deb-aae3-44c5-bfac-0bb919effec4,Wilayah Persekutuan Kuala Lumpur,137,WP Kuala Lumpur,2,Swasta,1,Berfungsi,357.74,,1,Pillar Hydrant,120,Bukit Bintang,0000-00-00,0,KUALA LUMPUR_JLN HANG TUAH_ZON F_WANI_20052015,1,KUALA LUMPUR (WP),88beb013-6a67-4936-9afd-b84a072cb60f
314927,a3546f53-35fd-4930-ac09-6917adc5167d,e795beb3-2cda-4ac4-b79d-7953221f1fb6,166,JHT,F,026,JHT-F-026,Depan Rumah Kakitangan Kelab DirajaTamanTasik Perdana,Depan Rumah Kakitangan KelabDirajaTamanTasikPerdana,1,Hadapan,KUALA LUMPUR,3.147635,101.683336,7,55c38deb-aae3-44c5-bfac-0bb919effec4,Wilayah Persekutuan Kuala Lumpur,137,WP Kuala Lumpur,1,Awam,1,Berfungsi,778.915,,1,Pillar Hydrant,120,Bukit Bintang,0000-00-00,0,KUALA LUMPUR_JLN HANG TUAH_ZON F_WANI_20052015,1,KUALA LUMPUR (WP),88beb013-6a67-4936-9afd-b84a072cb60f
314928,c2b9a63f-ac50-499d-975b-14c35ad47bb6,e795beb3-2cda-4ac4-b79d-7953221f1fb6,166,JHT,F,027,JHT-F-027,Dekat Tasik Perdana Jalan Kebun Bunga,Dekat Tasik Perdana Jalan Kebun Bunga,3,Berhampiran,KUALA LUMPUR,3.147159,101.681305,7,55c38deb-aae3-44c5-bfac-0bb919effec4,Wilayah Persekutuan Kuala Lumpur,137,WP Kuala Lumpur,1,Awam,4,Hilang,,,2,Ground Hydrant,120,Bukit Bintang,0000-00-00,0,KUALA LUMPUR_JLN HANG TUAH_ZON F_WANI_20052015,1,KUALA LUMPUR (WP),88beb013-6a67-4936-9afd-b84a072cb60f
314929,68e965f8-ac11-4ec4-a100-885ed0fa56e7,e795beb3-2cda-4ac4-b79d-7953221f1fb6,166,JHT,F,028,JHT-F-028,Depan Bulatan Taman Permainan Jalan Kebun Bunga,Depan Bulatan Taman Permainan Jalan Kebun Bunga,1,Hadapan,KUALA LUMPUR,3.147159,101.681305,7,55c38deb-aae3-44c5-bfac-0bb919effec4,Wilayah Persekutuan Kuala Lumpur,137,WP Kuala Lumpur,1,Awam,2,Tidak Berfungsi,0,,1,Pillar Hydrant,120,Bukit Bintang,0000-00-00,0,KUALA LUMPUR_JLN HANG TUAH_ZON F_WANI_20052015,1,KUALA LUMPUR (WP),88beb013-6a67-4936-9afd-b84a072cb60f
314930,f4297451-6d4c-4c17-a786-b4dd0ad56302,e795beb3-2cda-4ac4-b79d-7953221f1fb6,166,JHT,F,029,JHT-F-029,Pustaka Perkhidmatan Awam Jalan Chenderwasih,Pustaka Perkhidmatan Awam Jalan Chenderwasih,1,Hadapan,KUALA LUMPUR,3.147143,101.686897,7,55c38deb-aae3-44c5-bfac-0bb919effec4,Wilayah Persekutuan Kuala Lumpur,137,WP Kuala Lumpur,1,Awam,1,Berfungsi,778.915,,1,Pillar Hydrant,120,Bukit Bintang,0000-00-00,0,KUALA LUMPUR_JLN HANG TUAH_ZON F_WANI_20052015,1,KUALA LUMPUR (WP),88beb013-6a67-4936-9afd-b84a072cb60f
314931,c8645173-6507-481a-a50e-078ae2ca9d81,e795beb3-2cda-4ac4-b79d-7953221f1fb6,166,JHT,F,030,JHT-F-030,Persimpangan Jalan Tanglin,Persimpangan Jalan Tanglin,3,Berhampiran,KUALA LUMPUR,3.148099,101.686243,7,55c38deb-aae3-44c5-bfac-0bb919effec4,Wilayah Persekutuan Kuala Lumpur,137,WP Kuala Lumpur,1,Awam,2,Tidak Berfungsi,0,,2,Ground Hydrant,120,Bukit Bintang,0000-00-00,0,KUALA LUMPUR_JLN HANG TUAH_ZON F_WANI_20052015,1,KUALA LUMPUR (WP),88beb013-6a67-4936-9afd-b84a072cb60f
314932,f25e4df4-aa13-4aae-bbbe-78a3342bf52e,e795beb3-2cda-4ac4-b79d-7953221f1fb6,166,JHT,F,031,JHT-F-031,Belakang Bangunan Bhg Latihan PDRM  Jalan Bukit Aman,Belakang Bangunan Bhg Latihan PDRM  Jalan Bukit Aman,2,Belakang,KUALA LUMPUR,3.140679,101.69148,7,55c38deb-aae3-44c5-bfac-0bb919effec4,Wilayah Persekutuan Kuala Lumpur,137,WP Kuala Lumpur,1,Awam,2,Tidak Berfungsi,0,,2,Ground Hydrant,120,Bukit Bintang,0000-00-00,0,KUALA LUMPUR_JLN HANG TUAH_ZON F_WANI_20052015,1,KUALA LUMPUR (WP),88beb013-6a67-4936-9afd-b84a072cb60f
314933,e711b293-3842-47df-ab8d-d1343ae01901,e795beb3-2cda-4ac4-b79d-7953221f1fb6,166,JHT,F,032,JHT-F-032,Depan Bangunan Bhg Latihan PDRM  Jalan Bukit Aman,Depan Bangunan Bhg Latihan PDRM  Jalan Bukit Aman,1,Hadapan,KUALA LUMPUR,3.14873,101.691025,7,55c38deb-aae3-44c5-bfac-0bb919effec4,Wilayah Persekutuan Kuala Lumpur,137,WP Kuala Lumpur,2,Swasta,2,Tidak Berfungsi,0,,2,Ground Hydrant,120,Bukit Bintang,0000-00-00,0,KUALA LUMPUR_JLN HANG TUAH_ZON F_WANI_20052015,1,KUALA LUMPUR (WP),88beb013-6a67-4936-9afd-b84a072cb60f
314934,21ca3df2-7d70-44e9-9978-029cc2bbdd8b,e795beb3-2cda-4ac4-b79d-7953221f1fb6,166,JHT,F,033,JHT-F-033,Depan Pondok Pengawal KeKawasan Parking Kereta,Depan Pondok Pengawal KeKawasan Parking Kereta,1,Hadapan,KUALA LUMPUR,3.147166,101.691905,7,55c38deb-aae3-44c5-bfac-0bb919effec4,Wilayah Persekutuan Kuala Lumpur,137,WP Kuala Lumpur,2,Swasta,1,Berfungsi,252.96,,1,Pillar Hydrant,120,Bukit Bintang,0000-00-00,0,KUALA LUMPUR_JLN HANG TUAH_ZON F_WANI_20052015,1,KUALA LUMPUR (WP),88beb013-6a67-4936-9afd-b84a072cb60f
314935,3b70eb2a-9b72-4026-8a4e-10ddfd870525,e795beb3-2cda-4ac4-b79d-7953221f1fb6,166,JHT,F,034,JHT-F-034,Kanan Belakang Podium Block Dekat Parking Kereta,Kanan Belakang Podium Block Dekat Parking Kereta,2,Belakang,KUALA LUMPUR,3.147305,101.691443,7,55c38deb-aae3-44c5-bfac-0bb919effec4,Wilayah Persekutuan Kuala Lumpur,137,WP Kuala Lumpur,2,Swasta,2,Tidak Berfungsi,0,,1,Pillar Hydrant,120,Bukit Bintang,0000-00-00,0,KUALA LUMPUR_JLN HANG TUAH_ZON F_WANI_20052015,1,KUALA LUMPUR (WP),88beb013-6a67-4936-9afd-b84a072cb60f
314936,53f76f14-2aac-4892-957c-d326a96bc058,e795beb3-2cda-4ac4-b79d-7953221f1fb6,166,JHT,F,035,JHT-F-035,Belakang Podium Block Dekat Parking Kereta,Belakang Podium Block Dekat Parking Kereta,2,Belakang,KUALA LUMPUR,3.147755,101.691433,7,55c38deb-aae3-44c5-bfac-0bb919effec4,Wilayah Persekutuan Kuala Lumpur,137,WP Kuala Lumpur,2,Swasta,1,Berfungsi,357.74,,1,Pillar Hydrant,120,Bukit Bintang,0000-00-00,0,KUALA LUMPUR_JLN HANG TUAH_ZON F_WANI_20052015,1,KUALA LUMPUR (WP),88beb013-6a67-4936-9afd-b84a072cb60f
314937,c9bcf091-1983-4bcd-937e-6b3f1f88f888,e795beb3-2cda-4ac4-b79d-7953221f1fb6,166,JHT,F,036,JHT-F-036,Sebelah Kiri Depan Podium Block Bukit Aman,Sebelah Kiri Depan Podium Block Bukit Aman,4,Tepi,KUALA LUMPUR,3.147541,101.691905,7,55c38deb-aae3-44c5-bfac-0bb919effec4,Wilayah Persekutuan Kuala Lumpur,137,WP Kuala Lumpur,2,Swasta,1,Berfungsi,357.74,,1,Pillar Hydrant,120,Bukit Bintang,0000-00-00,0,KUALA LUMPUR_JLN HANG TUAH_ZON F_WANI_20052015,1,KUALA LUMPUR (WP),88beb013-6a67-4936-9afd-b84a072cb60f
314938,1daaf5f6-198c-4641-9a3d-ae88caa1aae4,e795beb3-2cda-4ac4-b79d-7953221f1fb6,166,JHT,F,037,JHT-F-037,Tepi Pintu Masuk Podium Berhampiran Jejantas,Tepi Pintu Masuk Podium Berhampiran Jejantas,4,Tepi,KUALA LUMPUR,3.148151,101.691819,7,55c38deb-aae3-44c5-bfac-0bb919effec4,Wilayah Persekutuan Kuala Lumpur,137,WP Kuala Lumpur,2,Swasta,1,Berfungsi,357.74,,1,Pillar Hydrant,120,Bukit Bintang,0000-00-00,0,KUALA LUMPUR_JLN HANG TUAH_ZON F_WANI_20052015,1,KUALA LUMPUR (WP),88beb013-6a67-4936-9afd-b84a072cb60f
314939,d34af1e4-e83a-4703-af7e-275ed74c72fc,e795beb3-2cda-4ac4-b79d-7953221f1fb6,166,JHT,F,038,JHT-F-038,Sebelah Bilik Injin (Plan Room) Bukit Aman,Sebelah Bilik Injin (Plan Room) Bukit Aman,3,Berhampiran,KUALA LUMPUR,3.148226,101.691089,7,55c38deb-aae3-44c5-bfac-0bb919effec4,Wilayah Persekutuan Kuala Lumpur,137,WP Kuala Lumpur,2,Swasta,1,Berfungsi,158.995,,1,Pillar Hydrant,120,Bukit Bintang,0000-00-00,0,KUALA LUMPUR_JLN HANG TUAH_ZON F_WANI_20052015,1,KUALA LUMPUR (WP),88beb013-6a67-4936-9afd-b84a072cb60f
314940,e5f2c2b0-3444-40f1-adb9-13f9eba06df1,e795beb3-2cda-4ac4-b79d-7953221f1fb6,166,JHT,F,039,JHT-F-039,Sebelah Kanan Tepi Bangunan Empat Tingkat,Sebelah Kanan Tepi Bangunan Empat Tingkat,4,Tepi,KUALA LUMPUR,3.147776,101.690059,7,55c38deb-aae3-44c5-bfac-0bb919effec4,Wilayah Persekutuan Kuala Lumpur,137,WP Kuala Lumpur,2,Swasta,1,Berfungsi,158.995,,1,Pillar Hydrant,120,Bukit Bintang,0000-00-00,0,KUALA LUMPUR_JLN HANG TUAH_ZON F_WANI_20052015,1,KUALA LUMPUR (WP),88beb013-6a67-4936-9afd-b84a072cb60f
314941,78a4f0ad-9b30-4cc3-a3be-746fbd2f5c50,e795beb3-2cda-4ac4-b79d-7953221f1fb6,166,JHT,F,040,JHT-F-040,Depan Bangunan Block 1 (Logistik) Bukit Aman,Depan Bangunan Block 1 (Logistik) Bukit Aman,1,Hadapan,KUALA LUMPUR,3.147862,101.689716,7,55c38deb-aae3-44c5-bfac-0bb919effec4,Wilayah Persekutuan Kuala Lumpur,137,WP Kuala Lumpur,2,Swasta,1,Berfungsi,158.995,,1,Pillar Hydrant,120,Bukit Bintang,0000-00-00,0,KUALA LUMPUR_JLN HANG TUAH_ZON F_WANI_20052015,1,KUALA LUMPUR (WP),88beb013-6a67-4936-9afd-b84a072cb60f
314942,b9f6f8c5-924c-4834-9dc1-a4d51bfc55bf,e795beb3-2cda-4ac4-b79d-7953221f1fb6,166,JHT,F,041,JHT-F-041,Depan Block JKR 4313 Bukit Aman,Depan Block JKR 4313 Bukit Aman,1,Hadapan,KUALA LUMPUR,3.148012,101.689255,7,55c38deb-aae3-44c5-bfac-0bb919effec4,Wilayah Persekutuan Kuala Lumpur,137,WP Kuala Lumpur,2,Swasta,1,Berfungsi,158.995,,1,Pillar Hydrant,120,Bukit Bintang,0000-00-00,0,KUALA LUMPUR_JLN HANG TUAH_ZON F_WANI_20052015,1,KUALA LUMPUR (WP),88beb013-6a67-4936-9afd-b84a072cb60f
314943,f909eab1-6a8f-4383-8055-bd8f7b8294e8,e795beb3-2cda-4ac4-b79d-7953221f1fb6,166,JHT,F,042,JHT-F-042,Depan Sekolah Tadika Bukit Aman,Depan Sekolah Tadika Bukit Aman,1,Hadapan,KUALA LUMPUR,3.14829,101.688868,7,55c38deb-aae3-44c5-bfac-0bb919effec4,Wilayah Persekutuan Kuala Lumpur,137,WP Kuala Lumpur,2,Swasta,1,Berfungsi,252.96,,1,Pillar Hydrant,120,Bukit Bintang,0000-00-00,0,KUALA LUMPUR_JLN HANG TUAH_ZON F_WANI_20052015,1,KUALA LUMPUR (WP),88beb013-6a67-4936-9afd-b84a072cb60f
314944,9b517d6c-34a1-41a9-98ce-eaefc7405cc4,e795beb3-2cda-4ac4-b79d-7953221f1fb6,166,JHT,F,043,JHT-F-043,Sebelah Kiri Bangunan Block 4313 Bukit Aman,Sebelah Kiri Bangunan Block 4313 Bukit Aman,4,Tepi,KUALA LUMPUR,3.148098,101.688901,7,55c38deb-aae3-44c5-bfac-0bb919effec4,Wilayah Persekutuan Kuala Lumpur,137,WP Kuala Lumpur,2,Swasta,2,Tidak Berfungsi,0,,1,Pillar Hydrant,120,Bukit Bintang,0000-00-00,0,KUALA LUMPUR_JLN HANG TUAH_ZON F_WANI_20052015,1,KUALA LUMPUR (WP),88beb013-6a67-4936-9afd-b84a072cb60f
314945,08400bc4-3d3c-43a5-9cc8-ed42b9aee31d,e795beb3-2cda-4ac4-b79d-7953221f1fb6,166,JHT,F,044,JHT-F-044,Sebelah Kanan Belakang Bangunan Block 4313 ,Sebelah Kanan Belakang Bangunan Block 4313 ,4,Tepi,KUALA LUMPUR,3.147926,101.689201,7,55c38deb-aae3-44c5-bfac-0bb919effec4,Wilayah Persekutuan Kuala Lumpur,137,WP Kuala Lumpur,2,Swasta,1,Berfungsi,252.96,,1,Pillar Hydrant,120,Bukit Bintang,0000-00-00,0,KUALA LUMPUR_JLN HANG TUAH_ZON F_WANI_20052015,1,KUALA LUMPUR (WP),88beb013-6a67-4936-9afd-b84a072cb60f
314946,8c5ef2f2-41de-4892-bc25-1f510007d350,e795beb3-2cda-4ac4-b79d-7953221f1fb6,166,JHT,F,045,JHT-F-045,Depan Bangunan Block 4444 Bukit Aman,Depan Bangunan Block 4444 Bukit Aman,1,Hadapan,KUALA LUMPUR,3.147583,101.68978,7,55c38deb-aae3-44c5-bfac-0bb919effec4,Wilayah Persekutuan Kuala Lumpur,137,WP Kuala Lumpur,2,Swasta,1,Berfungsi,252.96,,1,Pillar Hydrant,120,Bukit Bintang,0000-00-00,0,KUALA LUMPUR_JLN HANG TUAH_ZON F_WANI_20052015,1,KUALA LUMPUR (WP),88beb013-6a67-4936-9afd-b84a072cb60f
314947,1dc2031d-04c0-4e39-9e62-6b80031ee5ee,e795beb3-2cda-4ac4-b79d-7953221f1fb6,166,JHT,F,046,JHT-F-046,Simpang KeBangunan Mess Pegawai Bukit Aman,Simpang KeBangunan Mess Pegawai Bukit Aman,3,Berhampiran,KUALA LUMPUR,3.148451,101.688589,7,55c38deb-aae3-44c5-bfac-0bb919effec4,Wilayah Persekutuan Kuala Lumpur,137,WP Kuala Lumpur,1,Awam,1,Berfungsi,357.74,,1,Pillar Hydrant,120,Bukit Bintang,0000-00-00,0,KUALA LUMPUR_JLN HANG TUAH_ZON F_WANI_20052015,1,KUALA LUMPUR (WP),88beb013-6a67-4936-9afd-b84a072cb60f
314948,a310f7da-06a2-414e-96b8-08b281dbcc34,e795beb3-2cda-4ac4-b79d-7953221f1fb6,166,JHT,F,047,JHT-F-047,Depan Lobby Mess Pegawai Bukit Aman,Depan Lobby Mess Pegawai Bukit Aman,1,Hadapan,KUALA LUMPUR,3.14889,101.689759,7,55c38deb-aae3-44c5-bfac-0bb919effec4,Wilayah Persekutuan Kuala Lumpur,137,WP Kuala Lumpur,2,Swasta,1,Berfungsi,252.96,,2,Ground Hydrant,120,Bukit Bintang,0000-00-00,0,KUALA LUMPUR_JLN HANG TUAH_ZON F_WANI_20052015,1,KUALA LUMPUR (WP),88beb013-6a67-4936-9afd-b84a072cb60f
314949,6f72e440-0190-46f6-b2c9-ec4ba36a6074,e795beb3-2cda-4ac4-b79d-7953221f1fb6,166,JHT,F,048,JHT-F-048,Sebelah Kanan Depan Block Mawar Bukit Aman,Sebelah Kanan Depan Block Mawar Bukit Aman,4,Tepi,KUALA LUMPUR,3.149148,101.689834,7,55c38deb-aae3-44c5-bfac-0bb919effec4,Wilayah Persekutuan Kuala Lumpur,137,WP Kuala Lumpur,2,Swasta,1,Berfungsi,252.96,,1,Pillar Hydrant,120,Bukit Bintang,0000-00-00,0,KUALA LUMPUR_JLN HANG TUAH_ZON F_WANI_20052015,1,KUALA LUMPUR (WP),88beb013-6a67-4936-9afd-b84a072cb60f
314950,38aca5d6-876f-4e8b-b322-d31ba8f92208,e795beb3-2cda-4ac4-b79d-7953221f1fb6,166,JHT,F,049,JHT-F-049,Sebelah Kanan Depan Mess Tepi Tangki Air Bukit Aman,Sebelah Kanan Depan Mess Tepi Tangki Air Bukit Aman,4,Tepi,KUALA LUMPUR,3.149583,101.690008,7,55c38deb-aae3-44c5-bfac-0bb919effec4,Wilayah Persekutuan Kuala Lumpur,137,WP Kuala Lumpur,2,Swasta,1,Berfungsi,252.96,,1,Pillar Hydrant,120,Bukit Bintang,0000-00-00,0,KUALA LUMPUR_JLN HANG TUAH_ZON F_WANI_20052015,1,KUALA LUMPUR (WP),88beb013-6a67-4936-9afd-b84a072cb60f
314951,4181e27d-ddf1-45c7-a160-9d74a391c5ae,e795beb3-2cda-4ac4-b79d-7953221f1fb6,166,JHT,F,050,JHT-F-050,JALAN BUKIT AMAN,TepiBangunan Block 12 Logistik Bukit Aman,4,Tepi,KUALA LUMPUR,3.149626,101.690067,7,55c38deb-aae3-44c5-bfac-0bb919effec4,Wilayah Persekutuan Kuala Lumpur,137,WP Kuala Lumpur,2,Swasta,1,Berfungsi,194.729,,1,Pillar Hydrant,121,Lembah Pantai,0000-00-00,0,KUALA LUMPUR_JLN HANG TUAH_ZON F_WANI_20052015,1,KUALA LUMPUR (WP),88beb013-6a67-4936-9afd-b84a072cb60f
314952,#NUM!,e795beb3-2cda-4ac4-b79d-7953221f1fb6,166,JHT,F,051,JHT-F-051,JALAN BUKIT AMAN,BelakangBangunan Mess Pegawai Bukit Aman,2,Belakang,KUALA LUMPUR,3.149899,101.690014,7,55c38deb-aae3-44c5-bfac-0bb919effec4,Wilayah Persekutuan Kuala Lumpur,137,WP Kuala Lumpur,2,Swasta,1,Berfungsi,158.995,,1,Pillar Hydrant,120,Bukit Bintang,0000-00-00,0,KUALA LUMPUR_JLN HANG TUAH_ZON F_WANI_20052015,1,KUALA LUMPUR (WP),88beb013-6a67-4936-9afd-b84a072cb60f
314953,6c946b5d-589a-461d-b874-34b8b9b132bb,e795beb3-2cda-4ac4-b79d-7953221f1fb6,166,JHT,F,052,JHT-F-052,Tepi Jalan Keluar Mess Pegawai Bukit Aman JALAN BUKIT AMAN,TepiJalanKeluar Mess Pegawai Bukit Aman,4,Tepi,KUALA LUMPUR,3.149958,101.689472,7,55c38deb-aae3-44c5-bfac-0bb919effec4,Wilayah Persekutuan Kuala Lumpur,137,WP Kuala Lumpur,2,Swasta,1,Berfungsi,194.729,,1,Pillar Hydrant,120,Bukit Bintang,0000-00-00,0,KUALA LUMPUR_JLN HANG TUAH_ZON F_WANI_20052015,1,KUALA LUMPUR (WP),88beb013-6a67-4936-9afd-b84a072cb60f
314954,c144dba6-0075-4f28-9c74-7f3ecc2d10a2,e795beb3-2cda-4ac4-b79d-7953221f1fb6,166,JHT,F,053,JHT-F-053,Depan Pejabat Persatuan Bekas Polis Bukit Aman JALAN BUKIT AMAN,DepanPejabatPersatuanBekas Polis Bukit Aman,1,Hadapan,KUALA LUMPUR,3.14934,101.689394,7,55c38deb-aae3-44c5-bfac-0bb919effec4,Wilayah Persekutuan Kuala Lumpur,137,WP Kuala Lumpur,2,Swasta,1,Berfungsi,158.995,,1,Pillar Hydrant,120,Bukit Bintang,0000-00-00,0,KUALA LUMPUR_JLN HANG TUAH_ZON F_WANI_20052015,1,KUALA LUMPUR (WP),88beb013-6a67-4936-9afd-b84a072cb60f
314955,03701c99-04af-46f5-ab64-017228c7deb2,e795beb3-2cda-4ac4-b79d-7953221f1fb6,166,JHT,F,054,JHT-F-054,Depan Workshop Komunikasi Block 21 JALAN BUKIT AMAN,Depan Workshop Komunikasi Block 21,1,Hadapan,KUALA LUMPUR,3.149458,101.68889,7,55c38deb-aae3-44c5-bfac-0bb919effec4,Wilayah Persekutuan Kuala Lumpur,137,WP Kuala Lumpur,2,Swasta,1,Berfungsi,357.74,,1,Pillar Hydrant,120,Bukit Bintang,0000-00-00,0,KUALA LUMPUR_JLN HANG TUAH_ZON F_WANI_20052015,1,KUALA LUMPUR (WP),88beb013-6a67-4936-9afd-b84a072cb60f
314956,bc057a30-ede5-4743-822b-b59f3a1622dd,e795beb3-2cda-4ac4-b79d-7953221f1fb6,166,JHT,F,055,JHT-F-055,Tepi Pagar Jalan Masuk Ke Block 26 Bukit Aman JALAN BUKIT AMAN,TepiPagarJalanMasukKe Block 26 Bukit Aman,4,Tepi,KUALA LUMPUR,3.148912,101.689169,7,55c38deb-aae3-44c5-bfac-0bb919effec4,Wilayah Persekutuan Kuala Lumpur,137,WP Kuala Lumpur,2,Swasta,1,Berfungsi,357.74,,1,Pillar Hydrant,120,Bukit Bintang,0000-00-00,0,KUALA LUMPUR_JLN HANG TUAH_ZON F_WANI_20052015,1,KUALA LUMPUR (WP),88beb013-6a67-4936-9afd-b84a072cb60f
314957,b4de7b95-ba04-473a-b507-8088d37671d2,e795beb3-2cda-4ac4-b79d-7953221f1fb6,166,JHT,F,056,JHT-F-056,Depan Pintu Masuk Block 26 Bukit Aman,Depan Pintu Masuk Block 26 Bukit Aman,1,Hadapan,KUALA LUMPUR,3.148601,101.688954,7,55c38deb-aae3-44c5-bfac-0bb919effec4,Wilayah Persekutuan Kuala Lumpur,137,WP Kuala Lumpur,2,Swasta,2,Tidak Berfungsi,0,,1,Pillar Hydrant,120,Bukit Bintang,0000-00-00,0,KUALA LUMPUR_JLN HANG TUAH_ZON F_WANI_20052015,1,KUALA LUMPUR (WP),88beb013-6a67-4936-9afd-b84a072cb60f
314958,762ee521-976c-4003-a66a-ac90b63cbe18,e795beb3-2cda-4ac4-b79d-7953221f1fb6,166,JHT,F,057,JHT-F-057,Tepi Bangunan Dewan Perkep Bukit Aman,Tepi Bangunan Dewan Perkep Bukit Aman,4,Tepi,KUALA LUMPUR,3.149244,101.688514,7,55c38deb-aae3-44c5-bfac-0bb919effec4,Wilayah Persekutuan Kuala Lumpur,137,WP Kuala Lumpur,2,Swasta,1,Berfungsi,357.74,,1,Pillar Hydrant,120,Bukit Bintang,0000-00-00,0,KUALA LUMPUR_JLN HANG TUAH_ZON F_WANI_20052015,1,KUALA LUMPUR (WP),88beb013-6a67-4936-9afd-b84a072cb60f
314959,e9f00804-3245-46fb-9259-f65f3552a768,e795beb3-2cda-4ac4-b79d-7953221f1fb6,166,JHT,F,058,JHT-F-058,Parking Kereta Rumah Perkep Bukit Aman,Parking Kereta Rumah Perkep Bukit Aman,3,Berhampiran,KUALA LUMPUR,3.148023,101.689501,7,55c38deb-aae3-44c5-bfac-0bb919effec4,Wilayah Persekutuan Kuala Lumpur,137,WP Kuala Lumpur,1,Awam,1,Berfungsi,357.74,,1,Pillar Hydrant,119,Titiwangsa,0000-00-00,0,KUALA LUMPUR_JLN HANG TUAH_ZON F_WANI_20052015,1,KUALA LUMPUR (WP),88beb013-6a67-4936-9afd-b84a072cb60f
314960,f5d2397f-47cd-492f-8275-217238c44339,e795beb3-2cda-4ac4-b79d-7953221f1fb6,166,JHT,F,059,JHT-F-059,Tepi Jalan Ke Bukit Aman Jalan Tanglin,Tepi Jalan Ke Bukit Aman Jalan Tanglin,4,Tepi,KUALA LUMPUR,3.148066,101.686411,7,55c38deb-aae3-44c5-bfac-0bb919effec4,Wilayah Persekutuan Kuala Lumpur,137,WP Kuala Lumpur,1,Awam,1,Berfungsi,357.74,,2,Ground Hydrant,120,Bukit Bintang,0000-00-00,0,KUALA LUMPUR_JLN HANG TUAH_ZON F_WANI_20052015,1,KUALA LUMPUR (WP),88beb013-6a67-4936-9afd-b84a072cb60f
314961,4cc10cad-5ea3-4cad-a309-148cdf06caaa,e795beb3-2cda-4ac4-b79d-7953221f1fb6,166,JHT,F,060,JHT-F-060,Sebelah Kanan Belakang Masjid Bukit Aman,Sebelah Kanan Belakang Masjid Bukit Aman,4,Tepi,KUALA LUMPUR,3.147435,101.68827,7,55c38deb-aae3-44c5-bfac-0bb919effec4,Wilayah Persekutuan Kuala Lumpur,137,WP Kuala Lumpur,2,Swasta,2,Tidak Berfungsi,0,,1,Pillar Hydrant,120,Bukit Bintang,0000-00-00,0,KUALA LUMPUR_JLN HANG TUAH_ZON F_WANI_20052015,1,KUALA LUMPUR (WP),88beb013-6a67-4936-9afd-b84a072cb60f
314962,28f288b2-960b-4318-a40f-9b25aef1d374,e795beb3-2cda-4ac4-b79d-7953221f1fb6,166,JHT,F,061,JHT-F-061,Kiri Pintu Masuk Masjid Bukit Aman Jalan Tanglin,Kiri Pintu Masuk Masjid Bukit Aman Jalan Tanglin,4,Tepi,KUALA LUMPUR,3.147806,101.688884,7,55c38deb-aae3-44c5-bfac-0bb919effec4,Wilayah Persekutuan Kuala Lumpur,137,WP Kuala Lumpur,2,Swasta,1,Berfungsi,357.74,,1,Pillar Hydrant,120,Bukit Bintang,0000-00-00,0,KUALA LUMPUR_JLN HANG TUAH_ZON F_WANI_20052015,1,KUALA LUMPUR (WP),88beb013-6a67-4936-9afd-b84a072cb60f
314963,64309412-2251-4f68-96ee-0a51292d016d,e795beb3-2cda-4ac4-b79d-7953221f1fb6,166,JHT,F,062,JHT-F-062,Belakang Masjid Bukit Aman Jalan Tanglin,Belakang Masjid Bukit AmanJalanTanglin,2,Belakang,KUALA LUMPUR,3.147515,101.688249,7,55c38deb-aae3-44c5-bfac-0bb919effec4,Wilayah Persekutuan Kuala Lumpur,137,WP Kuala Lumpur,2,Swasta,2,Tidak Berfungsi,0,,1,Pillar Hydrant,120,Bukit Bintang,0000-00-00,0,KUALA LUMPUR_JLN HANG TUAH_ZON F_WANI_20052015,1,KUALA LUMPUR (WP),88beb013-6a67-4936-9afd-b84a072cb60f
314964,59710f4d-ba0c-4ecf-bdae-efd5369551b5,e795beb3-2cda-4ac4-b79d-7953221f1fb6,166,JHT,F,063,JHT-F-063,Depan Pejabat Dewan Bandaraya Jalan Tanglin,Depan Pejabat Dewan Bandaraya Jalan Tanglin,1,Hadapan,KUALA LUMPUR,3.147092,101.688556,7,55c38deb-aae3-44c5-bfac-0bb919effec4,Wilayah Persekutuan Kuala Lumpur,137,WP Kuala Lumpur,1,Awam,1,Berfungsi,778.915,,1,Pillar Hydrant,120,Bukit Bintang,0000-00-00,0,KUALA LUMPUR_JLN HANG TUAH_ZON F_WANI_20052015,1,KUALA LUMPUR (WP),88beb013-6a67-4936-9afd-b84a072cb60f
314965,7a532ef0-8c4c-4599-b7fc-b81df4f80db2,e795beb3-2cda-4ac4-b79d-7953221f1fb6,166,JHT,F,064,JHT-F-064,Tepi Kuarters Masjid Bukit Aman Jalan Tanglin JALAN TANGLIN,Tepi Kuarters Masjid Bukit AmanJalanTanglin,4,Tepi,KUALA LUMPUR,3.147301,101.688891,7,55c38deb-aae3-44c5-bfac-0bb919effec4,Wilayah Persekutuan Kuala Lumpur,137,WP Kuala Lumpur,2,Swasta,1,Berfungsi,2262.54,,1,Pillar Hydrant,120,Bukit Bintang,0000-00-00,0,KUALA LUMPUR_JLN HANG TUAH_ZON F_WANI_20052015,1,KUALA LUMPUR (WP),88beb013-6a67-4936-9afd-b84a072cb60f
314966,790a2c33-1698-4b66-ba3f-09106b7e33b4,e795beb3-2cda-4ac4-b79d-7953221f1fb6,166,JHT,F,065,JHT-F-065,Depan Bangunan Taman Rama-Rama Kuala Lumpur JALAN PERDANA,Depan Bangunan Taman Rama-Rama Kuala Lumpur,1,Hadapan,KUALA LUMPUR,3.145779,101.689083,7,55c38deb-aae3-44c5-bfac-0bb919effec4,Wilayah Persekutuan Kuala Lumpur,137,WP Kuala Lumpur,1,Awam,1,Berfungsi,158.995,,1,Pillar Hydrant,120,Bukit Bintang,0000-00-00,0,KUALA LUMPUR_JLN HANG TUAH_ZON F_WANI_20052015,1,KUALA LUMPUR (WP),88beb013-6a67-4936-9afd-b84a072cb60f
314967,554639f5-3c7b-4377-b53d-466745fc8499,e795beb3-2cda-4ac4-b79d-7953221f1fb6,166,JHT,F,066,JHT-F-066,Depan Klinik Tanglin Jalan  Chenderasari JALAN CHENDERAWASIH,Depan Klinik Tanglin Jalan  Chenderasari,1,Hadapan,KUALA LUMPUR,3.144651,101.690823,7,55c38deb-aae3-44c5-bfac-0bb919effec4,Wilayah Persekutuan Kuala Lumpur,137,WP Kuala Lumpur,1,Awam,2,Tidak Berfungsi,0,,1,Pillar Hydrant,120,Bukit Bintang,0000-00-00,0,KUALA LUMPUR_JLN HANG TUAH_ZON F_WANI_20052015,1,KUALA LUMPUR (WP),88beb013-6a67-4936-9afd-b84a072cb60f
314968,78112f0a-249e-4817-978a-656a2662221f,e795beb3-2cda-4ac4-b79d-7953221f1fb6,166,JHT,F,067,JHT-F-067,Depan Sek.Men Perempuan Methodist Jalan Chendersari  JALAN CHENDERASARI,Depan Sek.Men Perempuan Methodist JalanChendersari,1,Hadapan,KUALA LUMPUR,3.14399,101.691835,7,55c38deb-aae3-44c5-bfac-0bb919effec4,Wilayah Persekutuan Kuala Lumpur,137,WP Kuala Lumpur,1,Awam,2,Tidak Berfungsi,0,,1,Pillar Hydrant,120,Bukit Bintang,0000-00-00,0,KUALA LUMPUR_JLN HANG TUAH_ZON F_WANI_20052015,1,KUALA LUMPUR (WP),88beb013-6a67-4936-9afd-b84a072cb60f
314969,fff6440e-d3d5-4274-8763-eeebbd64dfdb,e795beb3-2cda-4ac4-b79d-7953221f1fb6,166,JHT,F,068,JHT-F-068,JALAN CHENDERASARI,Pejabat Kesihatan Block C JalanChendersari,3,Berhampiran,KUALA LUMPUR,3.144724,101.691325,7,55c38deb-aae3-44c5-bfac-0bb919effec4,Wilayah Persekutuan Kuala Lumpur,137,WP Kuala Lumpur,2,Swasta,1,Berfungsi,252.96,,1,Pillar Hydrant,120,Bukit Bintang,0000-00-00,0,KUALA LUMPUR_JLN HANG TUAH_ZON F_WANI_20052015,1,KUALA LUMPUR (WP),88beb013-6a67-4936-9afd-b84a072cb60f
314970,cfa0066b-ad93-4389-af64-53279e36980d,e795beb3-2cda-4ac4-b79d-7953221f1fb6,166,JHT,F,069,JHT-F-069,JALAN CHENDERASARI,Sebelah Kanan Parking HospitalTanglinJalanChendersari,4,Tepi,KUALA LUMPUR,3.144232,101.690467,7,55c38deb-aae3-44c5-bfac-0bb919effec4,Wilayah Persekutuan Kuala Lumpur,137,WP Kuala Lumpur,2,Swasta,1,Berfungsi,252.96,,1,Pillar Hydrant,120,Bukit Bintang,0000-00-00,0,KUALA LUMPUR_JLN HANG TUAH_ZON F_WANI_20052015,1,KUALA LUMPUR (WP),88beb013-6a67-4936-9afd-b84a072cb60f
314971,dee70883-329d-48cb-bf65-db1c0479268c,e795beb3-2cda-4ac4-b79d-7953221f1fb6,166,JHT,F,070,JHT-F-070,JALAN CHENDERASARI,Tepi Rumah No 446-2 Jalan Chendersari,4,Tepi,KUALA LUMPUR,3.146297,101.690814,7,55c38deb-aae3-44c5-bfac-0bb919effec4,Wilayah Persekutuan Kuala Lumpur,137,WP Kuala Lumpur,1,Awam,1,Berfungsi,357.74,,1,Pillar Hydrant,120,Bukit Bintang,0000-00-00,0,KUALA LUMPUR_JLN HANG TUAH_ZON F_WANI_20052015,1,KUALA LUMPUR (WP),88beb013-6a67-4936-9afd-b84a072cb60f
314972,342aa42b-809b-4ae4-bf14-ec6f163a6576,e795beb3-2cda-4ac4-b79d-7953221f1fb6,166,JHT,F,071,JHT-F-071,JALAN CHENDERASARI,Belakang Block Melati Bhg. Perancang Bandar Dan Desa,2,Belakang,KUALA LUMPUR,3.146678,101.690063,7,55c38deb-aae3-44c5-bfac-0bb919effec4,Wilayah Persekutuan Kuala Lumpur,137,WP Kuala Lumpur,2,Swasta,1,Berfungsi,357.74,,2,Ground Hydrant,120,Bukit Bintang,0000-00-00,0,KUALA LUMPUR_JLN HANG TUAH_ZON F_WANI_20052015,1,KUALA LUMPUR (WP),88beb013-6a67-4936-9afd-b84a072cb60f
314973,03efe33e-98f5-4b9f-9c71-7c7951f8a1b7,e795beb3-2cda-4ac4-b79d-7953221f1fb6,166,JHT,F,072,JHT-F-072,Depan Block A Jabatan Kesihatan Kuala Lumpur Jalan Chanderasari,Depan Block A Jabatan Kesihatan Kuala Lumpur Jalan Chanderasari,1,Hadapan,KUALA LUMPUR,3.14707,101.689813,7,55c38deb-aae3-44c5-bfac-0bb919effec4,Wilayah Persekutuan Kuala Lumpur,137,WP Kuala Lumpur,2,Swasta,1,Berfungsi,252.96,,1,Pillar Hydrant,120,Bukit Bintang,0000-00-00,0,KUALA LUMPUR_JLN HANG TUAH_ZON F_WANI_20052015,1,KUALA LUMPUR (WP),88beb013-6a67-4936-9afd-b84a072cb60f
314974,953f7147-3042-4c3b-9c3e-e96d22c3fedd,e795beb3-2cda-4ac4-b79d-7953221f1fb6,166,JHT,F,073,JHT-F-073,Depan Block B Jabatan Kesihatan Kuala Lumpur Jalan Chendersari,Depan Block B Jabatan Kesihatan Kuala Lumpur Jalan Chendersari,1,Hadapan,KUALA LUMPUR,3.146631,101.689799,7,55c38deb-aae3-44c5-bfac-0bb919effec4,Wilayah Persekutuan Kuala Lumpur,137,WP Kuala Lumpur,1,Awam,2,Tidak Berfungsi,0,,1,Pillar Hydrant,120,Bukit Bintang,0000-00-00,0,KUALA LUMPUR_JLN HANG TUAH_ZON F_WANI_20052015,1,KUALA LUMPUR (WP),88beb013-6a67-4936-9afd-b84a072cb60f
314975,c0310970-a9b7-4506-9b2f-91e4b6cdead5,e795beb3-2cda-4ac4-b79d-7953221f1fb6,166,JHT,F,074,JHT-F-074,Depan Bank Rakyat Jalan Tangsi Off Jalan Parlimen,Depan Bank Rakyat Jalan Tangsi Off Jalan Parlimen,1,Hadapan,KUALA LUMPUR,3.150331,101.692181,7,55c38deb-aae3-44c5-bfac-0bb919effec4,Wilayah Persekutuan Kuala Lumpur,137,WP Kuala Lumpur,1,Awam,1,Berfungsi,1005.57,,2,Ground Hydrant,120,Bukit Bintang,0000-00-00,0,KUALA LUMPUR_JLN HANG TUAH_ZON F_WANI_20052015,1,KUALA LUMPUR (WP),88beb013-6a67-4936-9afd-b84a072cb60f
314976,6134d4bc-d0c9-4722-99e2-a0afb5a4c952,e795beb3-2cda-4ac4-b79d-7953221f1fb6,166,JHT,F,075,JHT-F-075,Belakang Bank Rakyat Jalan Parlimen,Belakang Bank Rakyat JalanPerlimen,2,Belakang,KUALA LUMPUR,3.149849,101.692294,7,55c38deb-aae3-44c5-bfac-0bb919effec4,Wilayah Persekutuan Kuala Lumpur,137,WP Kuala Lumpur,1,Awam,1,Berfungsi,251.394,,2,Ground Hydrant,120,Bukit Bintang,0000-00-00,0,KUALA LUMPUR_JLN HANG TUAH_ZON F_WANI_20052015,1,KUALA LUMPUR (WP),88beb013-6a67-4936-9afd-b84a072cb60f
314977,400f7d32-39e9-462a-a17d-caa0e5a8830a,e795beb3-2cda-4ac4-b79d-7953221f1fb6,166,JHT,F,076,JHT-F-076,Pintu masuk Cawangan Pengkutan Kem Komanden Jalan Parlimen ,Pintu masuk Cawangan PengkutanKemKomandenJalanParlimen,1,Hadapan,KUALA LUMPUR,3.150348,101.691065,7,55c38deb-aae3-44c5-bfac-0bb919effec4,Wilayah Persekutuan Kuala Lumpur,137,WP Kuala Lumpur,1,Awam,1,Berfungsi,28.1067,,1,Pillar Hydrant,120,Bukit Bintang,0000-00-00,0,KUALA LUMPUR_JLN HANG TUAH_ZON F_WANI_20052015,1,KUALA LUMPUR (WP),88beb013-6a67-4936-9afd-b84a072cb60f
314978,22234402-7a7b-456b-abba-cabe3ca521dd,e795beb3-2cda-4ac4-b79d-7953221f1fb6,166,JHT,F,077,JHT-F-077,Jalan Pintu Masuk Carcosa Sri Negara Bukit Carcosa,Jalan Pintu Masuk Carcosa Sri Negara Bukit Carcosa,1,Hadapan,KUALA LUMPUR,3.141306,101.682066,7,55c38deb-aae3-44c5-bfac-0bb919effec4,Wilayah Persekutuan Kuala Lumpur,137,WP Kuala Lumpur,2,Swasta,2,Tidak Berfungsi,0,,1,Pillar Hydrant,120,Bukit Bintang,0000-00-00,0,KUALA LUMPUR_JLN HANG TUAH_ZON F_WANI_20052015,1,KUALA LUMPUR (WP),88beb013-6a67-4936-9afd-b84a072cb60f
314979,08bac025-663d-4c7f-8b1f-a49ab4cf0901,e795beb3-2cda-4ac4-b79d-7953221f1fb6,166,JHT,F,078,JHT-F-078,Belakang Bangunan Carcosa Sri Negara Bukit Carcosa,Belakang Bangunan Carcosa Sri Negara Bukit Carcosa,2,Belakang,KUALA LUMPUR,3.141932,101.682022,7,55c38deb-aae3-44c5-bfac-0bb919effec4,Wilayah Persekutuan Kuala Lumpur,137,WP Kuala Lumpur,2,Swasta,1,Berfungsi,252.96,,1,Pillar Hydrant,120,Bukit Bintang,0000-00-00,0,KUALA LUMPUR_JLN HANG TUAH_ZON F_WANI_20052015,1,KUALA LUMPUR (WP),88beb013-6a67-4936-9afd-b84a072cb60f
314980,8a51a420-71e2-4f32-9719-a6f3fc9553a6,e795beb3-2cda-4ac4-b79d-7953221f1fb6,166,JHT,F,079,JHT-F-079,Belakang Dewan Carcosa Sri Negara Bukit Carcosa,Belakang Dewan Carcosa Sri Negara Bukit Carcosa,2,Belakang,KUALA LUMPUR,3.141913,101.681864,7,55c38deb-aae3-44c5-bfac-0bb919effec4,Wilayah Persekutuan Kuala Lumpur,137,WP Kuala Lumpur,2,Swasta,1,Berfungsi,252.96,,1,Pillar Hydrant,120,Bukit Bintang,0000-00-00,0,KUALA LUMPUR_JLN HANG TUAH_ZON F_WANI_20052015,1,KUALA LUMPUR (WP),88beb013-6a67-4936-9afd-b84a072cb60f
314981,7877de08-d78b-4e47-b53c-dd223a9918fd,e795beb3-2cda-4ac4-b79d-7953221f1fb6,166,JHT,F,080,JHT-F-080,JALAN CARCOSA,Depan Dewan Carcosa Sri Negara Bukit Carcosa,1,Hadapan,KUALA LUMPUR,3.141919,101.682151,7,55c38deb-aae3-44c5-bfac-0bb919effec4,Wilayah Persekutuan Kuala Lumpur,137,WP Kuala Lumpur,2,Swasta,1,Berfungsi,252.96,,1,Pillar Hydrant,120,Bukit Bintang,0000-00-00,0,KUALA LUMPUR_JLN HANG TUAH_ZON F_WANI_20052015,1,KUALA LUMPUR (WP),88beb013-6a67-4936-9afd-b84a072cb60f
314982,02b3ddd2-48c0-4db4-b29b-699f93067943,e795beb3-2cda-4ac4-b79d-7953221f1fb6,166,JHT,F,081,JHT-F-081,JALAN CARCOSA,Tepi Jalan Keluar Dewan Carcosa Sri Negara,4,Tepi,KUALA LUMPUR,3.141533,101.682145,7,55c38deb-aae3-44c5-bfac-0bb919effec4,Wilayah Persekutuan Kuala Lumpur,137,WP Kuala Lumpur,2,Swasta,1,Berfungsi,252.96,,1,Pillar Hydrant,120,Bukit Bintang,0000-00-00,0,KUALA LUMPUR_JLN HANG TUAH_ZON F_WANI_20052015,1,KUALA LUMPUR (WP),88beb013-6a67-4936-9afd-b84a072cb60f
314983,fd9cf2c1-6565-409b-a4b1-83203536f244,e795beb3-2cda-4ac4-b79d-7953221f1fb6,166,JHT,F,082,JHT-F-082,Tepi Jalan Berhampiran Tasik Perdana Jalan Damansara,Tepi Jalan Berhampiran TasikPerdanaJalanDamansara,4,Tepi,KUALA LUMPUR,3.140909,101.68301,7,55c38deb-aae3-44c5-bfac-0bb919effec4,Wilayah Persekutuan Kuala Lumpur,137,WP Kuala Lumpur,2,Swasta,4,Hilang,,,1,Pillar Hydrant,120,Bukit Bintang,0000-00-00,0,KUALA LUMPUR_JLN HANG TUAH_ZON F_WANI_20052015,1,KUALA LUMPUR (WP),88beb013-6a67-4936-9afd-b84a072cb60f
314984,5634fb27-bd9b-4537-9e2d-5d903c86fc6a,e795beb3-2cda-4ac4-b79d-7953221f1fb6,166,JHT,F,083,JHT-F-083,JALAN TASIK PERDANA,Dalam bangunan SEARCCT JalanTasikPerdana,3,Berhampiran,KUALA LUMPUR,3.140909,101.68301,7,55c38deb-aae3-44c5-bfac-0bb919effec4,Wilayah Persekutuan Kuala Lumpur,137,WP Kuala Lumpur,2,Swasta,2,Tidak Berfungsi,0,,1,Pillar Hydrant,120,Bukit Bintang,0000-00-00,0,KUALA LUMPUR_JLN HANG TUAH_ZON F_WANI_20052015,1,KUALA LUMPUR (WP),88beb013-6a67-4936-9afd-b84a072cb60f
314985,effa4b48-2b06-4127-97fe-dc83af7b960a,e795beb3-2cda-4ac4-b79d-7953221f1fb6,166,JHT,F,084,JHT-F-084,JALAN TASIK PERDANA,Luar Bangunan SEERCCT JalanTasikPerdana,3,Berhampiran,KUALA LUMPUR,3.141017,101.683053,7,55c38deb-aae3-44c5-bfac-0bb919effec4,Wilayah Persekutuan Kuala Lumpur,137,WP Kuala Lumpur,1,Awam,1,Berfungsi,252.96,,1,Pillar Hydrant,120,Bukit Bintang,0000-00-00,0,KUALA LUMPUR_JLN HANG TUAH_ZON F_WANI_20052015,1,KUALA LUMPUR (WP),88beb013-6a67-4936-9afd-b84a072cb60f
471846,9c9c80d7-2ed2-4780-8f6f-d734ce0da437,e795beb3-2cda-4ac4-b79d-7953221f1fb6,166,JHT,F,085,JHT-F-085,Laluan Masuk Kuarters Masjid Negara Jalan Perdana Kuala lumpur,,4,Tepi,,90.123456,101.705122,7,55c38deb-aae3-44c5-bfac-0bb919effec4,Wilayah Persekutuan Kuala Lumpur,137,WP Kuala Lumpur,2,Swasta,1,Berfungsi,252.96,images/img_pili/20161207092416515.,1,Pillar Hydrant,119,Titiwangsa,0000-00-00,0,,89,KUALA  LUMPUR (WP),53aa1806-b81f-4985-8066-6a9cf92f1446
471852,31945e8e-e58c-459c-8b77-27289fa8610e,e795beb3-2cda-4ac4-b79d-7953221f1fb6,166,JHT,F,086,JHT-F-086,Laluan Keluar Kuarters Masjid Negara Jalan Perdana Kuala lumpur,,6,Kanan,,90.123456,101.705122,7,55c38deb-aae3-44c5-bfac-0bb919effec4,Wilayah Persekutuan Kuala Lumpur,137,WP Kuala Lumpur,2,Swasta,1,Berfungsi,252.96,images/img_pili/20161207092633145.,1,Pillar Hydrant,119,Titiwangsa,0000-00-00,0,,89,KUALA  LUMPUR (WP),53aa1806-b81f-4985-8066-6a9cf92f1446
508838,d17cd3a0-1b12-4493-84ae-2c841c348d24,e795beb3-2cda-4ac4-b79d-7953221f1fb6,166,JHT,G,000,JHT-G-000,Sebelah kiri Wisma Tun Sambanthan Jalan Sultan Sulaiman,,5,Kiri,,3.139857,101.696595,7,55c38deb-aae3-44c5-bfac-0bb919effec4,Wilayah Persekutuan Kuala Lumpur,137,WP Kuala Lumpur,2,Swasta,1,Berfungsi,252.96,images/img_pili/20171006152013581.jpg,1,Pillar Hydrant,120,Bukit Bintang,0000-00-00,0,,1,KUALA LUMPUR (WP),88beb013-6a67-4936-9afd-b84a072cb60f
315029,dc2cdc6a-aa6f-4c09-8472-586ee4204ec3,e795beb3-2cda-4ac4-b79d-7953221f1fb6,166,JHT,G,001,JHT-G-001,Depan Bank Simpanan Nasional Jalan Maharajalela,Depan Bank Simpanan Nasional Jalan Maharajalela,1,Hadapan,KUALA LUMPUR,3.13616,101.703538,7,55c38deb-aae3-44c5-bfac-0bb919effec4,Wilayah Persekutuan Kuala Lumpur,137,WP Kuala Lumpur,1,Awam,1,Berfungsi,252.96,images/img_pili/20171004100634175.jpg,1,Pillar Hydrant,120,Bukit Bintang,0000-00-00,0,KUALA LUMPUR_JLN HANG TUAH_ZON G_WANI_20052015,1,KUALA LUMPUR (WP),88beb013-6a67-4936-9afd-b84a072cb60f
315030,ac6a5485-7fe1-454b-9d89-49e2a89ba85f,e795beb3-2cda-4ac4-b79d-7953221f1fb6,166,JHT,G,002,JHT-G-002,Hadapan Bangunan Oyo-i Hotel Jalan Maharajalela,Hadapan Bangunan Oyo-i Hotel Jalan Maharajalela,1,Hadapan,KUALA LUMPUR,3.136701,101.702544,7,55c38deb-aae3-44c5-bfac-0bb919effec4,Wilayah Persekutuan Kuala Lumpur,137,WP Kuala Lumpur,1,Awam,1,Berfungsi,158.995,images/img_pili/2017100410102860.jpg,1,Pillar Hydrant,120,Bukit Bintang,0000-00-00,0,KUALA LUMPUR_JLN HANG TUAH_ZON G_WANI_20052015,1,KUALA LUMPUR (WP),88beb013-6a67-4936-9afd-b84a072cb60f
315031,e455c998-b2a5-423b-beed-531a14d353ce,e795beb3-2cda-4ac4-b79d-7953221f1fb6,166,JHT,G,003,JHT-G-003,Kanan Depan Hotel Mandrin Court Jalan Maharajalela,Kanan Depan Hotel Mandrin Court Jalan Maharajalela,4,Tepi,KUALA LUMPUR,3.137354,101.700779,7,55c38deb-aae3-44c5-bfac-0bb919effec4,Wilayah Persekutuan Kuala Lumpur,137,WP Kuala Lumpur,2,Swasta,1,Berfungsi,158.995,images/img_pili/20171004101250339.jpg,1,Pillar Hydrant,120,Bukit Bintang,0000-00-00,0,KUALA LUMPUR_JLN HANG TUAH_ZON G_WANI_20052015,1,KUALA LUMPUR (WP),88beb013-6a67-4936-9afd-b84a072cb60f
315032,724ae75c-0c6e-4f82-812c-459bc0f61884,e795beb3-2cda-4ac4-b79d-7953221f1fb6,166,JHT,G,004,JHT-G-004,Depan Bangunan Cheong Wing Jalan Maharajalela,Depan Bangunan Cheong Wing Jalan Maharajalela,4,Tepi,KUALA LUMPUR,3.137543,101.700284,7,55c38deb-aae3-44c5-bfac-0bb919effec4,Wilayah Persekutuan Kuala Lumpur,137,WP Kuala Lumpur,1,Awam,1,Berfungsi,252.96,images/img_pili/20171004101549773.jpg,1,Pillar Hydrant,120,Bukit Bintang,0000-00-00,0,KUALA LUMPUR_JLN HANG TUAH_ZON G_WANI_20052015,1,KUALA LUMPUR (WP),88beb013-6a67-4936-9afd-b84a072cb60f
315033,a59c9c21-f5ec-49c0-bec9-3acf528e988d,e795beb3-2cda-4ac4-b79d-7953221f1fb6,166,JHT,G,005,JHT-G-005,Depan Ho Wah Genting Capital Jalan Maharajalela,Depan Ho Wah Genting Capital Jalan Maharajalela,1,Hadapan,KUALA LUMPUR,3.137796,101.700072,7,55c38deb-aae3-44c5-bfac-0bb919effec4,Wilayah Persekutuan Kuala Lumpur,137,WP Kuala Lumpur,1,Awam,1,Berfungsi,252.96,images/img_pili/20171004101704861.jpg,1,Pillar Hydrant,120,Bukit Bintang,0000-00-00,0,KUALA LUMPUR_JLN HANG TUAH_ZON G_WANI_20052015,1,KUALA LUMPUR (WP),88beb013-6a67-4936-9afd-b84a072cb60f
315034,123c9f65-59de-4248-8a8f-b9fc9dc76d51,e795beb3-2cda-4ac4-b79d-7953221f1fb6,166,JHT,G,006,JHT-G-006,Depan Empat Nombor Ekor Selangor Jalan Maharajalela,Depan Empat Nombor Ekor Selangor Jalan Maharajalela,4,Tepi,KUALA LUMPUR,3.138019,101.699854,7,55c38deb-aae3-44c5-bfac-0bb919effec4,Wilayah Persekutuan Kuala Lumpur,137,WP Kuala Lumpur,1,Awam,1,Berfungsi,252.96,images/img_pili/20171004101840774.jpg,1,Pillar Hydrant,120,Bukit Bintang,0000-00-00,0,KUALA LUMPUR_JLN HANG TUAH_ZON G_WANI_20052015,1,KUALA LUMPUR (WP),88beb013-6a67-4936-9afd-b84a072cb60f
315035,6d963b79-a1cb-47db-bfe0-2365de80596e,e795beb3-2cda-4ac4-b79d-7953221f1fb6,166,JHT,G,007,JHT-G-007,JALAN MAHARAJALELA,Belakang Hotel Mandrin Court Jalan Maharajalela,2,Belakang,KUALA LUMPUR,3.137214,101.700612,7,55c38deb-aae3-44c5-bfac-0bb919effec4,Wilayah Persekutuan Kuala Lumpur,137,WP Kuala Lumpur,2,Swasta,1,Berfungsi,252.96,,1,Pillar Hydrant,120,Bukit Bintang,0000-00-00,0,KUALA LUMPUR_JLN HANG TUAH_ZON G_WANI_20052015,1,KUALA LUMPUR (WP),88beb013-6a67-4936-9afd-b84a072cb60f
315036,5f464179-1955-4f1d-a250-d22d99d268ef,e795beb3-2cda-4ac4-b79d-7953221f1fb6,166,JHT,G,008,JHT-G-008,JALAN TALALLA,Luar Pagar Menara Belfield Jalan Talalla,4,Tepi,KUALA LUMPUR,13.136408,101.700241,7,55c38deb-aae3-44c5-bfac-0bb919effec4,Wilayah Persekutuan Kuala Lumpur,137,WP Kuala Lumpur,1,Awam,1,Berfungsi,252.96,,1,Pillar Hydrant,120,Bukit Bintang,0000-00-00,0,KUALA LUMPUR_JLN HANG TUAH_ZON G_WANI_20052015,1,KUALA LUMPUR (WP),88beb013-6a67-4936-9afd-b84a072cb60f
315037,5d402be3-1a81-4245-a4bc-1bfbd01670e2,e795beb3-2cda-4ac4-b79d-7953221f1fb6,166,JHT,G,009,JHT-G-009,JALAN TALALLA,Hadapan Bangunan Menara Belfield Jalan Talalla,1,Hadapan,KUALA LUMPUR,3.136698,101.700589,7,55c38deb-aae3-44c5-bfac-0bb919effec4,Wilayah Persekutuan Kuala Lumpur,137,WP Kuala Lumpur,1,Awam,1,Berfungsi,252.96,,1,Pillar Hydrant,120,Bukit Bintang,0000-00-00,0,KUALA LUMPUR_JLN HANG TUAH_ZON G_WANI_20052015,1,KUALA LUMPUR (WP),88beb013-6a67-4936-9afd-b84a072cb60f
315038,78f695a5-4575-4a94-9319-8ed00a719490,e795beb3-2cda-4ac4-b79d-7953221f1fb6,166,JHT,G,010,JHT-G-010,Luar pagar HQ BOMBA WPKL  Jalan Choo Cheng Khay,Luar pagar HQ BOMBA WPKL  Jalan Choo Cheng Khay,4,Tepi,KUALA LUMPUR,3.136239,101.701199,7,55c38deb-aae3-44c5-bfac-0bb919effec4,Wilayah Persekutuan Kuala Lumpur,137,WP Kuala Lumpur,1,Awam,1,Berfungsi,252.96,images/img_pili/20171006152536283.jpg,1,Pillar Hydrant,120,Bukit Bintang,0000-00-00,0,KUALA LUMPUR_JLN HANG TUAH_ZON G_WANI_20052015,1,KUALA LUMPUR (WP),88beb013-6a67-4936-9afd-b84a072cb60f
315039,daa3f0ca-5b01-4e36-9f49-5e3e2500277f,e795beb3-2cda-4ac4-b79d-7953221f1fb6,166,JHT,G,011,JHT-G-011,Tepi Belakang Hotel Mirama Jalan Maharajalela,Tepi Belakang Hotel Mirama Jalan Maharajalela,2,Belakang,KUALA LUMPUR,3.136752,101.701437,7,55c38deb-aae3-44c5-bfac-0bb919effec4,Wilayah Persekutuan Kuala Lumpur,137,WP Kuala Lumpur,1,Awam,1,Berfungsi,252.96,images/img_pili/20171006152706578.jpg,1,Pillar Hydrant,120,Bukit Bintang,0000-00-00,0,KUALA LUMPUR_JLN HANG TUAH_ZON G_WANI_20052015,1,KUALA LUMPUR (WP),88beb013-6a67-4936-9afd-b84a072cb60f
315040,eddf1dd3-1c86-4cb6-ba08-49e6458ccb33,e795beb3-2cda-4ac4-b79d-7953221f1fb6,166,JHT,G,012,JHT-G-012,Sebelah Kanan Ibupejabat Bomba Jalan Maharajalela,Sebelah Kanan Ibupejabat Bomba Jalan Maharajalela,4,Tepi,KUALA LUMPUR,3.136987,101.701348,7,55c38deb-aae3-44c5-bfac-0bb919effec4,Wilayah Persekutuan Kuala Lumpur,137,WP Kuala Lumpur,2,Swasta,1,Berfungsi,158.995,images/img_pili/20171006153543777.jpg,1,Pillar Hydrant,120,Bukit Bintang,0000-00-00,0,KUALA LUMPUR_JLN HANG TUAH_ZON G_WANI_20052015,1,KUALA LUMPUR (WP),88beb013-6a67-4936-9afd-b84a072cb60f
315041,4b22637d-fee3-40fc-bb9e-4734128917c7,e795beb3-2cda-4ac4-b79d-7953221f1fb6,166,JHT,G,013,JHT-G-013,JALAN CHOO CHENG KHAY,Hadapan Pusat Video Taihi Jalan Choo Cheng Khay,1,Hadapan,KUALA LUMPUR,3.136284,101.702128,7,55c38deb-aae3-44c5-bfac-0bb919effec4,Wilayah Persekutuan Kuala Lumpur,137,WP Kuala Lumpur,1,Awam,4,Hilang,,,2,Ground Hydrant,120,Bukit Bintang,0000-00-00,0,KUALA LUMPUR_JLN HANG TUAH_ZON G_WANI_20052015,1,KUALA LUMPUR (WP),88beb013-6a67-4936-9afd-b84a072cb60f
315042,27a6803c-47af-4031-a24b-9cab8fc9dca4,e795beb3-2cda-4ac4-b79d-7953221f1fb6,166,JHT,G,014,JHT-G-014,Depan Bangunan Gill Jalan Choo Cheng Khay,Depan Bangunan Gill Jalan Choo Cheng Khay,1,Hadapan,KUALA LUMPUR,3.135726,101.70263,7,55c38deb-aae3-44c5-bfac-0bb919effec4,Wilayah Persekutuan Kuala Lumpur,137,WP Kuala Lumpur,1,Awam,1,Berfungsi,158.995,images/img_pili/20171006153409771.jpg,1,Pillar Hydrant,120,Bukit Bintang,0000-00-00,0,KUALA LUMPUR_JLN HANG TUAH_ZON G_WANI_20052015,1,KUALA LUMPUR (WP),88beb013-6a67-4936-9afd-b84a072cb60f
315043,dcd6a0ee-5778-4923-be65-3001eba551da,e795beb3-2cda-4ac4-b79d-7953221f1fb6,166,JHT,G,015,JHT-G-015,Depan Rumah Puspanita Jalan Hose,Depan Rumah Puspanita Jalan Hose,1,Hadapan,KUALA LUMPUR,3.134236,101.702161,7,55c38deb-aae3-44c5-bfac-0bb919effec4,Wilayah Persekutuan Kuala Lumpur,137,WP Kuala Lumpur,2,Swasta,1,Berfungsi,252.96,images/img_pili/20171006153719504.jpg,1,Pillar Hydrant,120,Bukit Bintang,0000-00-00,0,KUALA LUMPUR_JLN HANG TUAH_ZON G_WANI_20052015,1,KUALA LUMPUR (WP),88beb013-6a67-4936-9afd-b84a072cb60f
315044,655a9ee6-ce2d-4486-9f65-5db1b01b3ea2,e795beb3-2cda-4ac4-b79d-7953221f1fb6,166,JHT,G,016,JHT-G-016,Belakang Rumah Puspinata Jalan Hose,Belakang Rumah Puspinata Jalan Hose,2,Belakang,KUALA LUMPUR,3.133691,101.702037,7,55c38deb-aae3-44c5-bfac-0bb919effec4,Wilayah Persekutuan Kuala Lumpur,137,WP Kuala Lumpur,2,Swasta,1,Berfungsi,158.995,images/img_pili/201710041033132.jpg,1,Pillar Hydrant,120,Bukit Bintang,0000-00-00,0,KUALA LUMPUR_JLN HANG TUAH_ZON G_WANI_20052015,1,KUALA LUMPUR (WP),88beb013-6a67-4936-9afd-b84a072cb60f
315045,4161757d-7767-4237-b3f5-90ce88e5580e,e795beb3-2cda-4ac4-b79d-7953221f1fb6,166,JHT,G,017,JHT-G-017,Luar Pagar Dekat Pintu Rumah Puspinata Jalan Hose,Luar Pagar Dekat Pintu Rumah Puspinata Jalan Hose,1,Hadapan,KUALA LUMPUR,3.134418,101.701578,7,55c38deb-aae3-44c5-bfac-0bb919effec4,Wilayah Persekutuan Kuala Lumpur,137,WP Kuala Lumpur,1,Awam,1,Berfungsi,252.96,images/img_pili/20171004102524372.jpg,1,Pillar Hydrant,120,Bukit Bintang,0000-00-00,0,KUALA LUMPUR_JLN HANG TUAH_ZON G_WANI_20052015,1,KUALA LUMPUR (WP),88beb013-6a67-4936-9afd-b84a072cb60f
315046,f140b78d-8238-4ec7-b32c-b014e0b521dd,e795beb3-2cda-4ac4-b79d-7953221f1fb6,166,JHT,G,018,JHT-G-018,Berhampiran Rumah Sejarah Malaysia Jalan Hose,Berhampiran Rumah Sejarah Malaysia Jalan Hose,3,Berhampiran,KUALA LUMPUR,3.135319,101.699843,7,55c38deb-aae3-44c5-bfac-0bb919effec4,Wilayah Persekutuan Kuala Lumpur,137,WP Kuala Lumpur,1,Awam,1,Berfungsi,252.96,,1,Pillar Hydrant,120,Bukit Bintang,0000-00-00,0,KUALA LUMPUR_JLN HANG TUAH_ZON G_WANI_20052015,1,KUALA LUMPUR (WP),88beb013-6a67-4936-9afd-b84a072cb60f
315047,1b0c10c9-f30c-4554-a4bc-4e885c61e9e4,e795beb3-2cda-4ac4-b79d-7953221f1fb6,166,JHT,G,019,JHT-G-019,Simpang Ke Rumah No 567 Jalan Hose,Simpang Ke Rumah No 567 Jalan Hose,3,Berhampiran,KUALA LUMPUR,3.135898,101.698917,7,55c38deb-aae3-44c5-bfac-0bb919effec4,Wilayah Persekutuan Kuala Lumpur,137,WP Kuala Lumpur,1,Awam,1,Berfungsi,252.96,images/img_pili/20171004103107147.jpg,1,Pillar Hydrant,120,Bukit Bintang,0000-00-00,0,KUALA LUMPUR_JLN HANG TUAH_ZON G_WANI_20052015,1,KUALA LUMPUR (WP),88beb013-6a67-4936-9afd-b84a072cb60f
315048,75a8244d-980e-44fb-9845-5d06f9cb70e2,e795beb3-2cda-4ac4-b79d-7953221f1fb6,166,JHT,G,020,JHT-G-020,JALAN BELFIELD,Tepi Jalan Belfield,4,Tepi,KUALA LUMPUR,3.13768,101.698709,7,55c38deb-aae3-44c5-bfac-0bb919effec4,Wilayah Persekutuan Kuala Lumpur,137,WP Kuala Lumpur,1,Awam,1,Berfungsi,252.96,,1,Pillar Hydrant,120,Bukit Bintang,0000-00-00,0,KUALA LUMPUR_JLN HANG TUAH_ZON G_WANI_20052015,1,KUALA LUMPUR (WP),88beb013-6a67-4936-9afd-b84a072cb60f
315049,0a579ed1-f036-43a0-b846-9a6cf4923042,e795beb3-2cda-4ac4-b79d-7953221f1fb6,166,JHT,G,021,JHT-G-021,Tepi Jalan Hadapan Rumah No 541 Jalan Belfield,Tepi Jalan Hadapan Rumah No 541 Jalan Belfield,4,Tepi,KUALA LUMPUR,3.134216,101.698789,7,55c38deb-aae3-44c5-bfac-0bb919effec4,Wilayah Persekutuan Kuala Lumpur,137,WP Kuala Lumpur,1,Awam,1,Berfungsi,252.96,images/img_pili/20171004103457342.jpg,1,Pillar Hydrant,120,Bukit Bintang,0000-00-00,0,KUALA LUMPUR_JLN HANG TUAH_ZON G_WANI_20052015,1,KUALA LUMPUR (WP),88beb013-6a67-4936-9afd-b84a072cb60f
315050,45e254d3-f58f-4f76-8dd6-9279fe878b87,e795beb3-2cda-4ac4-b79d-7953221f1fb6,166,JHT,G,022,JHT-G-022,Tepi Jalan Dekat Rumah No 3628 Jalan Belfield,Tepi Jalan Dekat Rumah No 3628 Jalan Belfield,4,Tepi,KUALA LUMPUR,3.132471,101.700599,7,55c38deb-aae3-44c5-bfac-0bb919effec4,Wilayah Persekutuan Kuala Lumpur,137,WP Kuala Lumpur,1,Awam,1,Berfungsi,252.96,images/img_pili/20171004103557354.jpg,1,Pillar Hydrant,120,Bukit Bintang,0000-00-00,0,KUALA LUMPUR_JLN HANG TUAH_ZON G_WANI_20052015,1,KUALA LUMPUR (WP),88beb013-6a67-4936-9afd-b84a072cb60f
315051,a4813d0e-715a-4884-9c14-867fb199d86b,e795beb3-2cda-4ac4-b79d-7953221f1fb6,166,JHT,G,023,JHT-G-023,Depan Wisma Pahlawan Jalan Akar off Kampong Attap,Depan Wisma Pahlawan Jalan Akar off Kampong Attap,3,Berhampiran,KUALA LUMPUR,3.139143,101.697126,7,55c38deb-aae3-44c5-bfac-0bb919effec4,Wilayah Persekutuan Kuala Lumpur,137,WP Kuala Lumpur,2,Swasta,1,Berfungsi,252.96,images/img_pili/2017100615410829.jpg,1,Pillar Hydrant,120,Bukit Bintang,0000-00-00,0,KUALA LUMPUR_JLN HANG TUAH_ZON G_WANI_20052015,1,KUALA LUMPUR (WP),88beb013-6a67-4936-9afd-b84a072cb60f
315052,ba57c26c-b9f2-4be6-82a0-102b41fd27a0,e795beb3-2cda-4ac4-b79d-7953221f1fb6,166,JHT,G,024,JHT-G-024,Depan Sebelah Kiri Wisma Pahlawan Jalan Akar Off Jalan Kampong Attap,Depan Sebelah Kiri Wisma Pahlawan Jalan Akar Off Jalan Kampong Attap,4,Tepi,KUALA LUMPUR,3.139137,101.697425,7,55c38deb-aae3-44c5-bfac-0bb919effec4,Wilayah Persekutuan Kuala Lumpur,137,WP Kuala Lumpur,1,Awam,1,Berfungsi,252.96,images/img_pili/20171006154203426.jpg,1,Pillar Hydrant,120,Bukit Bintang,0000-00-00,0,KUALA LUMPUR_JLN HANG TUAH_ZON G_WANI_20052015,1,KUALA LUMPUR (WP),88beb013-6a67-4936-9afd-b84a072cb60f
315053,221c562d-7e41-4592-a5e4-1c6284edcc36,e795beb3-2cda-4ac4-b79d-7953221f1fb6,166,JHT,G,025,JHT-G-025,Dewan Perhimpunan Cina  Selangor Jalan Kampong Attap,Dewan Perhimpunan Cina  Selangor Jalan Kampong Attap,3,Berhampiran,KUALA LUMPUR,3.13954,101.697953,7,55c38deb-aae3-44c5-bfac-0bb919effec4,Wilayah Persekutuan Kuala Lumpur,137,WP Kuala Lumpur,1,Awam,1,Berfungsi,158.995,,2,Ground Hydrant,120,Bukit Bintang,0000-00-00,0,KUALA LUMPUR_JLN HANG TUAH_ZON G_WANI_20052015,1,KUALA LUMPUR (WP),88beb013-6a67-4936-9afd-b84a072cb60f
315054,9b7fd45f-b8a0-484d-a988-78d44fff9818,e795beb3-2cda-4ac4-b79d-7953221f1fb6,166,JHT,G,026,JHT-G-026,Depan Wisma KWSG Jalan Kampong Attap,Depan Wisma KWSG Jalan Kampong Attap,4,Tepi,KUALA LUMPUR,3.138696,101.696729,7,55c38deb-aae3-44c5-bfac-0bb919effec4,Wilayah Persekutuan Kuala Lumpur,137,WP Kuala Lumpur,2,Swasta,1,Berfungsi,158.995,,1,Pillar Hydrant,120,Bukit Bintang,0000-00-00,0,KUALA LUMPUR_JLN HANG TUAH_ZON G_WANI_20052015,1,KUALA LUMPUR (WP),88beb013-6a67-4936-9afd-b84a072cb60f
315055,29fa7fed-7c80-4f10-9754-940b11b33985,e795beb3-2cda-4ac4-b79d-7953221f1fb6,166,JHT,G,027,JHT-G-027,Tepi Tangga Belakang Wisma KWSG Jalan Kampung Attap,Tepi Tangga Belakang Wisma KWSG Jalan Kampung Attap,4,Tepi,KUALA LUMPUR,3.138878,101.696298,7,55c38deb-aae3-44c5-bfac-0bb919effec4,Wilayah Persekutuan Kuala Lumpur,137,WP Kuala Lumpur,2,Swasta,1,Berfungsi,158.995,images/img_pili/20171006154342253.jpg,1,Pillar Hydrant,120,Bukit Bintang,0000-00-00,0,KUALA LUMPUR_JLN HANG TUAH_ZON G_WANI_20052015,1,KUALA LUMPUR (WP),88beb013-6a67-4936-9afd-b84a072cb60f
315056,927a43c1-c545-4000-bbd3-91e93fea43a8,e795beb3-2cda-4ac4-b79d-7953221f1fb6,166,JHT,G,028,JHT-G-028,Sebelah Kanan Wisma KWSG Jalan Kampung Attap,Sebelah Kanan Wisma KWSG Jalan Kampung Attap,4,Tepi,KUALA LUMPUR,3.138791,101.696439,7,55c38deb-aae3-44c5-bfac-0bb919effec4,Wilayah Persekutuan Kuala Lumpur,137,WP Kuala Lumpur,2,Swasta,1,Berfungsi,158.995,images/img_pili/20171006154830782.jpg,1,Pillar Hydrant,120,Bukit Bintang,0000-00-00,0,KUALA LUMPUR_JLN HANG TUAH_ZON G_WANI_20052015,108,KUALA LUMPURA (WP),9e34d0e5-3888-45bb-b3f5-462f2a1519cf
315057,4a49c3f3-f350-4c1a-98a2-4561b52b573a,e795beb3-2cda-4ac4-b79d-7953221f1fb6,166,JHT,G,029,JHT-G-029,Depan Kedai Pembekal Makanan Beku Jalan Kampong Attap,Depan Kedai Pembekal Makanan Beku Jalan Kampong Attap,1,Hadapan,KUALA LUMPUR,3.137668,101.697226,7,55c38deb-aae3-44c5-bfac-0bb919effec4,Wilayah Persekutuan Kuala Lumpur,137,WP Kuala Lumpur,1,Awam,1,Berfungsi,252.96,images/img_pili/20171006154940556.jpg,2,Ground Hydrant,120,Bukit Bintang,0000-00-00,0,KUALA LUMPUR_JLN HANG TUAH_ZON G_WANI_20052015,1,KUALA LUMPUR (WP),88beb013-6a67-4936-9afd-b84a072cb60f
315058,664a17d4-8483-49bc-ba39-88a8cab78790,e795beb3-2cda-4ac4-b79d-7953221f1fb6,166,JHT,G,030,JHT-G-030,Depan Yayasan Pembangunan Ekonomi Islam Jalan Kampong Attap,Depan Yayasan Pembangunan Ekonomi Islam Jalan Kampong Attap,4,Tepi,KUALA LUMPUR,3.137541,101.695989,7,55c38deb-aae3-44c5-bfac-0bb919effec4,Wilayah Persekutuan Kuala Lumpur,137,WP Kuala Lumpur,1,Awam,1,Berfungsi,252.96,images/img_pili/20171006155101907.jpg,1,Pillar Hydrant,120,Bukit Bintang,0000-00-00,0,KUALA LUMPUR_JLN HANG TUAH_ZON G_WANI_20052015,1,KUALA LUMPUR (WP),88beb013-6a67-4936-9afd-b84a072cb60f
315059,22a4cea1-6d08-473d-b276-1031022b306a,e795beb3-2cda-4ac4-b79d-7953221f1fb6,166,JHT,G,031,JHT-G-031,Depan Bangunan Janas Sdn Bhd Jalan Kampong Attap,Depan Bangunan Janas Sdn Bhd Jalan Kampong Attap,1,Hadapan,KUALA LUMPUR,3.137535,101.697135,7,55c38deb-aae3-44c5-bfac-0bb919effec4,Wilayah Persekutuan Kuala Lumpur,137,WP Kuala Lumpur,1,Awam,1,Berfungsi,252.96,images/img_pili/20171006155329497.jpg,1,Pillar Hydrant,120,Bukit Bintang,0000-00-00,0,KUALA LUMPUR_JLN HANG TUAH_ZON G_WANI_20052015,1,KUALA LUMPUR (WP),88beb013-6a67-4936-9afd-b84a072cb60f
315060,40c86a9b-bdfd-44fc-9c5e-b2c50c801b6d,e795beb3-2cda-4ac4-b79d-7953221f1fb6,166,JHT,G,032,JHT-G-032,Depan Wisma Almia Jalan Manau Off Jalan Kampong Attap,Depan Wisma Almia Jalan Manau Off Jalan Kampong Attap,1,Hadapan,KUALA LUMPUR,3.137406,101.696249,7,55c38deb-aae3-44c5-bfac-0bb919effec4,Wilayah Persekutuan Kuala Lumpur,137,WP Kuala Lumpur,1,Awam,1,Berfungsi,252.96,images/img_pili/20171006155842874.jpg,1,Pillar Hydrant,120,Bukit Bintang,0000-00-00,0,KUALA LUMPUR_JLN HANG TUAH_ZON G_WANI_20052015,108,KUALA LUMPURA (WP),9e34d0e5-3888-45bb-b3f5-462f2a1519cf
315061,fcda449b-f746-44a6-928f-2bf96fdd86f9,e795beb3-2cda-4ac4-b79d-7953221f1fb6,166,JHT,G,033,JHT-G-033,KAMPONG ATTAP,Depan Bangunan No.10 Jalan Manau Off Jalan Kampong Attap,4,Tepi,KUALA LUMPUR,3.137192,101.696561,7,55c38deb-aae3-44c5-bfac-0bb919effec4,Wilayah Persekutuan Kuala Lumpur,137,WP Kuala Lumpur,1,Awam,1,Berfungsi,252.96,,1,Pillar Hydrant,120,Bukit Bintang,0000-00-00,0,KUALA LUMPUR_JLN HANG TUAH_ZON G_WANI_20052015,1,KUALA LUMPUR (WP),88beb013-6a67-4936-9afd-b84a072cb60f
315062,eef4483d-3c85-456b-9033-ef98cbb11e6f,e795beb3-2cda-4ac4-b79d-7953221f1fb6,166,JHT,G,034,JHT-G-034,Tepi Asrama Belia Jalan Kampong Attap,Tepi Asrama Belia Jalan Kampong Attap,4,Tepi,KUALA LUMPUR,3.137249,101.696331,7,55c38deb-aae3-44c5-bfac-0bb919effec4,Wilayah Persekutuan Kuala Lumpur,137,WP Kuala Lumpur,1,Awam,1,Berfungsi,252.96,images/img_pili/20171006155952712.jpg,1,Pillar Hydrant,120,Bukit Bintang,0000-00-00,0,KUALA LUMPUR_JLN HANG TUAH_ZON G_WANI_20052015,1,KUALA LUMPUR (WP),88beb013-6a67-4936-9afd-b84a072cb60f
315063,f807f69c-82ba-4e61-9d94-107c1087a5ef,e795beb3-2cda-4ac4-b79d-7953221f1fb6,166,JHT,G,035,JHT-G-035,Pintu Masuk Impian Kota Jalan Kampong Attap,Pintu Masuk Impian Kota Jalan Kampong Attap,4,Tepi,KUALA LUMPUR,3.137532,101.697189,7,55c38deb-aae3-44c5-bfac-0bb919effec4,Wilayah Persekutuan Kuala Lumpur,137,WP Kuala Lumpur,2,Swasta,1,Berfungsi,252.96,images/img_pili/20171006160110661.jpg,1,Pillar Hydrant,120,Bukit Bintang,0000-00-00,0,KUALA LUMPUR_JLN HANG TUAH_ZON G_WANI_20052015,1,KUALA LUMPUR (WP),88beb013-6a67-4936-9afd-b84a072cb60f
315064,a899376f-6e84-4cc3-b226-b29f56bde834,e795beb3-2cda-4ac4-b79d-7953221f1fb6,166,JHT,G,036,JHT-G-036,Belakang Impian Kota Jalan Kampong Attap,Belakang Impian Kota Jalan Kampong Attap,2,Belakang,KUALA LUMPUR,3.136868,101.696695,7,55c38deb-aae3-44c5-bfac-0bb919effec4,Wilayah Persekutuan Kuala Lumpur,137,WP Kuala Lumpur,2,Swasta,1,Berfungsi,252.96,images/img_pili/20171006160220474.jpg,1,Pillar Hydrant,120,Bukit Bintang,0000-00-00,0,KUALA LUMPUR_JLN HANG TUAH_ZON G_WANI_20052015,1,KUALA LUMPUR (WP),88beb013-6a67-4936-9afd-b84a072cb60f
315065,d7e8fa4b-6eea-4377-8e76-401e211374ea,e795beb3-2cda-4ac4-b79d-7953221f1fb6,166,JHT,G,037,JHT-G-037,Sebelah Tepi Bangunan Asrama No.1 Jalan Kampong Attap,Sebelah Tepi Bangunan Asrama No.1 Jalan Kampong Attap,4,Tepi,KUALA LUMPUR,3.137299,101.6964,7,55c38deb-aae3-44c5-bfac-0bb919effec4,Wilayah Persekutuan Kuala Lumpur,137,WP Kuala Lumpur,1,Awam,1,Berfungsi,158.995,images/img_pili/20171006160333246.jpg,1,Pillar Hydrant,120,Bukit Bintang,0000-00-00,0,KUALA LUMPUR_JLN HANG TUAH_ZON G_WANI_20052015,1,KUALA LUMPUR (WP),88beb013-6a67-4936-9afd-b84a072cb60f
315066,e2183e8a-acd3-4af0-aed7-7c6b08dba719,e795beb3-2cda-4ac4-b79d-7953221f1fb6,166,JHT,G,038,JHT-G-038,Tepi Bangunan No.76 Restoran kari kepala ikan Jalan Kampong Attap,Tepi Bangunan No.76 Restoran kari kepala ikan Jalan Kampong Attap,4,Tepi,KUALA LUMPUR,3.137158,101.695623,7,55c38deb-aae3-44c5-bfac-0bb919effec4,Wilayah Persekutuan Kuala Lumpur,137,WP Kuala Lumpur,1,Awam,1,Berfungsi,158.995,images/img_pili/20171006160445532.jpg,1,Pillar Hydrant,120,Bukit Bintang,0000-00-00,0,KUALA LUMPUR_JLN HANG TUAH_ZON G_WANI_20052015,1,KUALA LUMPUR (WP),88beb013-6a67-4936-9afd-b84a072cb60f
315067,31c74915-5c90-4562-8322-e19c512e9d6a,e795beb3-2cda-4ac4-b79d-7953221f1fb6,166,JHT,G,039,JHT-G-039,Depan Pintu Masuk Wisma Tun Sambanthan Jalan Sultan Sulaiman,Depan Pintu Masuk Wisma Tun Sambanthan Jalan Sultan Sulaiman,4,Tepi,KUALA LUMPUR,3.139538,101.696596,7,55c38deb-aae3-44c5-bfac-0bb919effec4,Wilayah Persekutuan Kuala Lumpur,137,WP Kuala Lumpur,2,Swasta,1,Berfungsi,158.995,images/img_pili/20171006160714542.jpg,1,Pillar Hydrant,120,Bukit Bintang,0000-00-00,0,KUALA LUMPUR_JLN HANG TUAH_ZON G_WANI_20052015,1,KUALA LUMPUR (WP),88beb013-6a67-4936-9afd-b84a072cb60f
315068,a1ac80a4-4715-4cee-b6bb-2cfdc2deba5f,e795beb3-2cda-4ac4-b79d-7953221f1fb6,166,JHT,G,040,JHT-G-040,Sebelah Kiri Belakang Sime Bank Jalan Tun H.S Lee,Sebelah Kiri Belakang Sime Bank Jalan Tun H.S Lee,2,Belakang,KUALA LUMPUR,3.139431,101.695402,7,55c38deb-aae3-44c5-bfac-0bb919effec4,Wilayah Persekutuan Kuala Lumpur,137,WP Kuala Lumpur,1,Awam,1,Berfungsi,252.96,images/img_pili/20171006160557494.jpg,1,Pillar Hydrant,120,Bukit Bintang,0000-00-00,0,KUALA LUMPUR_JLN HANG TUAH_ZON G_WANI_20052015,1,KUALA LUMPUR (WP),88beb013-6a67-4936-9afd-b84a072cb60f
315069,37d500bb-814f-43f8-99b4-b9d8b43a9f69,e795beb3-2cda-4ac4-b79d-7953221f1fb6,166,JHT,G,041,JHT-G-041,Belakang Bangunan Sime Bank Dekat Parking Jalan Tun H.s Lee,Belakang Bangunan Sime Bank Dekat Parking Jalan Tun H.s Lee,2,Belakang,KUALA LUMPUR,3.139699,101.695649,7,55c38deb-aae3-44c5-bfac-0bb919effec4,Wilayah Persekutuan Kuala Lumpur,137,WP Kuala Lumpur,1,Awam,1,Berfungsi,252.96,images/img_pili/20171006160819718.jpg,1,Pillar Hydrant,120,Bukit Bintang,0000-00-00,0,KUALA LUMPUR_JLN HANG TUAH_ZON G_WANI_20052015,1,KUALA LUMPUR (WP),88beb013-6a67-4936-9afd-b84a072cb60f
315070,f4261d8c-3c4d-4813-9f63-50bde63a7602,e795beb3-2cda-4ac4-b79d-7953221f1fb6,166,JHT,G,042,JHT-G-042,Belakang Stesen Keretapi Jalan Cheng Lock,Belakang Stesen Keretapi Jalan Cheng Lock,2,Belakang,KUALA LUMPUR,3.139844,101.694,7,55c38deb-aae3-44c5-bfac-0bb919effec4,Wilayah Persekutuan Kuala Lumpur,137,WP Kuala Lumpur,1,Awam,1,Berfungsi,252.96,,1,Pillar Hydrant,120,Bukit Bintang,0000-00-00,0,KUALA LUMPUR_JLN HANG TUAH_ZON G_WANI_20052015,1,KUALA LUMPUR (WP),88beb013-6a67-4936-9afd-b84a072cb60f
315071,27fb5d7b-8458-4263-8fc2-d2b64c3086ad,e795beb3-2cda-4ac4-b79d-7953221f1fb6,166,JHT,G,043,JHT-G-043,JALAN HISAMUDIN,Depan Stesen Keretapi Tanah Melayu Jalan Hishamudin,4,Tepi,KUALA LUMPUR,3.139396,101.694056,7,55c38deb-aae3-44c5-bfac-0bb919effec4,Wilayah Persekutuan Kuala Lumpur,137,WP Kuala Lumpur,1,Awam,1,Berfungsi,252.96,,1,Pillar Hydrant,120,Bukit Bintang,0000-00-00,0,KUALA LUMPUR_JLN HANG TUAH_ZON G_WANI_20052015,1,KUALA LUMPUR (WP),88beb013-6a67-4936-9afd-b84a072cb60f
315072,8a551026-aaf1-4d00-9cd4-660a9c8f09d4,e795beb3-2cda-4ac4-b79d-7953221f1fb6,166,JHT,G,044,JHT-G-044,JALAN HISAMUDIN,Depan Bangunan Mahkamah Syariah Wilayah Persekutuan Kuala Lumpur,1,Hadapan,KUALA LUMPUR,3.138278,101.692464,7,55c38deb-aae3-44c5-bfac-0bb919effec4,Wilayah Persekutuan Kuala Lumpur,137,WP Kuala Lumpur,2,Swasta,1,Berfungsi,252.96,,1,Pillar Hydrant,120,Bukit Bintang,0000-00-00,0,KUALA LUMPUR_JLN HANG TUAH_ZON G_WANI_20052015,1,KUALA LUMPUR (WP),88beb013-6a67-4936-9afd-b84a072cb60f
315073,31e7e153-ed25-4699-a129-80fee7241a98,e795beb3-2cda-4ac4-b79d-7953221f1fb6,166,JHT,G,045,JHT-G-045,JALAN HISAMUDIN,Depan Bangunan Dataran Kewangan Darul Takaful Jalan Sultan Hishamudin,1,Hadapan,KUALA LUMPUR,3.139604,101.696376,7,55c38deb-aae3-44c5-bfac-0bb919effec4,Wilayah Persekutuan Kuala Lumpur,137,WP Kuala Lumpur,2,Swasta,1,Berfungsi,252.96,,1,Pillar Hydrant,120,Bukit Bintang,0000-00-00,0,KUALA LUMPUR_JLN HANG TUAH_ZON G_WANI_20052015,1,KUALA LUMPUR (WP),88beb013-6a67-4936-9afd-b84a072cb60f
315074,3780587b-6491-4dd5-a3b3-6b1c041530f6,e795beb3-2cda-4ac4-b79d-7953221f1fb6,166,JHT,G,046,JHT-G-046,Depan Pejabat PBSM Jalan Lengkok Belfield Off Jalan Wisma Putra,Depan Pejabat PBSM Jalan Lengkok Belfield Off Jalan Wisma Putra,1,Hadapan,KUALA LUMPUR,3.133054,101.701266,7,55c38deb-aae3-44c5-bfac-0bb919effec4,Wilayah Persekutuan Kuala Lumpur,137,WP Kuala Lumpur,2,Swasta,2,Tidak Berfungsi,0,images/img_pili/20171004104730293.jpg,1,Pillar Hydrant,120,Bukit Bintang,0000-00-00,0,KUALA LUMPUR_JLN HANG TUAH_ZON G_WANI_20052015,1,KUALA LUMPUR (WP),88beb013-6a67-4936-9afd-b84a072cb60f
315075,ef43643a-e3e7-4bc5-abb1-38ba1cdf6527,e795beb3-2cda-4ac4-b79d-7953221f1fb6,166,JHT,G,047,JHT-G-047,Belakang Pejabat PBSM Jalan Lengkok Belfield Off Jalan Wisma Putra,Belakang Pejabat PBSM Jalan Lengkok Belfield Off Jalan Wisma Putra,2,Belakang,KUALA LUMPUR,3.133375,101.700429,7,55c38deb-aae3-44c5-bfac-0bb919effec4,Wilayah Persekutuan Kuala Lumpur,137,WP Kuala Lumpur,2,Swasta,2,Tidak Berfungsi,0,images/img_pili/201710041049239.jpg,1,Pillar Hydrant,120,Bukit Bintang,0000-00-00,0,KUALA LUMPUR_JLN HANG TUAH_ZON G_WANI_20052015,1,KUALA LUMPUR (WP),88beb013-6a67-4936-9afd-b84a072cb60f
315076,d8c3fcf5-6c99-4205-91b7-9f472ed344be,e795beb3-2cda-4ac4-b79d-7953221f1fb6,166,JHT,G,048,JHT-G-048,Best Western Premier Dua sentral,Best Western Premier Dua sentral,4,Tepi,KUALA LUMPUR,3.136789,101.69251,7,55c38deb-aae3-44c5-bfac-0bb919effec4,Wilayah Persekutuan Kuala Lumpur,137,WP Kuala Lumpur,2,Swasta,1,Berfungsi,252.96,,1,Pillar Hydrant,120,Bukit Bintang,0000-00-00,0,KUALA LUMPUR_JLN HANG TUAH_ZON G_WANI_20052015,1,KUALA LUMPUR (WP),88beb013-6a67-4936-9afd-b84a072cb60f
315077,4e279693-0a45-432e-be12-6e25b4df18d4,e795beb3-2cda-4ac4-b79d-7953221f1fb6,166,JHT,G,049,JHT-G-049,Best Western Premier Dua sentral,Best Western Premier Dua sentral,4,Tepi,KUALA LUMPUR,3.13685,101.692239,7,55c38deb-aae3-44c5-bfac-0bb919effec4,Wilayah Persekutuan Kuala Lumpur,137,WP Kuala Lumpur,2,Swasta,1,Berfungsi,194.729,,1,Pillar Hydrant,120,Bukit Bintang,0000-00-00,0,KUALA LUMPUR_JLN HANG TUAH_ZON G_WANI_20052015,1,KUALA LUMPUR (WP),88beb013-6a67-4936-9afd-b84a072cb60f
315078,3b57fde8-9c0c-4bc0-8c50-bcce4fb1bf55,e795beb3-2cda-4ac4-b79d-7953221f1fb6,166,JHT,G,050,JHT-G-050,	 Best Western Premier Dua sentral,Best Western Premier Dua sentral,4,Tepi,KUALA LUMPUR,3.136572,101.692169,7,55c38deb-aae3-44c5-bfac-0bb919effec4,Wilayah Persekutuan Kuala Lumpur,137,WP Kuala Lumpur,2,Swasta,1,Berfungsi,194.729,,1,Pillar Hydrant,120,Bukit Bintang,0000-00-00,0,KUALA LUMPUR_JLN HANG TUAH_ZON G_WANI_20052015,1,KUALA LUMPUR (WP),88beb013-6a67-4936-9afd-b84a072cb60f
315079,a6e50885-addb-426d-b992-0bc6052b8625,e795beb3-2cda-4ac4-b79d-7953221f1fb6,166,JHT,G,051,JHT-G-051,Best Western Premier Dua sentral,Best Western Premier Dua sentral,4,Tepi,KUALA LUMPUR,3.137065,101.692615,7,55c38deb-aae3-44c5-bfac-0bb919effec4,Wilayah Persekutuan Kuala Lumpur,137,WP Kuala Lumpur,2,Swasta,1,Berfungsi,194.729,,1,Pillar Hydrant,120,Bukit Bintang,0000-00-00,0,KUALA LUMPUR_JLN HANG TUAH_ZON G_WANI_20052015,1,KUALA LUMPUR (WP),88beb013-6a67-4936-9afd-b84a072cb60f
508839,c430d97f-bbbc-4225-8817-1b30723070dd,e795beb3-2cda-4ac4-b79d-7953221f1fb6,166,JHT,G,052,JHT-G-052,Sebelah Kiri Wisma Tun Sambanthan Jalan Sultan Sulaiman,Sebelah Kiri Wisma Tun Sambanthan Jalan Sultan Sulaiman,5,Kiri,,3.139857,101.696595,7,55c38deb-aae3-44c5-bfac-0bb919effec4,Wilayah Persekutuan Kuala Lumpur,137,WP Kuala Lumpur,2,Swasta,1,Berfungsi,158.995,images/img_pili/20171006152351670.jpg,1,Pillar Hydrant,120,Bukit Bintang,0000-00-00,0,,45,KUALA LMPUR (WP),08d3c005-65d8-4c9b-b86d-53759fd3dff4
508841,46ef1c70-c8f0-4c9d-934d-b981c60df060,e795beb3-2cda-4ac4-b79d-7953221f1fb6,166,JHT,G,053,JHT-G-053,Belakang Wisma Tun Sambanthan Jalan Sultan Silaiman,,2,Belakang,,3.139599,101.69667,7,55c38deb-aae3-44c5-bfac-0bb919effec4,Wilayah Persekutuan Kuala Lumpur,137,WP Kuala Lumpur,2,Swasta,1,Berfungsi,252.96,images/img_pili/20171006151745598.,1,Pillar Hydrant,120,Bukit Bintang,0000-00-00,0,,45,KUALA LMPUR (WP),08d3c005-65d8-4c9b-b86d-53759fd3dff4
505954,bef7f85a-2627-411a-b93c-0c89283d5b6c,e795beb3-2cda-4ac4-b79d-7953221f1fb6,166,JHT,H,001,JHT-H-001,Belakang DBP Jalan Lapangan Terbang Lama,,2,Belakang,,3.135125,101.703674,7,55c38deb-aae3-44c5-bfac-0bb919effec4,Wilayah Persekutuan Kuala Lumpur,137,WP Kuala Lumpur,2,Swasta,4,Hilang,,images/img_pili/20170804081642792.,1,Pillar Hydrant,120,Bukit Bintang,0000-00-00,0,,1,KUALA LUMPUR (WP),88beb013-6a67-4936-9afd-b84a072cb60f
505955,5c9e5a07-331d-41a1-9fff-ba0ecc4f02c0,e795beb3-2cda-4ac4-b79d-7953221f1fb6,166,JHT,H,002,JHT-H-002,Tepi Pagar Depan Pintu Masuk Muzium DBP,,4,Tepi,,3.135103,101.703299,7,55c38deb-aae3-44c5-bfac-0bb919effec4,Wilayah Persekutuan Kuala Lumpur,137,WP Kuala Lumpur,1,Awam,1,Berfungsi,252.96,images/img_pili/20170804082027106.,2,Ground Hydrant,120,Bukit Bintang,0000-00-00,0,,1,KUALA LUMPUR (WP),88beb013-6a67-4936-9afd-b84a072cb60f
505956,53c35880-647f-487b-a38d-04f164aea532,e795beb3-2cda-4ac4-b79d-7953221f1fb6,166,JHT,H,003,JHT-H-003,Depan Bangunan Baru DBP Jalan Wisma Putra,,1,Hadapan,,3.134814,101.703127,7,55c38deb-aae3-44c5-bfac-0bb919effec4,Wilayah Persekutuan Kuala Lumpur,137,WP Kuala Lumpur,2,Swasta,1,Berfungsi,252.96,images/img_pili/20170804082548736.,1,Pillar Hydrant,120,Bukit Bintang,0000-00-00,0,,108,KUALA LUMPURA (WP),9e34d0e5-3888-45bb-b3f5-462f2a1519cf
505957,aa476b21-24d2-46dc-a76e-bc2a244dc338,e795beb3-2cda-4ac4-b79d-7953221f1fb6,166,JHT,H,004,JHT-H-004,Sebelah Kanan Bangunan Baru BDP Jalan Wisma Putra,,6,Kanan,,3.134118,101.70332,7,55c38deb-aae3-44c5-bfac-0bb919effec4,Wilayah Persekutuan Kuala Lumpur,137,WP Kuala Lumpur,2,Swasta,1,Berfungsi,252.96,images/img_pili/20170804083117422.,1,Pillar Hydrant,120,Bukit Bintang,0000-00-00,0,,108,KUALA LUMPURA (WP),9e34d0e5-3888-45bb-b3f5-462f2a1519cf
505958,bdc19613-8e75-427f-a0fb-21b1b01fea4b,e795beb3-2cda-4ac4-b79d-7953221f1fb6,166,JHT,H,005,JHT-H-005,Belakang Bangunan Baru DBP Jalan Wisma Putra,,2,Belakang,,3.133743,101.704093,7,55c38deb-aae3-44c5-bfac-0bb919effec4,Wilayah Persekutuan Kuala Lumpur,137,WP Kuala Lumpur,2,Swasta,1,Berfungsi,357.74,images/img_pili/20170804083357436.,1,Pillar Hydrant,120,Bukit Bintang,0000-00-00,0,,1,KUALA LUMPUR (WP),88beb013-6a67-4936-9afd-b84a072cb60f
505959,6ab0d19e-d3bd-4986-9f59-f3bda14bd477,e795beb3-2cda-4ac4-b79d-7953221f1fb6,166,JHT,H,006,JHT-H-006,Berhampiran Gelanggang Tenis Wisma Putra,,3,Berhampiran,,3.133594,101.703323,7,55c38deb-aae3-44c5-bfac-0bb919effec4,Wilayah Persekutuan Kuala Lumpur,137,WP Kuala Lumpur,2,Swasta,1,Berfungsi,357.74,images/img_pili/20170804083755784.,1,Pillar Hydrant,120,Bukit Bintang,0000-00-00,0,,1,KUALA LUMPUR (WP),88beb013-6a67-4936-9afd-b84a072cb60f
505960,4ed8f0cc-a802-40d2-b10b-5fd9924865d6,e795beb3-2cda-4ac4-b79d-7953221f1fb6,166,JHT,H,007,JHT-H-007,Dekat Gelanggang Tenis Wisma Putra,,3,Berhampiran,,3.133594,101.703323,7,55c38deb-aae3-44c5-bfac-0bb919effec4,Wilayah Persekutuan Kuala Lumpur,137,WP Kuala Lumpur,2,Swasta,1,Berfungsi,357.74,images/img_pili/20170804085351443.,1,Pillar Hydrant,120,Bukit Bintang,0000-00-00,0,,1,KUALA LUMPUR (WP),88beb013-6a67-4936-9afd-b84a072cb60f
505961,93994458-be65-455b-be52-34b3003e3814,e795beb3-2cda-4ac4-b79d-7953221f1fb6,166,JHT,H,008,JHT-H-008,Tepi Jalan Masuk Bangunan Wisma Putra,,4,Tepi,,3.133867,101.702786,7,55c38deb-aae3-44c5-bfac-0bb919effec4,Wilayah Persekutuan Kuala Lumpur,137,WP Kuala Lumpur,2,Swasta,1,Berfungsi,357.74,images/img_pili/20170804085604610.,1,Pillar Hydrant,120,Bukit Bintang,0000-00-00,0,,1,KUALA LUMPUR (WP),88beb013-6a67-4936-9afd-b84a072cb60f
505962,d61b803c-230c-4225-9ba3-63453b6f9907,e795beb3-2cda-4ac4-b79d-7953221f1fb6,166,JHT,H,009,JHT-H-009,Depan Pintu Masuk Parking Wisma Putra,,1,Hadapan,,3.133177,101.703735,7,55c38deb-aae3-44c5-bfac-0bb919effec4,Wilayah Persekutuan Kuala Lumpur,137,WP Kuala Lumpur,2,Swasta,1,Berfungsi,158.995,images/img_pili/20170804093206145.,1,Pillar Hydrant,120,Bukit Bintang,0000-00-00,0,,1,KUALA LUMPUR (WP),88beb013-6a67-4936-9afd-b84a072cb60f
505963,726e8534-1b3c-4f0e-bffa-0ee974b73f12,e795beb3-2cda-4ac4-b79d-7953221f1fb6,166,JHT,H,010,JHT-H-010,Depan Bangunan Auditorium Blok C,,1,Hadapan,,3.132861,101.703815,7,55c38deb-aae3-44c5-bfac-0bb919effec4,Wilayah Persekutuan Kuala Lumpur,137,WP Kuala Lumpur,2,Swasta,1,Berfungsi,158.995,images/img_pili/20170804093358396.,1,Pillar Hydrant,120,Bukit Bintang,0000-00-00,0,,1,KUALA LUMPUR (WP),88beb013-6a67-4936-9afd-b84a072cb60f
505964,aa6f5dc7-ba6c-43c4-90be-542d113a5e05,e795beb3-2cda-4ac4-b79d-7953221f1fb6,166,JHT,H,011,JHT-H-011,Depan Wakaf Wisma Putra,,1,Hadapan,,3.132617,101.70278,7,55c38deb-aae3-44c5-bfac-0bb919effec4,Wilayah Persekutuan Kuala Lumpur,137,WP Kuala Lumpur,2,Swasta,1,Berfungsi,158.995,images/img_pili/20170804093642509.,1,Pillar Hydrant,120,Bukit Bintang,0000-00-00,0,,1,KUALA LUMPUR (WP),88beb013-6a67-4936-9afd-b84a072cb60f
505965,5841493c-53ab-4764-a012-3975b82840f0,e795beb3-2cda-4ac4-b79d-7953221f1fb6,166,JHT,H,012,JHT-H-012,Depan Bangunan Utama Wisma Putra,,1,Hadapan,,3.13318,101.702587,7,55c38deb-aae3-44c5-bfac-0bb919effec4,Wilayah Persekutuan Kuala Lumpur,137,WP Kuala Lumpur,2,Swasta,1,Berfungsi,158.995,images/img_pili/20170804093950850.,1,Pillar Hydrant,120,Bukit Bintang,0000-00-00,0,,1,KUALA LUMPUR (WP),88beb013-6a67-4936-9afd-b84a072cb60f
505966,db46eb28-5f5e-42bc-b777-9076f36f2e49,e795beb3-2cda-4ac4-b79d-7953221f1fb6,166,JHT,H,013,JHT-H-013,Hadapan United Nation No 570 Bukit Petaling,,1,Hadapan,,3.13085,101.699265,7,55c38deb-aae3-44c5-bfac-0bb919effec4,Wilayah Persekutuan Kuala Lumpur,137,WP Kuala Lumpur,1,Awam,1,Berfungsi,252.96,images/img_pili/20170804094242243.,1,Pillar Hydrant,120,Bukit Bintang,0000-00-00,0,,1,KUALA LUMPUR (WP),88beb013-6a67-4936-9afd-b84a072cb60f
505967,82290543-f327-4093-af60-cfcc556ef130,e795beb3-2cda-4ac4-b79d-7953221f1fb6,166,JHT,H,014,JHT-H-014,Rumah Kakitangan Mohor Besar Raja-Raja,,1,Hadapan,,3.130562,101.698543,7,55c38deb-aae3-44c5-bfac-0bb919effec4,Wilayah Persekutuan Kuala Lumpur,137,WP Kuala Lumpur,2,Swasta,1,Berfungsi,252.96,images/img_pili/20170804094521564.,1,Pillar Hydrant,120,Bukit Bintang,0000-00-00,0,,1,KUALA LUMPUR (WP),88beb013-6a67-4936-9afd-b84a072cb60f
505968,bb7fb706-e165-4696-942d-5ce704419127,e795beb3-2cda-4ac4-b79d-7953221f1fb6,166,JHT,H,015,JHT-H-015,Depan Pejabat Mohor Besar Raja-Raja,,1,Hadapan,,3.130764,101.697895,7,55c38deb-aae3-44c5-bfac-0bb919effec4,Wilayah Persekutuan Kuala Lumpur,137,WP Kuala Lumpur,2,Swasta,1,Berfungsi,252.96,images/img_pili/20170804094759858.,1,Pillar Hydrant,120,Bukit Bintang,0000-00-00,0,,1,KUALA LUMPUR (WP),88beb013-6a67-4936-9afd-b84a072cb60f
505969,0636df7d-3086-4811-8998-a742c1e55407,e795beb3-2cda-4ac4-b79d-7953221f1fb6,166,JHT,H,016,JHT-H-016,Depan Pejabat Telekom Jalan Bellamy,,1,Hadapan,,3.131735,101.693855,7,55c38deb-aae3-44c5-bfac-0bb919effec4,Wilayah Persekutuan Kuala Lumpur,137,WP Kuala Lumpur,2,Swasta,1,Berfungsi,252.96,images/img_pili/20170804095035150.,1,Pillar Hydrant,120,Bukit Bintang,0000-00-00,0,,1,KUALA LUMPUR (WP),88beb013-6a67-4936-9afd-b84a072cb60f
505970,44a86853-d759-41e7-94cd-cbba6f3b9788,e795beb3-2cda-4ac4-b79d-7953221f1fb6,166,JHT,H,017,JHT-H-017,Tepi Rumah Kakitangan Istana Blok 2,,4,Tepi,,3.13175,101.694253,7,55c38deb-aae3-44c5-bfac-0bb919effec4,Wilayah Persekutuan Kuala Lumpur,137,WP Kuala Lumpur,2,Swasta,1,Berfungsi,357.74,images/img_pili/2017080409550991.,1,Pillar Hydrant,120,Bukit Bintang,0000-00-00,0,,1,KUALA LUMPUR (WP),88beb013-6a67-4936-9afd-b84a072cb60f
505971,8320f569-254e-4410-97a2-4f2ccf4cf31f,e795beb3-2cda-4ac4-b79d-7953221f1fb6,166,JHT,H,018,JHT-H-018,Tepi Rumah Kakitangan Istana Jalan Bellamy,,4,Tepi,,3.131051,101.694867,7,55c38deb-aae3-44c5-bfac-0bb919effec4,Wilayah Persekutuan Kuala Lumpur,137,WP Kuala Lumpur,2,Swasta,1,Berfungsi,357.74,images/img_pili/20170804102459405.,1,Pillar Hydrant,120,Bukit Bintang,0000-00-00,0,,1,KUALA LUMPUR (WP),88beb013-6a67-4936-9afd-b84a072cb60f
505972,e3b2628f-b24f-43b9-b8b0-e691dce6f621,e795beb3-2cda-4ac4-b79d-7953221f1fb6,166,JHT,H,019,JHT-H-019,Depan Kedai Makan Jalan Bellamy,,1,Hadapan,,3.130619,101.694843,7,55c38deb-aae3-44c5-bfac-0bb919effec4,Wilayah Persekutuan Kuala Lumpur,137,WP Kuala Lumpur,1,Awam,1,Berfungsi,357.74,images/img_pili/20170804102853380.,1,Pillar Hydrant,120,Bukit Bintang,0000-00-00,0,,1,KUALA LUMPUR (WP),88beb013-6a67-4936-9afd-b84a072cb60f
505973,bedfe4ca-af29-495b-882b-1e89a6404f47,e795beb3-2cda-4ac4-b79d-7953221f1fb6,166,JHT,H,020,JHT-H-020,Depan Pintu Masuk Istana Negara,,1,Hadapan,,3.132335,101.696837,7,55c38deb-aae3-44c5-bfac-0bb919effec4,Wilayah Persekutuan Kuala Lumpur,137,WP Kuala Lumpur,2,Swasta,1,Berfungsi,357.74,images/img_pili/20170804103136753.,1,Pillar Hydrant,120,Bukit Bintang,0000-00-00,0,,1,KUALA LUMPUR (WP),88beb013-6a67-4936-9afd-b84a072cb60f
505974,495fc393-d03c-472a-93ac-80f40c391951,e795beb3-2cda-4ac4-b79d-7953221f1fb6,166,JHT,H,021,JHT-H-021,Belakang Bangunan kelab Sukan Negara,,2,Belakang,,3.132378,101.697797,7,55c38deb-aae3-44c5-bfac-0bb919effec4,Wilayah Persekutuan Kuala Lumpur,137,WP Kuala Lumpur,2,Swasta,1,Berfungsi,158.995,images/img_pili/20170804103346144.,1,Pillar Hydrant,120,Bukit Bintang,0000-00-00,0,,1,KUALA LUMPUR (WP),88beb013-6a67-4936-9afd-b84a072cb60f
505975,be2a3c7b-3498-44d8-9415-ae2c5571d5ba,e795beb3-2cda-4ac4-b79d-7953221f1fb6,166,JHT,H,022,JHT-H-022,Sebelah Kanan Depan Istana Negara,,6,Kanan,,3.13278,101.696274,7,55c38deb-aae3-44c5-bfac-0bb919effec4,Wilayah Persekutuan Kuala Lumpur,137,WP Kuala Lumpur,2,Swasta,2,Tidak Berfungsi,0,images/img_pili/20170804103538453.,2,Ground Hydrant,120,Bukit Bintang,0000-00-00,0,,1,KUALA LUMPUR (WP),88beb013-6a67-4936-9afd-b84a072cb60f
505976,8d30d018-72dc-4c24-aa08-97e07ba03b60,e795beb3-2cda-4ac4-b79d-7953221f1fb6,166,JHT,H,023,JHT-H-023,Hadapan Sebelah Kiri Istana Negara,,5,Kiri,,3.132694,101.695357,7,55c38deb-aae3-44c5-bfac-0bb919effec4,Wilayah Persekutuan Kuala Lumpur,137,WP Kuala Lumpur,2,Swasta,2,Tidak Berfungsi,0,images/img_pili/20170804103707406.,2,Ground Hydrant,120,Bukit Bintang,0000-00-00,0,,1,KUALA LUMPUR (WP),88beb013-6a67-4936-9afd-b84a072cb60f
505977,6304db0c-7c0e-464b-b159-65ead6ca362e,e795beb3-2cda-4ac4-b79d-7953221f1fb6,166,JHT,H,024,JHT-H-024,Belakang Istana Depaan Balai Polis Istana,,2,Belakang,,3.131971,101.695502,7,55c38deb-aae3-44c5-bfac-0bb919effec4,Wilayah Persekutuan Kuala Lumpur,137,WP Kuala Lumpur,2,Swasta,1,Berfungsi,252.96,images/img_pili/20170804103923595.,1,Pillar Hydrant,120,Bukit Bintang,0000-00-00,0,,1,KUALA LUMPUR (WP),88beb013-6a67-4936-9afd-b84a072cb60f
505978,7de87916-b79f-46ef-98cf-b135aaf1eeb6,e795beb3-2cda-4ac4-b79d-7953221f1fb6,166,JHT,H,025,JHT-H-025,Dalam kawasan tadika telekom Jalan Bellamy,,3,Berhampiran,,3.130771,101.693173,7,55c38deb-aae3-44c5-bfac-0bb919effec4,Wilayah Persekutuan Kuala Lumpur,137,WP Kuala Lumpur,2,Swasta,1,Berfungsi,252.96,images/img_pili/20170804104130909.,1,Pillar Hydrant,120,Bukit Bintang,0000-00-00,0,,1,KUALA LUMPUR (WP),88beb013-6a67-4936-9afd-b84a072cb60f
505979,eefc1371-f4a4-45f7-94ac-e3ea0bcaf33a,e795beb3-2cda-4ac4-b79d-7953221f1fb6,166,JHT,H,026,JHT-H-026,Berhampiran Pondok Pengawal Biro tatanegara,,3,Berhampiran,,3.129143,101.698404,7,55c38deb-aae3-44c5-bfac-0bb919effec4,Wilayah Persekutuan Kuala Lumpur,137,WP Kuala Lumpur,2,Swasta,2,Tidak Berfungsi,0,images/img_pili/2017080410441446.,1,Pillar Hydrant,120,Bukit Bintang,0000-00-00,0,,1,KUALA LUMPUR (WP),88beb013-6a67-4936-9afd-b84a072cb60f
505980,a5940902-0acd-4d00-bbfc-70cfa17bdb6a,e795beb3-2cda-4ac4-b79d-7953221f1fb6,166,JHT,H,027,JHT-H-027,Depan Blok B Biro Tata Negara,,1,Hadapan,,3.128543,101.698613,7,55c38deb-aae3-44c5-bfac-0bb919effec4,Wilayah Persekutuan Kuala Lumpur,137,WP Kuala Lumpur,2,Swasta,1,Berfungsi,158.995,images/img_pili/20170804104620496.,1,Pillar Hydrant,120,Bukit Bintang,0000-00-00,0,,1,KUALA LUMPUR (WP),88beb013-6a67-4936-9afd-b84a072cb60f
505981,6d34b43f-6073-4372-b2d8-c5fabab7f12e,e795beb3-2cda-4ac4-b79d-7953221f1fb6,166,JHT,H,028,JHT-H-028,"Sebelah kiri Jalan,Depan Bernama Jalan Bellamy",,3,Berhampiran,,3.12932,101.699112,7,55c38deb-aae3-44c5-bfac-0bb919effec4,Wilayah Persekutuan Kuala Lumpur,137,WP Kuala Lumpur,1,Awam,1,Berfungsi,357.74,images/img_pili/20170804104937964.,1,Pillar Hydrant,120,Bukit Bintang,0000-00-00,0,,1,KUALA LUMPUR (WP),88beb013-6a67-4936-9afd-b84a072cb60f
505982,5e8186b2-eae8-4852-bb30-66d4d05e74f8,e795beb3-2cda-4ac4-b79d-7953221f1fb6,166,JHT,H,029,JHT-H-029,Depan Pintu Masuk Allice Smith School,,1,Hadapan,,3.128838,101.700453,7,55c38deb-aae3-44c5-bfac-0bb919effec4,Wilayah Persekutuan Kuala Lumpur,137,WP Kuala Lumpur,1,Awam,1,Berfungsi,357.74,images/img_pili/20170804105241438.,1,Pillar Hydrant,120,Bukit Bintang,0000-00-00,0,,1,KUALA LUMPUR (WP),88beb013-6a67-4936-9afd-b84a072cb60f
505983,c800267e-f576-4f83-83fa-0a3582fe9f60,e795beb3-2cda-4ac4-b79d-7953221f1fb6,166,JHT,H,030,JHT-H-030,Depan Ruman No.6 Jalan Lengkok Bellamy,,1,Hadapan,,3.129598,101.696274,7,55c38deb-aae3-44c5-bfac-0bb919effec4,Wilayah Persekutuan Kuala Lumpur,137,WP Kuala Lumpur,1,Awam,1,Berfungsi,158.995,images/img_pili/20170804105720599.,1,Pillar Hydrant,120,Bukit Bintang,0000-00-00,0,,1,KUALA LUMPUR (WP),88beb013-6a67-4936-9afd-b84a072cb60f
505984,b9239985-64ad-4444-8f13-f02f0d5fb739,e795beb3-2cda-4ac4-b79d-7953221f1fb6,166,JHT,H,031,JHT-H-031,Pintu Masuk Kastam Jalan Lengkok Bellamy,,1,Hadapan,,3.128027,101.697541,7,55c38deb-aae3-44c5-bfac-0bb919effec4,Wilayah Persekutuan Kuala Lumpur,137,WP Kuala Lumpur,1,Awam,1,Berfungsi,112.427,images/img_pili/20170804110019770.,1,Pillar Hydrant,120,Bukit Bintang,0000-00-00,0,,1,KUALA LUMPUR (WP),88beb013-6a67-4936-9afd-b84a072cb60f
505985,6f113768-00eb-4c09-a9b1-76a92298af90,e795beb3-2cda-4ac4-b79d-7953221f1fb6,166,JHT,H,032,JHT-H-032,Persimpangan Jalan Lengkok Bellamy,,3,Berhampiran,,3.129339,101.697882,7,55c38deb-aae3-44c5-bfac-0bb919effec4,Wilayah Persekutuan Kuala Lumpur,137,WP Kuala Lumpur,1,Awam,1,Berfungsi,112.427,images/img_pili/20170804110249422.,2,Ground Hydrant,120,Bukit Bintang,0000-00-00,0,,1,KUALA LUMPUR (WP),88beb013-6a67-4936-9afd-b84a072cb60f
505986,7e1f589d-59b2-4a35-8db3-0a2bc901cbfa,e795beb3-2cda-4ac4-b79d-7953221f1fb6,166,JHT,H,033,JHT-H-033,Tepi rumah No.26 Dekat Padang JalanKerayong Kecil,,4,Tepi,,3.128232,101.701794,7,55c38deb-aae3-44c5-bfac-0bb919effec4,Wilayah Persekutuan Kuala Lumpur,137,WP Kuala Lumpur,1,Awam,2,Tidak Berfungsi,0,images/img_pili/20170804110525363.,1,Pillar Hydrant,120,Bukit Bintang,0000-00-00,0,,1,KUALA LUMPUR (WP),88beb013-6a67-4936-9afd-b84a072cb60f
505987,c92347fa-1c9c-4d17-a22b-3518eca11f73,e795beb3-2cda-4ac4-b79d-7953221f1fb6,166,JHT,H,034,JHT-H-034,Depan Parking Kereta Jalan Kerayong Kecil,,1,Hadapan,,3.127745,101.701043,7,55c38deb-aae3-44c5-bfac-0bb919effec4,Wilayah Persekutuan Kuala Lumpur,137,WP Kuala Lumpur,1,Awam,1,Berfungsi,449.707,images/img_pili/20170804110734988.,1,Pillar Hydrant,120,Bukit Bintang,0000-00-00,0,,1,KUALA LUMPUR (WP),88beb013-6a67-4936-9afd-b84a072cb60f
505988,f117ed2c-813e-4b41-b37b-ed3d3288ac51,e795beb3-2cda-4ac4-b79d-7953221f1fb6,166,JHT,H,035,JHT-H-035,Depan Bangunan Latihan RDC(JPM),,1,Hadapan,,3.128715,101.696841,7,55c38deb-aae3-44c5-bfac-0bb919effec4,Wilayah Persekutuan Kuala Lumpur,137,WP Kuala Lumpur,2,Swasta,1,Berfungsi,252.96,images/img_pili/20170804111138399.,1,Pillar Hydrant,120,Bukit Bintang,0000-00-00,0,,1,KUALA LUMPUR (WP),88beb013-6a67-4936-9afd-b84a072cb60f
505989,c2f189e0-0f9f-4d41-ba1e-db68f8fe536d,e795beb3-2cda-4ac4-b79d-7953221f1fb6,166,JHT,H,036,JHT-H-036,Belakang Bangunan Pusat Latihan(JPM),,2,Belakang,,3.128292,101.696892,7,55c38deb-aae3-44c5-bfac-0bb919effec4,Wilayah Persekutuan Kuala Lumpur,137,WP Kuala Lumpur,2,Swasta,1,Berfungsi,252.96,images/img_pili/20170804111448885.,1,Pillar Hydrant,120,Bukit Bintang,0000-00-00,0,,1,KUALA LUMPUR (WP),88beb013-6a67-4936-9afd-b84a072cb60f
505990,8590875a-f02a-45a0-a400-c75ea60895cf,e795beb3-2cda-4ac4-b79d-7953221f1fb6,166,JHT,H,037,JHT-H-037,Tepi Jalan Depan Bangunan Biro Tatanegara,,4,Tepi,,3.129261,101.698114,7,55c38deb-aae3-44c5-bfac-0bb919effec4,Wilayah Persekutuan Kuala Lumpur,137,WP Kuala Lumpur,1,Awam,1,Berfungsi,252.96,images/img_pili/2017080411170683.,1,Pillar Hydrant,120,Bukit Bintang,0000-00-00,0,,1,KUALA LUMPUR (WP),88beb013-6a67-4936-9afd-b84a072cb60f
315092,4e3782a0-9534-4b6e-8363-a8c64b2bd48e,e795beb3-2cda-4ac4-b79d-7953221f1fb6,166,JHT,I,001,JHT-I-001,Tepi Pagar Istana Negara Jalan Mahameru,Tepi Pagar Istana Negara Jalan Mahameru,4,Tepi,KUALA LUMPUR,3.132967,101.696848,7,55c38deb-aae3-44c5-bfac-0bb919effec4,Wilayah Persekutuan Kuala Lumpur,137,WP Kuala Lumpur,1,Awam,1,Berfungsi,252.96,images/img_pili/20170821145917989.jpg,1,Pillar Hydrant,120,Bukit Bintang,0000-00-00,0,KUALA LUMPUR_JLN HANG TUAH_ZON I_WANI_20052015,1,KUALA LUMPUR (WP),88beb013-6a67-4936-9afd-b84a072cb60f
315093,29543521-4278-43e5-9ee9-b1695b4ebeb6,e795beb3-2cda-4ac4-b79d-7953221f1fb6,166,JHT,I,002,JHT-I-002,Jalan masuk Sek.Men Perempuan Kuen Chen Jalan Syed Putra,Jalan masuk Sek.Men Perempuan Kuen Chen Jalan Syed Putra,4,Tepi,KUALA LUMPUR,3.131403,101.69187,7,55c38deb-aae3-44c5-bfac-0bb919effec4,Wilayah Persekutuan Kuala Lumpur,137,WP Kuala Lumpur,1,Awam,1,Berfungsi,252.96,images/img_pili/20170821150130669.jpg,2,Ground Hydrant,120,Bukit Bintang,0000-00-00,0,KUALA LUMPUR_JLN HANG TUAH_ZON I_WANI_20052015,1,KUALA LUMPUR (WP),88beb013-6a67-4936-9afd-b84a072cb60f
315094,b17c1dd3-1df9-4181-ab67-21bba6640b09,e795beb3-2cda-4ac4-b79d-7953221f1fb6,166,JHT,I,003,JHT-I-003,Dalam Sek.Men Perempuan Kuen Chen Jalan Syed Putra,Dalam Sek.Men Perempuan Kuen Chen Jalan Syed Putra,4,Tepi,KUALA LUMPUR,3.13111,101.692239,7,55c38deb-aae3-44c5-bfac-0bb919effec4,Wilayah Persekutuan Kuala Lumpur,137,WP Kuala Lumpur,2,Swasta,1,Berfungsi,252.96,,1,Pillar Hydrant,120,Bukit Bintang,0000-00-00,0,KUALA LUMPUR_JLN HANG TUAH_ZON I_WANI_20052015,1,KUALA LUMPUR (WP),88beb013-6a67-4936-9afd-b84a072cb60f
315095,11bbdffc-fb90-429a-a061-dfad29c80c5e,e795beb3-2cda-4ac4-b79d-7953221f1fb6,166,JHT,I,004,JHT-I-004,Dekat Parking Sek.Men Kuen Chen Jalan Syed Putra,Dekat Parking Sek.Men Kuen Chen Jalan Syed Putra,3,Berhampiran,KUALA LUMPUR,3.130603,101.691748,7,55c38deb-aae3-44c5-bfac-0bb919effec4,Wilayah Persekutuan Kuala Lumpur,137,WP Kuala Lumpur,2,Swasta,1,Berfungsi,252.96,,1,Pillar Hydrant,120,Bukit Bintang,0000-00-00,0,KUALA LUMPUR_JLN HANG TUAH_ZON I_WANI_20052015,1,KUALA LUMPUR (WP),88beb013-6a67-4936-9afd-b84a072cb60f
315096,d301c730-a778-4f12-a7f0-4fad3ed1c132,e795beb3-2cda-4ac4-b79d-7953221f1fb6,166,JHT,I,005,JHT-I-005,Jalan Masuk Pusat Latihan Kemas Jalan Syed Putra,Jalan Masuk Pusat Latihan Kemas Jalan Syed Putra,4,Tepi,KUALA LUMPUR,3.130116,101.692196,7,55c38deb-aae3-44c5-bfac-0bb919effec4,Wilayah Persekutuan Kuala Lumpur,137,WP Kuala Lumpur,2,Swasta,1,Berfungsi,252.96,images/img_pili/20170809144642837.jpg,1,Pillar Hydrant,120,Bukit Bintang,0000-00-00,0,KUALA LUMPUR_JLN HANG TUAH_ZON I_WANI_20052015,1,KUALA LUMPUR (WP),88beb013-6a67-4936-9afd-b84a072cb60f
315097,1a93b912-158f-4701-8b57-713e106b685e,e795beb3-2cda-4ac4-b79d-7953221f1fb6,166,JHT,I,006,JHT-I-006,Depan Pejabat Kondo Le Chateau 1 Lorong Syed Putra,Depan Pejabat Kondo Le Chateau 1 Lorong Syed Putra,4,Tepi,KUALA LUMPUR,3.12038,101.692058,7,55c38deb-aae3-44c5-bfac-0bb919effec4,Wilayah Persekutuan Kuala Lumpur,137,WP Kuala Lumpur,2,Swasta,1,Berfungsi,158.995,images/img_pili/20170809162747289.jpg,1,Pillar Hydrant,120,Bukit Bintang,0000-00-00,0,KUALA LUMPUR_JLN HANG TUAH_ZON I_WANI_20052015,1,KUALA LUMPUR (WP),88beb013-6a67-4936-9afd-b84a072cb60f
315098,e72770ec-b1e1-4152-a394-6aec17ff112e,e795beb3-2cda-4ac4-b79d-7953221f1fb6,166,JHT,I,007,JHT-I-007,Tepi Pagar Kolam Renang Kondo Le Chateau 1 Lorong Syed Putra,Tepi Pagar Kolam Renang Kondo Le Chateau 1 Lorong Syed Putra,4,Tepi,KUALA LUMPUR,3.121361,101.692145,7,55c38deb-aae3-44c5-bfac-0bb919effec4,Wilayah Persekutuan Kuala Lumpur,137,WP Kuala Lumpur,2,Swasta,1,Berfungsi,635.981,images/img_pili/20170809163434679.jpg,1,Pillar Hydrant,120,Bukit Bintang,0000-00-00,0,KUALA LUMPUR_JLN HANG TUAH_ZON I_WANI_20052015,1,KUALA LUMPUR (WP),88beb013-6a67-4936-9afd-b84a072cb60f
315099,6c5620f5-da9e-4965-b5b8-3de675b591cd,e795beb3-2cda-4ac4-b79d-7953221f1fb6,166,JHT,I,008,JHT-I-008,Kiri bangunan Kondo Le Chateau 1 Lorong Syed Putra,Kiri bangunan Kondo Le Chateau 1 Lorong Syed Putra,4,Tepi,KUALA LUMPUR,3.120855,101.692378,7,55c38deb-aae3-44c5-bfac-0bb919effec4,Wilayah Persekutuan Kuala Lumpur,137,WP Kuala Lumpur,2,Swasta,2,Tidak Berfungsi,0,,1,Pillar Hydrant,120,Bukit Bintang,0000-00-00,0,KUALA LUMPUR_JLN HANG TUAH_ZON I_WANI_20052015,1,KUALA LUMPUR (WP),88beb013-6a67-4936-9afd-b84a072cb60f
315100,7c0cb02d-e292-4272-a575-c2a74dc3bf7e,e795beb3-2cda-4ac4-b79d-7953221f1fb6,166,JHT,I,009,JHT-I-009,Belakang Kondo Le Chateau 1 Lorong Syed Putra,Belakang Kondo Le Chateau 1 Lorong Syed Putra,2,Belakang,KUALA LUMPUR,3.121112,101.691793,7,55c38deb-aae3-44c5-bfac-0bb919effec4,Wilayah Persekutuan Kuala Lumpur,137,WP Kuala Lumpur,2,Swasta,2,Tidak Berfungsi,0,images/img_pili/20170809163825560.jpg,1,Pillar Hydrant,122,Seputeh,0000-00-00,0,KUALA LUMPUR_JLN HANG TUAH_ZON I_WANI_20052015,1,KUALA LUMPUR (WP),88beb013-6a67-4936-9afd-b84a072cb60f
315101,5456b065-4e73-45ca-9b03-fcca7e639f79,e795beb3-2cda-4ac4-b79d-7953221f1fb6,166,JHT,I,010,JHT-I-010,Belakang Pejabat Kondo Le Chateau 1 Lorong Syed Putra,Belakang Pejabat Kondo Le Chateau 1 Lorong Syed Putra,2,Belakang,KUALA LUMPUR,3.120506,101.691879,7,55c38deb-aae3-44c5-bfac-0bb919effec4,Wilayah Persekutuan Kuala Lumpur,137,WP Kuala Lumpur,2,Swasta,2,Tidak Berfungsi,0,images/img_pili/20170809150444148.jpg,1,Pillar Hydrant,122,Seputeh,0000-00-00,0,KUALA LUMPUR_JLN HANG TUAH_ZON I_WANI_20052015,1,KUALA LUMPUR (WP),88beb013-6a67-4936-9afd-b84a072cb60f
315102,db29062b-f726-4ed2-bff0-569d802a71a1,e795beb3-2cda-4ac4-b79d-7953221f1fb6,166,JHT,I,011,JHT-I-011,Sebelah kiri Kondo Le Chateau 11 Lorong Syed Putra,Sebelah kiri Kondo Le Chateau 11 Lorong Syed Putra,4,Tepi,KUALA LUMPUR,3.122067,101.691795,7,55c38deb-aae3-44c5-bfac-0bb919effec4,Wilayah Persekutuan Kuala Lumpur,137,WP Kuala Lumpur,2,Swasta,1,Berfungsi,252.96,images/img_pili/20170809164549896.jpg,1,Pillar Hydrant,122,Seputeh,0000-00-00,0,KUALA LUMPUR_JLN HANG TUAH_ZON I_WANI_20052015,1,KUALA LUMPUR (WP),88beb013-6a67-4936-9afd-b84a072cb60f
315103,56440c66-9d07-41f5-a15c-f3b75c902c66,e795beb3-2cda-4ac4-b79d-7953221f1fb6,166,JHT,I,012,JHT-I-012,Depan Kondo Le chateau 11 Lorong Syed Putra,Depan Kondo Le chateau 11 Lorong Syed Putra,1,Hadapan,KUALA LUMPUR,3.122431,101.691435,7,55c38deb-aae3-44c5-bfac-0bb919effec4,Wilayah Persekutuan Kuala Lumpur,137,WP Kuala Lumpur,2,Swasta,1,Berfungsi,252.96,images/img_pili/20170809165015258.jpg,1,Pillar Hydrant,122,Seputeh,0000-00-00,0,KUALA LUMPUR_JLN HANG TUAH_ZON I_WANI_20052015,1,KUALA LUMPUR (WP),88beb013-6a67-4936-9afd-b84a072cb60f
315104,dc402734-3484-4dce-8592-a34439664630,e795beb3-2cda-4ac4-b79d-7953221f1fb6,166,JHT,I,013,JHT-I-013,Belakang Kondo Le Chataeu 11 Lorong Syed Putra,Belakang Kondo Le Chataeu 11 Lorong Syed Putra,2,Belakang,KUALA LUMPUR,3.122624,101.690588,7,55c38deb-aae3-44c5-bfac-0bb919effec4,Wilayah Persekutuan Kuala Lumpur,137,WP Kuala Lumpur,2,Swasta,1,Berfungsi,252.96,images/img_pili/20170809165623561.jpg,1,Pillar Hydrant,122,Seputeh,0000-00-00,0,KUALA LUMPUR_JLN HANG TUAH_ZON I_WANI_20052015,1,KUALA LUMPUR (WP),88beb013-6a67-4936-9afd-b84a072cb60f
315105,c9e1cc7c-fc8c-4724-864a-b5071287cd27,e795beb3-2cda-4ac4-b79d-7953221f1fb6,166,JHT,I,014,JHT-I-014,Tepi Jalan Sebelah kedai Makan Lorong Syed Putra,Tepi Jalan Sebelah kedai Makan Lorong Syed Putra,4,Tepi,KUALA LUMPUR,3.12571,101.689043,7,55c38deb-aae3-44c5-bfac-0bb919effec4,Wilayah Persekutuan Kuala Lumpur,137,WP Kuala Lumpur,1,Awam,1,Berfungsi,438.14,,1,Pillar Hydrant,122,Seputeh,0000-00-00,0,KUALA LUMPUR_JLN HANG TUAH_ZON I_WANI_20052015,1,KUALA LUMPUR (WP),88beb013-6a67-4936-9afd-b84a072cb60f
315106,96b626c1-5a4d-43f5-aa87-b3fa0fff238d,e795beb3-2cda-4ac4-b79d-7953221f1fb6,166,JHT,I,015,JHT-I-015,Depan Pejabat Konda Le Chateau 1 Lorong Syed Putra,Depan Pejabat Konda Le Chateau 1 Lorong Syed Putra,1,Hadapan,KUALA LUMPUR,3.112477,101.689004,7,55c38deb-aae3-44c5-bfac-0bb919effec4,Wilayah Persekutuan Kuala Lumpur,137,WP Kuala Lumpur,2,Swasta,4,Hilang,,,1,Pillar Hydrant,122,Seputeh,0000-00-00,0,KUALA LUMPUR_JLN HANG TUAH_ZON I_WANI_20052015,1,KUALA LUMPUR (WP),88beb013-6a67-4936-9afd-b84a072cb60f
315107,a32e5952-f2bd-44ec-b417-137ef4912f93,e795beb3-2cda-4ac4-b79d-7953221f1fb6,166,JHT,I,016,JHT-I-016,Depan rumah No 46 Jalan Tanjung 12 Taman Bukit Seputeh,Depan rumah No 46 Jalan Tanjung 12 Taman Bukit Seputeh,1,Hadapan,KUALA LUMPUR,3.113549,101.68241,7,55c38deb-aae3-44c5-bfac-0bb919effec4,Wilayah Persekutuan Kuala Lumpur,137,WP Kuala Lumpur,1,Awam,1,Berfungsi,438.14,images/img_pili/20170821150330479.jpg,1,Pillar Hydrant,122,Seputeh,0000-00-00,0,KUALA LUMPUR_JLN HANG TUAH_ZON I_WANI_20052015,1,KUALA LUMPUR (WP),88beb013-6a67-4936-9afd-b84a072cb60f
315108,4a087f6d-65cf-4ef7-93b4-a4c5300b01e5,e795beb3-2cda-4ac4-b79d-7953221f1fb6,166,JHT,I,017,JHT-I-017,Depan rumah No 127 Jalan Tanjung 12 Taman Bukit Seputeh,Depan rumah No 127 Jalan Tanjung 12 Taman Bukit Seputeh,4,Tepi,KUALA LUMPUR,3.113142,101.684212,7,55c38deb-aae3-44c5-bfac-0bb919effec4,Wilayah Persekutuan Kuala Lumpur,137,WP Kuala Lumpur,1,Awam,1,Berfungsi,438.14,images/img_pili/20170821150433979.jpg,1,Pillar Hydrant,122,Seputeh,0000-00-00,0,KUALA LUMPUR_JLN HANG TUAH_ZON I_WANI_20052015,1,KUALA LUMPUR (WP),88beb013-6a67-4936-9afd-b84a072cb60f
315109,4ed0b476-ae1a-47d7-bee7-497c00d5b8f1,e795beb3-2cda-4ac4-b79d-7953221f1fb6,166,JHT,I,018,JHT-I-018,Depan rumah No 48 Jalan Batu Laut Taman Bukit Seputeh,Depan rumah No 48 Jalan Batu Laut Taman Bukit Seputeh,1,Hadapan,KUALA LUMPUR,3.113856,101.686956,7,55c38deb-aae3-44c5-bfac-0bb919effec4,Wilayah Persekutuan Kuala Lumpur,137,WP Kuala Lumpur,1,Awam,2,Tidak Berfungsi,0,images/img_pili/2017082115053732.jpg,1,Pillar Hydrant,122,Seputeh,0000-00-00,0,KUALA LUMPUR_JLN HANG TUAH_ZON I_WANI_20052015,1,KUALA LUMPUR (WP),88beb013-6a67-4936-9afd-b84a072cb60f
315110,d6d14db8-2fec-453a-a3f4-a839e810c8e9,e795beb3-2cda-4ac4-b79d-7953221f1fb6,166,JHT,I,019,JHT-I-019,Depan rumah No 24 Jalan Batu Laut Taman Bukit Seputeh,Depan rumah No 24 Jalan Batu Laut Taman Bukit Seputeh,1,Hadapan,KUALA LUMPUR,3.113443,101.687433,7,55c38deb-aae3-44c5-bfac-0bb919effec4,Wilayah Persekutuan Kuala Lumpur,137,WP Kuala Lumpur,1,Awam,1,Berfungsi,635.981,images/img_pili/20170821150644472.jpg,1,Pillar Hydrant,122,Seputeh,0000-00-00,0,KUALA LUMPUR_JLN HANG TUAH_ZON I_WANI_20052015,1,KUALA LUMPUR (WP),88beb013-6a67-4936-9afd-b84a072cb60f
315111,17da9de3-77fd-44ea-ab56-a2a5a35a1125,e795beb3-2cda-4ac4-b79d-7953221f1fb6,166,JHT,I,020,JHT-I-020,Depan rumah No 47 Jalan Telok Pulai Taman Bukit Seputeh,Depan rumah No 47 Jalan Telok Pulai Taman Bukit Seputeh,1,Hadapan,KUALA LUMPUR,3.114209,101.685497,7,55c38deb-aae3-44c5-bfac-0bb919effec4,Wilayah Persekutuan Kuala Lumpur,137,WP Kuala Lumpur,1,Awam,1,Berfungsi,635.981,,1,Pillar Hydrant,122,Seputeh,0000-00-00,0,KUALA LUMPUR_JLN HANG TUAH_ZON I_WANI_20052015,1,KUALA LUMPUR (WP),88beb013-6a67-4936-9afd-b84a072cb60f
315112,8811fb5c-0abd-45b8-ba8c-07202f8f869f,e795beb3-2cda-4ac4-b79d-7953221f1fb6,166,JHT,I,021,JHT-I-021,Depan rumah No 2 Persimpangan Jalan Tanjung Sepat Taman Bukit Seputeh,Depan rumah No 2 Persimpangan Jalan Tanjung Sepat Taman Bukit Seputeh,1,Hadapan,KUALA LUMPUR,3.114031,101.688665,7,55c38deb-aae3-44c5-bfac-0bb919effec4,Wilayah Persekutuan Kuala Lumpur,137,WP Kuala Lumpur,1,Awam,1,Berfungsi,635.981,,1,Pillar Hydrant,122,Seputeh,0000-00-00,0,KUALA LUMPUR_JLN HANG TUAH_ZON I_WANI_20052015,1,KUALA LUMPUR (WP),88beb013-6a67-4936-9afd-b84a072cb60f
315113,7f302b78-8a15-4177-9f08-e963dedd1667,e795beb3-2cda-4ac4-b79d-7953221f1fb6,166,JHT,I,022,JHT-I-022,Depan rumah No 89 Jalan Telok Pulai Taman Bukit Seputeh,Depan rumah No 89 Jalan Telok Pulai Taman Bukit Seputeh,1,Hadapan,KUALA LUMPUR,3.114245,101.682925,7,55c38deb-aae3-44c5-bfac-0bb919effec4,Wilayah Persekutuan Kuala Lumpur,137,WP Kuala Lumpur,1,Awam,1,Berfungsi,635.981,images/img_pili/20170822153316186.jpg,1,Pillar Hydrant,122,Seputeh,0000-00-00,0,KUALA LUMPUR_JLN HANG TUAH_ZON I_WANI_20052015,1,KUALA LUMPUR (WP),88beb013-6a67-4936-9afd-b84a072cb60f
315114,d3f50e00-8322-40db-9f95-faa788327220,e795beb3-2cda-4ac4-b79d-7953221f1fb6,166,JHT,I,023,JHT-I-023,Depan rumah No 97 Jalan Telok Pulai Taman Bukit Seputeh,Depan rumah No 97 Jalan Telok Pulai Taman Bukit Seputeh,1,Hadapan,KUALA LUMPUR,3.114502,101.684352,7,55c38deb-aae3-44c5-bfac-0bb919effec4,Wilayah Persekutuan Kuala Lumpur,137,WP Kuala Lumpur,1,Awam,1,Berfungsi,252.96,images/img_pili/20170822153440828.jpg,1,Pillar Hydrant,122,Seputeh,0000-00-00,0,KUALA LUMPUR_JLN HANG TUAH_ZON I_WANI_20052015,1,KUALA LUMPUR (WP),88beb013-6a67-4936-9afd-b84a072cb60f
315115,33871cb2-de06-421d-b72e-0d692936d4ea,e795beb3-2cda-4ac4-b79d-7953221f1fb6,166,JHT,I,024,JHT-I-024,Depan rumah No 5 Lorong Kota Raja Taman Bukit Seputeh,Depan rumah No 5 Lorong Kota Raja Taman Bukit Seputeh,1,Hadapan,KUALA LUMPUR,3.11747,101.688654,7,55c38deb-aae3-44c5-bfac-0bb919effec4,Wilayah Persekutuan Kuala Lumpur,137,WP Kuala Lumpur,1,Awam,1,Berfungsi,252.96,images/img_pili/20170822153539407.jpg,1,Pillar Hydrant,122,Seputeh,0000-00-00,0,KUALA LUMPUR_JLN HANG TUAH_ZON I_WANI_20052015,1,KUALA LUMPUR (WP),88beb013-6a67-4936-9afd-b84a072cb60f
315116,09baaa31-46d3-41a2-8fa8-5cfe0c0b286b,e795beb3-2cda-4ac4-b79d-7953221f1fb6,166,JHT,I,025,JHT-I-025,Depan rumah No 21 Lorong Kota Raja Taman Bukit Seputeh,Depan rumah No 21 Lorong Kota Raja Taman Bukit Seputeh,1,Hadapan,KUALA LUMPUR,3.116688,101.68919,7,55c38deb-aae3-44c5-bfac-0bb919effec4,Wilayah Persekutuan Kuala Lumpur,137,WP Kuala Lumpur,1,Awam,1,Berfungsi,252.96,,1,Pillar Hydrant,122,Seputeh,0000-00-00,0,KUALA LUMPUR_JLN HANG TUAH_ZON I_WANI_20052015,1,KUALA LUMPUR (WP),88beb013-6a67-4936-9afd-b84a072cb60f
315117,6423eeb6-d359-4c3b-869d-8b04e87a135d,e795beb3-2cda-4ac4-b79d-7953221f1fb6,166,JHT,I,026,JHT-I-026,Depan rumah No 8 Lorong Kota Raja Taman Bukit Seputeh,Depan rumah No 8 Lorong Kota Raja Taman Bukit Seputeh,1,Hadapan,KUALA LUMPUR,3.116388,101.689351,7,55c38deb-aae3-44c5-bfac-0bb919effec4,Wilayah Persekutuan Kuala Lumpur,137,WP Kuala Lumpur,1,Awam,1,Berfungsi,252.96,,1,Pillar Hydrant,122,Seputeh,0000-00-00,0,KUALA LUMPUR_JLN HANG TUAH_ZON I_WANI_20052015,1,KUALA LUMPUR (WP),88beb013-6a67-4936-9afd-b84a072cb60f
315118,2715903f-4e3f-4775-bb92-2614ae4a24d3,e795beb3-2cda-4ac4-b79d-7953221f1fb6,166,JHT,I,027,JHT-I-027,Depan rumah No 10 Jalan Tanjung Sepat 1 Taman Bukit Seputeh,Depan rumah No 10 Jalan Tanjung Sepat 1 Taman Bukit Seputeh,1,Hadapan,KUALA LUMPUR,3.115238,101.687787,7,55c38deb-aae3-44c5-bfac-0bb919effec4,Wilayah Persekutuan Kuala Lumpur,137,WP Kuala Lumpur,1,Awam,1,Berfungsi,194.729,images/img_pili/20170822153732354.jpg,1,Pillar Hydrant,122,Seputeh,0000-00-00,0,KUALA LUMPUR_JLN HANG TUAH_ZON I_WANI_20052015,1,KUALA LUMPUR (WP),88beb013-6a67-4936-9afd-b84a072cb60f
315119,b97283ae-c723-4409-bd91-5423a4991822,e795beb3-2cda-4ac4-b79d-7953221f1fb6,166,JHT,I,028,JHT-I-028,Depan rumah No 1 Jalan Tanjuang Sepat 1 Taman Bukit Seputeh,Depan rumah No 1 Jalan Tanjuang Sepat 1 Taman Bukit Seputeh,1,Hadapan,KUALA LUMPUR,3.116052,101.688437,7,55c38deb-aae3-44c5-bfac-0bb919effec4,Wilayah Persekutuan Kuala Lumpur,137,WP Kuala Lumpur,1,Awam,1,Berfungsi,158.995,images/img_pili/20170822153831951.jpg,1,Pillar Hydrant,122,Seputeh,0000-00-00,0,KUALA LUMPUR_JLN HANG TUAH_ZON I_WANI_20052015,1,KUALA LUMPUR (WP),88beb013-6a67-4936-9afd-b84a072cb60f
315120,afdb37f0-d2f6-4e02-9382-d7969be6762d,e795beb3-2cda-4ac4-b79d-7953221f1fb6,166,JHT,I,029,JHT-I-029,Depan rumah No 2 Jalan Batu Laut 2 Taman Bukit Seputeh,Depan rumah No 2 Jalan Batu Laut 2 Taman Bukit Seputeh,1,Hadapan,KUALA LUMPUR,3.113657,101.688056,7,55c38deb-aae3-44c5-bfac-0bb919effec4,Wilayah Persekutuan Kuala Lumpur,137,WP Kuala Lumpur,1,Awam,1,Berfungsi,158.995,,1,Pillar Hydrant,122,Seputeh,0000-00-00,0,KUALA LUMPUR_JLN HANG TUAH_ZON I_WANI_20052015,1,KUALA LUMPUR (WP),88beb013-6a67-4936-9afd-b84a072cb60f
315121,7e8588a1-3ec2-4def-b907-8651afe79bc3,e795beb3-2cda-4ac4-b79d-7953221f1fb6,166,JHT,I,030,JHT-I-030,Depan rumah No 53 Jalan Batu Laut 2 Taman Bukit Seputeh,Depan rumah No 53 Jalan Batu Laut 2 Taman Bukit Seputeh,1,Hadapan,KUALA LUMPUR,3.114584,101.686892,7,55c38deb-aae3-44c5-bfac-0bb919effec4,Wilayah Persekutuan Kuala Lumpur,137,WP Kuala Lumpur,1,Awam,1,Berfungsi,158.995,,1,Pillar Hydrant,122,Seputeh,0000-00-00,0,KUALA LUMPUR_JLN HANG TUAH_ZON I_WANI_20052015,1,KUALA LUMPUR (WP),88beb013-6a67-4936-9afd-b84a072cb60f
315122,68f56ee5-cfb3-49ce-bf4c-25a592e9b8ef,e795beb3-2cda-4ac4-b79d-7953221f1fb6,166,JHT,I,031,JHT-I-031,Depan rumah No 45 Jalan Desa Seputeh 4 Taman Desa Seputeh,Depan rumah No 45 Jalan Desa Seputeh 4 Taman Desa Seputeh,1,Hadapan,KUALA LUMPUR,3.114304,101.689167,7,55c38deb-aae3-44c5-bfac-0bb919effec4,Wilayah Persekutuan Kuala Lumpur,137,WP Kuala Lumpur,1,Awam,1,Berfungsi,158.995,images/img_pili/20170822153926938.jpg,1,Pillar Hydrant,122,Seputeh,0000-00-00,0,KUALA LUMPUR_JLN HANG TUAH_ZON I_WANI_20052015,1,KUALA LUMPUR (WP),88beb013-6a67-4936-9afd-b84a072cb60f
315123,4d603d5c-2ed4-40a4-8afb-4ebd548712f3,e795beb3-2cda-4ac4-b79d-7953221f1fb6,166,JHT,I,032,JHT-I-032,Depan rumah No 42 Jalan Desa Seputeh 5 Taman Desa Seputeh,Depan rumah No 42 Jalan Desa Seputeh 5 Taman Desa Seputeh,1,Hadapan,KUALA LUMPUR,3.113743,101.68929,7,55c38deb-aae3-44c5-bfac-0bb919effec4,Wilayah Persekutuan Kuala Lumpur,137,WP Kuala Lumpur,1,Awam,2,Tidak Berfungsi,0,images/img_pili/2017082215402622.jpg,1,Pillar Hydrant,122,Seputeh,0000-00-00,0,KUALA LUMPUR_JLN HANG TUAH_ZON I_WANI_20052015,1,KUALA LUMPUR (WP),88beb013-6a67-4936-9afd-b84a072cb60f
315124,676c56c3-5315-4ad2-9e73-d6c4cebda396,e795beb3-2cda-4ac4-b79d-7953221f1fb6,166,JHT,I,033,JHT-I-033,Depan rumah No 11 Jalan Desa seputeh 6 Taman Desa Seputeh,Depan rumah No 11 Jalan Desa seputeh 6 Taman Desa Seputeh,1,Hadapan,KUALA LUMPUR,3.112675,101.689859,7,55c38deb-aae3-44c5-bfac-0bb919effec4,Wilayah Persekutuan Kuala Lumpur,137,WP Kuala Lumpur,1,Awam,1,Berfungsi,158.995,images/img_pili/20170822154239283.jpg,1,Pillar Hydrant,122,Seputeh,0000-00-00,0,KUALA LUMPUR_JLN HANG TUAH_ZON I_WANI_20052015,1,KUALA LUMPUR (WP),88beb013-6a67-4936-9afd-b84a072cb60f
315125,069d0ff4-04d0-45ed-aa8e-05afedde970c,e795beb3-2cda-4ac4-b79d-7953221f1fb6,166,JHT,I,034,JHT-I-034,Depan rumah No 43 Jalan Desa seputeh 6 Taman Desa Seputeh,Depan rumah No 43 Jalan Desa seputeh 6 Taman Desa Seputeh,1,Hadapan,KUALA LUMPUR,3.113143,101.688834,7,55c38deb-aae3-44c5-bfac-0bb919effec4,Wilayah Persekutuan Kuala Lumpur,137,WP Kuala Lumpur,1,Awam,1,Berfungsi,158.995,images/img_pili/20170822154134819.jpg,1,Pillar Hydrant,122,Seputeh,0000-00-00,0,KUALA LUMPUR_JLN HANG TUAH_ZON I_WANI_20052015,1,KUALA LUMPUR (WP),88beb013-6a67-4936-9afd-b84a072cb60f
315126,6fad3a37-fa11-48b0-a77a-4bbb947c57cf,e795beb3-2cda-4ac4-b79d-7953221f1fb6,166,JHT,I,035,JHT-I-035,Depan rumah No 62 Jalan Desa seputeh 1 Taman Desa Seputeh JALAN SEPUTEH,Depan rumah No 62 Jalan Desa seputeh 1 Taman Desa Seputeh,1,Hadapan,KUALA LUMPUR,3.112477,101.689004,7,55c38deb-aae3-44c5-bfac-0bb919effec4,Wilayah Persekutuan Kuala Lumpur,137,WP Kuala Lumpur,1,Awam,1,Berfungsi,252.96,,1,Pillar Hydrant,122,Seputeh,0000-00-00,0,KUALA LUMPUR_JLN HANG TUAH_ZON I_WANI_20052015,1,KUALA LUMPUR (WP),88beb013-6a67-4936-9afd-b84a072cb60f
315127,6aad8bb5-b0f1-4c9c-a836-4aeff96ea488,e795beb3-2cda-4ac4-b79d-7953221f1fb6,166,JHT,I,036,JHT-I-036,Depan rumah No 100 Jalan Desa Seputeh 1 Taman Desa Seputeh,Depan rumah No 100 Jalan Desa Seputeh 1 Taman Desa Seputeh,1,Hadapan,KUALA LUMPUR,3.112099,101.690066,7,55c38deb-aae3-44c5-bfac-0bb919effec4,Wilayah Persekutuan Kuala Lumpur,137,WP Kuala Lumpur,1,Awam,1,Berfungsi,252.96,,1,Pillar Hydrant,122,Seputeh,0000-00-00,0,KUALA LUMPUR_JLN HANG TUAH_ZON I_WANI_20052015,1,KUALA LUMPUR (WP),88beb013-6a67-4936-9afd-b84a072cb60f
315128,5f8e3edf-ad4a-4002-b4e2-0b337262994f,e795beb3-2cda-4ac4-b79d-7953221f1fb6,166,JHT,I,037,JHT-I-037,Depan rumah No 4 Jalan Desa Seputeh 3 Taman Desa Seputeh,Depan rumah No 4 Jalan Desa Seputeh 3 Taman Desa Seputeh,1,Hadapan,KUALA LUMPUR,3.111974,101.688714,7,55c38deb-aae3-44c5-bfac-0bb919effec4,Wilayah Persekutuan Kuala Lumpur,137,WP Kuala Lumpur,1,Awam,1,Berfungsi,252.96,,2,Ground Hydrant,122,Seputeh,0000-00-00,0,KUALA LUMPUR_JLN HANG TUAH_ZON I_WANI_20052015,1,KUALA LUMPUR (WP),88beb013-6a67-4936-9afd-b84a072cb60f
315129,c9751a5d-8f96-4818-a179-9c6af2857ad6,e795beb3-2cda-4ac4-b79d-7953221f1fb6,166,JHT,I,038,JHT-I-038,Depan rumah No 5 Jalan Desa Seputeh 3 Taman Desa seputeh,Depan rumah No 5 Jalan Desa Seputeh 3 Taman Desa seputeh,1,Hadapan,KUALA LUMPUR,3.113747,101.689226,7,55c38deb-aae3-44c5-bfac-0bb919effec4,Wilayah Persekutuan Kuala Lumpur,137,WP Kuala Lumpur,1,Awam,1,Berfungsi,252.96,,1,Pillar Hydrant,122,Seputeh,0000-00-00,0,KUALA LUMPUR_JLN HANG TUAH_ZON I_WANI_20052015,1,KUALA LUMPUR (WP),88beb013-6a67-4936-9afd-b84a072cb60f
315130,657deec8-81c6-476d-86af-f9052a189b3e,e795beb3-2cda-4ac4-b79d-7953221f1fb6,166,JHT,I,039,JHT-I-039,Depan Lot 5 Seputeh Height Taman Bukit Seputeh,Depan Lot 5 Seputeh Height Taman Bukit Seputeh,1,Hadapan,KUALA LUMPUR,3.117375,101.684091,7,55c38deb-aae3-44c5-bfac-0bb919effec4,Wilayah Persekutuan Kuala Lumpur,137,WP Kuala Lumpur,2,Swasta,1,Berfungsi,357.74,,1,Pillar Hydrant,122,Seputeh,0000-00-00,0,KUALA LUMPUR_JLN HANG TUAH_ZON I_WANI_20052015,1,KUALA LUMPUR (WP),88beb013-6a67-4936-9afd-b84a072cb60f
315131,6b4d7072-b25c-489a-b4c5-0fcd2080cfb9,e795beb3-2cda-4ac4-b79d-7953221f1fb6,166,JHT,I,040,JHT-I-040,Depan Pencawang TNB Seputeh Height Taman Bukit Seputeh,Depan Pencawang TNB Seputeh Height Taman Bukit Seputeh,1,Hadapan,KUALA LUMPUR,3.116887,101.68451,7,55c38deb-aae3-44c5-bfac-0bb919effec4,Wilayah Persekutuan Kuala Lumpur,137,WP Kuala Lumpur,2,Swasta,1,Berfungsi,357.74,images/img_pili/20170823153227534.jpg,1,Pillar Hydrant,122,Seputeh,0000-00-00,0,KUALA LUMPUR_JLN HANG TUAH_ZON I_WANI_20052015,1,KUALA LUMPUR (WP),88beb013-6a67-4936-9afd-b84a072cb60f
315132,9401d0ed-0745-4a06-a6f8-e7f472f8617c,e795beb3-2cda-4ac4-b79d-7953221f1fb6,166,JHT,I,041,JHT-I-041,                                                                    Depan Lot 11 Seputeh Height Taman Bukit Seputeh                                                                                                                                                                                                                                                                                             ,Depan Lot 11 Seputeh Height Taman Bukit Seputeh,1,Hadapan,KUALA LUMPUR,3.115773,101.685974,7,55c38deb-aae3-44c5-bfac-0bb919effec4,Wilayah Persekutuan Kuala Lumpur,137,WP Kuala Lumpur,2,Swasta,1,Berfungsi,357.74,images/img_pili/20170823153415750.jpg,1,Pillar Hydrant,122,Seputeh,0000-00-00,0,KUALA LUMPUR_JLN HANG TUAH_ZON I_WANI_20052015,1,KUALA LUMPUR (WP),88beb013-6a67-4936-9afd-b84a072cb60f
315133,02a3f584-d3ef-4f65-9c39-ab10e7fe95ad,e795beb3-2cda-4ac4-b79d-7953221f1fb6,166,JHT,I,042,JHT-I-042,Depan Lot 15 Seputeh Height Taman Bukit Seputeh,Depan Lot 15 Seputeh Height Taman Bukit Seputeh,1,Hadapan,KUALA LUMPUR,3.11745,101.687224,7,55c38deb-aae3-44c5-bfac-0bb919effec4,Wilayah Persekutuan Kuala Lumpur,137,WP Kuala Lumpur,2,Swasta,1,Berfungsi,357.74,images/img_pili/20170823153648944.jpg,1,Pillar Hydrant,122,Seputeh,0000-00-00,0,KUALA LUMPUR_JLN HANG TUAH_ZON I_WANI_20052015,1,KUALA LUMPUR (WP),88beb013-6a67-4936-9afd-b84a072cb60f
315134,5194ff40-6419-418c-bdd1-11a9702a87fc,e795beb3-2cda-4ac4-b79d-7953221f1fb6,166,JHT,I,043,JHT-I-043,Depan Lot 19 Seputeh Height Taman Bukit Seputeh,Depan Lot 19 Seputeh Height Taman Bukit Seputeh,1,Hadapan,KUALA LUMPUR,3.118478,101.685937,7,55c38deb-aae3-44c5-bfac-0bb919effec4,Wilayah Persekutuan Kuala Lumpur,137,WP Kuala Lumpur,2,Swasta,1,Berfungsi,158.995,images/img_pili/20170823153803389.jpg,1,Pillar Hydrant,122,Seputeh,0000-00-00,0,KUALA LUMPUR_JLN HANG TUAH_ZON I_WANI_20052015,1,KUALA LUMPUR (WP),88beb013-6a67-4936-9afd-b84a072cb60f
315135,4ec1f025-b627-4a68-ad86-31f5d3066177,e795beb3-2cda-4ac4-b79d-7953221f1fb6,166,JHT,I,044,JHT-I-044,Depan Lot 23 Seputeh Height Taman Bukit Seputeh,Depan Lot 23 Seputeh Height Taman Bukit Seputeh,1,Hadapan,KUALA LUMPUR,3.117852,101.684671,7,55c38deb-aae3-44c5-bfac-0bb919effec4,Wilayah Persekutuan Kuala Lumpur,137,WP Kuala Lumpur,2,Swasta,1,Berfungsi,158.995,images/img_pili/20170823153921105.jpg,1,Pillar Hydrant,122,Seputeh,0000-00-00,0,KUALA LUMPUR_JLN HANG TUAH_ZON I_WANI_20052015,1,KUALA LUMPUR (WP),88beb013-6a67-4936-9afd-b84a072cb60f
315136,8ccc7f6a-f564-4664-a459-0a7cdcfba9d2,e795beb3-2cda-4ac4-b79d-7953221f1fb6,166,JHT,I,045,JHT-I-045,Depan Lot 24 Seputeh Height Taman Bukit Seputeh,Depan Lot 24 Seputeh Height Taman Bukit Seputeh,1,Hadapan,KUALA LUMPUR,3.11748,101.684348,7,55c38deb-aae3-44c5-bfac-0bb919effec4,Wilayah Persekutuan Kuala Lumpur,137,WP Kuala Lumpur,2,Swasta,1,Berfungsi,158.995,images/img_pili/20170823154131149.jpg,1,Pillar Hydrant,122,Seputeh,0000-00-00,0,KUALA LUMPUR_JLN HANG TUAH_ZON I_WANI_20052015,1,KUALA LUMPUR (WP),88beb013-6a67-4936-9afd-b84a072cb60f
315137,96eb83c6-69f0-496d-a5b1-615a1f70b2a0,e795beb3-2cda-4ac4-b79d-7953221f1fb6,166,JHT,I,046,JHT-I-046,Depan Lot 28 Seputeh Height Taman Bukit Seputeh,Depan Lot 28 Seputeh Height Taman Bukit Seputeh,1,Hadapan,KUALA LUMPUR,3.117102,101.68517,7,55c38deb-aae3-44c5-bfac-0bb919effec4,Wilayah Persekutuan Kuala Lumpur,137,WP Kuala Lumpur,2,Swasta,1,Berfungsi,0,images/img_pili/20170823154912120.jpg,1,Pillar Hydrant,122,Seputeh,0000-00-00,0,KUALA LUMPUR_JLN HANG TUAH_ZON I_WANI_20052015,1,KUALA LUMPUR (WP),88beb013-6a67-4936-9afd-b84a072cb60f
315138,7189488d-0fd8-4f2f-944d-e8d6d302eff1,e795beb3-2cda-4ac4-b79d-7953221f1fb6,166,JHT,I,047,JHT-I-047,Depan Lot 30 Seputeh Height Taman Bukit Seputeh,Depan Lot 30 Seputeh Height Taman Bukit Seputeh,1,Hadapan,KUALA LUMPUR,3.117712,101.685803,7,55c38deb-aae3-44c5-bfac-0bb919effec4,Wilayah Persekutuan Kuala Lumpur,137,WP Kuala Lumpur,2,Swasta,1,Berfungsi,252.96,images/img_pili/20170823155027868.jpg,1,Pillar Hydrant,122,Seputeh,0000-00-00,0,KUALA LUMPUR_JLN HANG TUAH_ZON I_WANI_20052015,1,KUALA LUMPUR (WP),88beb013-6a67-4936-9afd-b84a072cb60f
315139,fc67a91a-e7ae-418c-8c5f-6cff7add53e9,e795beb3-2cda-4ac4-b79d-7953221f1fb6,166,JHT,I,048,JHT-I-048,Depan Lot 21 Seputeh Height Taman Bukit Seputeh,Depan Lot 21 Seputeh Height Taman Bukit Seputeh,1,Hadapan,KUALA LUMPUR,3.117064,101.686184,7,55c38deb-aae3-44c5-bfac-0bb919effec4,Wilayah Persekutuan Kuala Lumpur,137,WP Kuala Lumpur,2,Swasta,1,Berfungsi,252.96,images/img_pili/20170823155215782.jpg,1,Pillar Hydrant,122,Seputeh,0000-00-00,0,KUALA LUMPUR_JLN HANG TUAH_ZON I_WANI_20052015,1,KUALA LUMPUR (WP),88beb013-6a67-4936-9afd-b84a072cb60f
315140,d6f93528-67ea-4865-a199-e724bea79f1f,e795beb3-2cda-4ac4-b79d-7953221f1fb6,166,JHT,I,049,JHT-I-049,Depan Lot 37 Seputeh Height Taman Bukit Seputeh,Depan Lot 37 Seputeh Height Taman Bukit Seputeh,1,Hadapan,KUALA LUMPUR,3.116512,101.685744,7,55c38deb-aae3-44c5-bfac-0bb919effec4,Wilayah Persekutuan Kuala Lumpur,137,WP Kuala Lumpur,2,Swasta,1,Berfungsi,252.96,images/img_pili/20170823155329630.jpg,1,Pillar Hydrant,122,Seputeh,0000-00-00,0,KUALA LUMPUR_JLN HANG TUAH_ZON I_WANI_20052015,1,KUALA LUMPUR (WP),88beb013-6a67-4936-9afd-b84a072cb60f
315141,5b232b6c-c01a-47ba-90c4-d30c72dfcc06,e795beb3-2cda-4ac4-b79d-7953221f1fb6,166,JHT,I,050,JHT-I-050,Depan Lot 101 Seputeh Height Taman Bukit Seputeh,Depan Lot 101 Seputeh Height Taman Bukit Seputeh,1,Hadapan,KUALA LUMPUR,3.115554,101.685567,7,55c38deb-aae3-44c5-bfac-0bb919effec4,Wilayah Persekutuan Kuala Lumpur,137,WP Kuala Lumpur,2,Swasta,1,Berfungsi,252.96,images/img_pili/20170823155443481.jpg,1,Pillar Hydrant,122,Seputeh,0000-00-00,0,KUALA LUMPUR_JLN HANG TUAH_ZON I_WANI_20052015,1,KUALA LUMPUR (WP),88beb013-6a67-4936-9afd-b84a072cb60f
315142,c0f472c9-d9e8-4571-a9ce-76aa7a3e7b07,e795beb3-2cda-4ac4-b79d-7953221f1fb6,166,JHT,I,051,JHT-I-051,Depan Lot 98 Seputeh Height Taman Bukit Seputeh JALAN SEPUTEH,Depan Lot 98 Seputeh Height Taman Bukit Seputeh,1,Hadapan,KUALA LUMPUR,3.116025,101.685347,7,55c38deb-aae3-44c5-bfac-0bb919effec4,Wilayah Persekutuan Kuala Lumpur,137,WP Kuala Lumpur,2,Swasta,1,Berfungsi,357.74,,1,Pillar Hydrant,122,Seputeh,0000-00-00,0,KUALA LUMPUR_JLN HANG TUAH_ZON I_WANI_20052015,1,KUALA LUMPUR (WP),88beb013-6a67-4936-9afd-b84a072cb60f
315143,abbd730b-26e8-4138-a993-55bdae6e1af1,e795beb3-2cda-4ac4-b79d-7953221f1fb6,166,JHT,I,052,JHT-I-052,Depan Lot 61 Seputeh Height Taman Bukit Seputeh,Depan Lot 61 Seputeh Height Taman Bukit Seputeh,1,Hadapan,KUALA LUMPUR,3.112477,101.689004,7,55c38deb-aae3-44c5-bfac-0bb919effec4,Wilayah Persekutuan Kuala Lumpur,137,WP Kuala Lumpur,2,Swasta,1,Berfungsi,357.74,,1,Pillar Hydrant,122,Seputeh,0000-00-00,0,KUALA LUMPUR_JLN HANG TUAH_ZON I_WANI_20052015,1,KUALA LUMPUR (WP),88beb013-6a67-4936-9afd-b84a072cb60f
315144,a5054c31-51cc-4519-b81d-f644a5426f25,e795beb3-2cda-4ac4-b79d-7953221f1fb6,166,JHT,I,053,JHT-I-053,Depan Lot 55 Seputeh Height Taman Bukit Seputeh,Depan Lot 55 Seputeh Height Taman Bukit Seputeh,1,Hadapan,KUALA LUMPUR,3.112477,101.689004,7,55c38deb-aae3-44c5-bfac-0bb919effec4,Wilayah Persekutuan Kuala Lumpur,137,WP Kuala Lumpur,2,Swasta,1,Berfungsi,357.74,,1,Pillar Hydrant,122,Seputeh,0000-00-00,0,KUALA LUMPUR_JLN HANG TUAH_ZON I_WANI_20052015,1,KUALA LUMPUR (WP),88beb013-6a67-4936-9afd-b84a072cb60f
315145,2e1b3cc0-5eb7-4014-a65c-f5e9be806e17,e795beb3-2cda-4ac4-b79d-7953221f1fb6,166,JHT,I,054,JHT-I-054,Depan Lot 59 Seputeh Height Taman Bukit Seputeh,Depan Lot 59 Seputeh Height Taman Bukit Seputeh,1,Hadapan,KUALA LUMPUR,3.112477,101.689004,7,55c38deb-aae3-44c5-bfac-0bb919effec4,Wilayah Persekutuan Kuala Lumpur,137,WP Kuala Lumpur,2,Swasta,1,Berfungsi,357.74,,1,Pillar Hydrant,122,Seputeh,0000-00-00,0,KUALA LUMPUR_JLN HANG TUAH_ZON I_WANI_20052015,1,KUALA LUMPUR (WP),88beb013-6a67-4936-9afd-b84a072cb60f
315146,c874ba26-8952-4055-9ef7-5cd147ab2aec,e795beb3-2cda-4ac4-b79d-7953221f1fb6,166,JHT,I,055,JHT-I-055,Depan Lot 64 Seputeh Height Taman Bukit Seputeh,Depan Lot 64 Seputeh Height Taman Bukit Seputeh,1,Hadapan,KUALA LUMPUR,3.112477,101.689004,7,55c38deb-aae3-44c5-bfac-0bb919effec4,Wilayah Persekutuan Kuala Lumpur,137,WP Kuala Lumpur,2,Swasta,1,Berfungsi,158.995,,1,Pillar Hydrant,122,Seputeh,0000-00-00,0,KUALA LUMPUR_JLN HANG TUAH_ZON I_WANI_20052015,1,KUALA LUMPUR (WP),88beb013-6a67-4936-9afd-b84a072cb60f
315147,d97ad0e1-067f-4b26-bc1d-c6231fc8a962,e795beb3-2cda-4ac4-b79d-7953221f1fb6,166,JHT,I,056,JHT-I-056,Depan Lot 66 Seputeh Height Taman Bukit Seputeh,Depan Lot 66 Seputeh Height Taman Bukit Seputeh,1,Hadapan,KUALA LUMPUR,3.112477,101.689004,7,55c38deb-aae3-44c5-bfac-0bb919effec4,Wilayah Persekutuan Kuala Lumpur,137,WP Kuala Lumpur,2,Swasta,1,Berfungsi,158.995,,1,Pillar Hydrant,122,Seputeh,0000-00-00,0,KUALA LUMPUR_JLN HANG TUAH_ZON I_WANI_20052015,1,KUALA LUMPUR (WP),88beb013-6a67-4936-9afd-b84a072cb60f
315148,0977caa2-6ed4-484f-9c39-dc323ba16a02,e795beb3-2cda-4ac4-b79d-7953221f1fb6,166,JHT,I,057,JHT-I-057,Depan Rumah No.30 Jalan Persiaran Syed Putra,Depan Rumah No.30 Jalan Persiaran Syed Putra,3,Berhampiran,KUALA LUMPUR,3.116025,101.685347,7,55c38deb-aae3-44c5-bfac-0bb919effec4,Wilayah Persekutuan Kuala Lumpur,137,WP Kuala Lumpur,1,Awam,1,Berfungsi,158.995,,1,Pillar Hydrant,122,Seputeh,0000-00-00,0,KUALA LUMPUR_JLN HANG TUAH_ZON I_WANI_20052015,1,KUALA LUMPUR (WP),88beb013-6a67-4936-9afd-b84a072cb60f
315149,d1f80bf1-6ec8-4db7-89c1-39652b03ab52,e795beb3-2cda-4ac4-b79d-7953221f1fb6,166,JHT,I,058,JHT-I-058,Pintu pagar SJK(c) Kuen cheng,Pintu pagar SJK(c) Kuen cheng,1,Hadapan,KUALA LUMPUR,3.117874,101.693781,7,55c38deb-aae3-44c5-bfac-0bb919effec4,Wilayah Persekutuan Kuala Lumpur,137,WP Kuala Lumpur,1,Awam,1,Berfungsi,158.995,,1,Pillar Hydrant,122,Seputeh,0000-00-00,0,KUALA LUMPUR_JLN HANG TUAH_ZON I_WANI_20052015,1,KUALA LUMPUR (WP),88beb013-6a67-4936-9afd-b84a072cb60f
315150,2e7db314-71f5-49a7-9c94-7f668ed04e35,e795beb3-2cda-4ac4-b79d-7953221f1fb6,166,JHT,I,059,JHT-I-059,Belakang pondok pengawal SJK(c) Kuen Cheng,Belakang pondok pengawal SJK(c) Kuen Cheng,2,Belakang,KUALA LUMPUR,3.118434,101.693923,7,55c38deb-aae3-44c5-bfac-0bb919effec4,Wilayah Persekutuan Kuala Lumpur,137,WP Kuala Lumpur,1,Awam,1,Berfungsi,252.96,,1,Pillar Hydrant,122,Seputeh,0000-00-00,0,KUALA LUMPUR_JLN HANG TUAH_ZON I_WANI_20052015,1,KUALA LUMPUR (WP),88beb013-6a67-4936-9afd-b84a072cb60f
315151,6ee9cfb3-c60e-40b8-b2cb-23d29391b17d,e795beb3-2cda-4ac4-b79d-7953221f1fb6,166,JHT,I,060,JHT-I-060,Depan Gudang Dewani Jaya Trading Sdn Bhd Jalan Kerayong Aman,Depan Gudang Dewani Jaya Trading Sdn Bhd Jalan Kerayong Aman,1,Hadapan,KUALA LUMPUR,3.118077,101.695931,7,55c38deb-aae3-44c5-bfac-0bb919effec4,Wilayah Persekutuan Kuala Lumpur,137,WP Kuala Lumpur,2,Swasta,1,Berfungsi,252.96,,1,Pillar Hydrant,122,Seputeh,0000-00-00,0,KUALA LUMPUR_JLN HANG TUAH_ZON I_WANI_20052015,1,KUALA LUMPUR (WP),88beb013-6a67-4936-9afd-b84a072cb60f
315152,d8f870b9-9b38-48c3-a375-9ae13cea95e4,e795beb3-2cda-4ac4-b79d-7953221f1fb6,166,JHT,I,061,JHT-I-061,Dalam Kuarters Kemas Pusat Latihan Kemas Jalan Syed Putra,Dalam Kuarters Kemas Pusat Latihan Kemas Jalan Syed Putra,4,Tepi,KUALA LUMPUR,3.129395,101.691329,7,55c38deb-aae3-44c5-bfac-0bb919effec4,Wilayah Persekutuan Kuala Lumpur,137,WP Kuala Lumpur,2,Swasta,1,Berfungsi,252.96,images/img_pili/20170809145814250.jpg,1,Pillar Hydrant,122,Seputeh,0000-00-00,0,KUALA LUMPUR_JLN HANG TUAH_ZON I_WANI_20052015,1,KUALA LUMPUR (WP),88beb013-6a67-4936-9afd-b84a072cb60f
315153,d0cba744-047a-42b3-95a1-867e46cb33de,e795beb3-2cda-4ac4-b79d-7953221f1fb6,166,JHT,I,062,JHT-I-062,Belakang bgn Pusat Latihan Kemas Jalan Syed Putra,Belakang bgn Pusat Latihan Kemas Jalan Syed Putra,2,Belakang,KUALA LUMPUR,3.128091,101.690589,7,55c38deb-aae3-44c5-bfac-0bb919effec4,Wilayah Persekutuan Kuala Lumpur,137,WP Kuala Lumpur,2,Swasta,1,Berfungsi,252.96,images/img_pili/20170809145439518.jpg,1,Pillar Hydrant,122,Seputeh,0000-00-00,0,KUALA LUMPUR_JLN HANG TUAH_ZON I_WANI_20052015,1,KUALA LUMPUR (WP),88beb013-6a67-4936-9afd-b84a072cb60f
315155,22878b09-f164-41a7-a3b1-08c7da8defba,e795beb3-2cda-4ac4-b79d-7953221f1fb6,166,JHT,J,001,JHT-J-001,LEBOH RAYA PERSEKUTUAN,Tepi Jalan Leboh Raya Persekutuan,4,Tepi,KUALA LUMPUR,3.126492,101.68806,7,55c38deb-aae3-44c5-bfac-0bb919effec4,Wilayah Persekutuan Kuala Lumpur,137,WP Kuala Lumpur,1,Awam,1,Berfungsi,357.74,,2,Ground Hydrant,122,Seputeh,0000-00-00,0,KUALA LUMPUR_JLN HANG TUAH_ZON J_WANI_20052015,1,KUALA LUMPUR (WP),88beb013-6a67-4936-9afd-b84a072cb60f
315156,e1529b47-ab06-46e0-9a10-5f35b85db060,e795beb3-2cda-4ac4-b79d-7953221f1fb6,166,JHT,J,002,JHT-J-002,Sebelah Kiri Depan Wisma Belia Jalan Robson,Sebelah Kiri Depan Wisma Belia Jalan Robson,4,Tepi,KUALA LUMPUR,3.126289,101.688057,7,55c38deb-aae3-44c5-bfac-0bb919effec4,Wilayah Persekutuan Kuala Lumpur,137,WP Kuala Lumpur,2,Swasta,1,Berfungsi,357.74,images/img_pili/20170913163930538.jpg,2,Ground Hydrant,122,Seputeh,0000-00-00,0,KUALA LUMPUR_JLN HANG TUAH_ZON J_WANI_20052015,1,KUALA LUMPUR (WP),88beb013-6a67-4936-9afd-b84a072cb60f
315157,a1ab6353-124b-4eff-b050-87bfc1124923,e795beb3-2cda-4ac4-b79d-7953221f1fb6,166,JHT,J,003,JHT-J-003,Sebelah Kiri Tepi Wisma Belia Jalan Robson,Sebelah Kiri Tepi Wisma Belia Jalan Robson,4,Tepi,KUALA LUMPUR,3.126227,101.68796,7,55c38deb-aae3-44c5-bfac-0bb919effec4,Wilayah Persekutuan Kuala Lumpur,137,WP Kuala Lumpur,2,Swasta,1,Berfungsi,357.74,images/img_pili/20170914094850994.jpg,1,Pillar Hydrant,122,Seputeh,0000-00-00,0,KUALA LUMPUR_JLN HANG TUAH_ZON J_WANI_20052015,1,KUALA LUMPUR (WP),88beb013-6a67-4936-9afd-b84a072cb60f
315158,800fb943-4402-4c18-8fad-2d673fb860b4,e795beb3-2cda-4ac4-b79d-7953221f1fb6,166,JHT,J,004,JHT-J-004,Belakang Wisma Belia Dekat Parking Jalan  Robson,Belakang Wisma Belia Dekat Parking Jalan  Robson,2,Belakang,KUALA LUMPUR,3.126203,101.688457,7,55c38deb-aae3-44c5-bfac-0bb919effec4,Wilayah Persekutuan Kuala Lumpur,137,WP Kuala Lumpur,2,Swasta,1,Berfungsi,357.74,images/img_pili/20170914095104274.jpg,1,Pillar Hydrant,122,Seputeh,0000-00-00,0,KUALA LUMPUR_JLN HANG TUAH_ZON J_WANI_20052015,1,KUALA LUMPUR (WP),88beb013-6a67-4936-9afd-b84a072cb60f
315159,70b66426-71f6-4cc8-95e0-c5db7dfc6bc8,e795beb3-2cda-4ac4-b79d-7953221f1fb6,166,JHT,J,005,JHT-J-005,Belakang Wisma Mcoba(Renung) Jalan Robson,Belakang Wisma Mcoba(Renung) Jalan Robson,2,Belakang,KUALA LUMPUR,3.125705,101.687569,7,55c38deb-aae3-44c5-bfac-0bb919effec4,Wilayah Persekutuan Kuala Lumpur,137,WP Kuala Lumpur,2,Swasta,1,Berfungsi,158.995,images/img_pili/20170914095249928.jpg,2,Ground Hydrant,122,Seputeh,0000-00-00,0,KUALA LUMPUR_JLN HANG TUAH_ZON J_WANI_20052015,1,KUALA LUMPUR (WP),88beb013-6a67-4936-9afd-b84a072cb60f
315160,2f1124b8-fb24-454e-bcf6-b2ace157ea51,e795beb3-2cda-4ac4-b79d-7953221f1fb6,166,JHT,J,006,JHT-J-006,Jalan Masuk Ke Kondo Robson Height Jalan Persiaran Endah,Jalan Masuk Ke Kondo Robson Height Jalan Persiaran Endah,4,Tepi,KUALA LUMPUR,3.12518,101.687255,7,55c38deb-aae3-44c5-bfac-0bb919effec4,Wilayah Persekutuan Kuala Lumpur,137,WP Kuala Lumpur,2,Swasta,2,Tidak Berfungsi,0,images/img_pili/20170914095716622.jpg,1,Pillar Hydrant,122,Seputeh,0000-00-00,0,KUALA LUMPUR_JLN HANG TUAH_ZON J_WANI_20052015,1,KUALA LUMPUR (WP),88beb013-6a67-4936-9afd-b84a072cb60f
315161,62957158-8ae2-44d2-b731-9e573204527c,e795beb3-2cda-4ac4-b79d-7953221f1fb6,166,JHT,J,007,JHT-J-007,Depan Bangunan Kondo Robson Height Jalan Persiaran Endah,Depan Bangunan Kondo Robson Height Jalan Persiaran Endah,1,Hadapan,KUALA LUMPUR,3.122282,101.688344,7,55c38deb-aae3-44c5-bfac-0bb919effec4,Wilayah Persekutuan Kuala Lumpur,137,WP Kuala Lumpur,2,Swasta,2,Tidak Berfungsi,0,images/img_pili/20170914095904943.jpg,1,Pillar Hydrant,122,Seputeh,0000-00-00,0,KUALA LUMPUR_JLN HANG TUAH_ZON J_WANI_20052015,1,KUALA LUMPUR (WP),88beb013-6a67-4936-9afd-b84a072cb60f
315162,05e01d75-f2d1-49b1-8b28-6c4ac026ea5c,e795beb3-2cda-4ac4-b79d-7953221f1fb6,166,JHT,J,008,JHT-J-008,Tepi Pagar Luar Kondo Robson Height Jalan Persiaran Endah,Tepi Pagar Luar Kondo Robson Height Jalan Persiaran Endah,4,Tepi,KUALA LUMPUR,3.121513,101.68807,7,55c38deb-aae3-44c5-bfac-0bb919effec4,Wilayah Persekutuan Kuala Lumpur,137,WP Kuala Lumpur,2,Swasta,2,Tidak Berfungsi,0,images/img_pili/20170914100133722.jpg,1,Pillar Hydrant,122,Seputeh,0000-00-00,0,KUALA LUMPUR_JLN HANG TUAH_ZON J_WANI_20052015,1,KUALA LUMPUR (WP),88beb013-6a67-4936-9afd-b84a072cb60f
315163,56bad10b-ea14-47ea-a720-e04354025750,e795beb3-2cda-4ac4-b79d-7953221f1fb6,166,JHT,J,009,JHT-J-009,Belakang Kiri Tokong Cina Jalan Persiaran Endah,Belakang Kiri Tokong Cina Jalan Persiaran Endah,2,Belakang,KUALA LUMPUR,3.121996,101.687411,7,55c38deb-aae3-44c5-bfac-0bb919effec4,Wilayah Persekutuan Kuala Lumpur,137,WP Kuala Lumpur,2,Swasta,1,Berfungsi,252.96,images/img_pili/20170914100327841.jpg,1,Pillar Hydrant,122,Seputeh,0000-00-00,0,KUALA LUMPUR_JLN HANG TUAH_ZON J_WANI_20052015,1,KUALA LUMPUR (WP),88beb013-6a67-4936-9afd-b84a072cb60f
315164,9ec65d93-8f72-4586-9cbe-f3322808b6c9,e795beb3-2cda-4ac4-b79d-7953221f1fb6,166,JHT,J,010,JHT-J-010,Depan Tokong Cina Jalan Persiaran Endah,Depan Tokong Cina Jalan Persiaran Endah,1,Hadapan,KUALA LUMPUR,3.121996,101.687893,7,55c38deb-aae3-44c5-bfac-0bb919effec4,Wilayah Persekutuan Kuala Lumpur,137,WP Kuala Lumpur,2,Swasta,1,Berfungsi,252.96,images/img_pili/20170914100532946.jpg,1,Pillar Hydrant,122,Seputeh,0000-00-00,0,KUALA LUMPUR_JLN HANG TUAH_ZON J_WANI_20052015,1,KUALA LUMPUR (WP),88beb013-6a67-4936-9afd-b84a072cb60f
315165,4ab64fe1-f4f2-4ebf-b782-59ae8f8e42bd,e795beb3-2cda-4ac4-b79d-7953221f1fb6,166,JHT,J,011,JHT-J-011,"Depan Bangunan 7Stellar Robson 7, Jalan Robson",Depan Bangunan BHL Robson  Jalan Robson,1,Hadapan,KUALA LUMPUR,3.124676,101.684944,7,55c38deb-aae3-44c5-bfac-0bb919effec4,Wilayah Persekutuan Kuala Lumpur,137,WP Kuala Lumpur,1,Awam,1,Berfungsi,252.96,images/img_pili/20170914100714792.jpg,1,Pillar Hydrant,122,Seputeh,0000-00-00,0,KUALA LUMPUR_JLN HANG TUAH_ZON J_WANI_20052015,1,KUALA LUMPUR (WP),88beb013-6a67-4936-9afd-b84a072cb60f
315166,bf68713b-e151-4231-bff9-0b1878363eae,e795beb3-2cda-4ac4-b79d-7953221f1fb6,166,JHT,J,012,JHT-J-012,Sebelah Kanan Bangunan Kristal Court Jalan Permai,Sebelah Kanan Bangunan Kristal Court Jalan Permai,4,Tepi,KUALA LUMPUR,3.123872,101.687289,7,55c38deb-aae3-44c5-bfac-0bb919effec4,Wilayah Persekutuan Kuala Lumpur,137,WP Kuala Lumpur,2,Swasta,1,Berfungsi,252.96,images/img_pili/20170914100847125.jpg,1,Pillar Hydrant,122,Seputeh,0000-00-00,0,KUALA LUMPUR_JLN HANG TUAH_ZON J_WANI_20052015,1,KUALA LUMPUR (WP),88beb013-6a67-4936-9afd-b84a072cb60f
315167,1a5ad00b-7946-4246-974b-f3c3b428d9e3,e795beb3-2cda-4ac4-b79d-7953221f1fb6,166,JHT,J,013,JHT-J-013,Sebelah Kiri Bangunan Kristal Court Jalan Perma,Sebelah Kiri Bangunan Kristal Court Jalan Permai,4,Tepi,KUALA LUMPUR,3.123985,101.686961,7,55c38deb-aae3-44c5-bfac-0bb919effec4,Wilayah Persekutuan Kuala Lumpur,137,WP Kuala Lumpur,2,Swasta,1,Berfungsi,357.74,images/img_pili/20170914101045992.jpg,1,Pillar Hydrant,122,Seputeh,0000-00-00,0,KUALA LUMPUR_JLN HANG TUAH_ZON J_WANI_20052015,1,KUALA LUMPUR (WP),88beb013-6a67-4936-9afd-b84a072cb60f
315168,9f5014a6-a630-419b-bd73-1bc60e5c97df,e795beb3-2cda-4ac4-b79d-7953221f1fb6,166,JHT,J,014,JHT-J-014,Tepi Rumah No.42 Jalan Permai,Tepi Rumah No.42 Jalan Permai,4,Tepi,KUALA LUMPUR,3.124274,101.686881,7,55c38deb-aae3-44c5-bfac-0bb919effec4,Wilayah Persekutuan Kuala Lumpur,137,WP Kuala Lumpur,1,Awam,2,Tidak Berfungsi,0,images/img_pili/20170914101254143.jpg,2,Ground Hydrant,122,Seputeh,0000-00-00,0,KUALA LUMPUR_JLN HANG TUAH_ZON J_WANI_20052015,1,KUALA LUMPUR (WP),88beb013-6a67-4936-9afd-b84a072cb60f
315169,fe43c38b-1787-4371-8bb6-03aaf7a17094,e795beb3-2cda-4ac4-b79d-7953221f1fb6,166,JHT,J,015,JHT-J-015,Persimpangan Jln Robson & Jalan Persiaran Desa,Persimpangan Jln Robson & Jalan Persiaran Desa,3,Berhampiran,KUALA LUMPUR,3.124272,101.684845,7,55c38deb-aae3-44c5-bfac-0bb919effec4,Wilayah Persekutuan Kuala Lumpur,137,WP Kuala Lumpur,1,Awam,1,Berfungsi,357.74,images/img_pili/20170914162957512.jpg,2,Ground Hydrant,122,Seputeh,0000-00-00,0,KUALA LUMPUR_JLN HANG TUAH_ZON J_WANI_20052015,1,KUALA LUMPUR (WP),88beb013-6a67-4936-9afd-b84a072cb60f
315170,f67d4296-c21f-43f8-9188-06d244cad2b4,e795beb3-2cda-4ac4-b79d-7953221f1fb6,166,JHT,J,016,JHT-J-016,Depan Rumah No.21 Jalan Persiaran Syed Putra,Depan Rumah No.21 Jalan Persiaran Syed Putra,1,Hadapan,KUALA LUMPUR,3.123287,101.684459,7,55c38deb-aae3-44c5-bfac-0bb919effec4,Wilayah Persekutuan Kuala Lumpur,137,WP Kuala Lumpur,1,Awam,2,Tidak Berfungsi,0,images/img_pili/20170914162854142.jpg,1,Pillar Hydrant,122,Seputeh,0000-00-00,0,KUALA LUMPUR_JLN HANG TUAH_ZON J_WANI_20052015,1,KUALA LUMPUR (WP),88beb013-6a67-4936-9afd-b84a072cb60f
315171,5548d7ac-e45d-46c3-8027-0865373f9e7c,e795beb3-2cda-4ac4-b79d-7953221f1fb6,166,JHT,J,017,JHT-J-017,JALAN PERSIARAN SYED PUTRA,Depan Rumah No.51-53 Jalan Persiaran Syed Putra,1,Hadapan,KUALA LUMPUR,3.122747,101.686897,7,55c38deb-aae3-44c5-bfac-0bb919effec4,Wilayah Persekutuan Kuala Lumpur,137,WP Kuala Lumpur,1,Awam,1,Berfungsi,158.995,images/img_pili/20170914164316385.jpg,1,Pillar Hydrant,122,Seputeh,0000-00-00,0,KUALA LUMPUR_JLN HANG TUAH_ZON J_WANI_20052015,1,KUALA LUMPUR (WP),88beb013-6a67-4936-9afd-b84a072cb60f
315172,4274e9db-d3b4-4a64-ac3b-34e9d75e0213,e795beb3-2cda-4ac4-b79d-7953221f1fb6,166,JHT,J,018,JHT-J-018,Depan Rumah No.68 Jalan Persiaran Syed Putra,Depan Rumah No.68 Jalan Persiaran Syed Putra,1,Hadapan,KUALA LUMPUR,3.123363,101.686602,7,55c38deb-aae3-44c5-bfac-0bb919effec4,Wilayah Persekutuan Kuala Lumpur,137,WP Kuala Lumpur,1,Awam,1,Berfungsi,158.995,images/img_pili/20170914164548805.jpg,2,Ground Hydrant,122,Seputeh,0000-00-00,0,KUALA LUMPUR_JLN HANG TUAH_ZON J_WANI_20052015,1,KUALA LUMPUR (WP),88beb013-6a67-4936-9afd-b84a072cb60f
315173,4461526a-c1a5-49a4-bbf7-1922cdbe86b8,e795beb3-2cda-4ac4-b79d-7953221f1fb6,166,JHT,J,019,JHT-J-019,Depan Rumah No.52 Jalan Persiaran Syed Putra,Depan Rumah No.52 Jalan Persiaran Syed Putra,1,Hadapan,KUALA LUMPUR,3.122855,101.686618,7,55c38deb-aae3-44c5-bfac-0bb919effec4,Wilayah Persekutuan Kuala Lumpur,137,WP Kuala Lumpur,1,Awam,1,Berfungsi,194.729,images/img_pili/20170914164654340.jpg,2,Ground Hydrant,122,Seputeh,0000-00-00,0,KUALA LUMPUR_JLN HANG TUAH_ZON J_WANI_20052015,1,KUALA LUMPUR (WP),88beb013-6a67-4936-9afd-b84a072cb60f
315174,d95ec8e1-1fa9-4cf4-84d2-d23548179ae5,e795beb3-2cda-4ac4-b79d-7953221f1fb6,166,JHT,J,020,JHT-J-020,Depan Rumah No.30 Jalan Persiaran Syed Putra,Depan Rumah No.30 Jalan Persiaran Syed Putra,1,Hadapan,KUALA LUMPUR,3.122855,101.686618,7,55c38deb-aae3-44c5-bfac-0bb919effec4,Wilayah Persekutuan Kuala Lumpur,137,WP Kuala Lumpur,1,Awam,1,Berfungsi,194.729,,1,Pillar Hydrant,122,Seputeh,0000-00-00,0,KUALA LUMPUR_JLN HANG TUAH_ZON J_WANI_20052015,1,KUALA LUMPUR (WP),88beb013-6a67-4936-9afd-b84a072cb60f
315175,d62d6bd0-f428-47c3-a0d5-3c295db842a8,e795beb3-2cda-4ac4-b79d-7953221f1fb6,166,JHT,J,021,JHT-J-021,Depan Rumah No.8 Jalan Persiaran Syed Putra 1,Depan Rumah No.8 Jalan Persiaran Syed Putra 1,1,Hadapan,KUALA LUMPUR,3.121447,101.685278,7,55c38deb-aae3-44c5-bfac-0bb919effec4,Wilayah Persekutuan Kuala Lumpur,137,WP Kuala Lumpur,1,Awam,1,Berfungsi,252.96,images/img_pili/20170918103735100.jpg,1,Pillar Hydrant,122,Seputeh,0000-00-00,0,KUALA LUMPUR_JLN HANG TUAH_ZON J_WANI_20052015,1,KUALA LUMPUR (WP),88beb013-6a67-4936-9afd-b84a072cb60f
315176,6733594e-5a91-4d24-86d4-1e0cc4a60d92,e795beb3-2cda-4ac4-b79d-7953221f1fb6,166,JHT,J,022,JHT-J-022,Depan Rumah No 24 Jalan Persiaran Syed Putra 1,Depan Rumah No 24 Jalan Persiaran Syed Putra 1,1,Hadapan,KUALA LUMPUR,3.120895,101.685335,7,55c38deb-aae3-44c5-bfac-0bb919effec4,Wilayah Persekutuan Kuala Lumpur,137,WP Kuala Lumpur,1,Awam,1,Berfungsi,252.96,,1,Pillar Hydrant,122,Seputeh,0000-00-00,0,KUALA LUMPUR_JLN HANG TUAH_ZON J_WANI_20052015,1,KUALA LUMPUR (WP),88beb013-6a67-4936-9afd-b84a072cb60f
315177,5ec19d19-df6c-4dee-ba20-841c2bcac177,e795beb3-2cda-4ac4-b79d-7953221f1fb6,166,JHT,J,023,JHT-J-023,Depan Bangunan Robson Kondo B Jalan Persiaran Syed Putra 2,Depan Bangunan Robson Kondo B Jalan Persiaran Syed Putra 2,1,Hadapan,KUALA LUMPUR,3.120844,101.684189,7,55c38deb-aae3-44c5-bfac-0bb919effec4,Wilayah Persekutuan Kuala Lumpur,137,WP Kuala Lumpur,2,Swasta,1,Berfungsi,252.96,images/img_pili/20170918104109334.jpg,1,Pillar Hydrant,122,Seputeh,0000-00-00,0,KUALA LUMPUR_JLN HANG TUAH_ZON J_WANI_20052015,1,KUALA LUMPUR (WP),88beb013-6a67-4936-9afd-b84a072cb60f
315178,749eae87-1db2-4aa0-9759-6d89d3fc9f68,e795beb3-2cda-4ac4-b79d-7953221f1fb6,166,JHT,J,024,JHT-J-024,Jalan Ke Tower 10 Robson Kondo B Jalan Persiaran Syed Putra 2,Jalan Ke Tower 10 Robson Kondo B Jalan Persiaran Syed Putra 2,4,Tepi,KUALA LUMPUR,3.121612,101.684006,7,55c38deb-aae3-44c5-bfac-0bb919effec4,Wilayah Persekutuan Kuala Lumpur,137,WP Kuala Lumpur,2,Swasta,1,Berfungsi,252.96,images/img_pili/20170918104203479.jpg,1,Pillar Hydrant,122,Seputeh,0000-00-00,0,KUALA LUMPUR_JLN HANG TUAH_ZON J_WANI_20052015,1,KUALA LUMPUR (WP),88beb013-6a67-4936-9afd-b84a072cb60f
315179,18c2a4a7-c2ef-438a-b38e-dd4c9e83ad07,e795beb3-2cda-4ac4-b79d-7953221f1fb6,166,JHT,J,025,JHT-J-025,Depan Tower 10 Robson Kondo B Jalan Persiaran Syed Putra 2,Depan Tower 10 Robson Kondo B Jalan Persiaran Syed Putra 2,1,Hadapan,KUALA LUMPUR,3.121119,101.684107,7,55c38deb-aae3-44c5-bfac-0bb919effec4,Wilayah Persekutuan Kuala Lumpur,137,WP Kuala Lumpur,2,Swasta,1,Berfungsi,357.74,images/img_pili/20170918104259985.jpg,1,Pillar Hydrant,122,Seputeh,0000-00-00,0,KUALA LUMPUR_JLN HANG TUAH_ZON J_WANI_20052015,1,KUALA LUMPUR (WP),88beb013-6a67-4936-9afd-b84a072cb60f
315180,a6b72745-7e4f-4eb2-ae76-260aaea2a3d3,e795beb3-2cda-4ac4-b79d-7953221f1fb6,166,JHT,J,026,JHT-J-026,Depan Rumah No.22 Jalan Persiaran Syed Putra 2,Depan Rumah No.22 Jalan Persiaran Syed Putra 2,1,Hadapan,KUALA LUMPUR,3.121087,101.684628,7,55c38deb-aae3-44c5-bfac-0bb919effec4,Wilayah Persekutuan Kuala Lumpur,137,WP Kuala Lumpur,1,Awam,1,Berfungsi,357.74,images/img_pili/20170918104354506.jpg,1,Pillar Hydrant,122,Seputeh,0000-00-00,0,KUALA LUMPUR_JLN HANG TUAH_ZON J_WANI_20052015,1,KUALA LUMPUR (WP),88beb013-6a67-4936-9afd-b84a072cb60f
315181,8217bb06-fc04-4224-823b-20461d41c805,e795beb3-2cda-4ac4-b79d-7953221f1fb6,166,JHT,J,027,JHT-J-027,Depan Rumah No.2 Jalan Persiaran Syed Putra 4,Depan Rumah No.2 Jalan Persiaran Syed Putra 4,1,Hadapan,KUALA LUMPUR,3.120058,101.684488,7,55c38deb-aae3-44c5-bfac-0bb919effec4,Wilayah Persekutuan Kuala Lumpur,137,WP Kuala Lumpur,1,Awam,1,Berfungsi,357.74,images/img_pili/20170918104602333.jpg,1,Pillar Hydrant,122,Seputeh,0000-00-00,0,KUALA LUMPUR_JLN HANG TUAH_ZON J_WANI_20052015,1,KUALA LUMPUR (WP),88beb013-6a67-4936-9afd-b84a072cb60f
315182,7a119ed7-b027-4e34-8de8-da4d4bd3eaaa,e795beb3-2cda-4ac4-b79d-7953221f1fb6,166,JHT,J,028,JHT-J-028,Persimpangan Jalan Syed Putra 5,Persimpangan Jalan Syed Putra 5,3,Berhampiran,KUALA LUMPUR,3.120155,101.686141,7,55c38deb-aae3-44c5-bfac-0bb919effec4,Wilayah Persekutuan Kuala Lumpur,137,WP Kuala Lumpur,1,Awam,1,Berfungsi,357.74,images/img_pili/2017091810482426.jpg,1,Pillar Hydrant,122,Seputeh,0000-00-00,0,KUALA LUMPUR_JLN HANG TUAH_ZON J_WANI_20052015,1,KUALA LUMPUR (WP),88beb013-6a67-4936-9afd-b84a072cb60f
315183,63bb3e4d-b478-45ad-a699-0b6bf225617d,e795beb3-2cda-4ac4-b79d-7953221f1fb6,166,JHT,J,029,JHT-J-029,Depan Rumah No.2 Jalan Persiaran Syed Putra 5,Depan Rumah No.2 Jalan Persiaran Syed Putra 5,1,Hadapan,KUALA LUMPUR,3.120455,101.685443,7,55c38deb-aae3-44c5-bfac-0bb919effec4,Wilayah Persekutuan Kuala Lumpur,137,WP Kuala Lumpur,1,Awam,1,Berfungsi,194.729,images/img_pili/20170918104929726.jpg,1,Pillar Hydrant,122,Seputeh,0000-00-00,0,KUALA LUMPUR_JLN HANG TUAH_ZON J_WANI_20052015,1,KUALA LUMPUR (WP),88beb013-6a67-4936-9afd-b84a072cb60f
315184,509306db-c80e-40da-a60a-7b1dfb9037d6,e795beb3-2cda-4ac4-b79d-7953221f1fb6,166,JHT,J,030,JHT-J-030,Depan Rumah No.32 Jalan Persiaran Syed Putra 5,Depan Rumah No.32 Jalan Persiaran Syed Putra 5,1,Hadapan,KUALA LUMPUR,3.120519,101.684413,7,55c38deb-aae3-44c5-bfac-0bb919effec4,Wilayah Persekutuan Kuala Lumpur,137,WP Kuala Lumpur,1,Awam,1,Berfungsi,158.995,images/img_pili/20170918105046286.jpg,1,Pillar Hydrant,122,Seputeh,0000-00-00,0,KUALA LUMPUR_JLN HANG TUAH_ZON J_WANI_20052015,1,KUALA LUMPUR (WP),88beb013-6a67-4936-9afd-b84a072cb60f
315185,a826257c-dbed-4c18-9c47-9783d260cd7d,e795beb3-2cda-4ac4-b79d-7953221f1fb6,166,JHT,J,031,JHT-J-031,Hadapan Pintu Masuk Kondo Bukit Robson,Hadapan Pintu Masuk Kondo Bukit Robson,1,Hadapan,KUALA LUMPUR,3.120064,101.686189,7,55c38deb-aae3-44c5-bfac-0bb919effec4,Wilayah Persekutuan Kuala Lumpur,137,WP Kuala Lumpur,2,Swasta,1,Berfungsi,194.729,images/img_pili/20170918105153177.jpg,1,Pillar Hydrant,122,Seputeh,0000-00-00,0,KUALA LUMPUR_JLN HANG TUAH_ZON J_WANI_20052015,1,KUALA LUMPUR (WP),88beb013-6a67-4936-9afd-b84a072cb60f
315186,bbc55070-eb35-47bd-bcc2-2913dcbd883e,e795beb3-2cda-4ac4-b79d-7953221f1fb6,166,JHT,J,032,JHT-J-032,Tepi Kondo Bukit Robson Jalan Persiaran Syed Putra 5,Tepi Kondo Bukit Robson Jalan Persiaran Syed Putra 5,4,Tepi,KUALA LUMPUR,3.119142,101.685942,7,55c38deb-aae3-44c5-bfac-0bb919effec4,Wilayah Persekutuan Kuala Lumpur,137,WP Kuala Lumpur,2,Swasta,1,Berfungsi,158.995,images/img_pili/2017091810524934.jpg,1,Pillar Hydrant,122,Seputeh,0000-00-00,0,KUALA LUMPUR_JLN HANG TUAH_ZON J_WANI_20052015,1,KUALA LUMPUR (WP),88beb013-6a67-4936-9afd-b84a072cb60f
315187,5c895b79-8fca-431c-98d1-0f775785453f,e795beb3-2cda-4ac4-b79d-7953221f1fb6,166,JHT,J,033,JHT-J-033,Sebelah Kiri Kondo Bukit Robson Bahagian Belakang,Sebelah Kiri Kondo Bukit Robson Bahagian Belakang,4,Tepi,KUALA LUMPUR,3.119545,101.685901,7,55c38deb-aae3-44c5-bfac-0bb919effec4,Wilayah Persekutuan Kuala Lumpur,137,WP Kuala Lumpur,2,Swasta,1,Berfungsi,252.96,images/img_pili/20170918105337923.jpg,1,Pillar Hydrant,122,Seputeh,0000-00-00,0,KUALA LUMPUR_JLN HANG TUAH_ZON J_WANI_20052015,1,KUALA LUMPUR (WP),88beb013-6a67-4936-9afd-b84a072cb60f
315188,399c5620-7d1f-498b-8cfd-24d8981fc664,e795beb3-2cda-4ac4-b79d-7953221f1fb6,166,JHT,J,034,JHT-J-034,Kanan Kondo Bukit Robson Jalan Persiaran Syed Putra 5,Kanan Kondo Bukit Robson Jalan Persiaran Syed Putra 5,4,Tepi,KUALA LUMPUR,3.119947,101.686169,7,55c38deb-aae3-44c5-bfac-0bb919effec4,Wilayah Persekutuan Kuala Lumpur,137,WP Kuala Lumpur,2,Swasta,1,Berfungsi,252.96,images/img_pili/20170918110029716.jpg,1,Pillar Hydrant,122,Seputeh,0000-00-00,0,KUALA LUMPUR_JLN HANG TUAH_ZON J_WANI_20052015,1,KUALA LUMPUR (WP),88beb013-6a67-4936-9afd-b84a072cb60f
315189,626ad115-9645-4b90-96ce-f62206816933,e795beb3-2cda-4ac4-b79d-7953221f1fb6,166,JHT,J,035,JHT-J-035,Bahagian Depan Lobby Kondo Bukit Robson,Bahagian Depan Lobby Kondo Bukit Robson,1,Hadapan,KUALA LUMPUR,3.119564,101.686182,7,55c38deb-aae3-44c5-bfac-0bb919effec4,Wilayah Persekutuan Kuala Lumpur,137,WP Kuala Lumpur,2,Swasta,1,Berfungsi,252.96,images/img_pili/20170918110119882.jpg,1,Pillar Hydrant,122,Seputeh,0000-00-00,0,KUALA LUMPUR_JLN HANG TUAH_ZON J_WANI_20052015,1,KUALA LUMPUR (WP),88beb013-6a67-4936-9afd-b84a072cb60f
315190,05cc7749-7222-46b8-8f4f-071c6a0a337f,e795beb3-2cda-4ac4-b79d-7953221f1fb6,166,JHT,J,036,JHT-J-036,JALAN PERSIARAN SYED PUTRA,"Lot 34 Jalan Robson,Robson Height Off federal Highway K.L",4,Tepi,KUALA LUMPUR,3.124214,101.684821,7,55c38deb-aae3-44c5-bfac-0bb919effec4,Wilayah Persekutuan Kuala Lumpur,137,WP Kuala Lumpur,1,Awam,1,Berfungsi,252.96,,1,Pillar Hydrant,122,Seputeh,0000-00-00,0,KUALA LUMPUR_JLN HANG TUAH_ZON J_WANI_20052015,1,KUALA LUMPUR (WP),88beb013-6a67-4936-9afd-b84a072cb60f
315191,e6c285f2-aa60-492d-b6d3-a8b143a44afe,e795beb3-2cda-4ac4-b79d-7953221f1fb6,166,JHT,J,037,JHT-J-037,JALAN PERSIARAN SYED PUTRA,Belakang Kanan Tokong Cina Jalan Persiaran Endah,2,Belakang,KUALA LUMPUR,3.122081,101.687488,7,55c38deb-aae3-44c5-bfac-0bb919effec4,Wilayah Persekutuan Kuala Lumpur,137,WP Kuala Lumpur,1,Awam,1,Berfungsi,357.74,,1,Pillar Hydrant,122,Seputeh,0000-00-00,0,KUALA LUMPUR_JLN HANG TUAH_ZON J_WANI_20052015,1,KUALA LUMPUR (WP),88beb013-6a67-4936-9afd-b84a072cb60f
315192,eab3c309-88b5-4ea1-a536-649b01c1af7e,e795beb3-2cda-4ac4-b79d-7953221f1fb6,166,JHT,J,038,JHT-J-038,Depan Rumah No 2 Kondo Sierra Seputeh Persiaran Syed Putra,Depan Rumah No 2 Kondo Sierra Seputeh Persiaran Syed Putra,1,Hadapan,KUALA LUMPUR,3.119989,101.686103,7,55c38deb-aae3-44c5-bfac-0bb919effec4,Wilayah Persekutuan Kuala Lumpur,137,WP Kuala Lumpur,2,Swasta,1,Berfungsi,357.74,images/img_pili/20170914164943157.jpg,1,Pillar Hydrant,122,Seputeh,0000-00-00,0,KUALA LUMPUR_JLN HANG TUAH_ZON J_WANI_20052015,1,KUALA LUMPUR (WP),88beb013-6a67-4936-9afd-b84a072cb60f
315193,8b9bae84-18a2-4237-9c36-893cbd28d888,e795beb3-2cda-4ac4-b79d-7953221f1fb6,166,JHT,J,039,JHT-J-039,Depan Rumah No 7 Kondo Sierra Seputeh Persiaran Syed Putra,Depan Rumah No 7 Kondo Sierra Seputeh Persiaran Syed Putra,1,Hadapan,KUALA LUMPUR,3.120169,101.686218,7,55c38deb-aae3-44c5-bfac-0bb919effec4,Wilayah Persekutuan Kuala Lumpur,137,WP Kuala Lumpur,2,Swasta,1,Berfungsi,357.74,images/img_pili/20170914165038891.jpg,1,Pillar Hydrant,122,Seputeh,0000-00-00,0,KUALA LUMPUR_JLN HANG TUAH_ZON J_WANI_20052015,1,KUALA LUMPUR (WP),88beb013-6a67-4936-9afd-b84a072cb60f
315194,8920da63-2168-484d-86f1-5566ea54f2b0,e795beb3-2cda-4ac4-b79d-7953221f1fb6,166,JHT,J,040,JHT-J-040,Depan Rumah No 32 A Kondo Sierra Seputeh Persiaran Syed Putra,Depan Rumah No 32 A Kondo Sierra Seputeh Persiaran Syed Putra,1,Hadapan,KUALA LUMPUR,3.119421,101.686339,7,55c38deb-aae3-44c5-bfac-0bb919effec4,Wilayah Persekutuan Kuala Lumpur,137,WP Kuala Lumpur,2,Swasta,2,Tidak Berfungsi,0,images/img_pili/20170914165139986.jpg,1,Pillar Hydrant,122,Seputeh,0000-00-00,0,KUALA LUMPUR_JLN HANG TUAH_ZON J_WANI_20052015,1,KUALA LUMPUR (WP),88beb013-6a67-4936-9afd-b84a072cb60f
315195,3c083185-01ff-488b-9a76-4e1c2e034af5,e795beb3-2cda-4ac4-b79d-7953221f1fb6,166,JHT,J,041,JHT-J-041,Depan Rumah No 36 Kondo Sierra Seputeh Persiaran Syed Putra,Depan Rumah No 36 Kondo Sierra Seputeh Persiaran Syed Putra,1,Hadapan,KUALA LUMPUR,3.119186,101.686306,7,55c38deb-aae3-44c5-bfac-0bb919effec4,Wilayah Persekutuan Kuala Lumpur,137,WP Kuala Lumpur,2,Swasta,2,Tidak Berfungsi,0,images/img_pili/2017091416524835.jpg,1,Pillar Hydrant,122,Seputeh,0000-00-00,0,KUALA LUMPUR_JLN HANG TUAH_ZON J_WANI_20052015,1,KUALA LUMPUR (WP),88beb013-6a67-4936-9afd-b84a072cb60f
315196,a504684e-198b-4604-b9ab-e66b673ecdec,e795beb3-2cda-4ac4-b79d-7953221f1fb6,166,JHT,J,042,JHT-J-042,Depan Rumah No 49 Kondo Sierra Seputeh Persiaran Syed Putra,Depan Rumah No 49 Kondo Sierra Seputeh Persiaran Syed Putra,1,Hadapan,KUALA LUMPUR,3.119076,101.686407,7,55c38deb-aae3-44c5-bfac-0bb919effec4,Wilayah Persekutuan Kuala Lumpur,137,WP Kuala Lumpur,2,Swasta,2,Tidak Berfungsi,0,images/img_pili/20170914165339291.jpg,1,Pillar Hydrant,122,Seputeh,0000-00-00,0,KUALA LUMPUR_JLN HANG TUAH_ZON J_WANI_20052015,1,KUALA LUMPUR (WP),88beb013-6a67-4936-9afd-b84a072cb60f
315197,077e4932-9242-4017-ab8f-a3d0fb3f0d2e,e795beb3-2cda-4ac4-b79d-7953221f1fb6,166,JHT,J,043,JHT-J-043,Depan Rumah No 45 Kondo Sierra Seputeh Persiaran Syed Putra,Depan Rumah No 45 Kondo Sierra Seputeh Persiaran Syed Putra,1,Hadapan,KUALA LUMPUR,3.118969,101.686381,7,55c38deb-aae3-44c5-bfac-0bb919effec4,Wilayah Persekutuan Kuala Lumpur,137,WP Kuala Lumpur,2,Swasta,1,Berfungsi,158.995,images/img_pili/20170914165439221.jpg,1,Pillar Hydrant,122,Seputeh,0000-00-00,0,KUALA LUMPUR_JLN HANG TUAH_ZON J_WANI_20052015,1,KUALA LUMPUR (WP),88beb013-6a67-4936-9afd-b84a072cb60f
315598,1c2d8d8f-1b7d-4ffe-b07b-84fd4091e22b,e795beb3-2cda-4ac4-b79d-7953221f1fb6,166,JHT,K,001,JHT-K-001,Belakang Bangunan Ritz GardenLorongKapar Off Jalan Syed Putra,Belakan Bangunan Ritz GardenLorongKapar Off Jalan Syed Putra,2,Belakang,KUALA LUMPUR,3.122651,101.682042,7,55c38deb-aae3-44c5-bfac-0bb919effec4,Wilayah Persekutuan Kuala Lumpur,137,WP Kuala Lumpur,2,Swasta,1,Berfungsi,158.995,,1,Pillar Hydrant,122,Seputeh,0000-00-00,0,KUALA LUMPUR_JLN HANG TUAH_ZON K_WANI_20052015,1,KUALA LUMPUR (WP),88beb013-6a67-4936-9afd-b84a072cb60f
315599,8bb02ec6-3c66-4ed1-84f3-82e5019f69fe,e795beb3-2cda-4ac4-b79d-7953221f1fb6,166,JHT,K,002,JHT-K-002,Depan Bangunan Ritz Garden Lorong Kapar Off Jalan Syed Putra,Depan Bangunan Ritz GardenLorongKapar Off Jalan Syed Putra,1,Hadapan,KUALA LUMPUR,3.122635,101.682225,7,55c38deb-aae3-44c5-bfac-0bb919effec4,Wilayah Persekutuan Kuala Lumpur,137,WP Kuala Lumpur,2,Swasta,1,Berfungsi,252.96,,1,Pillar Hydrant,122,Seputeh,0000-00-00,0,KUALA LUMPUR_JLN HANG TUAH_ZON K_WANI_20052015,1,KUALA LUMPUR (WP),88beb013-6a67-4936-9afd-b84a072cb60f
315600,fa3781a8-1ad2-47a9-acf0-b49388e74f24,e795beb3-2cda-4ac4-b79d-7953221f1fb6,166,JHT,K,003,JHT-K-003,Depan Menara Jalinan Lorong Kapar Off Jalan Syed Putra,Depan Menara Jalinan LorongKapar Off Jalan Syed Putra,1,Hadapan,KUALA LUMPUR,3.122255,101.681656,7,55c38deb-aae3-44c5-bfac-0bb919effec4,Wilayah Persekutuan Kuala Lumpur,137,WP Kuala Lumpur,2,Swasta,1,Berfungsi,252.96,,1,Pillar Hydrant,122,Seputeh,0000-00-00,0,KUALA LUMPUR_JLN HANG TUAH_ZON K_WANI_20052015,1,KUALA LUMPUR (WP),88beb013-6a67-4936-9afd-b84a072cb60f
315601,91c1a745-4159-42f7-bfc4-65bb04e3c229,e795beb3-2cda-4ac4-b79d-7953221f1fb6,166,JHT,K,004,JHT-K-004,JLN SYED PUTRA,Belakang Menara Jalinan LorongKapar Off Jalan Syed Putra,2,Belakang,KUALA LUMPUR,3.121949,101.681656,7,55c38deb-aae3-44c5-bfac-0bb919effec4,Wilayah Persekutuan Kuala Lumpur,137,WP Kuala Lumpur,2,Swasta,1,Berfungsi,252.96,,1,Pillar Hydrant,122,Seputeh,0000-00-00,0,KUALA LUMPUR_JLN HANG TUAH_ZON K_WANI_20052015,1,KUALA LUMPUR (WP),88beb013-6a67-4936-9afd-b84a072cb60f
315602,4919afe8-f4c4-4c55-b335-a3bb49576180,e795beb3-2cda-4ac4-b79d-7953221f1fb6,166,JHT,K,005,JHT-K-005,TMN PERSIRAN DESA,Depan Wisma YPR Jalan 4/87G TamanPersiaranDesa,1,Hadapan,KUALA LUMPUR,3.122601,101.681266,7,55c38deb-aae3-44c5-bfac-0bb919effec4,Wilayah Persekutuan Kuala Lumpur,137,WP Kuala Lumpur,2,Swasta,1,Berfungsi,252.96,,1,Pillar Hydrant,122,Seputeh,0000-00-00,0,KUALA LUMPUR_JLN HANG TUAH_ZON K_WANI_20052015,1,KUALA LUMPUR (WP),88beb013-6a67-4936-9afd-b84a072cb60f
315603,f3948bd0-e593-49be-8968-2f1ca078d330,e795beb3-2cda-4ac4-b79d-7953221f1fb6,166,JHT,K,006,JHT-K-006,TMN PERSIRAN DESA,Depan Rumah No.29 LorongJambatanTamanPersiaranDesa,1,Hadapan,KUALA LUMPUR,3.122646,101.68319,7,55c38deb-aae3-44c5-bfac-0bb919effec4,Wilayah Persekutuan Kuala Lumpur,137,WP Kuala Lumpur,2,Swasta,1,Berfungsi,357.74,,1,Pillar Hydrant,122,Seputeh,0000-00-00,0,KUALA LUMPUR_JLN HANG TUAH_ZON K_WANI_20052015,1,KUALA LUMPUR (WP),88beb013-6a67-4936-9afd-b84a072cb60f
315604,617cf530-f421-43ef-ab6e-43fdb9286d8e,e795beb3-2cda-4ac4-b79d-7953221f1fb6,166,JHT,K,007,JHT-K-007,TMN PERSIRAN DESA,Depan Rumah No.32 LorongJambatanTamanPersiaranDesa,1,Hadapan,KUALA LUMPUR,3.122737,101.68363,7,55c38deb-aae3-44c5-bfac-0bb919effec4,Wilayah Persekutuan Kuala Lumpur,137,WP Kuala Lumpur,2,Swasta,1,Berfungsi,357.74,,2,Ground Hydrant,122,Seputeh,0000-00-00,0,KUALA LUMPUR_JLN HANG TUAH_ZON K_WANI_20052015,1,KUALA LUMPUR (WP),88beb013-6a67-4936-9afd-b84a072cb60f
315605,7fb0eb2e-3c18-4752-bf5f-fe0d44b34ba4,e795beb3-2cda-4ac4-b79d-7953221f1fb6,166,JHT,K,008,JHT-K-008,Depan Rumah No.38 Lorong Jambatan Taman Persiaran Desa,Depan Rumah No.38 LorongJambatanTamanPersiaranDesa,1,Hadapan,KUALA LUMPUR,3.122485,101.683952,7,55c38deb-aae3-44c5-bfac-0bb919effec4,Wilayah Persekutuan Kuala Lumpur,137,WP Kuala Lumpur,2,Swasta,1,Berfungsi,357.74,,1,Pillar Hydrant,122,Seputeh,0000-00-00,0,KUALA LUMPUR_JLN HANG TUAH_ZON K_WANI_20052015,1,KUALA LUMPUR (WP),88beb013-6a67-4936-9afd-b84a072cb60f
315606,35dcd109-c1a5-4ac0-81ea-91e5d23a309f,e795beb3-2cda-4ac4-b79d-7953221f1fb6,166,JHT,K,009,JHT-K-009,Hadapan Rumah N0.46 Jalan Mati Taman Persiaran Desa,Hadapan Rumah N0.46 JalanMatiTamanPersiaranDesa,1,Hadapan,KUALA LUMPUR,3.122485,101.683952,7,55c38deb-aae3-44c5-bfac-0bb919effec4,Wilayah Persekutuan Kuala Lumpur,137,WP Kuala Lumpur,2,Swasta,1,Berfungsi,357.74,,2,Ground Hydrant,122,Seputeh,0000-00-00,0,KUALA LUMPUR_JLN HANG TUAH_ZON K_WANI_20052015,1,KUALA LUMPUR (WP),88beb013-6a67-4936-9afd-b84a072cb60f
315607,581217b2-7f07-441f-ab94-f006f98a385a,e795beb3-2cda-4ac4-b79d-7953221f1fb6,166,JHT,K,010,JHT-K-010,Depan Rumah No. 60 Jalan Mati Taman Persiaran Desa,Depan Rumah No. 60 JalanMatiTamanPersiaranDesa,1,Hadapan,KUALA LUMPUR,3.122121,101.684285,7,55c38deb-aae3-44c5-bfac-0bb919effec4,Wilayah Persekutuan Kuala Lumpur,137,WP Kuala Lumpur,2,Swasta,1,Berfungsi,158.995,,1,Pillar Hydrant,122,Seputeh,0000-00-00,0,KUALA LUMPUR_JLN HANG TUAH_ZON K_WANI_20052015,1,KUALA LUMPUR (WP),88beb013-6a67-4936-9afd-b84a072cb60f
315608,f58b93a2-535f-4ad3-8c55-14e1606160e2,e795beb3-2cda-4ac4-b79d-7953221f1fb6,166,JHT,K,011,JHT-K-011,HadapanRumah No. 31 Jalan Mati Taman Persiaran Desa,HadapanRumah No. 31 JalanMatiTamanPersiaranDesa,1,Hadapan,KUALA LUMPUR,3.122571,101.683829,7,55c38deb-aae3-44c5-bfac-0bb919effec4,Wilayah Persekutuan Kuala Lumpur,137,WP Kuala Lumpur,2,Swasta,1,Berfungsi,158.995,,1,Pillar Hydrant,122,Seputeh,0000-00-00,0,KUALA LUMPUR_JLN HANG TUAH_ZON K_WANI_20052015,1,KUALA LUMPUR (WP),88beb013-6a67-4936-9afd-b84a072cb60f
315609,f0850dda-2f00-48a1-bc20-fb77d32e3507,e795beb3-2cda-4ac4-b79d-7953221f1fb6,166,JHT,K,012,JHT-K-012,Tepi Pagar Depan Rumah No.31 Jalan Mati Taman Persiaran Desa,TepiPagarDepanRumah No.31 JalanMatiTamanPersiaranDesa,4,Tepi,KUALA LUMPUR,3.120298,101.680307,7,55c38deb-aae3-44c5-bfac-0bb919effec4,Wilayah Persekutuan Kuala Lumpur,137,WP Kuala Lumpur,2,Swasta,1,Berfungsi,158.995,,2,Ground Hydrant,122,Seputeh,0000-00-00,0,KUALA LUMPUR_JLN HANG TUAH_ZON K_WANI_20052015,1,KUALA LUMPUR (WP),88beb013-6a67-4936-9afd-b84a072cb60f
315610,57fdc8a3-9659-43a5-970f-85373f9c118b,e795beb3-2cda-4ac4-b79d-7953221f1fb6,166,JHT,K,013,JHT-K-013,Dalam Kawasan Pagar Rumah Atas Bukit Lorong Mati Taman Persiaran Desa,Dalam Kawasan Pagar RumahAtas Bukit LorongMati TamanPersiaranDesa,3,Berhampiran,KUALA LUMPUR,3.121134,101.68094,7,55c38deb-aae3-44c5-bfac-0bb919effec4,Wilayah Persekutuan Kuala Lumpur,137,WP Kuala Lumpur,2,Swasta,1,Berfungsi,158.995,,2,Ground Hydrant,122,Seputeh,0000-00-00,0,KUALA LUMPUR_JLN HANG TUAH_ZON K_WANI_20052015,1,KUALA LUMPUR (WP),88beb013-6a67-4936-9afd-b84a072cb60f
315611,#NUM!,e795beb3-2cda-4ac4-b79d-7953221f1fb6,166,JHT,K,014,JHT-K-014,Depan Rumah Atas Bukit Lorong Mati Taman Persiaran Desa,DepanRumahAtas Bukit LorongMati TamanPersiaranDesa,1,Hadapan,KUALA LUMPUR,3.122281,101.683775,7,55c38deb-aae3-44c5-bfac-0bb919effec4,Wilayah Persekutuan Kuala Lumpur,137,WP Kuala Lumpur,2,Swasta,1,Berfungsi,252.96,,1,Pillar Hydrant,122,Seputeh,0000-00-00,0,KUALA LUMPUR_JLN HANG TUAH_ZON K_WANI_20052015,1,KUALA LUMPUR (WP),88beb013-6a67-4936-9afd-b84a072cb60f
315612,07524402-587e-4775-924d-1d34748f1694,e795beb3-2cda-4ac4-b79d-7953221f1fb6,166,JHT,K,015,JHT-K-015,Depan Pangsapuri Seputeh Permai Jalan Taman Persiaran Desa,DepanPangsapuriSeputehPermaiJalanTamanPersiaranDesa,1,Hadapan,KUALA LUMPUR,3.121312,101.682069,7,55c38deb-aae3-44c5-bfac-0bb919effec4,Wilayah Persekutuan Kuala Lumpur,137,WP Kuala Lumpur,2,Swasta,1,Berfungsi,252.96,,1,Pillar Hydrant,122,Seputeh,0000-00-00,0,KUALA LUMPUR_JLN HANG TUAH_ZON K_WANI_20052015,1,KUALA LUMPUR (WP),88beb013-6a67-4936-9afd-b84a072cb60f
315613,ba1969c3-84cd-4b81-a00d-4e8b0170928d,e795beb3-2cda-4ac4-b79d-7953221f1fb6,166,JHT,K,016,JHT-K-016,TMN PERSIRAN DESA,Belakang Pangsapuri SeputehPermaiJalanTamanPersiaranDesa,2,Belakang,KUALA LUMPUR,3.121853,101.682085,7,55c38deb-aae3-44c5-bfac-0bb919effec4,Wilayah Persekutuan Kuala Lumpur,137,WP Kuala Lumpur,2,Swasta,1,Berfungsi,252.96,,1,Pillar Hydrant,122,Seputeh,0000-00-00,0,KUALA LUMPUR_JLN HANG TUAH_ZON K_WANI_20052015,1,KUALA LUMPUR (WP),88beb013-6a67-4936-9afd-b84a072cb60f
315614,a0c90ad2-1ea3-4344-ab1b-205110e11269,e795beb3-2cda-4ac4-b79d-7953221f1fb6,166,JHT,K,017,JHT-K-017,TMN BUKIT SEPUTEH,TepiRumah No.74 JalanLorong Bukit Raja Taman Bukit Seputeh,4,Tepi,KUALA LUMPUR,3.119673,101.679698,7,55c38deb-aae3-44c5-bfac-0bb919effec4,Wilayah Persekutuan Kuala Lumpur,137,WP Kuala Lumpur,1,Awam,1,Berfungsi,252.96,,1,Pillar Hydrant,122,Seputeh,0000-00-00,0,KUALA LUMPUR_JLN HANG TUAH_ZON K_WANI_20052015,1,KUALA LUMPUR (WP),88beb013-6a67-4936-9afd-b84a072cb60f
315615,b2917451-6121-43d8-a8f4-0d2dd0913d76,e795beb3-2cda-4ac4-b79d-7953221f1fb6,166,JHT,K,018,JHT-K-018,LORONG RAJA OFF JLN PERSEKUTUAN,DekatBangunan No.62 Lorong Raja Off Jalan Persekutuan,3,Berhampiran,KUALA LUMPUR,3.120391,101.679607,7,55c38deb-aae3-44c5-bfac-0bb919effec4,Wilayah Persekutuan Kuala Lumpur,137,WP Kuala Lumpur,1,Awam,1,Berfungsi,357.74,,1,Pillar Hydrant,122,Seputeh,0000-00-00,0,KUALA LUMPUR_JLN HANG TUAH_ZON K_WANI_20052015,1,KUALA LUMPUR (WP),88beb013-6a67-4936-9afd-b84a072cb60f
315616,d995b5c4-6e25-4c9f-9fc2-7a5c1aa707e7,e795beb3-2cda-4ac4-b79d-7953221f1fb6,166,JHT,K,019,JHT-K-019,DepanRumah No.25 Jalan Bukit Raja Taman Bukit Seputeh TMN BUKIT SEPUTEH,DepanRumah No.25 Jalan Bukit Raja Taman Bukit Seputeh,1,Hadapan,KUALA LUMPUR,3.121735,101.680572,7,55c38deb-aae3-44c5-bfac-0bb919effec4,Wilayah Persekutuan Kuala Lumpur,137,WP Kuala Lumpur,1,Awam,1,Berfungsi,357.74,,2,Ground Hydrant,122,Seputeh,0000-00-00,0,KUALA LUMPUR_JLN HANG TUAH_ZON K_WANI_20052015,1,KUALA LUMPUR (WP),88beb013-6a67-4936-9afd-b84a072cb60f
315617,6dbe005b-c6e6-43ab-928e-b304eef451fb,e795beb3-2cda-4ac4-b79d-7953221f1fb6,166,JHT,K,020,JHT-K-020,Jalan Masuk Kondo Villa Kay-Elle Jalan Bukit Raja Taman Seputeh,Jalan Masuk Kondo Villa Kay-Elle Jalan Bukit Raja Taman Seputeh,3,Berhampiran,KUALA LUMPUR,3.120835,101.680905,7,55c38deb-aae3-44c5-bfac-0bb919effec4,Wilayah Persekutuan Kuala Lumpur,137,WP Kuala Lumpur,1,Awam,1,Berfungsi,357.74,,2,Ground Hydrant,122,Seputeh,0000-00-00,0,KUALA LUMPUR_JLN HANG TUAH_ZON K_WANI_20052015,1,KUALA LUMPUR (WP),88beb013-6a67-4936-9afd-b84a072cb60f
315618,83d6506b-4f2c-4efb-9d48-f539599ad6ef,e795beb3-2cda-4ac4-b79d-7953221f1fb6,166,JHT,K,021,JHT-K-021,Depan Rumah No.62 Jalan Bukit Raja Taman Bukit Seputeh,Depan Rumah No.62 Jalan Bukit Raja Taman Bukit Seputeh,1,Hadapan,KUALA LUMPUR,3.120492,101.680492,7,55c38deb-aae3-44c5-bfac-0bb919effec4,Wilayah Persekutuan Kuala Lumpur,137,WP Kuala Lumpur,1,Awam,2,Tidak Berfungsi,357.74,,1,Pillar Hydrant,122,Seputeh,0000-00-00,0,KUALA LUMPUR_JLN HANG TUAH_ZON K_WANI_20052015,1,KUALA LUMPUR (WP),88beb013-6a67-4936-9afd-b84a072cb60f
315619,171b8bdf-6360-4038-8a1b-a31c727afea8,e795beb3-2cda-4ac4-b79d-7953221f1fb6,166,JHT,K,022,JHT-K-022,Hadapan Rumah No.15 Jalan Taman Seputeh,Hadapan Rumah No.15 Jalan Taman Seputeh,1,Hadapan,KUALA LUMPUR,3.118725,101.680991,7,55c38deb-aae3-44c5-bfac-0bb919effec4,Wilayah Persekutuan Kuala Lumpur,137,WP Kuala Lumpur,1,Awam,1,Berfungsi,158.995,,1,Pillar Hydrant,122,Seputeh,0000-00-00,0,KUALA LUMPUR_JLN HANG TUAH_ZON K_WANI_20052015,1,KUALA LUMPUR (WP),88beb013-6a67-4936-9afd-b84a072cb60f
315620,af0d5a11-aa34-481f-a258-d808659c7156,e795beb3-2cda-4ac4-b79d-7953221f1fb6,166,JHT,K,023,JHT-K-023,Depan Pintu Masuk Institut Bahasa Jepun Jalan Taman Seputeh,Depan Pintu Masuk Institut Bahasa Jepun Jalan Taman Seputeh,1,Hadapan,KUALA LUMPUR,3.117954,101.680641,7,55c38deb-aae3-44c5-bfac-0bb919effec4,Wilayah Persekutuan Kuala Lumpur,137,WP Kuala Lumpur,2,Swasta,1,Berfungsi,158.995,,1,Pillar Hydrant,122,Seputeh,0000-00-00,0,KUALA LUMPUR_JLN HANG TUAH_ZON K_WANI_20052015,1,KUALA LUMPUR (WP),88beb013-6a67-4936-9afd-b84a072cb60f
315621,7c876d56-7842-4fbc-863b-a2d7a1392ac1,e795beb3-2cda-4ac4-b79d-7953221f1fb6,166,JHT,K,024,JHT-K-024,Belakang Bangunan Institut Bahasa Jepun Jalan Taman Seputeh,Belakang Bangunan InstitutBahasaJepunJalan Taman Seputeh,2,Belakang,KUALA LUMPUR,3.117092,101.6807,7,55c38deb-aae3-44c5-bfac-0bb919effec4,Wilayah Persekutuan Kuala Lumpur,137,WP Kuala Lumpur,2,Swasta,1,Berfungsi,158.995,,1,Pillar Hydrant,122,Seputeh,0000-00-00,0,KUALA LUMPUR_JLN HANG TUAH_ZON K_WANI_20052015,1,KUALA LUMPUR (WP),88beb013-6a67-4936-9afd-b84a072cb60f
315622,cf540501-bcaf-4bed-ac56-b9a1f4b125e0,e795beb3-2cda-4ac4-b79d-7953221f1fb6,166,JHT,K,025,JHT-K-025,Persimpangan Jalan Sungai DuaJalan Taman Seputeh,Persimpangan Jalan Sungai DuaJalan Taman Seputeh,3,Berhampiran,KUALA LUMPUR,3.116202,101.682632,7,55c38deb-aae3-44c5-bfac-0bb919effec4,Wilayah Persekutuan Kuala Lumpur,137,WP Kuala Lumpur,1,Awam,1,Berfungsi,158.995,,1,Pillar Hydrant,122,Seputeh,0000-00-00,0,KUALA LUMPUR_JLN HANG TUAH_ZON K_WANI_20052015,1,KUALA LUMPUR (WP),88beb013-6a67-4936-9afd-b84a072cb60f
315623,c05b4407-01c4-4b9d-a05f-7c4264812941,e795beb3-2cda-4ac4-b79d-7953221f1fb6,166,JHT,K,026,JHT-K-026,Depan Rumah No.41 Jalan Taman Seputeh Dua Taman Seputeh,Depan Rumah No.41 Jalan Taman SeputehDuaTamanSeputeh,1,Hadapan,KUALA LUMPUR,3.117381,101.6814,7,55c38deb-aae3-44c5-bfac-0bb919effec4,Wilayah Persekutuan Kuala Lumpur,137,WP Kuala Lumpur,1,Awam,1,Berfungsi,252.96,,1,Pillar Hydrant,122,Seputeh,0000-00-00,0,KUALA LUMPUR_JLN HANG TUAH_ZON K_WANI_20052015,1,KUALA LUMPUR (WP),88beb013-6a67-4936-9afd-b84a072cb60f
315624,c4bde924-6045-4315-bca0-1c1bd4f6c4df,e795beb3-2cda-4ac4-b79d-7953221f1fb6,166,JHT,K,027,JHT-K-027,Depan Rumah No.36 Taman Seputeh Tiga Off Taman Seputeh ,DepanRumah No.36 Taman SeputehTiga Off TamanSeputeh,1,Hadapan,KUALA LUMPUR,3.116393,101.681735,7,55c38deb-aae3-44c5-bfac-0bb919effec4,Wilayah Persekutuan Kuala Lumpur,137,WP Kuala Lumpur,1,Awam,1,Berfungsi,252.96,,1,Pillar Hydrant,122,Seputeh,0000-00-00,0,KUALA LUMPUR_JLN HANG TUAH_ZON K_WANI_20052015,1,KUALA LUMPUR (WP),88beb013-6a67-4936-9afd-b84a072cb60f
315625,024ed1cc-0f66-48b1-aede-3abad1a421bf,e795beb3-2cda-4ac4-b79d-7953221f1fb6,166,JHT,K,028,JHT-K-028,TMN SEPUTEH,DepanRumah No.8 Taman Seputeh Lima TamanSeputeh,1,Hadapan,KUALA LUMPUR,3.117203,101.683008,7,55c38deb-aae3-44c5-bfac-0bb919effec4,Wilayah Persekutuan Kuala Lumpur,137,WP Kuala Lumpur,1,Awam,1,Berfungsi,252.96,,1,Pillar Hydrant,122,Seputeh,0000-00-00,0,KUALA LUMPUR_JLN HANG TUAH_ZON K_WANI_20052015,1,KUALA LUMPUR (WP),88beb013-6a67-4936-9afd-b84a072cb60f
315626,de45e597-77de-4ae9-810e-e19d5731b044,e795beb3-2cda-4ac4-b79d-7953221f1fb6,166,JHT,K,029,JHT-K-029,TMN SEPUTEH,DepanRumah No.5 Taman SeputehTujuhTaman Seputeh,1,Hadapan,KUALA LUMPUR,3.118023,101.68348,7,55c38deb-aae3-44c5-bfac-0bb919effec4,Wilayah Persekutuan Kuala Lumpur,137,WP Kuala Lumpur,1,Awam,1,Berfungsi,252.96,,1,Pillar Hydrant,122,Seputeh,0000-00-00,0,KUALA LUMPUR_JLN HANG TUAH_ZON K_WANI_20052015,1,KUALA LUMPUR (WP),88beb013-6a67-4936-9afd-b84a072cb60f
315627,86bed5b1-73eb-41d0-afc7-6c4d42961b4a,e795beb3-2cda-4ac4-b79d-7953221f1fb6,166,JHT,K,030,JHT-K-030,TMN SEPUTEH,Tep iBangunan Korea Hotel Jalan 2/87G TamanSeputeh,4,Tepi,KUALA LUMPUR,3.117751,101.680595,7,55c38deb-aae3-44c5-bfac-0bb919effec4,Wilayah Persekutuan Kuala Lumpur,137,WP Kuala Lumpur,1,Awam,2,Tidak Berfungsi,0,,2,Ground Hydrant,122,Seputeh,0000-00-00,0,KUALA LUMPUR_JLN HANG TUAH_ZON K_WANI_20052015,1,KUALA LUMPUR (WP),88beb013-6a67-4936-9afd-b84a072cb60f
315628,d616a80b-26b2-4406-a340-7055a10b258c,e795beb3-2cda-4ac4-b79d-7953221f1fb6,166,JHT,K,031,JHT-K-031,Depan Rumah NO.8 Jalan Taman Seputeh Satu Taman Seputeh ,DepanRumah NO.8 Jalan Taman SeputehSatuTamanSeputeh,1,Hadapan,KUALA LUMPUR,3.112477,101.689004,7,55c38deb-aae3-44c5-bfac-0bb919effec4,Wilayah Persekutuan Kuala Lumpur,137,WP Kuala Lumpur,1,Awam,1,Berfungsi,357.74,,1,Pillar Hydrant,122,Seputeh,0000-00-00,0,KUALA LUMPUR_JLN HANG TUAH_ZON K_WANI_20052015,1,KUALA LUMPUR (WP),88beb013-6a67-4936-9afd-b84a072cb60f
315629,483b8ef2-7b8d-4cce-8c42-7b039416fd2e,e795beb3-2cda-4ac4-b79d-7953221f1fb6,166,JHT,K,032,JHT-K-032,Jalan Masuk Sebelah Kanan Kondominium Sri Seputeh Taman Seputeh,Jalan Masuk Sebelah Kanan Kondominium Sri Seputeh Taman Seputeh,3,Berhampiran,KUALA LUMPUR,3.117862,101.680041,7,55c38deb-aae3-44c5-bfac-0bb919effec4,Wilayah Persekutuan Kuala Lumpur,137,WP Kuala Lumpur,2,Swasta,1,Berfungsi,357.74,images/img_pili/20210706144855966.jpeg,1,Pillar Hydrant,122,Seputeh,0000-00-00,0,KUALA LUMPUR_JLN HANG TUAH_ZON K_WANI_20052015,1,KUALA LUMPUR (WP),88beb013-6a67-4936-9afd-b84a072cb60f
315630,eb8ed712-8aa2-4613-ae1a-780f489aed0b,e795beb3-2cda-4ac4-b79d-7953221f1fb6,166,JHT,K,033,JHT-K-033,Bahagian Belakang Tengah Kondominium Sri Seputeh Taman Seputeh,Bahagian Belakang Tengah Kondo Sri Seputeh Taman Seputeh,3,Berhampiran,KUALA LUMPUR,3.117375,101.679794,7,55c38deb-aae3-44c5-bfac-0bb919effec4,Wilayah Persekutuan Kuala Lumpur,137,WP Kuala Lumpur,2,Swasta,1,Berfungsi,357.74,images/img_pili/20210706145048463.jpeg,1,Pillar Hydrant,122,Seputeh,0000-00-00,0,KUALA LUMPUR_JLN HANG TUAH_ZON K_WANI_20052015,1,KUALA LUMPUR (WP),88beb013-6a67-4936-9afd-b84a072cb60f
315631,7032e004-7b22-4bc1-87bb-20843bfcf227,e795beb3-2cda-4ac4-b79d-7953221f1fb6,166,JHT,K,034,JHT-K-034,Sebelah Kiri Belakang Kondominium Sri Seputeh Taman Seputeh ,Sebelah Kiri Belakang Kondo Sri Seputeh Taman Seputeh,4,Tepi,KUALA LUMPUR,3.116877,101.679698,7,55c38deb-aae3-44c5-bfac-0bb919effec4,Wilayah Persekutuan Kuala Lumpur,137,WP Kuala Lumpur,2,Swasta,1,Berfungsi,158.995,images/img_pili/20210706145210586.jpeg,1,Pillar Hydrant,122,Seputeh,0000-00-00,0,KUALA LUMPUR_JLN HANG TUAH_ZON K_WANI_20052015,1,KUALA LUMPUR (WP),88beb013-6a67-4936-9afd-b84a072cb60f
315632,355f1b37-afac-4433-9efe-34c7a227f11b,e795beb3-2cda-4ac4-b79d-7953221f1fb6,166,JHT,K,035,JHT-K-035,Depan Rumah No 20 Jalan Seputeh 4,DepanRumah No 20 JalanSeputeh 4,1,Hadapan,KUALA LUMPUR,3.14624,101.69467,7,55c38deb-aae3-44c5-bfac-0bb919effec4,Wilayah Persekutuan Kuala Lumpur,137,WP Kuala Lumpur,1,Awam,1,Berfungsi,158.995,,1,Pillar Hydrant,122,Seputeh,0000-00-00,0,KUALA LUMPUR_JLN HANG TUAH_ZON K_WANI_20052015,1,KUALA LUMPUR (WP),88beb013-6a67-4936-9afd-b84a072cb60f
315633,4bf3cbd2-8ac8-4307-8b86-f02b8c1daf88,e795beb3-2cda-4ac4-b79d-7953221f1fb6,166,JHT,K,036,JHT-K-036,Depan Rumah No 58 Jalan Seputeh 3,Depan Rumah No 58 Jalan Seputeh 3,1,Hadapan,KUALA LUMPUR,3.113856,101.679542,7,55c38deb-aae3-44c5-bfac-0bb919effec4,Wilayah Persekutuan Kuala Lumpur,137,WP Kuala Lumpur,1,Awam,1,Berfungsi,158.995,,1,Pillar Hydrant,122,Seputeh,0000-00-00,0,KUALA LUMPUR_JLN HANG TUAH_ZON K_WANI_20052015,1,KUALA LUMPUR (WP),88beb013-6a67-4936-9afd-b84a072cb60f
315634,61f951e9-3307-4886-a12c-0190e8fde480,e795beb3-2cda-4ac4-b79d-7953221f1fb6,166,JHT,K,037,JHT-K-037,Depan Rumah No 1 Jalan Seputeh 3,Depan Rumah No 1 JalanSeputeh 3,1,Hadapan,KUALA LUMPUR,3.113856,101.679542,7,55c38deb-aae3-44c5-bfac-0bb919effec4,Wilayah Persekutuan Kuala Lumpur,137,WP Kuala Lumpur,1,Awam,1,Berfungsi,158.995,,1,Pillar Hydrant,122,Seputeh,0000-00-00,0,KUALA LUMPUR_JLN HANG TUAH_ZON K_WANI_20052015,1,KUALA LUMPUR (WP),88beb013-6a67-4936-9afd-b84a072cb60f
315635,5706490a-bb9f-4e69-8d4a-4429bff7989f,e795beb3-2cda-4ac4-b79d-7953221f1fb6,166,JHT,K,038,JHT-K-038,Dalam Kawasan Casa Elita Jalan Sungai Dua Taman Bukit Seputeh,Dalam Kawasan Casa Elita Jalan Sungai DuaTaman Bukit Seputeh,3,Berhampiran,KUALA LUMPUR,3.116743,101.683501,7,55c38deb-aae3-44c5-bfac-0bb919effec4,Wilayah Persekutuan Kuala Lumpur,137,WP Kuala Lumpur,1,Awam,1,Berfungsi,252.96,,1,Pillar Hydrant,122,Seputeh,0000-00-00,0,KUALA LUMPUR_JLN HANG TUAH_ZON K_WANI_20052015,1,KUALA LUMPUR (WP),88beb013-6a67-4936-9afd-b84a072cb60f
315636,cb8b9c2c-e1d9-4173-a3ad-51d8b854924e,e795beb3-2cda-4ac4-b79d-7953221f1fb6,166,JHT,K,039,JHT-K-039,Depan Rumah N0.3 Jalan Jenjarom Taman Bukit Seputeh,Depan Rumah N0.3 Jalan JenjaromTaman Bukit Seputeh,1,Hadapan,KUALA LUMPUR,3.115746,101.68282,7,55c38deb-aae3-44c5-bfac-0bb919effec4,Wilayah Persekutuan Kuala Lumpur,137,WP Kuala Lumpur,1,Awam,1,Berfungsi,252.96,,1,Pillar Hydrant,122,Seputeh,0000-00-00,0,KUALA LUMPUR_JLN HANG TUAH_ZON K_WANI_20052015,1,KUALA LUMPUR (WP),88beb013-6a67-4936-9afd-b84a072cb60f
315637,09de58ee-e344-42c8-9ef5-51f97169d105,e795beb3-2cda-4ac4-b79d-7953221f1fb6,166,JHT,K,040,JHT-K-040,TMN BUKIT SEPUTEH,Depan Rumah N0.19 Jalan JenjaromTaman Bukit Seputeh,1,Hadapan,KUALA LUMPUR,3.115313,101.683603,7,55c38deb-aae3-44c5-bfac-0bb919effec4,Wilayah Persekutuan Kuala Lumpur,137,WP Kuala Lumpur,1,Awam,1,Berfungsi,252.96,,1,Pillar Hydrant,122,Seputeh,0000-00-00,0,KUALA LUMPUR_JLN HANG TUAH_ZON K_WANI_20052015,1,KUALA LUMPUR (WP),88beb013-6a67-4936-9afd-b84a072cb60f
315638,bea089bc-1f8f-4c53-8c58-a7fb25ed6900,e795beb3-2cda-4ac4-b79d-7953221f1fb6,166,JHT,K,041,JHT-K-041,TMN BUKIT SEPUTEH,DepanRumah N0.19LengkonganJenjarom Taman Bukit Seputeh,1,Hadapan,KUALA LUMPUR,3.115291,101.68378,7,55c38deb-aae3-44c5-bfac-0bb919effec4,Wilayah Persekutuan Kuala Lumpur,137,WP Kuala Lumpur,1,Awam,1,Berfungsi,252.96,,1,Pillar Hydrant,122,Seputeh,0000-00-00,0,KUALA LUMPUR_JLN HANG TUAH_ZON K_WANI_20052015,1,KUALA LUMPUR (WP),88beb013-6a67-4936-9afd-b84a072cb60f
315639,8321911a-a4b2-45bd-8382-39002aa13640,e795beb3-2cda-4ac4-b79d-7953221f1fb6,166,JHT,K,042,JHT-K-042,TMN BUKIT SEPUTEH,DepanRumah N0.13 Jalan Sungai DuaTaman Bukit Seputeh,1,Hadapan,KUALA LUMPUR,3.116196,1.684011,7,55c38deb-aae3-44c5-bfac-0bb919effec4,Wilayah Persekutuan Kuala Lumpur,137,WP Kuala Lumpur,1,Awam,1,Berfungsi,357.74,,1,Pillar Hydrant,122,Seputeh,0000-00-00,0,KUALA LUMPUR_JLN HANG TUAH_ZON K_WANI_20052015,1,KUALA LUMPUR (WP),88beb013-6a67-4936-9afd-b84a072cb60f
315640,9a5b8c1b-507e-4d34-8620-dcb6eebc107c,e795beb3-2cda-4ac4-b79d-7953221f1fb6,166,JHT,K,043,JHT-K-043,TMN BUKIT SEPUTEH,TepiJalanMenaraSeputehJalanSeputeh Taman Bukit Seputeh,4,Tepi,KUALA LUMPUR,3.114716,101.679817,7,55c38deb-aae3-44c5-bfac-0bb919effec4,Wilayah Persekutuan Kuala Lumpur,137,WP Kuala Lumpur,2,Swasta,1,Berfungsi,357.74,,1,Pillar Hydrant,122,Seputeh,0000-00-00,0,KUALA LUMPUR_JLN HANG TUAH_ZON K_WANI_20052015,1,KUALA LUMPUR (WP),88beb013-6a67-4936-9afd-b84a072cb60f
315641,547c3148-e4d8-4e2c-b2f6-e04cc4363a0e,e795beb3-2cda-4ac4-b79d-7953221f1fb6,166,JHT,K,044,JHT-K-044,Pintu Pagar Belakang Menara Seputeh Taman Bukit Seputeh  ,Pintu Pagar Belakang Menara Seputeh Taman Bukit Seputeh,3,Berhampiran,KUALA LUMPUR,3.115056,101.679369,7,55c38deb-aae3-44c5-bfac-0bb919effec4,Wilayah Persekutuan Kuala Lumpur,137,WP Kuala Lumpur,2,Swasta,1,Berfungsi,357.74,,1,Pillar Hydrant,122,Seputeh,0000-00-00,0,KUALA LUMPUR_JLN HANG TUAH_ZON K_WANI_20052015,1,KUALA LUMPUR (WP),88beb013-6a67-4936-9afd-b84a072cb60f
315642,470fe6cd-9c04-41e4-8755-3fe593fffff7,e795beb3-2cda-4ac4-b79d-7953221f1fb6,166,JHT,K,045,JHT-K-045,Depan Pintu Masuk Menara Seputeh Taman Bukit Seputeh ,Depan Pintu Masuk Menara Seputeh Taman Bukit Seputeh,1,Hadapan,KUALA LUMPUR,3.114802,101.679627,7,55c38deb-aae3-44c5-bfac-0bb919effec4,Wilayah Persekutuan Kuala Lumpur,137,WP Kuala Lumpur,2,Swasta,1,Berfungsi,357.74,,1,Pillar Hydrant,122,Seputeh,0000-00-00,0,KUALA LUMPUR_JLN HANG TUAH_ZON K_WANI_20052015,1,KUALA LUMPUR (WP),88beb013-6a67-4936-9afd-b84a072cb60f
315643,11b9736c-4818-4d84-bd39-ba9a872eaa15,e795beb3-2cda-4ac4-b79d-7953221f1fb6,166,JHT,K,046,JHT-K-046,Belakang Menara Seputeh Taman Bukit Seputeh,Belakang Menara Seputeh Taman Bukit Seputeh,2,Belakang,KUALA LUMPUR,3.115171,101.679863,7,55c38deb-aae3-44c5-bfac-0bb919effec4,Wilayah Persekutuan Kuala Lumpur,137,WP Kuala Lumpur,2,Swasta,1,Berfungsi,158.995,,1,Pillar Hydrant,122,Seputeh,0000-00-00,0,KUALA LUMPUR_JLN HANG TUAH_ZON K_WANI_20052015,1,KUALA LUMPUR (WP),88beb013-6a67-4936-9afd-b84a072cb60f
315644,44593532-44e2-498e-8b14-734a0bae634a,e795beb3-2cda-4ac4-b79d-7953221f1fb6,166,JHT,K,047,JHT-K-047,Depan Rumah No.31 Jalan Sungai 2 Taman Bukit Seputeh,Depan Rumah No.31 Jalan Sungai 2 Taman Bukit Seputeh,1,Hadapan,KUALA LUMPUR,3.115102,101.682143,7,55c38deb-aae3-44c5-bfac-0bb919effec4,Wilayah Persekutuan Kuala Lumpur,137,WP Kuala Lumpur,1,Awam,1,Berfungsi,158.995,,1,Pillar Hydrant,122,Seputeh,0000-00-00,0,KUALA LUMPUR_JLN HANG TUAH_ZON K_WANI_20052015,1,KUALA LUMPUR (WP),88beb013-6a67-4936-9afd-b84a072cb60f
315645,e16879c6-a0af-4bc9-a250-8eeda5f77f05,e795beb3-2cda-4ac4-b79d-7953221f1fb6,166,JHT,K,048,JHT-K-048, Depan Rumah No 7 Lengkongan Jenjarom Taman Bukit Seputeh,DepanRumah No 7 LengkonganJenjarom Taman Bukit Seputeh,1,Hadapan,KUALA LUMPUR,3.112477,101.68809,7,55c38deb-aae3-44c5-bfac-0bb919effec4,Wilayah Persekutuan Kuala Lumpur,137,WP Kuala Lumpur,1,Awam,1,Berfungsi,158.995,,1,Pillar Hydrant,122,Seputeh,0000-00-00,0,KUALA LUMPUR_JLN HANG TUAH_ZON K_WANI_20052015,1,KUALA LUMPUR (WP),88beb013-6a67-4936-9afd-b84a072cb60f
315646,118c9093-c1d4-43d8-94a1-bc90f4008983,e795beb3-2cda-4ac4-b79d-7953221f1fb6,166,JHT,K,049,JHT-K-049,Depan Rumah No.5 Jalan Telok Pulai,DepanRumah No.5 JalanTelokPulai,1,Hadapan,KUALA LUMPUR,3.114213,101.683588,7,55c38deb-aae3-44c5-bfac-0bb919effec4,Wilayah Persekutuan Kuala Lumpur,137,WP Kuala Lumpur,1,Awam,1,Berfungsi,158.995,,1,Pillar Hydrant,122,Seputeh,0000-00-00,0,KUALA LUMPUR_JLN HANG TUAH_ZON K_WANI_20052015,1,KUALA LUMPUR (WP),88beb013-6a67-4936-9afd-b84a072cb60f
315647,7f89a3ab-76fb-4100-bd83-b20e24af96ca,e795beb3-2cda-4ac4-b79d-7953221f1fb6,166,JHT,K,050,JHT-K-050,Depan Rumah No.35 A Jalan Telok Pulai,DepanRumah No.35 A JalanTelokPulai,1,Hadapan,KUALA LUMPUR,3.114207,101.683951,7,55c38deb-aae3-44c5-bfac-0bb919effec4,Wilayah Persekutuan Kuala Lumpur,137,WP Kuala Lumpur,1,Awam,1,Berfungsi,252.96,,1,Pillar Hydrant,122,Seputeh,0000-00-00,0,KUALA LUMPUR_JLN HANG TUAH_ZON K_WANI_20052015,1,KUALA LUMPUR (WP),88beb013-6a67-4936-9afd-b84a072cb60f
315648,668c2e7b-8a69-4b02-a6dd-fe2ddd8bbd6e,e795beb3-2cda-4ac4-b79d-7953221f1fb6,166,JHT,K,051,JHT-K-051,Depan Rumah No.24 Jalan Telok Pulai Taman Bukit Seputeh,DepanRumah No.24 JalanTelokPulaiTaman Bukit Seputeh,1,Hadapan,KUALA LUMPUR,3.113626,101.684112,7,55c38deb-aae3-44c5-bfac-0bb919effec4,Wilayah Persekutuan Kuala Lumpur,137,WP Kuala Lumpur,1,Awam,1,Berfungsi,252.96,,1,Pillar Hydrant,122,Seputeh,0000-00-00,0,KUALA LUMPUR_JLN HANG TUAH_ZON K_WANI_20052015,1,KUALA LUMPUR (WP),88beb013-6a67-4936-9afd-b84a072cb60f
315649,306af21a-cbb3-4664-93cf-1373b34788b7,e795beb3-2cda-4ac4-b79d-7953221f1fb6,166,JHT,K,052,JHT-K-052,Depan Rumah No.28 Jalan Telok Pulai Taman Bukit Seputeh,DepanRumah No.28 JalanTelokPulaiTaman Bukit Seputeh,1,Hadapan,KUALA LUMPUR,3.114263,101.684789,7,55c38deb-aae3-44c5-bfac-0bb919effec4,Wilayah Persekutuan Kuala Lumpur,137,WP Kuala Lumpur,1,Awam,4,Hilang,,,1,Pillar Hydrant,122,Seputeh,0000-00-00,0,KUALA LUMPUR_JLN HANG TUAH_ZON K_WANI_20052015,1,KUALA LUMPUR (WP),88beb013-6a67-4936-9afd-b84a072cb60f
315650,aa9553b9-2f0d-4346-9fa8-54788a81f931,e795beb3-2cda-4ac4-b79d-7953221f1fb6,166,JHT,K,053,JHT-K-053,Depan Rumah No.6 Jalan Telok Batu Taman Bukit Seputeh,DepanRumah No.6 JalanTelokBatuTaman Bukit Seputeh,1,Hadapan,KUALA LUMPUR,3.114636,101.685882,7,55c38deb-aae3-44c5-bfac-0bb919effec4,Wilayah Persekutuan Kuala Lumpur,137,WP Kuala Lumpur,1,Awam,1,Berfungsi,252.96,,2,Ground Hydrant,122,Seputeh,0000-00-00,0,KUALA LUMPUR_JLN HANG TUAH_ZON K_WANI_20052015,1,KUALA LUMPUR (WP),88beb013-6a67-4936-9afd-b84a072cb60f
315651,29b473ac-3073-4779-a847-7c5f236b1d5b,e795beb3-2cda-4ac4-b79d-7953221f1fb6,166,JHT,K,054,JHT-K-054,Depan Rumah No 11 Jalan Telok Batu Taman Bukit Seputeh,DepanRumah No 11 JalanTelokBatuTaman Bukit Seputeh,1,Hadapan,KUALA LUMPUR,3.114526,101.682808,7,55c38deb-aae3-44c5-bfac-0bb919effec4,Wilayah Persekutuan Kuala Lumpur,137,WP Kuala Lumpur,1,Awam,1,Berfungsi,252.96,,1,Pillar Hydrant,122,Seputeh,0000-00-00,0,KUALA LUMPUR_JLN HANG TUAH_ZON K_WANI_20052015,1,KUALA LUMPUR (WP),88beb013-6a67-4936-9afd-b84a072cb60f
315652,3806bb8e-239e-45a4-8eac-758ee9b13d8a,e795beb3-2cda-4ac4-b79d-7953221f1fb6,166,JHT,K,055,JHT-K-055,Depan Rumah No.3 Lorong Telok Pulai Kiri Taman Bukit Seputeh,DepanRumah No.3 LorongTelokPulaiKiriTaman Bukit Seputeh,1,Hadapan,KUALA LUMPUR,3.114579,101.68436,7,55c38deb-aae3-44c5-bfac-0bb919effec4,Wilayah Persekutuan Kuala Lumpur,137,WP Kuala Lumpur,1,Awam,1,Berfungsi,357.74,,1,Pillar Hydrant,122,Seputeh,0000-00-00,0,KUALA LUMPUR_JLN HANG TUAH_ZON K_WANI_20052015,1,KUALA LUMPUR (WP),88beb013-6a67-4936-9afd-b84a072cb60f
315653,699c09ba-70cc-498a-90ef-62e2b3000ef0,e795beb3-2cda-4ac4-b79d-7953221f1fb6,166,JHT,K,056,JHT-K-056,Depan Rumah No.8 Lorong Telok Pulai Kanan,DepanRumah No.8 LorongTelokPulaiKanan,1,Hadapan,KUALA LUMPUR,3.113625,101.684166,7,55c38deb-aae3-44c5-bfac-0bb919effec4,Wilayah Persekutuan Kuala Lumpur,137,WP Kuala Lumpur,1,Awam,1,Berfungsi,357.74,,1,Pillar Hydrant,122,Seputeh,0000-00-00,0,KUALA LUMPUR_JLN HANG TUAH_ZON K_WANI_20052015,1,KUALA LUMPUR (WP),88beb013-6a67-4936-9afd-b84a072cb60f
315654,f4912302-0b38-4d5b-9132-405110474843,e795beb3-2cda-4ac4-b79d-7953221f1fb6,166,JHT,K,057,JHT-K-057,Depan Rumah No.1 Jalan Padang Jawa Taman Bukit Seputeh,DepanRumah No.1 Jalan Padang JawaTaman Bukit Seputeh,1,Hadapan,KUALA LUMPUR,3.114204,101.684853,7,55c38deb-aae3-44c5-bfac-0bb919effec4,Wilayah Persekutuan Kuala Lumpur,137,WP Kuala Lumpur,1,Awam,1,Berfungsi,357.74,,1,Pillar Hydrant,122,Seputeh,0000-00-00,0,KUALA LUMPUR_JLN HANG TUAH_ZON K_WANI_20052015,1,KUALA LUMPUR (WP),88beb013-6a67-4936-9afd-b84a072cb60f
315655,f07bcb39-01a8-4540-9171-fb6ba7139c33,e795beb3-2cda-4ac4-b79d-7953221f1fb6,166,JHT,K,058,JHT-K-058,Depan Rumah No.2 Lorong Padang Jawa,Depan Rumah No.2 Lorong Padang Jawa,1,Hadapan,KUALA LUMPUR,3.114761,101.685996,7,55c38deb-aae3-44c5-bfac-0bb919effec4,Wilayah Persekutuan Kuala Lumpur,137,WP Kuala Lumpur,1,Awam,1,Berfungsi,357.74,,1,Pillar Hydrant,122,Seputeh,0000-00-00,0,KUALA LUMPUR_JLN HANG TUAH_ZON K_WANI_20052015,1,KUALA LUMPUR (WP),88beb013-6a67-4936-9afd-b84a072cb60f
315656,5bc6eee9-4735-476d-be1d-86058d6d6660,e795beb3-2cda-4ac4-b79d-7953221f1fb6,166,JHT,K,059,JHT-K-059,Depan Rumah No.14 Lorong Padang Jawa,Depan Rumah No.14 Lorong Padang Jawa,1,Hadapan,KUALA LUMPUR,3.116641,101.687503,7,55c38deb-aae3-44c5-bfac-0bb919effec4,Wilayah Persekutuan Kuala Lumpur,137,WP Kuala Lumpur,1,Awam,1,Berfungsi,158.995,,1,Pillar Hydrant,122,Seputeh,0000-00-00,0,KUALA LUMPUR_JLN HANG TUAH_ZON K_WANI_20052015,1,KUALA LUMPUR (WP),88beb013-6a67-4936-9afd-b84a072cb60f
315657,6c483a7a-6ce7-44bd-ab9f-2348407526b4,e795beb3-2cda-4ac4-b79d-7953221f1fb6,166,JHT,K,060,JHT-K-060,Depan Rumah No20 Jalan 1/87C Taman Bukit Seputeh,Depan Rumah No20 Jalan 1/87C Taman Bukit Seputeh,1,Hadapan,KUALA LUMPUR,3.113583,101.682204,7,55c38deb-aae3-44c5-bfac-0bb919effec4,Wilayah Persekutuan Kuala Lumpur,137,WP Kuala Lumpur,1,Awam,1,Berfungsi,0,,1,Pillar Hydrant,122,Seputeh,0000-00-00,0,KUALA LUMPUR_JLN HANG TUAH_ZON K_WANI_20052015,1,KUALA LUMPUR (WP),88beb013-6a67-4936-9afd-b84a072cb60f
315658,f4f3d536-d8a8-4592-a275-e275d319ee7d,e795beb3-2cda-4ac4-b79d-7953221f1fb6,166,JHT,K,061,JHT-K-061,Depan Rumah No.51 JalanTanjung 12 Taman Bukit Seputeh,Depan Rumah No.51 JalanTanjung 12 Taman Bukit Seputeh,1,Hadapan,KUALA LUMPUR,3.113109,101.685463,7,55c38deb-aae3-44c5-bfac-0bb919effec4,Wilayah Persekutuan Kuala Lumpur,137,WP Kuala Lumpur,1,Awam,1,Berfungsi,158.995,,1,Pillar Hydrant,122,Seputeh,0000-00-00,0,KUALA LUMPUR_JLN HANG TUAH_ZON K_WANI_20052015,1,KUALA LUMPUR (WP),88beb013-6a67-4936-9afd-b84a072cb60f
315659,ddfd2120-a492-4529-8436-dc6a99d1e3fb,e795beb3-2cda-4ac4-b79d-7953221f1fb6,166,JHT,K,062,JHT-K-062,Hadapan Pintu Masuk Kondo Sri LangitJalanSeputeh,Hadapan Pintu Masuk Kondo Sri LangitJalanSeputeh,1,Hadapan,KUALA LUMPUR,3.118243,101.682725,7,55c38deb-aae3-44c5-bfac-0bb919effec4,Wilayah Persekutuan Kuala Lumpur,137,WP Kuala Lumpur,2,Swasta,1,Berfungsi,158.995,,1,Pillar Hydrant,122,Seputeh,0000-00-00,0,KUALA LUMPUR_JLN HANG TUAH_ZON K_WANI_20052015,1,KUALA LUMPUR (WP),88beb013-6a67-4936-9afd-b84a072cb60f
315660,811ee1ba-ce9d-4139-a85b-23a6df494579,e795beb3-2cda-4ac4-b79d-7953221f1fb6,166,JHT,K,063,JHT-K-063,Sebelah Kiri Pintu Masuk Belakang Kondo Sri Langit Jalan Sepute,Sebelah Kiri Pintu Masuk Belakang Kondo Sri LangitJalanSeputeh,4,Tepi,KUALA LUMPUR,3.118522,101.682277,7,55c38deb-aae3-44c5-bfac-0bb919effec4,Wilayah Persekutuan Kuala Lumpur,137,WP Kuala Lumpur,2,Swasta,1,Berfungsi,252.96,,1,Pillar Hydrant,122,Seputeh,0000-00-00,0,KUALA LUMPUR_JLN HANG TUAH_ZON K_WANI_20052015,1,KUALA LUMPUR (WP),88beb013-6a67-4936-9afd-b84a072cb60f
315661,ace7f06a-fe9f-4ebe-9413-6b59801dd97c,e795beb3-2cda-4ac4-b79d-7953221f1fb6,166,JHT,K,064,JHT-K-064,Belakang Kondo Sri Langi tJalanSeputeh,Belakang Kondo Sri Langi tJalanSeputeh,2,Belakang,KUALA LUMPUR,3.118409,101.681569,7,55c38deb-aae3-44c5-bfac-0bb919effec4,Wilayah Persekutuan Kuala Lumpur,137,WP Kuala Lumpur,2,Swasta,1,Berfungsi,252.96,,1,Pillar Hydrant,122,Seputeh,0000-00-00,0,KUALA LUMPUR_JLN HANG TUAH_ZON K_WANI_20052015,1,KUALA LUMPUR (WP),88beb013-6a67-4936-9afd-b84a072cb60f
315662,b8d7d89f-92d9-437e-beb3-cc776bef3f0f,e795beb3-2cda-4ac4-b79d-7953221f1fb6,166,JHT,K,065,JHT-K-065,Sri Tiara Kondominium Jln Taman Seputeh,Sri Tiara Kondominium Jln Taman Seputeh,3,Berhampiran,KUALA LUMPUR,3.12187,101.682639,7,55c38deb-aae3-44c5-bfac-0bb919effec4,Wilayah Persekutuan Kuala Lumpur,137,WP Kuala Lumpur,2,Swasta,1,Berfungsi,252.96,,1,Pillar Hydrant,122,Seputeh,0000-00-00,0,KUALA LUMPUR_JLN HANG TUAH_ZON K_WANI_20052015,1,KUALA LUMPUR (WP),88beb013-6a67-4936-9afd-b84a072cb60f
315663,817b815a-6e0d-4e9f-b19e-c556da33b53a,e795beb3-2cda-4ac4-b79d-7953221f1fb6,166,JHT,K,066,JHT-K-066,Laluan Pintu Masuk Mutiara Seputeh,Laluan Pintu Masuk Mutiara Seputeh,3,Berhampiran,KUALA LUMPUR,3.116191,101.689692,7,55c38deb-aae3-44c5-bfac-0bb919effec4,Wilayah Persekutuan Kuala Lumpur,137,WP Kuala Lumpur,2,Swasta,1,Berfungsi,252.96,,1,Pillar Hydrant,122,Seputeh,0000-00-00,0,KUALA LUMPUR_JLN HANG TUAH_ZON K_WANI_20052015,1,KUALA LUMPUR (WP),88beb013-6a67-4936-9afd-b84a072cb60f
315664,366eea9e-422a-4730-83a2-e3f087a1cd63,e795beb3-2cda-4ac4-b79d-7953221f1fb6,166,JHT,K,067,JHT-K-067,Depan Rumah No 7 Jalan MutiaraSeputeh 1,Depan Rumah No 7 Jalan MutiaraSeputeh 1,1,Hadapan,KUALA LUMPUR,3.115554,101.68915,7,55c38deb-aae3-44c5-bfac-0bb919effec4,Wilayah Persekutuan Kuala Lumpur,137,WP Kuala Lumpur,2,Swasta,1,Berfungsi,357.74,,1,Pillar Hydrant,122,Seputeh,0000-00-00,0,KUALA LUMPUR_JLN HANG TUAH_ZON K_WANI_20052015,1,KUALA LUMPUR (WP),88beb013-6a67-4936-9afd-b84a072cb60f
315665,260eeab6-56f8-4d45-a7af-b075266483c7,e795beb3-2cda-4ac4-b79d-7953221f1fb6,166,JHT,K,068,JHT-K-068,Depan Rumah No 19 Jalan Mutiara Seputeh 1,Depan Rumah No 19 Jalan MutiaraSeputeh 1,1,Hadapan,KUALA LUMPUR,3.114788,101.689145,7,55c38deb-aae3-44c5-bfac-0bb919effec4,Wilayah Persekutuan Kuala Lumpur,137,WP Kuala Lumpur,1,Awam,1,Berfungsi,357.74,,1,Pillar Hydrant,122,Seputeh,0000-00-00,0,KUALA LUMPUR_JLN HANG TUAH_ZON K_WANI_20052015,1,KUALA LUMPUR (WP),88beb013-6a67-4936-9afd-b84a072cb60f
315666,043016b1-d702-4589-87ae-82ba677c94d7,e795beb3-2cda-4ac4-b79d-7953221f1fb6,166,JHT,K,069,JHT-K-069,Depan Rumah No 39 Jalan Mutiara Seputeh 1,Depan Rumah No 39 Jalan MutiaraSeputeh 1,1,Hadapan,KUALA LUMPUR,3.115222,101.688919,7,55c38deb-aae3-44c5-bfac-0bb919effec4,Wilayah Persekutuan Kuala Lumpur,137,WP Kuala Lumpur,1,Awam,1,Berfungsi,357.74,,1,Pillar Hydrant,122,Seputeh,0000-00-00,0,KUALA LUMPUR_JLN HANG TUAH_ZON K_WANI_20052015,1,KUALA LUMPUR (WP),88beb013-6a67-4936-9afd-b84a072cb60f
315667,f85ff9e7-fe2a-42fa-ac7f-5593018b06d9,e795beb3-2cda-4ac4-b79d-7953221f1fb6,166,JHT,K,070,JHT-K-070,Depan Rumah No 53 Jalan Mutiara Seputeh 1,Depan Rumah No 53 Jalan MutiaraSeputeh 1,1,Hadapan,KUALA LUMPUR,3.115274,101.68978,7,55c38deb-aae3-44c5-bfac-0bb919effec4,Wilayah Persekutuan Kuala Lumpur,137,WP Kuala Lumpur,1,Awam,2,Tidak Berfungsi,0,,1,Pillar Hydrant,122,Seputeh,0000-00-00,0,KUALA LUMPUR_JLN HANG TUAH_ZON K_WANI_20052015,1,KUALA LUMPUR (WP),88beb013-6a67-4936-9afd-b84a072cb60f
315668,8746236d-a688-4bea-8ca5-93666ee4024a,e795beb3-2cda-4ac4-b79d-7953221f1fb6,166,JHT,K,071,JHT-K-071,Depan Rumah No 7 Jalan Mutiara Seputeh 1,Depan Rumah No 10 Jalan MutiaraSeputeh 1,1,Hadapan,KUALA LUMPUR,3.115736,101.690191,7,55c38deb-aae3-44c5-bfac-0bb919effec4,Wilayah Persekutuan Kuala Lumpur,137,WP Kuala Lumpur,1,Awam,1,Berfungsi,158.995,,1,Pillar Hydrant,122,Seputeh,0000-00-00,0,KUALA LUMPUR_JLN HANG TUAH_ZON K_WANI_20052015,1,KUALA LUMPUR (WP),88beb013-6a67-4936-9afd-b84a072cb60f
315669,65666303-3f2b-4051-818a-87bfc4603a07,e795beb3-2cda-4ac4-b79d-7953221f1fb6,166,JHT,K,072,JHT-K-072,Depan Rumah No 18 Jalan MutiaraSeputeh 2,Depan Rumah No 18 Jalan MutiaraSeputeh 2,1,Hadapan,KUALA LUMPUR,3.11572,101.690743,7,55c38deb-aae3-44c5-bfac-0bb919effec4,Wilayah Persekutuan Kuala Lumpur,137,WP Kuala Lumpur,1,Awam,1,Berfungsi,158.995,,1,Pillar Hydrant,122,Seputeh,0000-00-00,0,KUALA LUMPUR_JLN HANG TUAH_ZON K_WANI_20052015,1,KUALA LUMPUR (WP),88beb013-6a67-4936-9afd-b84a072cb60f
315670,2b452558-a25c-4f3c-b97d-de3822125f1e,e795beb3-2cda-4ac4-b79d-7953221f1fb6,166,JHT,K,073,JHT-K-073,Depan Rumah No 28 Jalan Mutiara Seputeh 2,Depan Rumah No 28 Jalan Mutiara Seputeh 2,1,Hadapan,KUALA LUMPUR,3.116063,101.69091,7,55c38deb-aae3-44c5-bfac-0bb919effec4,Wilayah Persekutuan Kuala Lumpur,137,WP Kuala Lumpur,1,Awam,1,Berfungsi,158.995,,1,Pillar Hydrant,122,Seputeh,0000-00-00,0,KUALA LUMPUR_JLN HANG TUAH_ZON K_WANI_20052015,1,KUALA LUMPUR (WP),88beb013-6a67-4936-9afd-b84a072cb60f
315671,1987fb81-c59b-4663-b923-454f1a96ca8b,e795beb3-2cda-4ac4-b79d-7953221f1fb6,166,JHT,K,074,JHT-K-074,Depan Rumah No 38 Jalan Mutiara Seputeh 2,Depan Rumah No 38 Jalan Mutiara Seputeh 2,1,Hadapan,KUALA LUMPUR,3.116754,101.690604,7,55c38deb-aae3-44c5-bfac-0bb919effec4,Wilayah Persekutuan Kuala Lumpur,137,WP Kuala Lumpur,1,Awam,1,Berfungsi,158.995,,1,Pillar Hydrant,122,Seputeh,0000-00-00,0,KUALA LUMPUR_JLN HANG TUAH_ZON K_WANI_20052015,1,KUALA LUMPUR (WP),88beb013-6a67-4936-9afd-b84a072cb60f
315672,296e3e69-204c-4eac-8dec-40ce84a46c74,e795beb3-2cda-4ac4-b79d-7953221f1fb6,166,JHT,K,075,JHT-K-075,Depan Rumah No 1  Jalan Mutiara Seputeh 3,Depan Rumah No 1  Jalan Mutiara Seputeh 3,1,Hadapan,KUALA LUMPUR,3.116084,101.690663,7,55c38deb-aae3-44c5-bfac-0bb919effec4,Wilayah Persekutuan Kuala Lumpur,137,WP Kuala Lumpur,1,Awam,1,Berfungsi,252.96,,1,Pillar Hydrant,122,Seputeh,0000-00-00,0,KUALA LUMPUR_JLN HANG TUAH_ZON K_WANI_20052015,1,KUALA LUMPUR (WP),88beb013-6a67-4936-9afd-b84a072cb60f
315673,25cba9fa-5d55-4ed2-bc2b-45a73ecbbebc,e795beb3-2cda-4ac4-b79d-7953221f1fb6,166,JHT,K,076,JHT-K-076,Depan Rumah No 13  Jalan Mutiara Seputeh 3,Depan Rumah No 13  Jalan Mutiara Seputeh 3,1,Hadapan,KUALA LUMPUR,3.116405,101.690244,7,55c38deb-aae3-44c5-bfac-0bb919effec4,Wilayah Persekutuan Kuala Lumpur,137,WP Kuala Lumpur,1,Awam,1,Berfungsi,252.96,,1,Pillar Hydrant,122,Seputeh,0000-00-00,0,KUALA LUMPUR_JLN HANG TUAH_ZON K_WANI_20052015,1,KUALA LUMPUR (WP),88beb013-6a67-4936-9afd-b84a072cb60f
315345,3f4588e0-8f90-4634-9a83-68c8225b6ebe,e795beb3-2cda-4ac4-b79d-7953221f1fb6,166,JHT,L,001,JHT-L-001,Padang Bola Depan Main Guard,Padang Bola Depan Main Guard,4,Tepi,KUALA LUMPUR,3.1182,101.701665,7,55c38deb-aae3-44c5-bfac-0bb919effec4,Wilayah Persekutuan Kuala Lumpur,137,WP Kuala Lumpur,2,Swasta,2,Tidak Berfungsi,0,,1,Pillar Hydrant,120,Bukit Bintang,0000-00-00,0,KUALA LUMPUR_JLN HANG TUAH_ZON L_WANI_20052015,1,KUALA LUMPUR (WP),88beb013-6a67-4936-9afd-b84a072cb60f
315346,0a0cd270-7252-419e-b1bc-17596dcc78bd,e795beb3-2cda-4ac4-b79d-7953221f1fb6,166,JHT,L,002,JHT-L-002,Pejabat JKR TUDM,Pejabat JKR TUDM,4,Tepi,KUALA LUMPUR,3.118087,101.700469,7,55c38deb-aae3-44c5-bfac-0bb919effec4,Wilayah Persekutuan Kuala Lumpur,137,WP Kuala Lumpur,2,Swasta,2,Tidak Berfungsi,0,,1,Pillar Hydrant,120,Bukit Bintang,0000-00-00,0,KUALA LUMPUR_JLN HANG TUAH_ZON L_WANI_20052015,1,KUALA LUMPUR (WP),88beb013-6a67-4936-9afd-b84a072cb60f
315347,853c28c1-0559-49f2-a8df-d83e9e9cd6f0,e795beb3-2cda-4ac4-b79d-7953221f1fb6,166,JHT,L,003,JHT-L-003,Pintu Masuk Cawing Materiel,Pintu Masuk Cawing Materiel,4,Tepi,KUALA LUMPUR,3.114609,101.699597,7,55c38deb-aae3-44c5-bfac-0bb919effec4,Wilayah Persekutuan Kuala Lumpur,137,WP Kuala Lumpur,2,Swasta,1,Berfungsi,357.74,,1,Pillar Hydrant,122,Seputeh,0000-00-00,0,KUALA LUMPUR_JLN HANG TUAH_ZON L_WANI_20052015,11,KUALALUMPUR (WP),e020035c-e1d1-481d-b224-6475deb88d49
315348,d0cd7dd8-5e8b-49c0-a294-d954425ad1aa,e795beb3-2cda-4ac4-b79d-7953221f1fb6,166,JHT,L,004,JHT-L-004,Depan Jalan Masuk Ke MAU Jalan Pulau Pinang,Depan Jalan Masuk Ke MAU Jalan Pulau Pinang,1,Hadapan,KUALA LUMPUR,3.114931,101.699125,7,55c38deb-aae3-44c5-bfac-0bb919effec4,Wilayah Persekutuan Kuala Lumpur,137,WP Kuala Lumpur,2,Swasta,1,Berfungsi,357.74,,1,Pillar Hydrant,124,Bandar Tun Razak,0000-00-00,0,KUALA LUMPUR_JLN HANG TUAH_ZON L_WANI_20052015,1,KUALA LUMPUR (WP),88beb013-6a67-4936-9afd-b84a072cb60f
315349,72552884-1219-42e3-ad30-8cd5771c8334,e795beb3-2cda-4ac4-b79d-7953221f1fb6,166,JHT,L,005,JHT-L-005,AMQ No 04 Jalan Pulau Pinang,AMQ No 04 Jalan Pulau Pinang,1,Hadapan,KUALA LUMPUR,3.11747,101.703835,7,55c38deb-aae3-44c5-bfac-0bb919effec4,Wilayah Persekutuan Kuala Lumpur,137,WP Kuala Lumpur,2,Swasta,2,Tidak Berfungsi,0,,1,Pillar Hydrant,124,Bandar Tun Razak,0000-00-00,0,KUALA LUMPUR_JLN HANG TUAH_ZON L_WANI_20052015,1,KUALA LUMPUR (WP),88beb013-6a67-4936-9afd-b84a072cb60f
315350,0a8ffc66-4364-4498-8171-19b729bec995,e795beb3-2cda-4ac4-b79d-7953221f1fb6,166,JHT,L,006,JHT-L-006,AMQ No 08 Jalan Pulau Pinang,AMQ No 08 Jalan Pulau Pinang,1,Hadapan,KUALA LUMPUR,3.114609,101.699597,7,55c38deb-aae3-44c5-bfac-0bb919effec4,Wilayah Persekutuan Kuala Lumpur,137,WP Kuala Lumpur,2,Swasta,2,Tidak Berfungsi,0,,1,Pillar Hydrant,124,Bandar Tun Razak,0000-00-00,0,KUALA LUMPUR_JLN HANG TUAH_ZON L_WANI_20052015,1,KUALA LUMPUR (WP),88beb013-6a67-4936-9afd-b84a072cb60f
315351,ffec59bf-d142-4b19-aef8-e3bc0d0c8693,e795beb3-2cda-4ac4-b79d-7953221f1fb6,166,JHT,L,007,JHT-L-007,AMQ No 12 Jalan Pulau Pinang,AMQ No 12 Jalan Pulau Pinang,1,Hadapan,KUALA LUMPUR,3.114931,101.699125,7,55c38deb-aae3-44c5-bfac-0bb919effec4,Wilayah Persekutuan Kuala Lumpur,137,WP Kuala Lumpur,2,Swasta,2,Tidak Berfungsi,0,,1,Pillar Hydrant,124,Bandar Tun Razak,0000-00-00,0,KUALA LUMPUR_JLN HANG TUAH_ZON L_WANI_20052015,1,KUALA LUMPUR (WP),88beb013-6a67-4936-9afd-b84a072cb60f
315352,7c350c04-ad7e-482f-a6f5-e69cfd85e818,e795beb3-2cda-4ac4-b79d-7953221f1fb6,166,JHT,L,008,JHT-L-008,AMQ No 248 Jalan Pulau Pinang,AMQ No 248 Jalan Pulau Pinang,1,Hadapan,KUALA LUMPUR,3.11522,101.698653,7,55c38deb-aae3-44c5-bfac-0bb919effec4,Wilayah Persekutuan Kuala Lumpur,137,WP Kuala Lumpur,2,Swasta,2,Tidak Berfungsi,0,,1,Pillar Hydrant,124,Bandar Tun Razak,0000-00-00,0,KUALA LUMPUR_JLN HANG TUAH_ZON L_WANI_20052015,1,KUALA LUMPUR (WP),88beb013-6a67-4936-9afd-b84a072cb60f
315353,24891e6d-b50c-41bc-acbc-f6650057f045,e795beb3-2cda-4ac4-b79d-7953221f1fb6,166,JHT,L,009,JHT-L-009,JALAN LAPANGAN TERBANG LAMA,AMQ No 257 Jalan Pulau Pinang,1,Hadapan,KUALA LUMPUR,3.115456,101.698278,7,55c38deb-aae3-44c5-bfac-0bb919effec4,Wilayah Persekutuan Kuala Lumpur,137,WP Kuala Lumpur,2,Swasta,2,Tidak Berfungsi,0,,2,Ground Hydrant,124,Bandar Tun Razak,0000-00-00,0,KUALA LUMPUR_JLN HANG TUAH_ZON L_WANI_20052015,1,KUALA LUMPUR (WP),88beb013-6a67-4936-9afd-b84a072cb60f
315354,b76dd25f-71cb-4c35-be3b-3ffb8336adfc,e795beb3-2cda-4ac4-b79d-7953221f1fb6,166,JHT,L,010,JHT-L-010,JALAN LAPANGAN TERBANG LAMA,AMQ No 260 Jalan Pulau Pinang,1,Hadapan,KUALA LUMPUR,3.115649,101.697945,7,55c38deb-aae3-44c5-bfac-0bb919effec4,Wilayah Persekutuan Kuala Lumpur,137,WP Kuala Lumpur,2,Swasta,2,Tidak Berfungsi,0,,2,Ground Hydrant,124,Bandar Tun Razak,0000-00-00,0,KUALA LUMPUR_JLN HANG TUAH_ZON L_WANI_20052015,1,KUALA LUMPUR (WP),88beb013-6a67-4936-9afd-b84a072cb60f
315355,e2ccc300-5615-4787-afc8-615cbe666b00,e795beb3-2cda-4ac4-b79d-7953221f1fb6,166,JHT,L,011,JHT-L-011,JALAN LAPANGAN TERBANG LAMA,AMQ No 44 Jalan Nuri,1,Hadapan,KUALA LUMPUR,3.116806,101.69846,7,55c38deb-aae3-44c5-bfac-0bb919effec4,Wilayah Persekutuan Kuala Lumpur,137,WP Kuala Lumpur,2,Swasta,2,Tidak Berfungsi,0,,1,Pillar Hydrant,124,Bandar Tun Razak,0000-00-00,0,KUALA LUMPUR_JLN HANG TUAH_ZON L_WANI_20052015,1,KUALA LUMPUR (WP),88beb013-6a67-4936-9afd-b84a072cb60f
315356,3caff792-6a95-4bd1-acb0-03e9d86cb6cb,e795beb3-2cda-4ac4-b79d-7953221f1fb6,166,JHT,L,012,JHT-L-012,JALAN LAPANGAN TERBANG LAMA,AMQ No 46 Jalan Nuri,1,Hadapan,KUALA LUMPUR,3.116377,101.699168,7,55c38deb-aae3-44c5-bfac-0bb919effec4,Wilayah Persekutuan Kuala Lumpur,137,WP Kuala Lumpur,2,Swasta,2,Tidak Berfungsi,0,,1,Pillar Hydrant,124,Bandar Tun Razak,0000-00-00,0,KUALA LUMPUR_JLN HANG TUAH_ZON L_WANI_20052015,1,KUALA LUMPUR (WP),88beb013-6a67-4936-9afd-b84a072cb60f
315357,16d9fd0d-f672-4db2-87e6-1971c243897d,e795beb3-2cda-4ac4-b79d-7953221f1fb6,166,JHT,L,013,JHT-L-013,JALAN LAPANGAN TERBANG LAMA,AMQ No 51 Jalan Nuri,1,Hadapan,KUALA LUMPUR,3.11687,101.69935,7,55c38deb-aae3-44c5-bfac-0bb919effec4,Wilayah Persekutuan Kuala Lumpur,137,WP Kuala Lumpur,2,Swasta,2,Tidak Berfungsi,0,,1,Pillar Hydrant,124,Bandar Tun Razak,0000-00-00,0,KUALA LUMPUR_JLN HANG TUAH_ZON L_WANI_20052015,1,KUALA LUMPUR (WP),88beb013-6a67-4936-9afd-b84a072cb60f
315358,ca91c940-081a-4959-bb5d-73e0137f19f2,e795beb3-2cda-4ac4-b79d-7953221f1fb6,166,JHT,L,014,JHT-L-014,JALAN LAPANGAN TERBANG LAMA,AMQ No 27 Jalan Nuri,1,Hadapan,KUALA LUMPUR,3.115241,101.699254,7,55c38deb-aae3-44c5-bfac-0bb919effec4,Wilayah Persekutuan Kuala Lumpur,137,WP Kuala Lumpur,2,Swasta,2,Tidak Berfungsi,0,,1,Pillar Hydrant,124,Bandar Tun Razak,0000-00-00,0,KUALA LUMPUR_JLN HANG TUAH_ZON L_WANI_20052015,1,KUALA LUMPUR (WP),88beb013-6a67-4936-9afd-b84a072cb60f
315359,ac4980be-8556-4e64-ae7d-522c606144ea,e795beb3-2cda-4ac4-b79d-7953221f1fb6,166,JHT,L,015,JHT-L-015,AMQ No 34 Jalan Nuri,AMQ No 34 Jalan Nuri,1,Hadapan,KUALA LUMPUR,3.116934,101.697913,7,55c38deb-aae3-44c5-bfac-0bb919effec4,Wilayah Persekutuan Kuala Lumpur,137,WP Kuala Lumpur,2,Swasta,1,Berfungsi,357.74,,1,Pillar Hydrant,124,Bandar Tun Razak,0000-00-00,0,KUALA LUMPUR_JLN HANG TUAH_ZON L_WANI_20052015,1,KUALA LUMPUR (WP),88beb013-6a67-4936-9afd-b84a072cb60f
315360,6430ae0b-9e77-46cc-a761-6770e3f1f9e7,e795beb3-2cda-4ac4-b79d-7953221f1fb6,166,JHT,L,016,JHT-L-016,Depan Pejabat Selenggara Kenderaan Khas JUBAN,Depan Pejabat Selenggara Kenderaan Khas JUBAN,1,Hadapan,KUALA LUMPUR,3.116024,101.699501,7,55c38deb-aae3-44c5-bfac-0bb919effec4,Wilayah Persekutuan Kuala Lumpur,137,WP Kuala Lumpur,2,Swasta,1,Berfungsi,357.74,,1,Pillar Hydrant,124,Bandar Tun Razak,0000-00-00,0,KUALA LUMPUR_JLN HANG TUAH_ZON L_WANI_20052015,1,KUALA LUMPUR (WP),88beb013-6a67-4936-9afd-b84a072cb60f
315361,0dfa85e4-ddc2-4e4c-95b6-ef28be2017ff,e795beb3-2cda-4ac4-b79d-7953221f1fb6,166,JHT,L,017,JHT-L-017,Depan Kedai Jahit,Depan Kedai Jahit,1,Hadapan,KUALA LUMPUR,3.115231,101.699522,7,55c38deb-aae3-44c5-bfac-0bb919effec4,Wilayah Persekutuan Kuala Lumpur,137,WP Kuala Lumpur,2,Swasta,2,Tidak Berfungsi,0,,1,Pillar Hydrant,124,Bandar Tun Razak,0000-00-00,0,KUALA LUMPUR_JLN HANG TUAH_ZON L_WANI_20052015,1,KUALA LUMPUR (WP),88beb013-6a67-4936-9afd-b84a072cb60f
315362,84b6477a-5c61-420b-8fec-489508ec76dd,e795beb3-2cda-4ac4-b79d-7953221f1fb6,166,JHT,L,018,JHT-L-018,Berdekatan Blok Bujang Bomba,Berdekatan Blok Bujang Bomba,3,Berhampiran,KUALA LUMPUR,3.113099,101.700413,7,55c38deb-aae3-44c5-bfac-0bb919effec4,Wilayah Persekutuan Kuala Lumpur,137,WP Kuala Lumpur,2,Swasta,2,Tidak Berfungsi,0,,1,Pillar Hydrant,124,Bandar Tun Razak,0000-00-00,0,KUALA LUMPUR_JLN HANG TUAH_ZON L_WANI_20052015,1,KUALA LUMPUR (WP),88beb013-6a67-4936-9afd-b84a072cb60f
315363,9a0bf007-ac9f-439c-b994-183e13c12e9f,e795beb3-2cda-4ac4-b79d-7953221f1fb6,166,JHT,L,019,JHT-L-019,Jalan Masuk Ke No 10 Skuadron Jalan Terengganu,Jalan Masuk Ke No 10 Skuadron Jalan Terengganu,4,Tepi,KUALA LUMPUR,3.11432,101.701271,7,55c38deb-aae3-44c5-bfac-0bb919effec4,Wilayah Persekutuan Kuala Lumpur,137,WP Kuala Lumpur,2,Swasta,2,Tidak Berfungsi,0,,1,Pillar Hydrant,124,Bandar Tun Razak,0000-00-00,0,KUALA LUMPUR_JLN HANG TUAH_ZON L_WANI_20052015,1,KUALA LUMPUR (WP),88beb013-6a67-4936-9afd-b84a072cb60f
315364,67d6f585-25a1-4e11-b5cc-604580b4bc68,e795beb3-2cda-4ac4-b79d-7953221f1fb6,166,JHT,L,020,JHT-L-020,Depan Materiel No 10 Skuadron Jalan Terengganu,Depan Materiel No 10 Skuadron Jalan Terengganu,1,Hadapan,KUALA LUMPUR,3.11492,101.701711,7,55c38deb-aae3-44c5-bfac-0bb919effec4,Wilayah Persekutuan Kuala Lumpur,137,WP Kuala Lumpur,2,Swasta,2,Tidak Berfungsi,0,,1,Pillar Hydrant,124,Bandar Tun Razak,0000-00-00,0,KUALA LUMPUR_JLN HANG TUAH_ZON L_WANI_20052015,1,KUALA LUMPUR (WP),88beb013-6a67-4936-9afd-b84a072cb60f
315365,d0cbddb2-757f-4301-ba80-024bae407045,e795beb3-2cda-4ac4-b79d-7953221f1fb6,166,JHT,L,021,JHT-L-021,JALAN LAPANGAN TERBANG LAMA,Belakang Materiel No 10 Skuadron Jalan Terengganu,2,Belakang,KUALA LUMPUR,3.11537,101.7017,7,55c38deb-aae3-44c5-bfac-0bb919effec4,Wilayah Persekutuan Kuala Lumpur,137,WP Kuala Lumpur,2,Swasta,2,Tidak Berfungsi,0,,1,Pillar Hydrant,124,Bandar Tun Razak,0000-00-00,0,KUALA LUMPUR_JLN HANG TUAH_ZON L_WANI_20052015,1,KUALA LUMPUR (WP),88beb013-6a67-4936-9afd-b84a072cb60f
315366,3237adad-90ea-4c97-aa85-54af4987940e,e795beb3-2cda-4ac4-b79d-7953221f1fb6,166,JHT,L,022,JHT-L-022,JALAN LAPANGAN TERBANG LAMA,Tepi BFI Berdekatan 10 Skuadron Jalan Terengganu,4,Tepi,KUALA LUMPUR,3.115799,101.701979,7,55c38deb-aae3-44c5-bfac-0bb919effec4,Wilayah Persekutuan Kuala Lumpur,137,WP Kuala Lumpur,2,Swasta,2,Tidak Berfungsi,0,,1,Pillar Hydrant,124,Bandar Tun Razak,0000-00-00,0,KUALA LUMPUR_JLN HANG TUAH_ZON L_WANI_20052015,1,KUALA LUMPUR (WP),88beb013-6a67-4936-9afd-b84a072cb60f
315367,81fc2fa9-b86f-4491-92d9-0a50ffb346b8,e795beb3-2cda-4ac4-b79d-7953221f1fb6,166,JHT,L,023,JHT-L-023,JALAN LAPANGAN TERBANG LAMA,Bertentangan BFI Dekat 10 Skuadron Jalan Terengganu,3,Berhampiran,KUALA LUMPUR,3.115681,101.702204,7,55c38deb-aae3-44c5-bfac-0bb919effec4,Wilayah Persekutuan Kuala Lumpur,137,WP Kuala Lumpur,2,Swasta,2,Tidak Berfungsi,0,,1,Pillar Hydrant,124,Bandar Tun Razak,0000-00-00,0,KUALA LUMPUR_JLN HANG TUAH_ZON L_WANI_20052015,1,KUALA LUMPUR (WP),88beb013-6a67-4936-9afd-b84a072cb60f
315368,7ee78733-285b-4d0f-b728-3a7939fbfb8a,e795beb3-2cda-4ac4-b79d-7953221f1fb6,166,JHT,L,024,JHT-L-024,JALAN LAPANGAN TERBANG LAMA,Depan Pejabat SAR Dan Workshop Jalan Terengganu,1,Hadapan,KUALA LUMPUR,3.116131,101.702494,7,55c38deb-aae3-44c5-bfac-0bb919effec4,Wilayah Persekutuan Kuala Lumpur,137,WP Kuala Lumpur,2,Swasta,2,Tidak Berfungsi,0,,1,Pillar Hydrant,124,Bandar Tun Razak,0000-00-00,0,KUALA LUMPUR_JLN HANG TUAH_ZON L_WANI_20052015,1,KUALA LUMPUR (WP),88beb013-6a67-4936-9afd-b84a072cb60f
315369,ff1a4617-ac29-4d64-ad4e-235d50ac2e4e,e795beb3-2cda-4ac4-b79d-7953221f1fb6,166,JHT,L,025,JHT-L-025,JALAN LAPANGAN TERBANG LAMA,Belakang Admin Hanger Blackhawk Jalan Terengganu,2,Belakang,KUALA LUMPUR,3.117588,101.703438,7,55c38deb-aae3-44c5-bfac-0bb919effec4,Wilayah Persekutuan Kuala Lumpur,137,WP Kuala Lumpur,2,Swasta,2,Tidak Berfungsi,0,,1,Pillar Hydrant,124,Bandar Tun Razak,0000-00-00,0,KUALA LUMPUR_JLN HANG TUAH_ZON L_WANI_20052015,1,KUALA LUMPUR (WP),88beb013-6a67-4936-9afd-b84a072cb60f
315370,8c603d17-57ad-4db5-9f63-2a5285a5062b,e795beb3-2cda-4ac4-b79d-7953221f1fb6,166,JHT,L,026,JHT-L-026,JALAN LAPANGAN TERBANG LAMA,Sebelah Kanan Hanger Blackhawk Jalan Terengganu,4,Tepi,KUALA LUMPUR,3.11747,101.703835,7,55c38deb-aae3-44c5-bfac-0bb919effec4,Wilayah Persekutuan Kuala Lumpur,137,WP Kuala Lumpur,2,Swasta,2,Tidak Berfungsi,0,,1,Pillar Hydrant,124,Bandar Tun Razak,0000-00-00,0,KUALA LUMPUR_JLN HANG TUAH_ZON L_WANI_20052015,1,KUALA LUMPUR (WP),88beb013-6a67-4936-9afd-b84a072cb60f
315371,66afa2d1-4b36-49a0-96fa-9d94836c078b,e795beb3-2cda-4ac4-b79d-7953221f1fb6,166,JHT,L,027,JHT-L-027,Sebelah Kanan Hanger Blackhawk Jalan Terengganu,Sebelah Kanan Hanger Blackhawk Jalan Terengganu,4,Tepi,KUALA LUMPUR,3.11747,101.703835,7,55c38deb-aae3-44c5-bfac-0bb919effec4,Wilayah Persekutuan Kuala Lumpur,137,WP Kuala Lumpur,2,Swasta,2,Tidak Berfungsi,0,,2,Ground Hydrant,124,Bandar Tun Razak,0000-00-00,0,KUALA LUMPUR_JLN HANG TUAH_ZON L_WANI_20052015,1,KUALA LUMPUR (WP),88beb013-6a67-4936-9afd-b84a072cb60f
315372,bf97e5ff-7fae-4cb6-a973-46ecfba5a64d,e795beb3-2cda-4ac4-b79d-7953221f1fb6,166,JHT,L,028,JHT-L-028,JALAN LAPANGAN TERBANG LAMA,Sebelah Kiri Hanger Blackhawk Jalan Terengganu,4,Tepi,KUALA LUMPUR,3.117331,101.704211,7,55c38deb-aae3-44c5-bfac-0bb919effec4,Wilayah Persekutuan Kuala Lumpur,137,WP Kuala Lumpur,2,Swasta,2,Tidak Berfungsi,0,,1,Pillar Hydrant,124,Bandar Tun Razak,0000-00-00,0,KUALA LUMPUR_JLN HANG TUAH_ZON L_WANI_20052015,1,KUALA LUMPUR (WP),88beb013-6a67-4936-9afd-b84a072cb60f
315373,b507a3a2-0b58-40f8-b37e-12e8d740b9c2,e795beb3-2cda-4ac4-b79d-7953221f1fb6,166,JHT,L,029,JHT-L-029,JALAN LAPANGAN TERBANG LAMA,Berhadapan Hangar Muzium Jalan Terengganu,1,Hadapan,KUALA LUMPUR,3.118637,101.703299,7,55c38deb-aae3-44c5-bfac-0bb919effec4,Wilayah Persekutuan Kuala Lumpur,137,WP Kuala Lumpur,2,Swasta,2,Tidak Berfungsi,0,,1,Pillar Hydrant,124,Bandar Tun Razak,0000-00-00,0,KUALA LUMPUR_JLN HANG TUAH_ZON L_WANI_20052015,1,KUALA LUMPUR (WP),88beb013-6a67-4936-9afd-b84a072cb60f
315374,687bfc9f-0590-4434-a480-925a8a5f74c4,e795beb3-2cda-4ac4-b79d-7953221f1fb6,166,JHT,L,030,JHT-L-030,JALAN LAPANGAN TERBANG LAMA,Depan Pejabat Fleet Kenderaan,1,Hadapan,KUALA LUMPUR,3.113099,101.698878,7,55c38deb-aae3-44c5-bfac-0bb919effec4,Wilayah Persekutuan Kuala Lumpur,137,WP Kuala Lumpur,2,Swasta,2,Tidak Berfungsi,0,,1,Pillar Hydrant,124,Bandar Tun Razak,0000-00-00,0,KUALA LUMPUR_JLN HANG TUAH_ZON L_WANI_20052015,1,KUALA LUMPUR (WP),88beb013-6a67-4936-9afd-b84a072cb60f
315375,cb960acc-9548-4da4-9aeb-555944b02809,e795beb3-2cda-4ac4-b79d-7953221f1fb6,166,JHT,L,031,JHT-L-031,JALAN LAPANGAN TERBANG LAMA,Depan Kantin Flying Clud,1,Hadapan,KUALA LUMPUR,3.112574,101.698975,7,55c38deb-aae3-44c5-bfac-0bb919effec4,Wilayah Persekutuan Kuala Lumpur,137,WP Kuala Lumpur,2,Swasta,2,Tidak Berfungsi,0,,1,Pillar Hydrant,124,Bandar Tun Razak,0000-00-00,0,KUALA LUMPUR_JLN HANG TUAH_ZON L_WANI_20052015,1,KUALA LUMPUR (WP),88beb013-6a67-4936-9afd-b84a072cb60f
315376,1a397dbf-6cbe-493b-b2fd-91a9576b04fe,e795beb3-2cda-4ac4-b79d-7953221f1fb6,166,JHT,L,032,JHT-L-032,JALAN LAPANGAN TERBANG LAMA,Depan Pejabat Euro Aircraft,4,Tepi,KUALA LUMPUR,3.112295,101.698642,7,55c38deb-aae3-44c5-bfac-0bb919effec4,Wilayah Persekutuan Kuala Lumpur,137,WP Kuala Lumpur,2,Swasta,2,Tidak Berfungsi,0,,1,Pillar Hydrant,124,Bandar Tun Razak,0000-00-00,0,KUALA LUMPUR_JLN HANG TUAH_ZON L_WANI_20052015,1,KUALA LUMPUR (WP),88beb013-6a67-4936-9afd-b84a072cb60f
315377,5a7d2535-cbee-49a8-9fec-4506335712f7,e795beb3-2cda-4ac4-b79d-7953221f1fb6,166,JHT,L,033,JHT-L-033,JALAN LAPANGAN TERBANG LAMA,Tepi Bengkel Selangor Flying Club,4,Tepi,KUALA LUMPUR,3.112167,101.698986,7,55c38deb-aae3-44c5-bfac-0bb919effec4,Wilayah Persekutuan Kuala Lumpur,137,WP Kuala Lumpur,2,Swasta,2,Tidak Berfungsi,0,,1,Pillar Hydrant,124,Bandar Tun Razak,0000-00-00,0,KUALA LUMPUR_JLN HANG TUAH_ZON L_WANI_20052015,1,KUALA LUMPUR (WP),88beb013-6a67-4936-9afd-b84a072cb60f
315378,061b29f2-813a-45a8-b066-671b2af9ef80,e795beb3-2cda-4ac4-b79d-7953221f1fb6,166,JHT,L,034,JHT-L-034,JALAN LAPANGAN TERBANG LAMA,Persimpangan Pejabat HQ Jalan Lapangan Terbang,3,Berhampiran,KUALA LUMPUR,3.11207,101.698417,7,55c38deb-aae3-44c5-bfac-0bb919effec4,Wilayah Persekutuan Kuala Lumpur,137,WP Kuala Lumpur,2,Swasta,2,Tidak Berfungsi,0,,1,Pillar Hydrant,124,Bandar Tun Razak,0000-00-00,0,KUALA LUMPUR_JLN HANG TUAH_ZON L_WANI_20052015,1,KUALA LUMPUR (WP),88beb013-6a67-4936-9afd-b84a072cb60f
315379,3636157e-6214-4fba-92f7-7e52fabaf83e,e795beb3-2cda-4ac4-b79d-7953221f1fb6,166,JHT,L,035,JHT-L-035,JALAN LAPANGAN TERBANG LAMA,Sebelah Kiri Pejabat Senggara Komplek Jalan Lapangan Terbang,4,Tepi,KUALA LUMPUR,3.111813,101.69876,7,55c38deb-aae3-44c5-bfac-0bb919effec4,Wilayah Persekutuan Kuala Lumpur,137,WP Kuala Lumpur,2,Swasta,2,Tidak Berfungsi,0,,1,Pillar Hydrant,124,Bandar Tun Razak,0000-00-00,0,KUALA LUMPUR_JLN HANG TUAH_ZON L_WANI_20052015,1,KUALA LUMPUR (WP),88beb013-6a67-4936-9afd-b84a072cb60f
315380,d5d2ebd6-7e1a-4bcb-932f-3c3f10bcba55,e795beb3-2cda-4ac4-b79d-7953221f1fb6,166,JHT,L,036,JHT-L-036,JALAN LAPANGAN TERBANG LAMA,Sebelah Kanan pejabat pergerakan Udara Jalan Lapangan Terbang,4,Tepi,KUALA LUMPUR,3.111728,101.698396,7,55c38deb-aae3-44c5-bfac-0bb919effec4,Wilayah Persekutuan Kuala Lumpur,137,WP Kuala Lumpur,2,Swasta,2,Tidak Berfungsi,0,,1,Pillar Hydrant,124,Bandar Tun Razak,0000-00-00,0,KUALA LUMPUR_JLN HANG TUAH_ZON L_WANI_20052015,1,KUALA LUMPUR (WP),88beb013-6a67-4936-9afd-b84a072cb60f
315381,6ab1b4c0-0d4c-4c13-b6e6-6bbaaf5435e7,e795beb3-2cda-4ac4-b79d-7953221f1fb6,166,JHT,L,037,JHT-L-037,JALAN LAPANGAN TERBANG LAMA,Depan Pintu Masuk Provos Marsyal,1,Hadapan,KUALA LUMPUR,3.111449,101.697366,7,55c38deb-aae3-44c5-bfac-0bb919effec4,Wilayah Persekutuan Kuala Lumpur,137,WP Kuala Lumpur,2,Swasta,2,Tidak Berfungsi,0,,1,Pillar Hydrant,124,Bandar Tun Razak,0000-00-00,0,KUALA LUMPUR_JLN HANG TUAH_ZON L_WANI_20052015,1,KUALA LUMPUR (WP),88beb013-6a67-4936-9afd-b84a072cb60f
315382,8815742d-fb44-491d-b38e-24a5d4d2e1de,e795beb3-2cda-4ac4-b79d-7953221f1fb6,166,JHT,L,038,JHT-L-038,JALAN LAPANGAN TERBANG LAMA,MATRA 1 Tepi Main Guard Room,4,Tepi,KUALA LUMPUR,3.111235,101.695241,7,55c38deb-aae3-44c5-bfac-0bb919effec4,Wilayah Persekutuan Kuala Lumpur,137,WP Kuala Lumpur,2,Swasta,2,Tidak Berfungsi,0,,1,Pillar Hydrant,124,Bandar Tun Razak,0000-00-00,0,KUALA LUMPUR_JLN HANG TUAH_ZON L_WANI_20052015,1,KUALA LUMPUR (WP),88beb013-6a67-4936-9afd-b84a072cb60f
315383,501b5b54-a168-4c66-9929-7dd76b2fdd74,e795beb3-2cda-4ac4-b79d-7953221f1fb6,166,JHT,L,039,JHT-L-039,JALAN LAPANGAN TERBANG LAMA,MATRA 1 Tepi Hanger,4,Tepi,KUALA LUMPUR,3.111438,101.694952,7,55c38deb-aae3-44c5-bfac-0bb919effec4,Wilayah Persekutuan Kuala Lumpur,137,WP Kuala Lumpur,2,Swasta,2,Tidak Berfungsi,0,,1,Pillar Hydrant,124,Bandar Tun Razak,0000-00-00,0,KUALA LUMPUR_JLN HANG TUAH_ZON L_WANI_20052015,1,KUALA LUMPUR (WP),88beb013-6a67-4936-9afd-b84a072cb60f
315384,16a7fbbb-8f04-4d7e-9d74-2a8102cd4157,e795beb3-2cda-4ac4-b79d-7953221f1fb6,166,JHT,L,040,JHT-L-040,JALAN LAPANGAN TERBANG LAMA,MATRA 1 Depan Gudang 3,1,Hadapan,KUALA LUMPUR,3.111342,101.694608,7,55c38deb-aae3-44c5-bfac-0bb919effec4,Wilayah Persekutuan Kuala Lumpur,137,WP Kuala Lumpur,2,Swasta,2,Tidak Berfungsi,0,,1,Pillar Hydrant,124,Bandar Tun Razak,0000-00-00,0,KUALA LUMPUR_JLN HANG TUAH_ZON L_WANI_20052015,1,KUALA LUMPUR (WP),88beb013-6a67-4936-9afd-b84a072cb60f
315385,b621b6b9-d674-4ef9-be17-b23dce19a3ed,e795beb3-2cda-4ac4-b79d-7953221f1fb6,166,JHT,L,041,JHT-L-041,JALAN LAPANGAN TERBANG LAMA,MATRA 1 Depan Gudang 2,1,Hadapan,KUALA LUMPUR,3.11116,101.694769,7,55c38deb-aae3-44c5-bfac-0bb919effec4,Wilayah Persekutuan Kuala Lumpur,137,WP Kuala Lumpur,2,Swasta,2,Tidak Berfungsi,0,,1,Pillar Hydrant,124,Bandar Tun Razak,0000-00-00,0,KUALA LUMPUR_JLN HANG TUAH_ZON L_WANI_20052015,1,KUALA LUMPUR (WP),88beb013-6a67-4936-9afd-b84a072cb60f
315386,c48b45d1-ca01-45ac-ab39-e1bc10d7f43a,e795beb3-2cda-4ac4-b79d-7953221f1fb6,166,JHT,L,042,JHT-L-042,JALAN LAPANGAN TERBANG LAMA,MATRA 1 Depan Gudang 1,1,Hadapan,KUALA LUMPUR,3.110988,101.694919,7,55c38deb-aae3-44c5-bfac-0bb919effec4,Wilayah Persekutuan Kuala Lumpur,137,WP Kuala Lumpur,2,Swasta,2,Tidak Berfungsi,0,,1,Pillar Hydrant,124,Bandar Tun Razak,0000-00-00,0,KUALA LUMPUR_JLN HANG TUAH_ZON L_WANI_20052015,1,KUALA LUMPUR (WP),88beb013-6a67-4936-9afd-b84a072cb60f
315387,fb9414d7-b8b0-44fa-8eec-015b07596cf0,e795beb3-2cda-4ac4-b79d-7953221f1fb6,166,JHT,L,043,JHT-L-043,JALAN LAPANGAN TERBANG LAMA,Depan Kawasan MAFEC,1,Hadapan,KUALA LUMPUR,3.110431,101.694394,7,55c38deb-aae3-44c5-bfac-0bb919effec4,Wilayah Persekutuan Kuala Lumpur,137,WP Kuala Lumpur,2,Swasta,2,Tidak Berfungsi,0,,1,Pillar Hydrant,124,Bandar Tun Razak,0000-00-00,0,KUALA LUMPUR_JLN HANG TUAH_ZON L_WANI_20052015,1,KUALA LUMPUR (WP),88beb013-6a67-4936-9afd-b84a072cb60f
315388,5164a4a8-3aa5-40cd-a971-54372971dc2e,e795beb3-2cda-4ac4-b79d-7953221f1fb6,166,JHT,L,044,JHT-L-044,JALAN LAPANGAN TERBANG LAMA,31 Arteleri Depan Komplek Sajian,4,Tepi,KUALA LUMPUR,3.111438,101.694426,7,55c38deb-aae3-44c5-bfac-0bb919effec4,Wilayah Persekutuan Kuala Lumpur,137,WP Kuala Lumpur,2,Swasta,2,Tidak Berfungsi,0,,1,Pillar Hydrant,124,Bandar Tun Razak,0000-00-00,0,KUALA LUMPUR_JLN HANG TUAH_ZON L_WANI_20052015,1,KUALA LUMPUR (WP),88beb013-6a67-4936-9afd-b84a072cb60f
315389,5cac6624-55d8-4d55-9e59-cc35a44f183c,e795beb3-2cda-4ac4-b79d-7953221f1fb6,166,JHT,L,045,JHT-L-045,JALAN LAPANGAN TERBANG LAMA,Blok Bujang Arteleri Antara Trupa Dan Trup MK,4,Tepi,KUALA LUMPUR,3.112831,101.694136,7,55c38deb-aae3-44c5-bfac-0bb919effec4,Wilayah Persekutuan Kuala Lumpur,137,WP Kuala Lumpur,2,Swasta,2,Tidak Berfungsi,0,,1,Pillar Hydrant,124,Bandar Tun Razak,0000-00-00,0,KUALA LUMPUR_JLN HANG TUAH_ZON L_WANI_20052015,1,KUALA LUMPUR (WP),88beb013-6a67-4936-9afd-b84a072cb60f
315390,53a88a0f-9204-462a-9caf-a8176af83be7,e795beb3-2cda-4ac4-b79d-7953221f1fb6,166,JHT,L,046,JHT-L-046,JALAN LAPANGAN TERBANG LAMA,31 Arteleri Belakang Markas Batteri,4,Tepi,KUALA LUMPUR,3.111117,101.693321,7,55c38deb-aae3-44c5-bfac-0bb919effec4,Wilayah Persekutuan Kuala Lumpur,137,WP Kuala Lumpur,2,Swasta,2,Tidak Berfungsi,0,,1,Pillar Hydrant,124,Bandar Tun Razak,0000-00-00,0,KUALA LUMPUR_JLN HANG TUAH_ZON L_WANI_20052015,1,KUALA LUMPUR (WP),88beb013-6a67-4936-9afd-b84a072cb60f
315391,2f00db6c-ac60-4b6e-b85f-6968cd564781,e795beb3-2cda-4ac4-b79d-7953221f1fb6,166,JHT,L,047,JHT-L-047,JALAN LAPANGAN TERBANG LAMA,Hadapan Wisma Peruda,1,Hadapan,KUALA LUMPUR,3.111803,101.693396,7,55c38deb-aae3-44c5-bfac-0bb919effec4,Wilayah Persekutuan Kuala Lumpur,137,WP Kuala Lumpur,2,Swasta,2,Tidak Berfungsi,0,,1,Pillar Hydrant,124,Bandar Tun Razak,0000-00-00,0,KUALA LUMPUR_JLN HANG TUAH_ZON L_WANI_20052015,1,KUALA LUMPUR (WP),88beb013-6a67-4936-9afd-b84a072cb60f
315392,1ad7b4ae-e66d-46c6-872c-dd86ff6ff324,e795beb3-2cda-4ac4-b79d-7953221f1fb6,166,JHT,L,048,JHT-L-048,JALAN LAPANGAN TERBANG LAMA,31 Arteleri Depan Pusat Pergigian,3,Berhampiran,KUALA LUMPUR,3.112413,101.693364,7,55c38deb-aae3-44c5-bfac-0bb919effec4,Wilayah Persekutuan Kuala Lumpur,137,WP Kuala Lumpur,2,Swasta,2,Tidak Berfungsi,0,,1,Pillar Hydrant,124,Bandar Tun Razak,0000-00-00,0,KUALA LUMPUR_JLN HANG TUAH_ZON L_WANI_20052015,1,KUALA LUMPUR (WP),88beb013-6a67-4936-9afd-b84a072cb60f
315393,392498aa-83c7-4694-8092-1ee57ed0a8d0,e795beb3-2cda-4ac4-b79d-7953221f1fb6,166,JHT,L,049,JHT-L-049,JALAN LAPANGAN TERBANG LAMA,Jalan Belakang Ke No 1 Div U Jalan Johor,2,Belakang,KUALA LUMPUR,3.110754,101.691822,7,55c38deb-aae3-44c5-bfac-0bb919effec4,Wilayah Persekutuan Kuala Lumpur,137,WP Kuala Lumpur,2,Swasta,2,Tidak Berfungsi,0,,1,Pillar Hydrant,124,Bandar Tun Razak,0000-00-00,0,KUALA LUMPUR_JLN HANG TUAH_ZON L_WANI_20052015,1,KUALA LUMPUR (WP),88beb013-6a67-4936-9afd-b84a072cb60f
315394,71e4a370-253f-4bab-9db3-f03ea2fdc370,e795beb3-2cda-4ac4-b79d-7953221f1fb6,166,JHT,L,050,JHT-L-050,JALAN LAPANGAN TERBANG LAMA,Balai Pengawal No 1 Div U Jalan Johor,4,Tepi,KUALA LUMPUR,3.11236,101.692205,7,55c38deb-aae3-44c5-bfac-0bb919effec4,Wilayah Persekutuan Kuala Lumpur,137,WP Kuala Lumpur,2,Swasta,2,Tidak Berfungsi,0,,1,Pillar Hydrant,124,Bandar Tun Razak,0000-00-00,0,KUALA LUMPUR_JLN HANG TUAH_ZON L_WANI_20052015,1,KUALA LUMPUR (WP),88beb013-6a67-4936-9afd-b84a072cb60f
315395,5125a17d-ba60-4cbd-adfd-ece95c0e90fd,e795beb3-2cda-4ac4-b79d-7953221f1fb6,166,JHT,L,051,JHT-L-051,JALAN LAPANGAN TERBANG LAMA,Sebelah kiri belakang Pejabat No 1 Div U jalan Johor,2,Belakang,KUALA LUMPUR,3.112038,101.691744,7,55c38deb-aae3-44c5-bfac-0bb919effec4,Wilayah Persekutuan Kuala Lumpur,137,WP Kuala Lumpur,2,Swasta,2,Tidak Berfungsi,0,,1,Pillar Hydrant,124,Bandar Tun Razak,0000-00-00,0,KUALA LUMPUR_JLN HANG TUAH_ZON L_WANI_20052015,1,KUALA LUMPUR (WP),88beb013-6a67-4936-9afd-b84a072cb60f
315396,c0e6d07e-1833-4ca4-ba29-e883f2d37121,e795beb3-2cda-4ac4-b79d-7953221f1fb6,166,JHT,L,052,JHT-L-052,JALAN LAPANGAN TERBANG LAMA,No 1 Div U Belakang Garaj Motor (Sebelah Kiri),2,Belakang,KUALA LUMPUR,3.112692,101.691422,7,55c38deb-aae3-44c5-bfac-0bb919effec4,Wilayah Persekutuan Kuala Lumpur,137,WP Kuala Lumpur,2,Swasta,2,Tidak Berfungsi,0,,1,Pillar Hydrant,124,Bandar Tun Razak,0000-00-00,0,KUALA LUMPUR_JLN HANG TUAH_ZON L_WANI_20052015,1,KUALA LUMPUR (WP),88beb013-6a67-4936-9afd-b84a072cb60f
315397,fdf60902-2602-4073-b157-3b9bf02f99a0,e795beb3-2cda-4ac4-b79d-7953221f1fb6,166,JHT,L,053,JHT-L-053,JALAN LAPANGAN TERBANG LAMA,Sebelah Kiri pejabat No 1 Div U Jalan Johor,4,Tepi,KUALA LUMPUR,3.113152,101.69095,7,55c38deb-aae3-44c5-bfac-0bb919effec4,Wilayah Persekutuan Kuala Lumpur,137,WP Kuala Lumpur,2,Swasta,2,Tidak Berfungsi,0,,1,Pillar Hydrant,124,Bandar Tun Razak,0000-00-00,0,KUALA LUMPUR_JLN HANG TUAH_ZON L_WANI_20052015,1,KUALA LUMPUR (WP),88beb013-6a67-4936-9afd-b84a072cb60f
315398,8fb1c331-c27c-4e1f-816e-ec6738686666,e795beb3-2cda-4ac4-b79d-7953221f1fb6,166,JHT,L,054,JHT-L-054,JALAN LAPANGAN TERBANG LAMA,Depan PUSKOM No 1 Div U,1,Hadapan,KUALA LUMPUR,3.114652,101.693954,7,55c38deb-aae3-44c5-bfac-0bb919effec4,Wilayah Persekutuan Kuala Lumpur,137,WP Kuala Lumpur,2,Swasta,2,Tidak Berfungsi,0,,1,Pillar Hydrant,124,Bandar Tun Razak,0000-00-00,0,KUALA LUMPUR_JLN HANG TUAH_ZON L_WANI_20052015,1,KUALA LUMPUR (WP),88beb013-6a67-4936-9afd-b84a072cb60f
315399,2e9b6410-5f55-44b8-9d16-e0edcc4c94ce,e795beb3-2cda-4ac4-b79d-7953221f1fb6,166,JHT,L,055,JHT-L-055,JALAN LAPANGAN TERBANG LAMA,Tepi 841 RSAT,4,Tepi,KUALA LUMPUR,3.11507,101.693675,7,55c38deb-aae3-44c5-bfac-0bb919effec4,Wilayah Persekutuan Kuala Lumpur,137,WP Kuala Lumpur,2,Swasta,2,Tidak Berfungsi,0,,1,Pillar Hydrant,124,Bandar Tun Razak,0000-00-00,0,KUALA LUMPUR_JLN HANG TUAH_ZON L_WANI_20052015,1,KUALA LUMPUR (WP),88beb013-6a67-4936-9afd-b84a072cb60f
315400,b1d9c809-7a8a-430c-aa55-beaa79ea845c,e795beb3-2cda-4ac4-b79d-7953221f1fb6,166,JHT,L,056,JHT-L-056,JALAN LAPANGAN TERBANG LAMA,Tepi Jalan Kelab Golf Angkatan Tentera,4,Tepi,KUALA LUMPUR,3.114117,101.693857,7,55c38deb-aae3-44c5-bfac-0bb919effec4,Wilayah Persekutuan Kuala Lumpur,137,WP Kuala Lumpur,2,Swasta,2,Tidak Berfungsi,0,,1,Pillar Hydrant,124,Bandar Tun Razak,0000-00-00,0,KUALA LUMPUR_JLN HANG TUAH_ZON L_WANI_20052015,1,KUALA LUMPUR (WP),88beb013-6a67-4936-9afd-b84a072cb60f
315401,bd1dac30-eb6d-4cf5-8bd1-cce6aae822e5,e795beb3-2cda-4ac4-b79d-7953221f1fb6,166,JHT,L,057,JHT-L-057,JALAN LAPANGAN TERBANG LAMA,Belakang OMQ No 15 Jalan Negeri Sembilan,2,Belakang,KUALA LUMPUR,3.113817,101.694265,7,55c38deb-aae3-44c5-bfac-0bb919effec4,Wilayah Persekutuan Kuala Lumpur,137,WP Kuala Lumpur,2,Swasta,2,Tidak Berfungsi,0,,1,Pillar Hydrant,124,Bandar Tun Razak,0000-00-00,0,KUALA LUMPUR_JLN HANG TUAH_ZON L_WANI_20052015,1,KUALA LUMPUR (WP),88beb013-6a67-4936-9afd-b84a072cb60f
315402,08090e4c-54a3-4225-9569-65fa1f4e3f90,e795beb3-2cda-4ac4-b79d-7953221f1fb6,166,JHT,L,058,JHT-L-058,JALAN LAPANGAN TERBANG LAMA,Depan OMQ 14 Rumah Pegawai Kanan Jalan Negeri Sembilan,1,Hadapan,KUALA LUMPUR,3.112478,101.694458,7,55c38deb-aae3-44c5-bfac-0bb919effec4,Wilayah Persekutuan Kuala Lumpur,137,WP Kuala Lumpur,2,Swasta,2,Tidak Berfungsi,0,,1,Pillar Hydrant,124,Bandar Tun Razak,0000-00-00,0,KUALA LUMPUR_JLN HANG TUAH_ZON L_WANI_20052015,1,KUALA LUMPUR (WP),88beb013-6a67-4936-9afd-b84a072cb60f
315403,33c8a2b1-c0f6-4538-85d0-a063a8693827,e795beb3-2cda-4ac4-b79d-7953221f1fb6,166,JHT,L,059,JHT-L-059,JALAN LAPANGAN TERBANG LAMA,Depan OMQ No 11 Jalan Negeri Sembilan,1,Hadapan,KUALA LUMPUR,3.111642,101.694866,7,55c38deb-aae3-44c5-bfac-0bb919effec4,Wilayah Persekutuan Kuala Lumpur,137,WP Kuala Lumpur,2,Swasta,2,Tidak Berfungsi,0,,1,Pillar Hydrant,124,Bandar Tun Razak,0000-00-00,0,KUALA LUMPUR_JLN HANG TUAH_ZON L_WANI_20052015,1,KUALA LUMPUR (WP),88beb013-6a67-4936-9afd-b84a072cb60f
315404,276d7b3e-1b6f-4bfd-9436-72cb3dbaf735,e795beb3-2cda-4ac4-b79d-7953221f1fb6,166,JHT,L,060,JHT-L-060,JALAN LAPANGAN TERBANG LAMA,Belakang OMQ No 5 Jalan Negeri Sembilan,2,Belakang,KUALA LUMPUR,3.111578,101.695284,7,55c38deb-aae3-44c5-bfac-0bb919effec4,Wilayah Persekutuan Kuala Lumpur,137,WP Kuala Lumpur,2,Swasta,1,Berfungsi,357.74,,1,Pillar Hydrant,124,Bandar Tun Razak,0000-00-00,0,KUALA LUMPUR_JLN HANG TUAH_ZON L_WANI_20052015,1,KUALA LUMPUR (WP),88beb013-6a67-4936-9afd-b84a072cb60f
315405,6c4f0ef5-54c4-4fbd-adee-b73406052cd2,e795beb3-2cda-4ac4-b79d-7953221f1fb6,166,JHT,L,061,JHT-L-061,Tepi OMQ No 2,Tepi OMQ No 2,4,Tepi,KUALA LUMPUR,3.110667,101.694447,7,55c38deb-aae3-44c5-bfac-0bb919effec4,Wilayah Persekutuan Kuala Lumpur,137,WP Kuala Lumpur,2,Swasta,2,Tidak Berfungsi,0,,1,Pillar Hydrant,124,Bandar Tun Razak,0000-00-00,0,KUALA LUMPUR_JLN HANG TUAH_ZON L_WANI_20052015,1,KUALA LUMPUR (WP),88beb013-6a67-4936-9afd-b84a072cb60f
315406,580e8d48-f6f6-43ad-b878-214e70a9ca4e,e795beb3-2cda-4ac4-b79d-7953221f1fb6,166,JHT,L,062,JHT-L-062,Berhadapan Rumah Keluarga OMQ 17 Pegawai Kanan Berdekatan MLU,Berhadapan Rumah Keluarga OMQ 17 Pegawai Kanan Berdekatan MLU,3,Berhampiran,KUALA LUMPUR,3.111033,101.695818,7,55c38deb-aae3-44c5-bfac-0bb919effec4,Wilayah Persekutuan Kuala Lumpur,137,WP Kuala Lumpur,2,Swasta,2,Tidak Berfungsi,0,,1,Pillar Hydrant,124,Bandar Tun Razak,0000-00-00,0,KUALA LUMPUR_JLN HANG TUAH_ZON L_WANI_20052015,1,KUALA LUMPUR (WP),88beb013-6a67-4936-9afd-b84a072cb60f
315407,588b1b1d-1593-42fa-bfc5-f48ea6064f99,e795beb3-2cda-4ac4-b79d-7953221f1fb6,166,JHT,L,063,JHT-L-063,Berdekatan Pintu pagar MLU jalan Perak,Berdekatan Pintu pagar MLU jalan Perak,3,Berhampiran,KUALA LUMPUR,3.111076,101.696059,7,55c38deb-aae3-44c5-bfac-0bb919effec4,Wilayah Persekutuan Kuala Lumpur,137,WP Kuala Lumpur,2,Swasta,2,Tidak Berfungsi,0,,1,Pillar Hydrant,124,Bandar Tun Razak,0000-00-00,0,KUALA LUMPUR_JLN HANG TUAH_ZON L_WANI_20052015,1,KUALA LUMPUR (WP),88beb013-6a67-4936-9afd-b84a072cb60f
315408,a8c42a39-5136-4695-897c-567491041b96,e795beb3-2cda-4ac4-b79d-7953221f1fb6,166,JHT,L,064,JHT-L-064,Depan Pejabat MLU,Depan Pejabat MLU,1,Hadapan,KUALA LUMPUR,3.111215,101.696381,7,55c38deb-aae3-44c5-bfac-0bb919effec4,Wilayah Persekutuan Kuala Lumpur,137,WP Kuala Lumpur,2,Swasta,2,Tidak Berfungsi,0,,1,Pillar Hydrant,124,Bandar Tun Razak,0000-00-00,0,KUALA LUMPUR_JLN HANG TUAH_ZON L_WANI_20052015,1,KUALA LUMPUR (WP),88beb013-6a67-4936-9afd-b84a072cb60f
315409,1979bfdc-4fa6-4486-9609-4cf2ef532cae,e795beb3-2cda-4ac4-b79d-7953221f1fb6,166,JHT,L,065,JHT-L-065,JALAN LAPANGAN TERBANG LAMA,,3,Berhampiran,KUALA LUMPUR,3.112565,101.695314,7,55c38deb-aae3-44c5-bfac-0bb919effec4,Wilayah Persekutuan Kuala Lumpur,137,WP Kuala Lumpur,2,Swasta,2,Tidak Berfungsi,0,,1,Pillar Hydrant,124,Bandar Tun Razak,0000-00-00,0,KUALA LUMPUR_JLN HANG TUAH_ZON L_WANI_20052015,1,KUALA LUMPUR (WP),88beb013-6a67-4936-9afd-b84a072cb60f
315410,81162962-9696-4d6c-a5c6-cf9b32fbedec,e795beb3-2cda-4ac4-b79d-7953221f1fb6,166,JHT,L,066,JHT-L-066,JALAN LAPANGAN TERBANG LAMA,Belakang Bangunan Mess Pegawai Jalan Pahang,2,Belakang,KUALA LUMPUR,3.1134,101.694938,7,55c38deb-aae3-44c5-bfac-0bb919effec4,Wilayah Persekutuan Kuala Lumpur,137,WP Kuala Lumpur,2,Swasta,2,Tidak Berfungsi,0,,1,Pillar Hydrant,124,Bandar Tun Razak,0000-00-00,0,KUALA LUMPUR_JLN HANG TUAH_ZON L_WANI_20052015,1,KUALA LUMPUR (WP),88beb013-6a67-4936-9afd-b84a072cb60f
315411,173273fa-d9c7-4cf2-9d81-610ce1ba3485,e795beb3-2cda-4ac4-b79d-7953221f1fb6,166,JHT,L,067,JHT-L-067,JALAN LAPANGAN TERBANG LAMA,Depan Blok Bujang Pegawai Jalan Pahang,1,Hadapan,KUALA LUMPUR,3.113261,101.69599,7,55c38deb-aae3-44c5-bfac-0bb919effec4,Wilayah Persekutuan Kuala Lumpur,137,WP Kuala Lumpur,2,Swasta,2,Tidak Berfungsi,0,,1,Pillar Hydrant,124,Bandar Tun Razak,0000-00-00,0,KUALA LUMPUR_JLN HANG TUAH_ZON L_WANI_20052015,1,KUALA LUMPUR (WP),88beb013-6a67-4936-9afd-b84a072cb60f
315412,e8d583e9-ded7-4ae3-92f6-b948ec9776ab,e795beb3-2cda-4ac4-b79d-7953221f1fb6,166,JHT,L,068,JHT-L-068,JALAN LAPANGAN TERBANG LAMA,Depan OMQ 28 Jalan Serindit,1,Hadapan,KUALA LUMPUR,3.112699,101.695491,7,55c38deb-aae3-44c5-bfac-0bb919effec4,Wilayah Persekutuan Kuala Lumpur,137,WP Kuala Lumpur,2,Swasta,2,Tidak Berfungsi,0,,1,Pillar Hydrant,124,Bandar Tun Razak,0000-00-00,0,KUALA LUMPUR_JLN HANG TUAH_ZON L_WANI_20052015,1,KUALA LUMPUR (WP),88beb013-6a67-4936-9afd-b84a072cb60f
315413,ff7afb6c-ee2a-4ceb-8491-d923c9e7cbf0,e795beb3-2cda-4ac4-b79d-7953221f1fb6,166,JHT,L,069,JHT-L-069,JALAN LAPANGAN TERBANG LAMA,Tempat letak Kereta bawah MWA,3,Berhampiran,KUALA LUMPUR,3.112661,101.696709,7,55c38deb-aae3-44c5-bfac-0bb919effec4,Wilayah Persekutuan Kuala Lumpur,137,WP Kuala Lumpur,2,Swasta,2,Tidak Berfungsi,0,,1,Pillar Hydrant,124,Bandar Tun Razak,0000-00-00,0,KUALA LUMPUR_JLN HANG TUAH_ZON L_WANI_20052015,1,KUALA LUMPUR (WP),88beb013-6a67-4936-9afd-b84a072cb60f
315414,6c636362-6826-4a6a-9d33-1d966b6deb1b,e795beb3-2cda-4ac4-b79d-7953221f1fb6,166,JHT,L,070,JHT-L-070,JALAN LAPANGAN TERBANG LAMA,"Atas Bukit Wisma Bintara,Berdekatan BAKAT Jalan Serindit",3,Berhampiran,KUALA LUMPUR,3.114493,101.697594,7,55c38deb-aae3-44c5-bfac-0bb919effec4,Wilayah Persekutuan Kuala Lumpur,137,WP Kuala Lumpur,2,Swasta,2,Tidak Berfungsi,0,,1,Pillar Hydrant,124,Bandar Tun Razak,0000-00-00,0,KUALA LUMPUR_JLN HANG TUAH_ZON L_WANI_20052015,1,KUALA LUMPUR (WP),88beb013-6a67-4936-9afd-b84a072cb60f
315415,53ff2c94-16cc-4e7a-8755-ba62be3e34a5,e795beb3-2cda-4ac4-b79d-7953221f1fb6,166,JHT,L,071,JHT-L-071,JALAN LAPANGAN TERBANG LAMA,Hujung Jalan OMQ No 14 Jalan Seberang Perai,3,Berhampiran,KUALA LUMPUR,3.115318,101.696633,7,55c38deb-aae3-44c5-bfac-0bb919effec4,Wilayah Persekutuan Kuala Lumpur,137,WP Kuala Lumpur,2,Swasta,2,Tidak Berfungsi,0,,1,Pillar Hydrant,124,Bandar Tun Razak,0000-00-00,0,KUALA LUMPUR_JLN HANG TUAH_ZON L_WANI_20052015,1,KUALA LUMPUR (WP),88beb013-6a67-4936-9afd-b84a072cb60f
315416,6640007c-79d6-4f67-ad31-d24a060b1ecb,e795beb3-2cda-4ac4-b79d-7953221f1fb6,166,JHT,L,072,JHT-L-072,Belakang Bilik Rehat Bomba,Belakang Bilik Rehat Bomba,2,Belakang,KUALA LUMPUR,3.111092,101.698844,7,55c38deb-aae3-44c5-bfac-0bb919effec4,Wilayah Persekutuan Kuala Lumpur,137,WP Kuala Lumpur,2,Swasta,1,Berfungsi,357.74,,1,Pillar Hydrant,120,Bukit Bintang,0000-00-00,0,KUALA LUMPUR_JLN HANG TUAH_ZON L_WANI_20052015,1,KUALA LUMPUR (WP),88beb013-6a67-4936-9afd-b84a072cb60f
315417,d03b2fc9-a745-4ed4-bda2-61c1585a8355,e795beb3-2cda-4ac4-b79d-7953221f1fb6,166,JHT,L,073,JHT-L-073,Atas Bukit Tepi Tangki Air No 1 Div U,Atas Bukit Tepi Tangki Air No 1 Div U,4,Tepi,KUALA LUMPUR,3.10966,101.692302,7,55c38deb-aae3-44c5-bfac-0bb919effec4,Wilayah Persekutuan Kuala Lumpur,137,WP Kuala Lumpur,2,Swasta,2,Tidak Berfungsi,0,,1,Pillar Hydrant,120,Bukit Bintang,0000-00-00,0,KUALA LUMPUR_JLN HANG TUAH_ZON L_WANI_20052015,1,KUALA LUMPUR (WP),88beb013-6a67-4936-9afd-b84a072cb60f
315418,c1a67a5b-f5ed-4808-946d-d62d129421ae,e795beb3-2cda-4ac4-b79d-7953221f1fb6,166,JHT,L,074,JHT-L-074,Berhampiran Dengan EWS Bomba,Berhampiran Dengan EWS Bomba,3,Berhampiran,KUALA LUMPUR,3.111301,101.69872,7,55c38deb-aae3-44c5-bfac-0bb919effec4,Wilayah Persekutuan Kuala Lumpur,137,WP Kuala Lumpur,2,Swasta,2,Tidak Berfungsi,0,,1,Pillar Hydrant,120,Bukit Bintang,0000-00-00,0,KUALA LUMPUR_JLN HANG TUAH_ZON L_WANI_20052015,1,KUALA LUMPUR (WP),88beb013-6a67-4936-9afd-b84a072cb60f
315419,4f04fe47-5e55-493f-af8a-916b10b5a257,e795beb3-2cda-4ac4-b79d-7953221f1fb6,166,JHT,L,075,JHT-L-075,Depan Blok Bujang Provos,Depan Blok Bujang Provos,1,Hadapan,KUALA LUMPUR,3.113324,101.69772,7,55c38deb-aae3-44c5-bfac-0bb919effec4,Wilayah Persekutuan Kuala Lumpur,137,WP Kuala Lumpur,2,Swasta,2,Tidak Berfungsi,0,,1,Pillar Hydrant,120,Bukit Bintang,0000-00-00,0,KUALA LUMPUR_JLN HANG TUAH_ZON L_WANI_20052015,1,KUALA LUMPUR (WP),88beb013-6a67-4936-9afd-b84a072cb60f
315420,57f62594-b284-47e3-9d03-802e8dda5570,e795beb3-2cda-4ac4-b79d-7953221f1fb6,166,JHT,L,076,JHT-L-076,Tepi Blok Bujang Materiel Dan MT,Tepi Blok Bujang Materiel Dan MT,4,Tepi,KUALA LUMPUR,3.113785,101.697537,7,55c38deb-aae3-44c5-bfac-0bb919effec4,Wilayah Persekutuan Kuala Lumpur,137,WP Kuala Lumpur,2,Swasta,2,Tidak Berfungsi,0,,1,Pillar Hydrant,120,Bukit Bintang,0000-00-00,0,KUALA LUMPUR_JLN HANG TUAH_ZON L_WANI_20052015,1,KUALA LUMPUR (WP),88beb013-6a67-4936-9afd-b84a072cb60f
315421,6b16cf38-b32d-48ea-85f6-bade6ec35fd3,e795beb3-2cda-4ac4-b79d-7953221f1fb6,166,JHT,L,077,JHT-L-077,Depan Blok Bujang Materiel Dan MT,Depan Blok Bujang Materiel Dan MT,1,Hadapan,KUALA LUMPUR,3.107367,101.69522,7,55c38deb-aae3-44c5-bfac-0bb919effec4,Wilayah Persekutuan Kuala Lumpur,137,WP Kuala Lumpur,2,Swasta,2,Tidak Berfungsi,0,,1,Pillar Hydrant,120,Bukit Bintang,0000-00-00,0,KUALA LUMPUR_JLN HANG TUAH_ZON L_WANI_20052015,1,KUALA LUMPUR (WP),88beb013-6a67-4936-9afd-b84a072cb60f
315422,812c0caf-3379-4e66-b1b1-7a2549519185,e795beb3-2cda-4ac4-b79d-7953221f1fb6,166,JHT,L,078,JHT-L-078,Depan OMQ 06 jalan Seberang Prai,Depan OMQ 06 jalan Seberang Prai,1,Hadapan,KUALA LUMPUR,3.115434,101.696615,7,55c38deb-aae3-44c5-bfac-0bb919effec4,Wilayah Persekutuan Kuala Lumpur,137,WP Kuala Lumpur,2,Swasta,2,Tidak Berfungsi,0,,1,Pillar Hydrant,120,Bukit Bintang,0000-00-00,0,KUALA LUMPUR_JLN HANG TUAH_ZON L_WANI_20052015,1,KUALA LUMPUR (WP),88beb013-6a67-4936-9afd-b84a072cb60f
315423,04e6f53a-cf31-471e-870c-66521b9ac933,e795beb3-2cda-4ac4-b79d-7953221f1fb6,166,JHT,L,079,JHT-L-079,Berhampiran Ramp (Workshop 41),Berhampiran Ramp (Workshop 41),3,Berhampiran,KUALA LUMPUR,3.115434,101.696615,7,55c38deb-aae3-44c5-bfac-0bb919effec4,Wilayah Persekutuan Kuala Lumpur,137,WP Kuala Lumpur,2,Swasta,2,Tidak Berfungsi,0,,1,Pillar Hydrant,124,Bandar Tun Razak,0000-00-00,0,KUALA LUMPUR_JLN HANG TUAH_ZON L_WANI_20052015,1,KUALA LUMPUR (WP),88beb013-6a67-4936-9afd-b84a072cb60f
315424,cc29e58d-4850-4499-b867-a317d1558028,e795beb3-2cda-4ac4-b79d-7953221f1fb6,166,JHT,L,080,JHT-L-080,Bangunan Baru Belakang Blok Bujang Pancaragam,Bangunan Baru Belakang Blok Bujang Pancaragam,2,Belakang,KUALA LUMPUR,3.115434,101.696615,7,55c38deb-aae3-44c5-bfac-0bb919effec4,Wilayah Persekutuan Kuala Lumpur,137,WP Kuala Lumpur,2,Swasta,2,Tidak Berfungsi,0,,1,Pillar Hydrant,124,Bandar Tun Razak,0000-00-00,0,KUALA LUMPUR_JLN HANG TUAH_ZON L_WANI_20052015,1,KUALA LUMPUR (WP),88beb013-6a67-4936-9afd-b84a072cb60f
315425,d31326e8-1aab-4d50-a96e-8da500b8e18a,e795beb3-2cda-4ac4-b79d-7953221f1fb6,166,JHT,L,081,JHT-L-081,Berhampiran Garaj Motosikal (Bangunan Baru blok Bujang Pancaragam),Berhampiran Garaj Motosikal (Bangunan Baru blok Bujang Pancaragam),3,Berhampiran,KUALA LUMPUR,3.115434,101.696615,7,55c38deb-aae3-44c5-bfac-0bb919effec4,Wilayah Persekutuan Kuala Lumpur,137,WP Kuala Lumpur,2,Swasta,2,Tidak Berfungsi,0,,1,Pillar Hydrant,124,Bandar Tun Razak,0000-00-00,0,KUALA LUMPUR_JLN HANG TUAH_ZON L_WANI_20052015,1,KUALA LUMPUR (WP),88beb013-6a67-4936-9afd-b84a072cb60f
315426,9be9e167-9551-42e8-b262-0188c52731ca,e795beb3-2cda-4ac4-b79d-7953221f1fb6,166,JHT,L,082,JHT-L-082,Jalan Masuk Ke OMQ 16 Jalan Seberang Prai,Jalan Masuk Ke OMQ 16 Jalan Seberang Prai,4,Tepi,KUALA LUMPUR,3.115434,101.696615,7,55c38deb-aae3-44c5-bfac-0bb919effec4,Wilayah Persekutuan Kuala Lumpur,137,WP Kuala Lumpur,2,Swasta,2,Tidak Berfungsi,0,,1,Pillar Hydrant,124,Bandar Tun Razak,0000-00-00,0,KUALA LUMPUR_JLN HANG TUAH_ZON L_WANI_20052015,1,KUALA LUMPUR (WP),88beb013-6a67-4936-9afd-b84a072cb60f
315427,d2ae60f7-31f0-4f25-b80e-5e057b26f317,e795beb3-2cda-4ac4-b79d-7953221f1fb6,166,JHT,L,083,JHT-L-083,Di Hadapan Bangunan Baru Ragbi,Di Hadapan Bangunan Baru Ragbi,1,Hadapan,KUALA LUMPUR,3.115434,101.696615,7,55c38deb-aae3-44c5-bfac-0bb919effec4,Wilayah Persekutuan Kuala Lumpur,137,WP Kuala Lumpur,2,Swasta,2,Tidak Berfungsi,0,,1,Pillar Hydrant,124,Bandar Tun Razak,0000-00-00,0,KUALA LUMPUR_JLN HANG TUAH_ZON L_WANI_20052015,1,KUALA LUMPUR (WP),88beb013-6a67-4936-9afd-b84a072cb60f
315428,74722cc4-0435-477a-a9df-2cc3d09de819,e795beb3-2cda-4ac4-b79d-7953221f1fb6,166,JHT,L,084,JHT-L-084,Tepi Jalan Masuk Ke Bangunan Baru Ragbi,Tepi Jalan Masuk Ke Bangunan Baru Ragbi,4,Tepi,KUALA LUMPUR,3.115434,101.696615,7,55c38deb-aae3-44c5-bfac-0bb919effec4,Wilayah Persekutuan Kuala Lumpur,137,WP Kuala Lumpur,2,Swasta,1,Berfungsi,357.74,,1,Pillar Hydrant,123,Cheras,0000-00-00,0,KUALA LUMPUR_JLN HANG TUAH_ZON L_WANI_20052015,1,KUALA LUMPUR (WP),88beb013-6a67-4936-9afd-b84a072cb60f
315429,372743dd-1e2b-461a-908d-90e4db658a92,e795beb3-2cda-4ac4-b79d-7953221f1fb6,166,JHT,L,085,JHT-L-085,Kuartes Depan Kanan Dewan,Kuartes Depan Kanan Dewan,1,Hadapan,KUALA LUMPUR,3.115434,101.696615,7,55c38deb-aae3-44c5-bfac-0bb919effec4,Wilayah Persekutuan Kuala Lumpur,137,WP Kuala Lumpur,2,Swasta,2,Tidak Berfungsi,0,,1,Pillar Hydrant,124,Bandar Tun Razak,0000-00-00,0,KUALA LUMPUR_JLN HANG TUAH_ZON L_WANI_20052015,1,KUALA LUMPUR (WP),88beb013-6a67-4936-9afd-b84a072cb60f
315430,c3960af6-97c9-49bb-85b1-3764116b26c0,e795beb3-2cda-4ac4-b79d-7953221f1fb6,166,JHT,L,086,JHT-L-086,Kuaters Depan Kiri Dewan,Kuaters Depan Kiri Dewan,1,Hadapan,KUALA LUMPUR,3.115434,101.696615,7,55c38deb-aae3-44c5-bfac-0bb919effec4,Wilayah Persekutuan Kuala Lumpur,137,WP Kuala Lumpur,2,Swasta,2,Tidak Berfungsi,0,,1,Pillar Hydrant,124,Bandar Tun Razak,0000-00-00,0,KUALA LUMPUR_JLN HANG TUAH_ZON L_WANI_20052015,1,KUALA LUMPUR (WP),88beb013-6a67-4936-9afd-b84a072cb60f
315431,62f981f5-bd40-4d52-bc61-1f0a957b0ba0,e795beb3-2cda-4ac4-b79d-7953221f1fb6,166,JHT,L,087,JHT-L-087,Kuaters Tempat Berniaga,Kuaters Tempat Berniaga,1,Hadapan,KUALA LUMPUR,3.115424,101.69668,7,55c38deb-aae3-44c5-bfac-0bb919effec4,Wilayah Persekutuan Kuala Lumpur,137,WP Kuala Lumpur,2,Swasta,2,Tidak Berfungsi,0,,1,Pillar Hydrant,124,Bandar Tun Razak,0000-00-00,0,KUALA LUMPUR_JLN HANG TUAH_ZON L_WANI_20052015,1,KUALA LUMPUR (WP),88beb013-6a67-4936-9afd-b84a072cb60f
315432,897f7289-e721-448f-ae55-33038ab4ae2e,e795beb3-2cda-4ac4-b79d-7953221f1fb6,166,JHT,L,088,JHT-L-088,Blok SJN U (Sebelah Parking Kereta),Blok SJN U (Sebelah Parking Kereta),4,Tepi,KUALA LUMPUR,3.116334,101.706615,7,55c38deb-aae3-44c5-bfac-0bb919effec4,Wilayah Persekutuan Kuala Lumpur,137,WP Kuala Lumpur,2,Swasta,2,Tidak Berfungsi,0,,1,Pillar Hydrant,124,Bandar Tun Razak,0000-00-00,0,KUALA LUMPUR_JLN HANG TUAH_ZON L_WANI_20052015,1,KUALA LUMPUR (WP),88beb013-6a67-4936-9afd-b84a072cb60f
315433,63322dcb-65a9-42ec-be9b-1a8a8dcf7370,e795beb3-2cda-4ac4-b79d-7953221f1fb6,166,JHT,L,089,JHT-L-089,Blok SJN U (Sebelah Dewan),Blok SJN U (Sebelah Dewan),4,Tepi,KUALA LUMPUR,3.115434,101.69667,7,55c38deb-aae3-44c5-bfac-0bb919effec4,Wilayah Persekutuan Kuala Lumpur,137,WP Kuala Lumpur,2,Swasta,2,Tidak Berfungsi,0,,1,Pillar Hydrant,124,Bandar Tun Razak,0000-00-00,0,KUALA LUMPUR_JLN HANG TUAH_ZON L_WANI_20052015,1,KUALA LUMPUR (WP),88beb013-6a67-4936-9afd-b84a072cb60f
315434,b1a41bb2-1d89-45ca-a0e7-e862e6b69c07,e795beb3-2cda-4ac4-b79d-7953221f1fb6,166,JHT,L,090,JHT-L-090,Blok SJN U (Parking Motosikal),Blok SJN U (Parking Motosikal),4,Tepi,KUALA LUMPUR,3.11926,101.702808,7,55c38deb-aae3-44c5-bfac-0bb919effec4,Wilayah Persekutuan Kuala Lumpur,137,WP Kuala Lumpur,2,Swasta,2,Tidak Berfungsi,0,,1,Pillar Hydrant,124,Bandar Tun Razak,0000-00-00,0,KUALA LUMPUR_JLN HANG TUAH_ZON L_WANI_20052015,1,KUALA LUMPUR (WP),88beb013-6a67-4936-9afd-b84a072cb60f
315435,5522a0c1-db19-479a-a532-61a47ff8ac51,e795beb3-2cda-4ac4-b79d-7953221f1fb6,166,JHT,L,091,JHT-L-091,Blok KPL U (Paking Motosikal),Blok KPL U (Paking Motosikal),4,Tepi,KUALA LUMPUR,3.115434,101.69115,7,55c38deb-aae3-44c5-bfac-0bb919effec4,Wilayah Persekutuan Kuala Lumpur,137,WP Kuala Lumpur,2,Swasta,2,Tidak Berfungsi,0,,1,Pillar Hydrant,124,Bandar Tun Razak,0000-00-00,0,KUALA LUMPUR_JLN HANG TUAH_ZON L_WANI_20052015,1,KUALA LUMPUR (WP),88beb013-6a67-4936-9afd-b84a072cb60f
315436,df384488-027c-4088-9401-469b2c317b7f,e795beb3-2cda-4ac4-b79d-7953221f1fb6,166,JHT,L,092,JHT-L-092,Blok KPL U (Depan Sebelah Kiri),Blok KPL U (Depan Sebelah Kiri),4,Tepi,KUALA LUMPUR,3.115434,101.68783,7,55c38deb-aae3-44c5-bfac-0bb919effec4,Wilayah Persekutuan Kuala Lumpur,137,WP Kuala Lumpur,2,Swasta,2,Tidak Berfungsi,0,,1,Pillar Hydrant,124,Bandar Tun Razak,0000-00-00,0,KUALA LUMPUR_JLN HANG TUAH_ZON L_WANI_20052015,1,KUALA LUMPUR (WP),88beb013-6a67-4936-9afd-b84a072cb60f
315437,c43538d5-152e-484c-b56e-27d0a145dee2,e795beb3-2cda-4ac4-b79d-7953221f1fb6,166,JHT,L,093,JHT-L-093,Gelanggang Petanque,Gelanggang Petanque,4,Tepi,KUALA LUMPUR,3.11926,101.702808,7,55c38deb-aae3-44c5-bfac-0bb919effec4,Wilayah Persekutuan Kuala Lumpur,137,WP Kuala Lumpur,2,Swasta,2,Tidak Berfungsi,0,,1,Pillar Hydrant,124,Bandar Tun Razak,0000-00-00,0,KUALA LUMPUR_JLN HANG TUAH_ZON L_WANI_20052015,1,KUALA LUMPUR (WP),88beb013-6a67-4936-9afd-b84a072cb60f
315438,4273fb9c-2dd2-4a70-b0b0-0b7fa84777c1,e795beb3-2cda-4ac4-b79d-7953221f1fb6,166,JHT,L,094,JHT-L-094,Masjid (Depan Pintu Masuk),Masjid (Depan Pintu Masuk),4,Tepi,KUALA LUMPUR,3.11926,101.702808,7,55c38deb-aae3-44c5-bfac-0bb919effec4,Wilayah Persekutuan Kuala Lumpur,137,WP Kuala Lumpur,2,Swasta,2,Tidak Berfungsi,0,,1,Pillar Hydrant,120,Bukit Bintang,0000-00-00,0,KUALA LUMPUR_JLN HANG TUAH_ZON L_WANI_20052015,1,KUALA LUMPUR (WP),88beb013-6a67-4936-9afd-b84a072cb60f
315439,50cc7ade-aff0-413d-811d-6924d626ffb5,e795beb3-2cda-4ac4-b79d-7953221f1fb6,166,JHT,L,095,JHT-L-095,Masjid (Pintu Masuk Belakang),Masjid (Pintu Masuk Belakang),2,Belakang,KUALA LUMPUR,3.1191,101.703328,7,55c38deb-aae3-44c5-bfac-0bb919effec4,Wilayah Persekutuan Kuala Lumpur,137,WP Kuala Lumpur,2,Swasta,2,Tidak Berfungsi,0,,1,Pillar Hydrant,120,Bukit Bintang,0000-00-00,0,KUALA LUMPUR_JLN HANG TUAH_ZON L_WANI_20052015,1,KUALA LUMPUR (WP),88beb013-6a67-4936-9afd-b84a072cb60f
315440,c7378239-7a81-48c6-8298-14dc72eb53c9,e795beb3-2cda-4ac4-b79d-7953221f1fb6,166,JHT,L,096,JHT-L-096,Masjid (Penjuru Pagar Belakang),Masjid (Penjuru Pagar Belakang),2,Belakang,KUALA LUMPUR,3.119592,101.703559,7,55c38deb-aae3-44c5-bfac-0bb919effec4,Wilayah Persekutuan Kuala Lumpur,137,WP Kuala Lumpur,2,Swasta,1,Berfungsi,357.74,,1,Pillar Hydrant,120,Bukit Bintang,0000-00-00,0,KUALA LUMPUR_JLN HANG TUAH_ZON L_WANI_20052015,1,KUALA LUMPUR (WP),88beb013-6a67-4936-9afd-b84a072cb60f
315441,c3df8def-6ae9-4d09-8661-88c41b496013,e795beb3-2cda-4ac4-b79d-7953221f1fb6,166,JHT,L,097,JHT-L-097,Belakang luar Kawasan PDRM,Masjid (Pagar Depan Sebelah Kanan),4,Tepi,KUALA LUMPUR,3.119046,101.702695,7,55c38deb-aae3-44c5-bfac-0bb919effec4,Wilayah Persekutuan Kuala Lumpur,137,WP Kuala Lumpur,2,Swasta,2,Tidak Berfungsi,0,,1,Pillar Hydrant,120,Bukit Bintang,0000-00-00,0,KUALA LUMPUR_JLN HANG TUAH_ZON L_WANI_20052015,1,KUALA LUMPUR (WP),88beb013-6a67-4936-9afd-b84a072cb60f
315442,d4d46a00-24c1-4c25-86bc-5b2c108d529d,e795beb3-2cda-4ac4-b79d-7953221f1fb6,166,JHT,L,098,JHT-L-098,Bersebelahan Blok A Wisma Bintara,Bersebelahan Blok A Wisma Bintara,3,Berhampiran,KUALA LUMPUR,3.119046,101.702695,7,55c38deb-aae3-44c5-bfac-0bb919effec4,Wilayah Persekutuan Kuala Lumpur,137,WP Kuala Lumpur,2,Swasta,2,Tidak Berfungsi,0,,1,Pillar Hydrant,124,Bandar Tun Razak,0000-00-00,0,KUALA LUMPUR_JLN HANG TUAH_ZON L_WANI_20052015,1,KUALA LUMPUR (WP),88beb013-6a67-4936-9afd-b84a072cb60f
315443,2e897087-8842-4bae-83fa-f7a0cc3c4f05,e795beb3-2cda-4ac4-b79d-7953221f1fb6,166,JHT,L,099,JHT-L-099,Berhadapan Kolam Muzium,Berhadapan Kolam Muzium,4,Tepi,KUALA LUMPUR,3.119091,101.708118,7,55c38deb-aae3-44c5-bfac-0bb919effec4,Wilayah Persekutuan Kuala Lumpur,137,WP Kuala Lumpur,2,Swasta,2,Tidak Berfungsi,0,,1,Pillar Hydrant,124,Bandar Tun Razak,0000-00-00,0,KUALA LUMPUR_JLN HANG TUAH_ZON L_WANI_20052015,1,KUALA LUMPUR (WP),88beb013-6a67-4936-9afd-b84a072cb60f
315444,b35ca09a-fa62-4463-b852-d9b03d63139e,e795beb3-2cda-4ac4-b79d-7953221f1fb6,166,JHT,L,100,JHT-L-100,Jalan Masuk OMQ Baru No 40 Jalan Selangor,Jalan Masuk OMQ Baru No 40 Jalan Selangor,4,Tepi,KUALA LUMPUR,3.119092,101.708118,7,55c38deb-aae3-44c5-bfac-0bb919effec4,Wilayah Persekutuan Kuala Lumpur,137,WP Kuala Lumpur,2,Swasta,2,Tidak Berfungsi,0,,1,Pillar Hydrant,124,Bandar Tun Razak,0000-00-00,0,KUALA LUMPUR_JLN HANG TUAH_ZON L_WANI_20052015,1,KUALA LUMPUR (WP),88beb013-6a67-4936-9afd-b84a072cb60f
315445,6b092c81-0316-4591-b272-aa0caea7a191,e795beb3-2cda-4ac4-b79d-7953221f1fb6,166,JHT,L,101,JHT-L-101,Tepi Jalan OMQ Baru No 33 Jalan Selangor,Tepi Jalan OMQ Baru No 33 Jalan Selangor,4,Tepi,KUALA LUMPUR,3.119092,101.708118,7,55c38deb-aae3-44c5-bfac-0bb919effec4,Wilayah Persekutuan Kuala Lumpur,137,WP Kuala Lumpur,2,Swasta,2,Tidak Berfungsi,0,,1,Pillar Hydrant,124,Bandar Tun Razak,0000-00-00,0,KUALA LUMPUR_JLN HANG TUAH_ZON L_WANI_20052015,1,KUALA LUMPUR (WP),88beb013-6a67-4936-9afd-b84a072cb60f
315446,1ff6bcee-8120-4ca7-a9b4-9cab18378e30,e795beb3-2cda-4ac4-b79d-7953221f1fb6,166,JHT,L,102,JHT-L-102,Bersebelahan Blok B Hujung Wisma Bintara,Bersebelahan Blok B Hujung Wisma Bintara,3,Berhampiran,KUALA LUMPUR,3.119091,101.708118,7,55c38deb-aae3-44c5-bfac-0bb919effec4,Wilayah Persekutuan Kuala Lumpur,137,WP Kuala Lumpur,2,Swasta,2,Tidak Berfungsi,0,,1,Pillar Hydrant,124,Bandar Tun Razak,0000-00-00,0,KUALA LUMPUR_JLN HANG TUAH_ZON L_WANI_20052015,1,KUALA LUMPUR (WP),88beb013-6a67-4936-9afd-b84a072cb60f
315447,0ea56e36-be1f-4fda-a6f3-60adc9a2bbe8,e795beb3-2cda-4ac4-b79d-7953221f1fb6,166,JHT,L,103,JHT-L-103,Bersebelahan Blok C Hujung Wisma Bintara (Atas Bukit),Bersebelahan Blok C Hujung Wisma Bintara (Atas Bukit),4,Tepi,KUALA LUMPUR,3.119298,101.708216,7,55c38deb-aae3-44c5-bfac-0bb919effec4,Wilayah Persekutuan Kuala Lumpur,137,WP Kuala Lumpur,2,Swasta,2,Tidak Berfungsi,0,,1,Pillar Hydrant,124,Bandar Tun Razak,0000-00-00,0,KUALA LUMPUR_JLN HANG TUAH_ZON L_WANI_20052015,1,KUALA LUMPUR (WP),88beb013-6a67-4936-9afd-b84a072cb60f
315448,9cd6f82c-3f2f-4522-945d-38586e0f040a,e795beb3-2cda-4ac4-b79d-7953221f1fb6,166,JHT,L,104,JHT-L-104,Belakang luar Kawasan PDRM,Belakang luar Kawasan PDRM,2,Belakang,KUALA LUMPUR,3.119298,101.708017,7,55c38deb-aae3-44c5-bfac-0bb919effec4,Wilayah Persekutuan Kuala Lumpur,137,WP Kuala Lumpur,2,Swasta,2,Tidak Berfungsi,0,,1,Pillar Hydrant,124,Bandar Tun Razak,0000-00-00,0,KUALA LUMPUR_JLN HANG TUAH_ZON L_WANI_20052015,1,KUALA LUMPUR (WP),88beb013-6a67-4936-9afd-b84a072cb60f
315449,be82927c-1c44-4851-9120-cd7b950f4120,e795beb3-2cda-4ac4-b79d-7953221f1fb6,166,JHT,L,105,JHT-L-105,Dalam Kawasan Hangar Sebelah Kiri PDRM,Dalam Kawasan Hangar Sebelah Kiri PDRM,4,Tepi,KUALA LUMPUR,3.119298,101.708017,7,55c38deb-aae3-44c5-bfac-0bb919effec4,Wilayah Persekutuan Kuala Lumpur,137,WP Kuala Lumpur,2,Swasta,2,Tidak Berfungsi,0,,1,Pillar Hydrant,120,Bukit Bintang,0000-00-00,0,KUALA LUMPUR_JLN HANG TUAH_ZON L_WANI_20052015,1,KUALA LUMPUR (WP),88beb013-6a67-4936-9afd-b84a072cb60f
315450,e2ee1c44-77d7-40a2-a565-ac468a71cb17,e795beb3-2cda-4ac4-b79d-7953221f1fb6,166,JHT,L,106,JHT-L-106,Dalam Kawasan Hangar Sebelah Kanan PDRM,Dalam Kawasan Hangar Sebelah Kanan PDRM,4,Tepi,KUALA LUMPUR,3.120133,101.707711,7,55c38deb-aae3-44c5-bfac-0bb919effec4,Wilayah Persekutuan Kuala Lumpur,137,WP Kuala Lumpur,2,Swasta,2,Tidak Berfungsi,0,,1,Pillar Hydrant,120,Bukit Bintang,0000-00-00,0,KUALA LUMPUR_JLN HANG TUAH_ZON L_WANI_20052015,1,KUALA LUMPUR (WP),88beb013-6a67-4936-9afd-b84a072cb60f
315451,cdb704f8-4349-4ecf-9748-f9c3d6e40df2,e795beb3-2cda-4ac4-b79d-7953221f1fb6,166,JHT,L,107,JHT-L-107,Dalam Kawasan Hangar Runwave Kanan PDRM,Dalam Kawasan Hangar Runwave Kanan PDRM,4,Tepi,KUALA LUMPUR,3.118038,101.705444,7,55c38deb-aae3-44c5-bfac-0bb919effec4,Wilayah Persekutuan Kuala Lumpur,137,WP Kuala Lumpur,2,Swasta,2,Tidak Berfungsi,0,,1,Pillar Hydrant,120,Bukit Bintang,0000-00-00,0,KUALA LUMPUR_JLN HANG TUAH_ZON L_WANI_20052015,1,KUALA LUMPUR (WP),88beb013-6a67-4936-9afd-b84a072cb60f
315452,bfc2ba92-fbfc-4597-a304-1a5f35170fa0,e795beb3-2cda-4ac4-b79d-7953221f1fb6,166,JHT,L,108,JHT-L-108,Dalam Kawasan Hangar Runwave Kiri PDRM,Dalam Kawasan Hangar Runwave Kiri PDRM,4,Tepi,KUALA LUMPUR,3.119559,101.706303,7,55c38deb-aae3-44c5-bfac-0bb919effec4,Wilayah Persekutuan Kuala Lumpur,137,WP Kuala Lumpur,2,Swasta,2,Tidak Berfungsi,0,,1,Pillar Hydrant,120,Bukit Bintang,0000-00-00,0,KUALA LUMPUR_JLN HANG TUAH_ZON L_WANI_20052015,1,KUALA LUMPUR (WP),88beb013-6a67-4936-9afd-b84a072cb60f
315453,68473325-ad6c-4361-aa6a-d25f29975e3b,e795beb3-2cda-4ac4-b79d-7953221f1fb6,166,JHT,L,109,JHT-L-109,Dalam Kawasan Hangar Tempat Mengisi Minyak PDRM,Dalam Kawasan Hangar Tempat Mengisi Minyak PDRM,4,Tepi,KUALA LUMPUR,3.11778,101.7039,7,55c38deb-aae3-44c5-bfac-0bb919effec4,Wilayah Persekutuan Kuala Lumpur,137,WP Kuala Lumpur,2,Swasta,2,Tidak Berfungsi,0,,1,Pillar Hydrant,120,Bukit Bintang,0000-00-00,0,KUALA LUMPUR_JLN HANG TUAH_ZON L_WANI_20052015,1,KUALA LUMPUR (WP),88beb013-6a67-4936-9afd-b84a072cb60f
315454,5f30ed97-3afd-471d-95a5-ee3bbc7fabc8,e795beb3-2cda-4ac4-b79d-7953221f1fb6,166,JHT,L,110,JHT-L-110,Depan Bangunan Pentadbiran PDRM,Depan Bangunan Pentadbiran PDRM,4,Tepi,KUALA LUMPUR,3.119087,101.704168,7,55c38deb-aae3-44c5-bfac-0bb919effec4,Wilayah Persekutuan Kuala Lumpur,137,WP Kuala Lumpur,2,Swasta,2,Tidak Berfungsi,0,,1,Pillar Hydrant,120,Bukit Bintang,0000-00-00,0,KUALA LUMPUR_JLN HANG TUAH_ZON L_WANI_20052015,1,KUALA LUMPUR (WP),88beb013-6a67-4936-9afd-b84a072cb60f
315455,daa449e2-1e5e-4c69-b03c-6e33a2a8a51b,e795beb3-2cda-4ac4-b79d-7953221f1fb6,166,JHT,L,111,JHT-L-111,Depan Bangunan Sukan/Gymnasium PDRM,Depan Bangunan Sukan/Gymnasium PDRM,3,Berhampiran,KUALA LUMPUR,3.118755,101.703599,7,55c38deb-aae3-44c5-bfac-0bb919effec4,Wilayah Persekutuan Kuala Lumpur,137,WP Kuala Lumpur,2,Swasta,2,Tidak Berfungsi,0,,1,Pillar Hydrant,120,Bukit Bintang,0000-00-00,0,KUALA LUMPUR_JLN HANG TUAH_ZON L_WANI_20052015,1,KUALA LUMPUR (WP),88beb013-6a67-4936-9afd-b84a072cb60f
315456,74244ff9-1f75-4ffb-aa1c-d8b54c993d0d,e795beb3-2cda-4ac4-b79d-7953221f1fb6,166,JHT,L,112,JHT-L-112,Sebelah Bangunan Simulatup Helikopter Unit Udara PDRM,Sebelah Bangunan Simulatup Helikopter Unit Udara PDRM,1,Hadapan,KUALA LUMPUR,3.120169,101.704361,7,55c38deb-aae3-44c5-bfac-0bb919effec4,Wilayah Persekutuan Kuala Lumpur,137,WP Kuala Lumpur,2,Swasta,2,Tidak Berfungsi,0,,1,Pillar Hydrant,120,Bukit Bintang,0000-00-00,0,KUALA LUMPUR_JLN HANG TUAH_ZON L_WANI_20052015,1,KUALA LUMPUR (WP),88beb013-6a67-4936-9afd-b84a072cb60f
315457,3394aded-841b-4d8b-b2a4-8e317ec3b6f7,e795beb3-2cda-4ac4-b79d-7953221f1fb6,166,JHT,L,113,JHT-L-113,Sebelah Kiri Gudang Recall Jalan Kerayong,Sebelah Kiri Gudang Recall Jalan Kerayong,4,Tepi,KUALA LUMPUR,3.11707,101.696113,7,55c38deb-aae3-44c5-bfac-0bb919effec4,Wilayah Persekutuan Kuala Lumpur,137,WP Kuala Lumpur,2,Swasta,2,Tidak Berfungsi,0,,1,Pillar Hydrant,120,Bukit Bintang,0000-00-00,0,KUALA LUMPUR_JLN HANG TUAH_ZON L_WANI_20052015,1,KUALA LUMPUR (WP),88beb013-6a67-4936-9afd-b84a072cb60f
315458,b580daac-ec17-4acd-adf9-453c33933aca,e795beb3-2cda-4ac4-b79d-7953221f1fb6,166,JHT,L,114,JHT-L-114,Belakang Gudang Recall Jalan Kerayong,Belakang Gudang Recall Jalan Kerayong,2,Belakang,KUALA LUMPUR,3.117214,101.695437,7,55c38deb-aae3-44c5-bfac-0bb919effec4,Wilayah Persekutuan Kuala Lumpur,137,WP Kuala Lumpur,2,Swasta,2,Tidak Berfungsi,0,,1,Pillar Hydrant,120,Bukit Bintang,0000-00-00,0,KUALA LUMPUR_JLN HANG TUAH_ZON L_WANI_20052015,1,KUALA LUMPUR (WP),88beb013-6a67-4936-9afd-b84a072cb60f
315459,9d9a9473-37e5-4ef7-8ba0-10cc882613c6,e795beb3-2cda-4ac4-b79d-7953221f1fb6,166,JHT,L,115,JHT-L-115,Sebelah Kanan Gudang Recall  Jalan Kerayong,Sebelah Kanan Gudang Recall  Jalan Kerayong,4,Tepi,KUALA LUMPUR,3.116539,101.695775,7,55c38deb-aae3-44c5-bfac-0bb919effec4,Wilayah Persekutuan Kuala Lumpur,137,WP Kuala Lumpur,2,Swasta,2,Tidak Berfungsi,0,,1,Pillar Hydrant,120,Bukit Bintang,0000-00-00,0,KUALA LUMPUR_JLN HANG TUAH_ZON L_WANI_20052015,1,KUALA LUMPUR (WP),88beb013-6a67-4936-9afd-b84a072cb60f
315460,0ef4e327-b41e-453b-9bd2-ff1a2fd48031,e795beb3-2cda-4ac4-b79d-7953221f1fb6,166,JHT,L,116,JHT-L-116,Depan Gudang Recall Jalan Kerayong,Depan Gudang Recall Jalan Kerayong,4,Tepi,KUALA LUMPUR,3.116641,101.69636,7,55c38deb-aae3-44c5-bfac-0bb919effec4,Wilayah Persekutuan Kuala Lumpur,137,WP Kuala Lumpur,2,Swasta,2,Tidak Berfungsi,0,,1,Pillar Hydrant,120,Bukit Bintang,0000-00-00,0,KUALA LUMPUR_JLN HANG TUAH_ZON L_WANI_20052015,1,KUALA LUMPUR (WP),88beb013-6a67-4936-9afd-b84a072cb60f
315461,3e0584c0-77ed-47db-b828-f39d62165891,e795beb3-2cda-4ac4-b79d-7953221f1fb6,166,JHT,L,117,JHT-L-117,JALAN LAPANGAN TERBANG LAMA,Depan Kilang Logam Lee Heng Sdn Bhd Jalan Kerayong,4,Tepi,KUALA LUMPUR,3.11798,101.696945,7,55c38deb-aae3-44c5-bfac-0bb919effec4,Wilayah Persekutuan Kuala Lumpur,137,WP Kuala Lumpur,2,Swasta,2,Tidak Berfungsi,0,,1,Pillar Hydrant,120,Bukit Bintang,0000-00-00,0,KUALA LUMPUR_JLN HANG TUAH_ZON L_WANI_20052015,1,KUALA LUMPUR (WP),88beb013-6a67-4936-9afd-b84a072cb60f
315462,b7a66b46-d1ed-4e86-9183-582eea7ff030,e795beb3-2cda-4ac4-b79d-7953221f1fb6,166,JHT,L,118,JHT-L-118,JALAN LAPANGAN TERBANG LAMA,Depan Tengah Kilang Logam Lee Heng Sdn Bhd Jalan Kerayong,4,Tepi,KUALA LUMPUR,3.117953,101.69658,7,55c38deb-aae3-44c5-bfac-0bb919effec4,Wilayah Persekutuan Kuala Lumpur,137,WP Kuala Lumpur,2,Swasta,2,Tidak Berfungsi,0,,1,Pillar Hydrant,120,Bukit Bintang,0000-00-00,0,KUALA LUMPUR_JLN HANG TUAH_ZON L_WANI_20052015,1,KUALA LUMPUR (WP),88beb013-6a67-4936-9afd-b84a072cb60f
315463,b631df36-e9aa-487a-96ca-61e84d42fcda,e795beb3-2cda-4ac4-b79d-7953221f1fb6,166,JHT,L,119,JHT-L-119,JALAN LAPANGAN TERBANG LAMA,Depan Sebelah Kanan Kilang Logam Jalan Kerayong,1,Hadapan,KUALA LUMPUR,3.117905,101.696285,7,55c38deb-aae3-44c5-bfac-0bb919effec4,Wilayah Persekutuan Kuala Lumpur,137,WP Kuala Lumpur,2,Swasta,2,Tidak Berfungsi,0,,1,Pillar Hydrant,120,Bukit Bintang,0000-00-00,0,KUALA LUMPUR_JLN HANG TUAH_ZON L_WANI_20052015,1,KUALA LUMPUR (WP),88beb013-6a67-4936-9afd-b84a072cb60f
315464,1ad6c8e3-7ad0-4f51-9dcb-7d329fba0883,e795beb3-2cda-4ac4-b79d-7953221f1fb6,166,JHT,L,120,JHT-L-120,JALAN LAPANGAN TERBANG LAMA,Depan Dist Repart Jalan Kerayong,1,Hadapan,KUALA LUMPUR,3.11805,101.695963,7,55c38deb-aae3-44c5-bfac-0bb919effec4,Wilayah Persekutuan Kuala Lumpur,137,WP Kuala Lumpur,2,Swasta,1,Berfungsi,0,,1,Pillar Hydrant,120,Bukit Bintang,0000-00-00,0,KUALA LUMPUR_JLN HANG TUAH_ZON L_WANI_20052015,1,KUALA LUMPUR (WP),88beb013-6a67-4936-9afd-b84a072cb60f
315465,3e2f265b-a08a-4790-84e4-adf73ed719ae,e795beb3-2cda-4ac4-b79d-7953221f1fb6,166,JHT,L,121,JHT-L-121,Sebelah Kiri Dist Repart Jalan Kerayong,Sebelah Kiri Dist Repart Jalan Kerayong,5,Kiri,KUALA LUMPUR,3.117921,101.695652,7,55c38deb-aae3-44c5-bfac-0bb919effec4,Wilayah Persekutuan Kuala Lumpur,137,WP Kuala Lumpur,2,Swasta,2,Tidak Berfungsi,0,,1,Pillar Hydrant,120,Bukit Bintang,0000-00-00,0,KUALA LUMPUR_JLN HANG TUAH_ZON L_WANI_20052015,1,KUALA LUMPUR (WP),88beb013-6a67-4936-9afd-b84a072cb60f
315466,69dbb518-8160-49d2-b044-e6d8964bfb31,e795beb3-2cda-4ac4-b79d-7953221f1fb6,166,JHT,L,122,JHT-L-122,Sebelah Belakang Dist Repart Jalan Kerayong,Sebelah Belakang Dist Repart Jalan Kerayong,2,Belakang,KUALA LUMPUR,3.117991,101.695244,7,55c38deb-aae3-44c5-bfac-0bb919effec4,Wilayah Persekutuan Kuala Lumpur,137,WP Kuala Lumpur,2,Swasta,2,Tidak Berfungsi,635.981,,1,Pillar Hydrant,120,Bukit Bintang,0000-00-00,0,KUALA LUMPUR_JLN HANG TUAH_ZON L_WANI_20052015,1,KUALA LUMPUR (WP),88beb013-6a67-4936-9afd-b84a072cb60f
315467,8ddedef1-d624-417a-9b84-686717082cc3,e795beb3-2cda-4ac4-b79d-7953221f1fb6,166,JHT,L,123,JHT-L-123,Sebelah kanan Dist Repart Jalan Kerayong,Sebelah kanan Dist Repart Jalan Kerayong,6,Kanan,KUALA LUMPUR,3.118548,101.695507,7,55c38deb-aae3-44c5-bfac-0bb919effec4,Wilayah Persekutuan Kuala Lumpur,137,WP Kuala Lumpur,2,Swasta,1,Berfungsi,357.74,,1,Pillar Hydrant,120,Bukit Bintang,0000-00-00,0,KUALA LUMPUR_JLN HANG TUAH_ZON L_WANI_20052015,1,KUALA LUMPUR (WP),88beb013-6a67-4936-9afd-b84a072cb60f
315472,4cca188e-1fe3-47c9-bdf2-627bda4db7be,e795beb3-2cda-4ac4-b79d-7953221f1fb6,166,JHT,M,001,JHT-M-001,JALAN SG BESI OFF JALAN RAZAK MANSION,Depan Rumah No 9A Jalan Sg Besi Razak Mansion,4,Tepi,KUALA LUMPUR,3.109105,101.70657,7,55c38deb-aae3-44c5-bfac-0bb919effec4,Wilayah Persekutuan Kuala Lumpur,137,WP Kuala Lumpur,1,Awam,2,Tidak Berfungsi,0,,1,Pillar Hydrant,120,Bukit Bintang,0000-00-00,0,KUALA LUMPUR_JLN HANG TUAH_ZON M_WANI_20052015,1,KUALA LUMPUR (WP),88beb013-6a67-4936-9afd-b84a072cb60f
315473,e9344ab5-16dc-400e-9037-68ea73504fb4,e795beb3-2cda-4ac4-b79d-7953221f1fb6,166,JHT,M,002,JHT-M-002,JALAN SG BESI OFF JALAN RAZAK MANSION,Blok 13 Tepi Jalan Masuk Razak Mansion,4,Tepi,KUALA LUMPUR,3.107616,101.706352,7,55c38deb-aae3-44c5-bfac-0bb919effec4,Wilayah Persekutuan Kuala Lumpur,137,WP Kuala Lumpur,1,Awam,1,Berfungsi,357.74,,2,Ground Hydrant,120,Bukit Bintang,0000-00-00,0,KUALA LUMPUR_JLN HANG TUAH_ZON M_WANI_20052015,1,KUALA LUMPUR (WP),88beb013-6a67-4936-9afd-b84a072cb60f
315474,9b5fcb3f-a157-462e-a7ab-49c7a0af69c0,e795beb3-2cda-4ac4-b79d-7953221f1fb6,166,JHT,M,003,JHT-M-003, Blok 8 Depan Razak Mansion, Blok 8 Depan Razak Mansion,4,Tepi,KUALA LUMPUR,3.108602,101.706151,7,55c38deb-aae3-44c5-bfac-0bb919effec4,Wilayah Persekutuan Kuala Lumpur,137,WP Kuala Lumpur,1,Awam,1,Berfungsi,357.74,,1,Pillar Hydrant,120,Bukit Bintang,0000-00-00,0,KUALA LUMPUR_JLN HANG TUAH_ZON M_WANI_20052015,1,KUALA LUMPUR (WP),88beb013-6a67-4936-9afd-b84a072cb60f
315475,e732a1fa-4903-47d6-9116-85539b648718,e795beb3-2cda-4ac4-b79d-7953221f1fb6,166,JHT,M,004,JHT-M-004,Blok 14 Dekat Jalan Masuk Razak Mansion,Blok 14 Dekat Jalan Masuk Razak Mansion,4,Tepi,KUALA LUMPUR,3.108992,101.704696,7,55c38deb-aae3-44c5-bfac-0bb919effec4,Wilayah Persekutuan Kuala Lumpur,137,WP Kuala Lumpur,1,Awam,1,Berfungsi,357.74,,1,Pillar Hydrant,120,Bukit Bintang,0000-00-00,0,KUALA LUMPUR_JLN HANG TUAH_ZON M_WANI_20052015,1,KUALA LUMPUR (WP),88beb013-6a67-4936-9afd-b84a072cb60f
315476,62a0ddea-892b-42ce-a59d-a628d3930318,e795beb3-2cda-4ac4-b79d-7953221f1fb6,166,JHT,M,005,JHT-M-005,Blok 5 Depan Jalan Sungai Besi Razak Mansion,Blok 5 Depan Jalan Sungai Besi Razak Mansion,4,Tepi,KUALA LUMPUR,3.108194,101.706064,7,55c38deb-aae3-44c5-bfac-0bb919effec4,Wilayah Persekutuan Kuala Lumpur,137,WP Kuala Lumpur,1,Awam,1,Berfungsi,252.96,,1,Pillar Hydrant,120,Bukit Bintang,0000-00-00,0,KUALA LUMPUR_JLN HANG TUAH_ZON M_WANI_20052015,1,KUALA LUMPUR (WP),88beb013-6a67-4936-9afd-b84a072cb60f
315477,63af284f-60e5-437d-8580-7f026b371e33,e795beb3-2cda-4ac4-b79d-7953221f1fb6,166,JHT,M,006,JHT-M-006,Blok 2 Depan Jalan Sungai Besi Razak Mansion,Blok 2 Depan Jalan Sungai Besi Razak Mansion,4,Tepi,KUALA LUMPUR,3.109029,101.705994,7,55c38deb-aae3-44c5-bfac-0bb919effec4,Wilayah Persekutuan Kuala Lumpur,137,WP Kuala Lumpur,1,Awam,1,Berfungsi,252.96,,1,Pillar Hydrant,120,Bukit Bintang,0000-00-00,0,KUALA LUMPUR_JLN HANG TUAH_ZON M_WANI_20052015,1,KUALA LUMPUR (WP),88beb013-6a67-4936-9afd-b84a072cb60f
315478,1e801133-1654-4ee7-98a2-ded72bea459e,e795beb3-2cda-4ac4-b79d-7953221f1fb6,166,JHT,M,007,JHT-M-007,"Sekolah Rendah Jalan Sungai Besi,Luar Pagar, JALAN SG BESI OFF JALAN RAZAK MANSION","Sekolah Rendah Jalan Sungai Besi,Luar Pagar",4,Tepi,KUALA LUMPUR,3.110754,101.70578,7,55c38deb-aae3-44c5-bfac-0bb919effec4,Wilayah Persekutuan Kuala Lumpur,137,WP Kuala Lumpur,1,Awam,1,Berfungsi,252.96,,1,Pillar Hydrant,124,Bandar Tun Razak,0000-00-00,0,KUALA LUMPUR_JLN HANG TUAH_ZON M_WANI_20052015,1,KUALA LUMPUR (WP),88beb013-6a67-4936-9afd-b84a072cb60f
315479,1aa9fac9-f293-450d-a8b7-6026998a91a6,e795beb3-2cda-4ac4-b79d-7953221f1fb6,166,JHT,M,008,JHT-M-008,"Sekolah Confucion, Depan Jalan Intan, JALAN SG BESI OFF JALAN RAZAK MANSION","Sekolah Confucion, Depan Jalan Intan",1,Hadapan,KUALA LUMPUR,3.110695,101.704557,7,55c38deb-aae3-44c5-bfac-0bb919effec4,Wilayah Persekutuan Kuala Lumpur,137,WP Kuala Lumpur,1,Awam,2,Tidak Berfungsi,0,,2,Ground Hydrant,124,Bandar Tun Razak,0000-00-00,0,KUALA LUMPUR_JLN HANG TUAH_ZON M_WANI_20052015,1,KUALA LUMPUR (WP),88beb013-6a67-4936-9afd-b84a072cb60f
315480,9887c918-6a70-4222-8926-f668219af6d5,e795beb3-2cda-4ac4-b79d-7953221f1fb6,166,JHT,M,009,JHT-M-009,"Sekolah Rendah Jalan Intan, tepi pagar, JALAN SG BESI OFF JALAN RAZAK MANSION","Sekolah Rendah Jalan Intan, tepi pagar",4,Tepi,KUALA LUMPUR,3.109785,101.704594,7,55c38deb-aae3-44c5-bfac-0bb919effec4,Wilayah Persekutuan Kuala Lumpur,137,WP Kuala Lumpur,1,Awam,1,Berfungsi,357.74,,1,Pillar Hydrant,124,Bandar Tun Razak,0000-00-00,0,KUALA LUMPUR_JLN HANG TUAH_ZON M_WANI_20052015,1,KUALA LUMPUR (WP),88beb013-6a67-4936-9afd-b84a072cb60f
315481,768b81ca-30ad-4485-b9fd-b88cd697f44d,e795beb3-2cda-4ac4-b79d-7953221f1fb6,166,JHT,M,010,JHT-M-010,"Blok 4 Depan Jalan Sungai Besi Razak Mansion, JALAN SG BESI OFF JALAN RAZAK MANSION",Blok 4 Depan Jalan Sungai Besi Razak Mansion,1,Hadapan,KUALA LUMPUR,3.107996,101.70704,7,55c38deb-aae3-44c5-bfac-0bb919effec4,Wilayah Persekutuan Kuala Lumpur,137,WP Kuala Lumpur,1,Awam,1,Berfungsi,357.74,,1,Pillar Hydrant,124,Bandar Tun Razak,0000-00-00,0,KUALA LUMPUR_JLN HANG TUAH_ZON M_WANI_20052015,1,KUALA LUMPUR (WP),88beb013-6a67-4936-9afd-b84a072cb60f
315482,7d42de38-1e82-4a54-8a58-d0136e02f964,e795beb3-2cda-4ac4-b79d-7953221f1fb6,166,JHT,M,011,JHT-M-011,"Blok 1 Depan Jalan Sungai Besi Razak Mansion, JALAN SG BESI OFF JALAN RAZAK MANSION",Blok 1 Depan Jalan Sungai Besi Razak Mansion,1,Hadapan,KUALA LUMPUR,3.108258,101.706799,7,55c38deb-aae3-44c5-bfac-0bb919effec4,Wilayah Persekutuan Kuala Lumpur,137,WP Kuala Lumpur,1,Awam,1,Berfungsi,357.74,,1,Pillar Hydrant,124,Bandar Tun Razak,0000-00-00,0,KUALA LUMPUR_JLN HANG TUAH_ZON M_WANI_20052015,1,KUALA LUMPUR (WP),88beb013-6a67-4936-9afd-b84a072cb60f
315483,51864d44-da54-4e1a-aa7c-8123d1f8631e,e795beb3-2cda-4ac4-b79d-7953221f1fb6,166,JHT,M,012,JHT-M-012,"Kedai Servis Kereta  Ah Hee Jalan Sungai Besi, JALAN SG BESI OFF JALAN RAZAK MANSION",Kedai Servis Kereta  Ah Hee Jalan Sungai Besi,1,Hadapan,KUALA LUMPUR,3.109528,101.706837,7,55c38deb-aae3-44c5-bfac-0bb919effec4,Wilayah Persekutuan Kuala Lumpur,137,WP Kuala Lumpur,1,Awam,1,Berfungsi,357.74,,1,Pillar Hydrant,124,Bandar Tun Razak,0000-00-00,0,KUALA LUMPUR_JLN HANG TUAH_ZON M_WANI_20052015,1,KUALA LUMPUR (WP),88beb013-6a67-4936-9afd-b84a072cb60f
315484,144adc3c-2df0-495c-8efe-96b92558f2c1,e795beb3-2cda-4ac4-b79d-7953221f1fb6,166,JHT,M,013,JHT-M-013,"Depan Bangunan North South, JALAN SG BESI OFF JALAN RAZAK MANSION","Bangunan North South, Depan",4,Tepi,KUALA LUMPUR,3.111038,101.706831,7,55c38deb-aae3-44c5-bfac-0bb919effec4,Wilayah Persekutuan Kuala Lumpur,137,WP Kuala Lumpur,1,Awam,2,Tidak Berfungsi,0,,1,Pillar Hydrant,124,Bandar Tun Razak,0000-00-00,0,KUALA LUMPUR_JLN HANG TUAH_ZON M_WANI_20052015,1,KUALA LUMPUR (WP),88beb013-6a67-4936-9afd-b84a072cb60f
315485,dc34469e-1a23-4eed-9cf1-5d4504884649,e795beb3-2cda-4ac4-b79d-7953221f1fb6,166,JHT,M,014,JHT-M-014,"Tepi Bangunan North South, JALAN SG BESI OFF JALAN RAZAK MANSION","Bangunan North South, Tepi",4,Tepi,KUALA LUMPUR,3.111322,101.706799,7,55c38deb-aae3-44c5-bfac-0bb919effec4,Wilayah Persekutuan Kuala Lumpur,137,WP Kuala Lumpur,1,Awam,2,Tidak Berfungsi,0,,1,Pillar Hydrant,124,Bandar Tun Razak,0000-00-00,0,KUALA LUMPUR_JLN HANG TUAH_ZON M_WANI_20052015,1,KUALA LUMPUR (WP),88beb013-6a67-4936-9afd-b84a072cb60f
315486,6e812fdf-ea51-44bf-ac41-3448f4b72574,e795beb3-2cda-4ac4-b79d-7953221f1fb6,166,JHT,M,015,JHT-M-015,"Depan Syarikat Rama, Lot 28, No.357A Jalan Sungai Besi, JALAN SG BESI OFF JALAN RAZAK MANSION","Depan Syarikat Rama, Lot 28, No.357A Jalan Sungai Besi",1,Hadapan,KUALA LUMPUR,3.112474,101.706488,7,55c38deb-aae3-44c5-bfac-0bb919effec4,Wilayah Persekutuan Kuala Lumpur,137,WP Kuala Lumpur,1,Awam,2,Tidak Berfungsi,0,,1,Pillar Hydrant,124,Bandar Tun Razak,0000-00-00,0,KUALA LUMPUR_JLN HANG TUAH_ZON M_WANI_20052015,1,KUALA LUMPUR (WP),88beb013-6a67-4936-9afd-b84a072cb60f
315487,059a3792-0219-4a24-9940-2ad6ec811608,e795beb3-2cda-4ac4-b79d-7953221f1fb6,166,JHT,M,016,JHT-M-016,"Blok 7, Depan Jalan Sungai Besi, JALAN SG BESI OFF JALAN RAZAK MANSION","Blok 7, Depan Jalan Sungai Besi",4,Tepi,KUALA LUMPUR,3.111708,101.70674,7,55c38deb-aae3-44c5-bfac-0bb919effec4,Wilayah Persekutuan Kuala Lumpur,137,WP Kuala Lumpur,1,Awam,1,Berfungsi,635.981,,1,Pillar Hydrant,124,Bandar Tun Razak,0000-00-00,0,KUALA LUMPUR_JLN HANG TUAH_ZON M_WANI_20052015,1,KUALA LUMPUR (WP),88beb013-6a67-4936-9afd-b84a072cb60f
315488,4f497dcc-432b-439e-bd36-a8758e3d0622,e795beb3-2cda-4ac4-b79d-7953221f1fb6,166,JHT,M,017,JHT-M-017,"Setor Bekalan Air Selangor, Jalan Sungai Besi, JALAN SG BESI OFF JALAN RAZAK MANSION","Setor Bekalan Air Selangor, Jalan Sungai Besi",4,Tepi,KUALA LUMPUR,3.103961,101.702194,7,55c38deb-aae3-44c5-bfac-0bb919effec4,Wilayah Persekutuan Kuala Lumpur,137,WP Kuala Lumpur,2,Swasta,1,Berfungsi,252.96,,1,Pillar Hydrant,124,Bandar Tun Razak,0000-00-00,0,KUALA LUMPUR_JLN HANG TUAH_ZON M_WANI_20052015,1,KUALA LUMPUR (WP),88beb013-6a67-4936-9afd-b84a072cb60f
315489,274ea4a2-7bb4-4b27-a9b1-a094690377e2,e795beb3-2cda-4ac4-b79d-7953221f1fb6,166,JHT,M,018,JHT-M-018,"Stor Barangan Perabot JKR  Jalan Sungai Besi, JALAN SG BESI OFF JALAN RAZAK MANSION",Stor Barangan Perabot JKR  Jalan Sungai Besi,4,Tepi,KUALA LUMPUR,3.104046,101.702397,7,55c38deb-aae3-44c5-bfac-0bb919effec4,Wilayah Persekutuan Kuala Lumpur,137,WP Kuala Lumpur,1,Awam,1,Berfungsi,252.96,,2,Ground Hydrant,124,Bandar Tun Razak,0000-00-00,0,KUALA LUMPUR_JLN HANG TUAH_ZON M_WANI_20052015,1,KUALA LUMPUR (WP),88beb013-6a67-4936-9afd-b84a072cb60f
315490,04f8d155-e9ed-4e59-82a2-707415b4605f,e795beb3-2cda-4ac4-b79d-7953221f1fb6,166,JHT,M,019,JHT-M-019,"Pejabat Stor JKR, Belakang Jalan Sungai Besi, JALAN SG BESI OFF JALAN RAZAK MANSION","Pejabat Stor JKR, Belakang Jalan Sungai Besi",4,Tepi,KUALA LUMPUR,3.103682,101.702194,7,55c38deb-aae3-44c5-bfac-0bb919effec4,Wilayah Persekutuan Kuala Lumpur,137,WP Kuala Lumpur,2,Swasta,1,Berfungsi,252.96,,1,Pillar Hydrant,124,Bandar Tun Razak,0000-00-00,0,KUALA LUMPUR_JLN HANG TUAH_ZON M_WANI_20052015,1,KUALA LUMPUR (WP),88beb013-6a67-4936-9afd-b84a072cb60f
315491,ae613604-9542-4d5d-a0c2-4b267313e405,e795beb3-2cda-4ac4-b79d-7953221f1fb6,166,JHT,M,020,JHT-M-020,"Stor JKR ( Perkakasan Istiadat Istana )Tepi Jalan Sungai Besi, JALAN SG BESI OFF JALAN RAZAK MANSION",Stor JKR ( Perkakasan Istiadat Istana )Tepi Jalan Sungai Besi,1,Hadapan,KUALA LUMPUR,3.104164,101.701174,7,55c38deb-aae3-44c5-bfac-0bb919effec4,Wilayah Persekutuan Kuala Lumpur,137,WP Kuala Lumpur,1,Awam,1,Berfungsi,252.96,,2,Ground Hydrant,124,Bandar Tun Razak,0000-00-00,0,KUALA LUMPUR_JLN HANG TUAH_ZON M_WANI_20052015,1,KUALA LUMPUR (WP),88beb013-6a67-4936-9afd-b84a072cb60f
315492,796c32b4-5b67-4dec-9427-f63d1ac8d399,e795beb3-2cda-4ac4-b79d-7953221f1fb6,166,JHT,M,021,JHT-M-021,JALAN SG BESI OFF JALAN RAZAK MANSION,"Pejabat Bekalan Air Selangor, Belakang",2,Belakang,KUALA LUMPUR,3.103489,101.700606,7,55c38deb-aae3-44c5-bfac-0bb919effec4,Wilayah Persekutuan Kuala Lumpur,137,WP Kuala Lumpur,2,Swasta,1,Berfungsi,357.74,,1,Pillar Hydrant,124,Bandar Tun Razak,0000-00-00,0,KUALA LUMPUR_JLN HANG TUAH_ZON M_WANI_20052015,1,KUALA LUMPUR (WP),88beb013-6a67-4936-9afd-b84a072cb60f
315493,c0aebfbc-b0fa-488b-b2ae-e4ca9e0c0c73,e795beb3-2cda-4ac4-b79d-7953221f1fb6,166,JHT,M,022,JHT-M-022,JALAN SG BESI OFF JALAN RAZAK MANSION,Depan Rumah No 3351-1 Blok F,4,Tepi,KUALA LUMPUR,3.103671,101.699297,7,55c38deb-aae3-44c5-bfac-0bb919effec4,Wilayah Persekutuan Kuala Lumpur,137,WP Kuala Lumpur,1,Awam,1,Berfungsi,357.74,,1,Pillar Hydrant,124,Bandar Tun Razak,0000-00-00,0,KUALA LUMPUR_JLN HANG TUAH_ZON M_WANI_20052015,1,KUALA LUMPUR (WP),88beb013-6a67-4936-9afd-b84a072cb60f
315494,538dee60-47cb-45d1-9b6e-e558ab7e9010,e795beb3-2cda-4ac4-b79d-7953221f1fb6,166,JHT,M,023,JHT-M-023,JALAN SG BESI OFF JALAN RAZAK MANSION,Depan Rumah No 3457-1 Blok F,4,Tepi,KUALA LUMPUR,3.103907,101.699694,7,55c38deb-aae3-44c5-bfac-0bb919effec4,Wilayah Persekutuan Kuala Lumpur,137,WP Kuala Lumpur,1,Awam,1,Berfungsi,252.96,,1,Pillar Hydrant,124,Bandar Tun Razak,0000-00-00,0,KUALA LUMPUR_JLN HANG TUAH_ZON M_WANI_20052015,1,KUALA LUMPUR (WP),88beb013-6a67-4936-9afd-b84a072cb60f
315495,10a1f9f8-7d39-43c4-aa92-9457569a51ce,e795beb3-2cda-4ac4-b79d-7953221f1fb6,166,JHT,M,024,JHT-M-024,JALAN SG BESI OFF JALAN RAZAK MANSION,,4,Tepi,KUALA LUMPUR,3.104625,101.700241,7,55c38deb-aae3-44c5-bfac-0bb919effec4,Wilayah Persekutuan Kuala Lumpur,137,WP Kuala Lumpur,1,Awam,1,Berfungsi,252.96,,1,Pillar Hydrant,124,Bandar Tun Razak,0000-00-00,0,KUALA LUMPUR_JLN HANG TUAH_ZON M_WANI_20052015,1,KUALA LUMPUR (WP),88beb013-6a67-4936-9afd-b84a072cb60f
315496,95705183-77e4-4878-8505-d5a2d60970db,e795beb3-2cda-4ac4-b79d-7953221f1fb6,166,JHT,M,025,JHT-M-025,JALAN SG BESI OFF JALAN RAZAK MANSION,Depan Rumah No 4022-4 Blok T,4,Tepi,KUALA LUMPUR,3.105268,101.701625,7,55c38deb-aae3-44c5-bfac-0bb919effec4,Wilayah Persekutuan Kuala Lumpur,137,WP Kuala Lumpur,1,Awam,1,Berfungsi,1752.56,,1,Pillar Hydrant,124,Bandar Tun Razak,0000-00-00,0,KUALA LUMPUR_JLN HANG TUAH_ZON M_WANI_20052015,1,KUALA LUMPUR (WP),88beb013-6a67-4936-9afd-b84a072cb60f
315497,b820c1d5-4c56-4297-8e97-b01e4f9c0e92,e795beb3-2cda-4ac4-b79d-7953221f1fb6,166,JHT,M,026,JHT-M-026,JALAN SG BESI OFF JALAN RAZAK MANSION,Depan Rumah No 3348-1 Blok M,4,Tepi,KUALA LUMPUR,3.108711,101.703386,7,55c38deb-aae3-44c5-bfac-0bb919effec4,Wilayah Persekutuan Kuala Lumpur,137,WP Kuala Lumpur,1,Awam,1,Berfungsi,1752.56,,1,Pillar Hydrant,124,Bandar Tun Razak,0000-00-00,0,KUALA LUMPUR_JLN HANG TUAH_ZON M_WANI_20052015,1,KUALA LUMPUR (WP),88beb013-6a67-4936-9afd-b84a072cb60f
315498,8886a7ac-83e1-4c5a-af10-b44467448ea4,e795beb3-2cda-4ac4-b79d-7953221f1fb6,166,JHT,M,027,JHT-M-027,JALAN SG BESI OFF JALAN RAZAK MANSION,"Depan Kedai Runcit, Dalam Qrts JKR",1,Hadapan,KUALA LUMPUR,3.105044,101.703387,7,55c38deb-aae3-44c5-bfac-0bb919effec4,Wilayah Persekutuan Kuala Lumpur,137,WP Kuala Lumpur,1,Awam,1,Berfungsi,1752.56,,1,Pillar Hydrant,124,Bandar Tun Razak,0000-00-00,0,KUALA LUMPUR_JLN HANG TUAH_ZON M_WANI_20052015,1,KUALA LUMPUR (WP),88beb013-6a67-4936-9afd-b84a072cb60f
315499,9db5dd15-8797-4d46-9c30-b176a5fa4589,e795beb3-2cda-4ac4-b79d-7953221f1fb6,166,JHT,M,028,JHT-M-028,JALAN SG BESI OFF JALAN RAZAK MANSION,Pintu Masuk Quarters Baru JKR,4,Tepi,KUALA LUMPUR,3.105109,101.701111,7,55c38deb-aae3-44c5-bfac-0bb919effec4,Wilayah Persekutuan Kuala Lumpur,137,WP Kuala Lumpur,1,Awam,1,Berfungsi,1752.56,,1,Pillar Hydrant,124,Bandar Tun Razak,0000-00-00,0,KUALA LUMPUR_JLN HANG TUAH_ZON M_WANI_20052015,1,KUALA LUMPUR (WP),88beb013-6a67-4936-9afd-b84a072cb60f
315500,ea665287-58ee-4419-86ed-5ad61b13a0ec,e795beb3-2cda-4ac4-b79d-7953221f1fb6,166,JHT,M,029,JHT-M-029,JALAN SG BESI OFF JALAN RAZAK MANSION,Depan Rumah No 72,4,Tepi,KUALA LUMPUR,3.108771,101.703449,7,55c38deb-aae3-44c5-bfac-0bb919effec4,Wilayah Persekutuan Kuala Lumpur,137,WP Kuala Lumpur,1,Awam,1,Berfungsi,252.96,,2,Ground Hydrant,124,Bandar Tun Razak,0000-00-00,0,KUALA LUMPUR_JLN HANG TUAH_ZON M_WANI_20052015,1,KUALA LUMPUR (WP),88beb013-6a67-4936-9afd-b84a072cb60f
315501,e84ab2cb-1687-4a97-84e7-eba9125d9eab,e795beb3-2cda-4ac4-b79d-7953221f1fb6,166,JHT,M,030,JHT-M-030,JALAN SG BESI OFF JALAN RAZAK MANSION,Depan Rumah No 103,4,Tepi,KUALA LUMPUR,3.106168,101.704361,7,55c38deb-aae3-44c5-bfac-0bb919effec4,Wilayah Persekutuan Kuala Lumpur,137,WP Kuala Lumpur,1,Awam,1,Berfungsi,252.96,,2,Ground Hydrant,124,Bandar Tun Razak,0000-00-00,0,KUALA LUMPUR_JLN HANG TUAH_ZON M_WANI_20052015,1,KUALA LUMPUR (WP),88beb013-6a67-4936-9afd-b84a072cb60f
315502,9a383a28-7340-4ed0-9d56-de6cb95161ae,e795beb3-2cda-4ac4-b79d-7953221f1fb6,166,JHT,M,031,JHT-M-031,JALAN SG BESI OFF JALAN RAZAK MANSION,Lorong 1 Depan Rumah No 523,1,Hadapan,KUALA LUMPUR,3.106382,101.704018,7,55c38deb-aae3-44c5-bfac-0bb919effec4,Wilayah Persekutuan Kuala Lumpur,137,WP Kuala Lumpur,1,Awam,1,Berfungsi,252.96,,1,Pillar Hydrant,124,Bandar Tun Razak,0000-00-00,0,KUALA LUMPUR_JLN HANG TUAH_ZON M_WANI_20052015,1,KUALA LUMPUR (WP),88beb013-6a67-4936-9afd-b84a072cb60f
315503,d7969b8a-fcb7-4fb7-a3c4-ffe014cc8cb2,e795beb3-2cda-4ac4-b79d-7953221f1fb6,166,JHT,M,032,JHT-M-032,JALAN SG BESI OFF JALAN RAZAK MANSION,Lorong 1 Depan Rumah No 536,1,Hadapan,KUALA LUMPUR,3.106917,101.70317,7,55c38deb-aae3-44c5-bfac-0bb919effec4,Wilayah Persekutuan Kuala Lumpur,137,WP Kuala Lumpur,1,Awam,1,Berfungsi,252.96,,1,Pillar Hydrant,124,Bandar Tun Razak,0000-00-00,0,KUALA LUMPUR_JLN HANG TUAH_ZON M_WANI_20052015,1,KUALA LUMPUR (WP),88beb013-6a67-4936-9afd-b84a072cb60f
315504,7cdf8135-adc5-40e9-916e-b03a843086b2,e795beb3-2cda-4ac4-b79d-7953221f1fb6,166,JHT,M,033,JHT-M-033,JALAN SG BESI OFF JALAN RAZAK MANSION,Lorong 2 Depan Rumah No 562,1,Hadapan,KUALA LUMPUR,3.107057,101.702623,7,55c38deb-aae3-44c5-bfac-0bb919effec4,Wilayah Persekutuan Kuala Lumpur,137,WP Kuala Lumpur,1,Awam,2,Tidak Berfungsi,0,,1,Pillar Hydrant,124,Bandar Tun Razak,0000-00-00,0,KUALA LUMPUR_JLN HANG TUAH_ZON M_WANI_20052015,1,KUALA LUMPUR (WP),88beb013-6a67-4936-9afd-b84a072cb60f
315505,e9092dec-ae68-4e26-ae4f-c59b8c7201f7,e795beb3-2cda-4ac4-b79d-7953221f1fb6,166,JHT,M,034,JHT-M-034,JALAN SG BESI OFF JALAN RAZAK MANSION,Lorong 3 Depan Rumah No 596,1,Hadapan,KUALA LUMPUR,3.106725,101.702054,7,55c38deb-aae3-44c5-bfac-0bb919effec4,Wilayah Persekutuan Kuala Lumpur,137,WP Kuala Lumpur,1,Awam,2,Tidak Berfungsi,0,,1,Pillar Hydrant,124,Bandar Tun Razak,0000-00-00,0,KUALA LUMPUR_JLN HANG TUAH_ZON M_WANI_20052015,1,KUALA LUMPUR (WP),88beb013-6a67-4936-9afd-b84a072cb60f
315506,6c4027d4-aece-4411-9302-f0c88d508c4f,e795beb3-2cda-4ac4-b79d-7953221f1fb6,166,JHT,M,035,JHT-M-035,JALAN SG BESI OFF JALAN RAZAK MANSION,Lorong 4 Depan Rumah No 649,1,Hadapan,KUALA LUMPUR,3.105858,101.703897,7,55c38deb-aae3-44c5-bfac-0bb919effec4,Wilayah Persekutuan Kuala Lumpur,137,WP Kuala Lumpur,1,Awam,2,Tidak Berfungsi,0,,1,Pillar Hydrant,124,Bandar Tun Razak,0000-00-00,0,KUALA LUMPUR_JLN HANG TUAH_ZON M_WANI_20052015,1,KUALA LUMPUR (WP),88beb013-6a67-4936-9afd-b84a072cb60f
315507,fe7a3214-4470-46df-9bb4-096ca446a188,e795beb3-2cda-4ac4-b79d-7953221f1fb6,166,JHT,M,036,JHT-M-036,JALAN SG BESI OFF JALAN RAZAK MANSION,Lorong 5 Depan Rumah No 618,1,Hadapan,KUALA LUMPUR,,,7,55c38deb-aae3-44c5-bfac-0bb919effec4,Wilayah Persekutuan Kuala Lumpur,137,WP Kuala Lumpur,1,Awam,2,Tidak Berfungsi,0,,1,Pillar Hydrant,122,Seputeh,,,KUALA LUMPUR_JLN HANG TUAH_ZON M_WANI_20052015,,#N/A,#N/A
315508,ea805622-99dd-4195-8e80-51a869e31fa7,e795beb3-2cda-4ac4-b79d-7953221f1fb6,166,JHT,M,037,JHT-M-037,JALAN SG BESI OFF JALAN RAZAK MANSION,Sebelah Pintu Pagar SRJK Cina Tai Thung Jalan Sungai Besi,4,Tepi,KUALA LUMPUR,3.105176,101.70544,7,55c38deb-aae3-44c5-bfac-0bb919effec4,Wilayah Persekutuan Kuala Lumpur,137,WP Kuala Lumpur,1,Awam,1,Berfungsi,1752.56,,1,Pillar Hydrant,124,Bandar Tun Razak,0000-00-00,0,KUALA LUMPUR_JLN HANG TUAH_ZON M_WANI_20052015,1,KUALA LUMPUR (WP),88beb013-6a67-4936-9afd-b84a072cb60f
315509,9ea9075f-3293-45f9-9e5a-82a118616ded,e795beb3-2cda-4ac4-b79d-7953221f1fb6,166,JHT,M,038,JHT-M-038,JALAN SG BESI OFF JALAN SALAK SELATAN,Berhampiran Kedai Metal Trading Jalan Permata Salak Selatan,3,Berhampiran,KUALA LUMPUR,3.106266,101.706414,7,55c38deb-aae3-44c5-bfac-0bb919effec4,Wilayah Persekutuan Kuala Lumpur,137,WP Kuala Lumpur,1,Awam,1,Berfungsi,635.981,,1,Pillar Hydrant,124,Bandar Tun Razak,0000-00-00,0,KUALA LUMPUR_JLN HANG TUAH_ZON M_WANI_20052015,1,KUALA LUMPUR (WP),88beb013-6a67-4936-9afd-b84a072cb60f
315535,6699b661-3602-4eba-bd13-55e399da46f4,e795beb3-2cda-4ac4-b79d-7953221f1fb6,166,JHT,N,001,JHT-N-001,JALAN JUBLEE OFF JALAN LOKE YEW,Persimpangan Jalan Jublee/Jalan Loke Yew,1,Hadapan,KUALA LUMPUR,3.129203,101.711154,7,55c38deb-aae3-44c5-bfac-0bb919effec4,Wilayah Persekutuan Kuala Lumpur,137,WP Kuala Lumpur,1,Awam,1,Berfungsi,635.981,images/img_pili/20171023103451220.jpg,1,Pillar Hydrant,120,Bukit Bintang,0000-00-00,0,KUALA LUMPUR_JLN HANG TUAH_ZON N_WANI_20052015,1,KUALA LUMPUR (WP),88beb013-6a67-4936-9afd-b84a072cb60f
315536,3acb0338-d9f8-4eb3-946f-0018c071e9cc,e795beb3-2cda-4ac4-b79d-7953221f1fb6,166,JHT,N,002,JHT-N-002,JALAN TEPIAN LOKE YEW,Depan Rumah No.148,1,Hadapan,KUALA LUMPUR,3.129218,101.711026,7,55c38deb-aae3-44c5-bfac-0bb919effec4,Wilayah Persekutuan Kuala Lumpur,137,WP Kuala Lumpur,1,Awam,1,Berfungsi,635.981,,2,Ground Hydrant,120,Bukit Bintang,0000-00-00,0,KUALA LUMPUR_JLN HANG TUAH_ZON N_WANI_20052015,1,KUALA LUMPUR (WP),88beb013-6a67-4936-9afd-b84a072cb60f
315537,2f96e216-a78e-43bb-a260-49aeaf1fec02,e795beb3-2cda-4ac4-b79d-7953221f1fb6,166,JHT,N,003,JHT-N-003,Depan Kedai No.10 New Wing Cheong Industri Makanan Jalan Tepian Loke Yew,Depan Kedai No.10 New Wing Cheong Industri Makanan Jalan Tepian Loke Yew,1,Hadapan,KUALA LUMPUR,3.129036,101.710903,7,55c38deb-aae3-44c5-bfac-0bb919effec4,Wilayah Persekutuan Kuala Lumpur,137,WP Kuala Lumpur,1,Awam,1,Berfungsi,252.96,images/img_pili/20171023103717810.jpg,1,Pillar Hydrant,120,Bukit Bintang,0000-00-00,0,KUALA LUMPUR_JLN HANG TUAH_ZON N_WANI_20052015,1,KUALA LUMPUR (WP),88beb013-6a67-4936-9afd-b84a072cb60f
315538,ba3d7e84-efc8-45cc-9af3-2ac7d1adf463,e795beb3-2cda-4ac4-b79d-7953221f1fb6,166,JHT,N,004,JHT-N-004,Depan Kedai No 16 Pembekal Makanan Laut A&A Jalan Tepian Loke Yew,Depan Kedai No 16 Pembekal Makanan Laut A&A Jalan Tepian Loke Yew,1,Hadapan,KUALA LUMPUR,3.128538,101.710903,7,55c38deb-aae3-44c5-bfac-0bb919effec4,Wilayah Persekutuan Kuala Lumpur,137,WP Kuala Lumpur,1,Awam,1,Berfungsi,252.96,,2,Ground Hydrant,120,Bukit Bintang,0000-00-00,0,KUALA LUMPUR_JLN HANG TUAH_ZON N_WANI_20052015,1,KUALA LUMPUR (WP),88beb013-6a67-4936-9afd-b84a072cb60f
315539,907eb839-3fe8-4b43-97f0-55165d451408,e795beb3-2cda-4ac4-b79d-7953221f1fb6,166,JHT,N,005,JHT-N-005,Depan Rumah No.24 Jalan Tepian Loke Yew,Depan Rumah No.24 Jalan Tepian Loke Yew,1,Hadapan,KUALA LUMPUR,3.127975,101.710533,7,55c38deb-aae3-44c5-bfac-0bb919effec4,Wilayah Persekutuan Kuala Lumpur,137,WP Kuala Lumpur,1,Awam,1,Berfungsi,252.96,,2,Ground Hydrant,120,Bukit Bintang,0000-00-00,0,KUALA LUMPUR_JLN HANG TUAH_ZON N_WANI_20052015,1,KUALA LUMPUR (WP),88beb013-6a67-4936-9afd-b84a072cb60f
315540,101dc24c-b9f3-4a44-875c-b329eb4e8a6a,e795beb3-2cda-4ac4-b79d-7953221f1fb6,166,JHT,N,006,JHT-N-006,No 29 Depan Bengkel Servis Kereta Hang Yip Motor Workshop,No 29 Depan Bengkel Servis Kereta Hang Yip Motor Workshop,1,Hadapan,KUALA LUMPUR,3.128034,101.710361,7,55c38deb-aae3-44c5-bfac-0bb919effec4,Wilayah Persekutuan Kuala Lumpur,137,WP Kuala Lumpur,1,Awam,1,Berfungsi,252.96,images/img_pili/20171023104140907.jpg,1,Pillar Hydrant,120,Bukit Bintang,0000-00-00,0,KUALA LUMPUR_JLN HANG TUAH_ZON N_WANI_20052015,1,KUALA LUMPUR (WP),88beb013-6a67-4936-9afd-b84a072cb60f
315541,343a434c-eade-4888-af49-f087cfd102f2,e795beb3-2cda-4ac4-b79d-7953221f1fb6,166,JHT,N,007,JHT-N-007,Depan Kedai Minyak Pacirfic Oils Sdn Bhd Jalan Jublee,Depan Kedai Minyak Pacirfic Oils Sdn Bhd Jalan Jublee,1,Hadapan,KUALA LUMPUR,3.129004,101.710738,7,55c38deb-aae3-44c5-bfac-0bb919effec4,Wilayah Persekutuan Kuala Lumpur,137,WP Kuala Lumpur,1,Awam,1,Berfungsi,357.74,images/img_pili/20171023104516884.jpg,1,Pillar Hydrant,120,Bukit Bintang,0000-00-00,0,KUALA LUMPUR_JLN HANG TUAH_ZON N_WANI_20052015,1,KUALA LUMPUR (WP),88beb013-6a67-4936-9afd-b84a072cb60f
315542,c92c7870-c1df-4c61-8a6c-d19baa7ff019,e795beb3-2cda-4ac4-b79d-7953221f1fb6,166,JHT,N,008,JHT-N-008,Depan Rumah No.29 Jalan Jublee,Depan Rumah No.29 Jalan Jublee,1,Hadapan,KUALA LUMPUR,3.128656,101.710504,7,55c38deb-aae3-44c5-bfac-0bb919effec4,Wilayah Persekutuan Kuala Lumpur,137,WP Kuala Lumpur,1,Awam,2,Tidak Berfungsi,0,images/img_pili/20171023104549953.jpg,1,Pillar Hydrant,120,Bukit Bintang,0000-00-00,0,KUALA LUMPUR_JLN HANG TUAH_ZON N_WANI_20052015,1,KUALA LUMPUR (WP),88beb013-6a67-4936-9afd-b84a072cb60f
315543,f17c3549-0fb0-4657-93d5-2675ed1887e9,e795beb3-2cda-4ac4-b79d-7953221f1fb6,166,JHT,N,009,JHT-N-009,No 36 Depan Kedai Pembekal Jahitan Kok Kong Sdn Bhd Jalan Loke Yew,No 36 Depan Kedai Pembekal Jahitan Kok Kong Sdn Bhd Jalan Loke Yew,1,Hadapan,KUALA LUMPUR,3.12835,101.710168,7,55c38deb-aae3-44c5-bfac-0bb919effec4,Wilayah Persekutuan Kuala Lumpur,137,WP Kuala Lumpur,1,Awam,1,Berfungsi,357.74,images/img_pili/20171023104701769.jpg,1,Pillar Hydrant,119,Titiwangsa,0000-00-00,0,KUALA LUMPUR_JLN HANG TUAH_ZON N_WANI_20052015,1,KUALA LUMPUR (WP),88beb013-6a67-4936-9afd-b84a072cb60f
315544,3d999a6c-754e-400e-baea-c1ebd5cf35fa,e795beb3-2cda-4ac4-b79d-7953221f1fb6,166,JHT,N,010,JHT-N-010,Depan Kedai No 148E,Depan Kedai No 148E,1,Hadapan,KUALA LUMPUR,3.129539,101.709749,7,55c38deb-aae3-44c5-bfac-0bb919effec4,Wilayah Persekutuan Kuala Lumpur,137,WP Kuala Lumpur,1,Awam,1,Berfungsi,635.981,images/img_pili/20171023104818748.jpg,2,Ground Hydrant,120,Bukit Bintang,0000-00-00,0,KUALA LUMPUR_JLN HANG TUAH_ZON N_WANI_20052015,1,KUALA LUMPUR (WP),88beb013-6a67-4936-9afd-b84a072cb60f
315545,be88548e-95b9-49b5-bd76-92b200e779fd,e795beb3-2cda-4ac4-b79d-7953221f1fb6,166,JHT,N,011,JHT-N-011,Depan Tokong-Persimpangan Lorong Jublee /Jalan Jublee,Depan Tokong-Persimpangan Lorong Jublee /Jalan Jublee,1,Hadapan,KUALA LUMPUR,3.130396,101.708827,7,55c38deb-aae3-44c5-bfac-0bb919effec4,Wilayah Persekutuan Kuala Lumpur,137,WP Kuala Lumpur,1,Awam,1,Berfungsi,635.981,images/img_pili/20171023104915801.jpg,1,Pillar Hydrant,120,Bukit Bintang,0000-00-00,0,KUALA LUMPUR_JLN HANG TUAH_ZON N_WANI_20052015,1,KUALA LUMPUR (WP),88beb013-6a67-4936-9afd-b84a072cb60f
315546,e74682f7-19a8-48c6-a745-22a433c7a4aa,e795beb3-2cda-4ac4-b79d-7953221f1fb6,166,JHT,N,012,JHT-N-012,Tepi Pagar Depan Jublee Flat,Tepi Pagar Depan Jublee Flat,4,Tepi,KUALA LUMPUR,3.130528,101.708613,7,55c38deb-aae3-44c5-bfac-0bb919effec4,Wilayah Persekutuan Kuala Lumpur,137,WP Kuala Lumpur,1,Awam,4,Hilang,,images/img_pili/20171023105021377.jpg,1,Pillar Hydrant,120,Bukit Bintang,0000-00-00,0,KUALA LUMPUR_JLN HANG TUAH_ZON N_WANI_20052015,1,KUALA LUMPUR (WP),88beb013-6a67-4936-9afd-b84a072cb60f
315547,ff7618ec-b2a0-4f8d-8abb-66cbe75cbc26,e795beb3-2cda-4ac4-b79d-7953221f1fb6,166,JHT,N,013,JHT-N-013,Depan Kedai Servis Teksi Bangunan Flat Jublee,Depan Kedai Servis Teksi Bangunan Flat Jublee,1,Hadapan,KUALA LUMPUR,3.130887,101.708874,7,55c38deb-aae3-44c5-bfac-0bb919effec4,Wilayah Persekutuan Kuala Lumpur,137,WP Kuala Lumpur,1,Awam,1,Berfungsi,635.981,images/img_pili/20171023105426291.jpg,1,Pillar Hydrant,120,Bukit Bintang,0000-00-00,0,KUALA LUMPUR_JLN HANG TUAH_ZON N_WANI_20052015,1,KUALA LUMPUR (WP),88beb013-6a67-4936-9afd-b84a072cb60f
315548,feb195b2-f323-455e-abd0-d6b707ee8fcb,e795beb3-2cda-4ac4-b79d-7953221f1fb6,166,JHT,N,014,JHT-N-014,Belakang Bangunan Flat Jublee Jalan Jublee Off Loke Yew,Belakang Bangunan Flat Jublee Jalan Jublee Off Loke Yew,2,Belakang,KUALA LUMPUR,3.130617,101.708187,7,55c38deb-aae3-44c5-bfac-0bb919effec4,Wilayah Persekutuan Kuala Lumpur,137,WP Kuala Lumpur,1,Awam,1,Berfungsi,252.96,,1,Pillar Hydrant,120,Bukit Bintang,0000-00-00,0,KUALA LUMPUR_JLN HANG TUAH_ZON N_WANI_20052015,1,KUALA LUMPUR (WP),88beb013-6a67-4936-9afd-b84a072cb60f
315549,7bf0228c-1d2e-4870-8666-2d267aa79c3a,e795beb3-2cda-4ac4-b79d-7953221f1fb6,166,JHT,N,015,JHT-N-015,"Lorong Jublee Off Jalan Loke Yew,No 144P","Lorong Jublee Off Jalan Loke Yew,No 144P",3,Berhampiran,KUALA LUMPUR,3.129824,101.709415,7,55c38deb-aae3-44c5-bfac-0bb919effec4,Wilayah Persekutuan Kuala Lumpur,137,WP Kuala Lumpur,1,Awam,1,Berfungsi,252.96,,2,Ground Hydrant,120,Bukit Bintang,0000-00-00,0,KUALA LUMPUR_JLN HANG TUAH_ZON N_WANI_20052015,1,KUALA LUMPUR (WP),88beb013-6a67-4936-9afd-b84a072cb60f
315550,43be0880-3b56-4f0c-85dc-6ed86a70f7ac,e795beb3-2cda-4ac4-b79d-7953221f1fb6,166,JHT,N,016,JHT-N-016,Lorong Jublee Off Jalan Loke Yew,Lorong Jublee Off Jalan Loke Yew,3,Berhampiran,KUALA LUMPUR,3.130425,101.708894,7,55c38deb-aae3-44c5-bfac-0bb919effec4,Wilayah Persekutuan Kuala Lumpur,137,WP Kuala Lumpur,1,Awam,1,Berfungsi,252.96,,2,Ground Hydrant,120,Bukit Bintang,0000-00-00,0,KUALA LUMPUR_JLN HANG TUAH_ZON N_WANI_20052015,1,KUALA LUMPUR (WP),88beb013-6a67-4936-9afd-b84a072cb60f
315551,9180b9ac-7d7d-4d31-a770-f737d5ed6e4e,e795beb3-2cda-4ac4-b79d-7953221f1fb6,166,JHT,N,017,JHT-N-017,JALAN SUNGAI BESI,"Wisma Mah Sing,Sebelah P/E TNB, Jalan Sungai Besi",4,Tepi,KUALA LUMPUR,3.124564,101.708884,7,55c38deb-aae3-44c5-bfac-0bb919effec4,Wilayah Persekutuan Kuala Lumpur,137,WP Kuala Lumpur,1,Awam,4,Hilang,,,1,Pillar Hydrant,123,Cheras,0000-00-00,0,KUALA LUMPUR_JLN HANG TUAH_ZON N_WANI_20052015,1,KUALA LUMPUR (WP),88beb013-6a67-4936-9afd-b84a072cb60f
315552,8ea8eb41-79cd-4b23-9657-055881fcce77,e795beb3-2cda-4ac4-b79d-7953221f1fb6,166,JHT,N,018,JHT-N-018,"Jln Sungai besi,setinggan kg.batu satu no.19 A Depan bengkel kereta","Jln Sungai besi,setinggan kg.batu satu no.19 A Depan bengkel kereta",1,Hadapan,KUALA LUMPUR,3.124237,101.708428,7,55c38deb-aae3-44c5-bfac-0bb919effec4,Wilayah Persekutuan Kuala Lumpur,137,WP Kuala Lumpur,2,Swasta,2,Tidak Berfungsi,0,,1,Pillar Hydrant,123,Cheras,0000-00-00,0,KUALA LUMPUR_JLN HANG TUAH_ZON N_WANI_20052015,1,KUALA LUMPUR (WP),88beb013-6a67-4936-9afd-b84a072cb60f
315553,436585c6-5260-4aa6-90d1-05d283e805e5,e795beb3-2cda-4ac4-b79d-7953221f1fb6,166,JHT,N,019,JHT-N-019,"Jalan Sungai Besi ,Rumah Flat No 202 Berhampiran Kedai Makan Al-faisal","Jalan Sungai Besi ,Rumah Flat No 202 Berhampiran Kedai Makan Al-faisal",1,Hadapan,KUALA LUMPUR,3.123787,101.708377,7,55c38deb-aae3-44c5-bfac-0bb919effec4,Wilayah Persekutuan Kuala Lumpur,137,WP Kuala Lumpur,1,Awam,2,Tidak Berfungsi,0,,1,Pillar Hydrant,123,Cheras,0000-00-00,0,KUALA LUMPUR_JLN HANG TUAH_ZON N_WANI_20052015,1,KUALA LUMPUR (WP),88beb013-6a67-4936-9afd-b84a072cb60f
315554,7dc78294-cf8f-413b-8713-b9e1cd6f8b0b,e795beb3-2cda-4ac4-b79d-7953221f1fb6,166,JHT,N,020,JHT-N-020,Berhampiran Kedai sup Janda Baik Jalan LapanganTerbang Sri Alam,Berhampiran Kedai sup Janda Baik Jalan LapanganTerbang Sri Alam,3,Berhampiran,KUALA LUMPUR,3.123198,101.706596,7,55c38deb-aae3-44c5-bfac-0bb919effec4,Wilayah Persekutuan Kuala Lumpur,137,WP Kuala Lumpur,1,Awam,1,Berfungsi,438.14,,1,Pillar Hydrant,123,Cheras,0000-00-00,0,KUALA LUMPUR_JLN HANG TUAH_ZON N_WANI_20052015,1,KUALA LUMPUR (WP),88beb013-6a67-4936-9afd-b84a072cb60f
315555,c9d7a521-4993-45d7-96ce-d498036ef9ca,e795beb3-2cda-4ac4-b79d-7953221f1fb6,166,JHT,N,021,JHT-N-021,"Jalan Sungai Besi,Tepi Kedai Jek Lee Industri Sdn Bhd","Jalan Sungai Besi,Tepi Kedai Jek Lee Industri Sdn Bhd",1,Hadapan,KUALA LUMPUR,3.122912,101.708528,7,55c38deb-aae3-44c5-bfac-0bb919effec4,Wilayah Persekutuan Kuala Lumpur,137,WP Kuala Lumpur,1,Awam,2,Tidak Berfungsi,0,,1,Pillar Hydrant,123,Cheras,0000-00-00,0,KUALA LUMPUR_JLN HANG TUAH_ZON N_WANI_20052015,1,KUALA LUMPUR (WP),88beb013-6a67-4936-9afd-b84a072cb60f
315556,58f7bfbb-5926-429f-9b84-e1bcca87b210,e795beb3-2cda-4ac4-b79d-7953221f1fb6,166,JHT,N,022,JHT-N-022,"Jalan Sungai Besi,Depan Kanan Bangunan Wisma Mah Seng","Jalan Sungai Besi,Depan Kanan Bangunan Wisma Mah Seng",1,Hadapan,KUALA LUMPUR,3.124505,101.709415,7,55c38deb-aae3-44c5-bfac-0bb919effec4,Wilayah Persekutuan Kuala Lumpur,137,WP Kuala Lumpur,1,Awam,2,Tidak Berfungsi,0,images/img_pili/20171023105712507.jpg,1,Pillar Hydrant,123,Cheras,0000-00-00,0,KUALA LUMPUR_JLN HANG TUAH_ZON N_WANI_20052015,1,KUALA LUMPUR (WP),88beb013-6a67-4936-9afd-b84a072cb60f
315557,b4a30300-84cc-4596-ba2e-3c746e7b0407,e795beb3-2cda-4ac4-b79d-7953221f1fb6,166,JHT,N,023,JHT-N-023,"Jalan Sungai Besi,Depan Kiri Bangunan Wisma Mah Seng","Jalan Sungai Besi,Depan Kiri Bangunan Wisma Mah Seng",1,Hadapan,KUALA LUMPUR,3.125129,101.709796,7,55c38deb-aae3-44c5-bfac-0bb919effec4,Wilayah Persekutuan Kuala Lumpur,137,WP Kuala Lumpur,1,Awam,2,Tidak Berfungsi,0,,1,Pillar Hydrant,123,Cheras,0000-00-00,0,KUALA LUMPUR_JLN HANG TUAH_ZON N_WANI_20052015,1,KUALA LUMPUR (WP),88beb013-6a67-4936-9afd-b84a072cb60f
315558,b757ff86-d1ed-46e8-89b0-06a15e6e83b0,e795beb3-2cda-4ac4-b79d-7953221f1fb6,166,JHT,N,024,JHT-N-024,"Jalan Sungai Besi, Belakang Kiri Bangunan Wisma Mah Seng","Jalan Sungai Besi, Belakang Kiri Bangunan Wisma Mah Seng",2,Belakang,KUALA LUMPUR,3.125442,101.709222,7,55c38deb-aae3-44c5-bfac-0bb919effec4,Wilayah Persekutuan Kuala Lumpur,137,WP Kuala Lumpur,1,Awam,1,Berfungsi,112.427,,1,Pillar Hydrant,123,Cheras,0000-00-00,0,KUALA LUMPUR_JLN HANG TUAH_ZON N_WANI_20052015,1,KUALA LUMPUR (WP),88beb013-6a67-4936-9afd-b84a072cb60f
315559,80e8c9f3-ea36-4bc7-a2b7-96f3d9180317,e795beb3-2cda-4ac4-b79d-7953221f1fb6,166,JHT,N,025,JHT-N-025,"Jalan Sungai Besi,Kondo Mutiara, Jalan Masuk","Jalan Sungai Besi,Kondo Mutiara, Jalan Masuk",1,Hadapan,KUALA LUMPUR,3.12544,101.708994,7,55c38deb-aae3-44c5-bfac-0bb919effec4,Wilayah Persekutuan Kuala Lumpur,137,WP Kuala Lumpur,2,Swasta,1,Berfungsi,112.427,,1,Pillar Hydrant,123,Cheras,0000-00-00,0,KUALA LUMPUR_JLN HANG TUAH_ZON N_WANI_20052015,1,KUALA LUMPUR (WP),88beb013-6a67-4936-9afd-b84a072cb60f
315560,98034f8c-af3f-481c-98c1-ff554963bde0,e795beb3-2cda-4ac4-b79d-7953221f1fb6,166,JHT,N,026,JHT-N-026,JALAN SUNGAI BESI,"Jalan Sungai Besi,Kondo Mutiara.,Jalan Keluar",2,Belakang,KUALA LUMPUR,3.125611,101.708726,7,55c38deb-aae3-44c5-bfac-0bb919effec4,Wilayah Persekutuan Kuala Lumpur,137,WP Kuala Lumpur,2,Swasta,2,Tidak Berfungsi,0,,1,Pillar Hydrant,123,Cheras,0000-00-00,0,KUALA LUMPUR_JLN HANG TUAH_ZON N_WANI_20052015,1,KUALA LUMPUR (WP),88beb013-6a67-4936-9afd-b84a072cb60f
315561,3eb826f3-2a09-4b76-8c7e-cfcdea6e4b6e,e795beb3-2cda-4ac4-b79d-7953221f1fb6,166,JHT,N,027,JHT-N-027,JALAN SUNGAI BESI,"Jalan Sungai Besi,Depan Kedai Kopi Hock Leong Tan",1,Hadapan,KUALA LUMPUR,3.125544,101.710102,7,55c38deb-aae3-44c5-bfac-0bb919effec4,Wilayah Persekutuan Kuala Lumpur,137,WP Kuala Lumpur,1,Awam,4,Hilang,,,1,Pillar Hydrant,123,Cheras,0000-00-00,0,KUALA LUMPUR_JLN HANG TUAH_ZON N_WANI_20052015,1,KUALA LUMPUR (WP),88beb013-6a67-4936-9afd-b84a072cb60f
315562,693cff0f-dca9-4622-b863-9a7b92fdec6e,e795beb3-2cda-4ac4-b79d-7953221f1fb6,166,JHT,N,028,JHT-N-028,JALAN LOKE YEW,No. 87 .Jalan Sungai Besi Ke Bulatan Loke Yew,4,Tepi,KUALA LUMPUR,3.128196,101.712055,7,55c38deb-aae3-44c5-bfac-0bb919effec4,Wilayah Persekutuan Kuala Lumpur,137,WP Kuala Lumpur,1,Awam,2,Tidak Berfungsi,0,,2,Ground Hydrant,123,Cheras,0000-00-00,0,KUALA LUMPUR_JLN HANG TUAH_ZON N_WANI_20052015,1,KUALA LUMPUR (WP),88beb013-6a67-4936-9afd-b84a072cb60f
315563,7188aa36-22ec-4823-8341-035c3e1137ed,e795beb3-2cda-4ac4-b79d-7953221f1fb6,166,JHT,N,029,JHT-N-029,JALAN LOKE YEW,Jalan Jublee Off Jalan Loke Yew,4,Tepi,KUALA LUMPUR,3.129042,101.711339,7,55c38deb-aae3-44c5-bfac-0bb919effec4,Wilayah Persekutuan Kuala Lumpur,137,WP Kuala Lumpur,1,Awam,1,Berfungsi,252.96,,1,Pillar Hydrant,120,Bukit Bintang,0000-00-00,0,KUALA LUMPUR_JLN HANG TUAH_ZON N_WANI_20052015,1,KUALA LUMPUR (WP),88beb013-6a67-4936-9afd-b84a072cb60f
315564,aa7b635b-40a8-4176-b76c-08d8c242033c,e795beb3-2cda-4ac4-b79d-7953221f1fb6,166,JHT,N,030,JHT-N-030,JALAN LOKE YEW,"Jalan Jublee Off Jalan Loke Yew,Depan Kedai Jahitan Kok Kong Sdn Bhd",1,Hadapan,KUALA LUMPUR,3.131414,101.708758,7,55c38deb-aae3-44c5-bfac-0bb919effec4,Wilayah Persekutuan Kuala Lumpur,137,WP Kuala Lumpur,1,Awam,1,Berfungsi,252.96,,1,Pillar Hydrant,120,Bukit Bintang,0000-00-00,0,KUALA LUMPUR_JLN HANG TUAH_ZON N_WANI_20052015,1,KUALA LUMPUR (WP),88beb013-6a67-4936-9afd-b84a072cb60f
315565,11d12166-1890-4882-ad82-1ab5d7793334,e795beb3-2cda-4ac4-b79d-7953221f1fb6,166,JHT,N,031,JHT-N-031,Jalan Gajus Depan Rumah No 5,Jalan Gajus Depan Rumah No 5,1,Hadapan,KUALA LUMPUR,3.133048,101.707228,7,55c38deb-aae3-44c5-bfac-0bb919effec4,Wilayah Persekutuan Kuala Lumpur,137,WP Kuala Lumpur,1,Awam,1,Berfungsi,438.14,images/img_pili/20220913230139638.jpg,2,Ground Hydrant,120,Bukit Bintang,0000-00-00,0,KUALA LUMPUR_JLN HANG TUAH_ZON N_WANI_20052015,1,KUALA LUMPUR (WP),88beb013-6a67-4936-9afd-b84a072cb60f
315566,afb6c973-26f3-4a98-8096-cc014a0f3a40,e795beb3-2cda-4ac4-b79d-7953221f1fb6,166,JHT,N,032,JHT-N-032,Jalan Gajus Depan Rumah No 16,Jalan Gajus Depan Rumah No 16,1,Hadapan,KUALA LUMPUR,3.133011,101.706647,7,55c38deb-aae3-44c5-bfac-0bb919effec4,Wilayah Persekutuan Kuala Lumpur,137,WP Kuala Lumpur,1,Awam,1,Berfungsi,438.14,,1,Pillar Hydrant,120,Bukit Bintang,0000-00-00,0,KUALA LUMPUR_JLN HANG TUAH_ZON N_WANI_20052015,1,KUALA LUMPUR (WP),88beb013-6a67-4936-9afd-b84a072cb60f
315567,485b7a62-d2e7-416b-a524-300081737348,e795beb3-2cda-4ac4-b79d-7953221f1fb6,166,JHT,N,033,JHT-N-033,Depan Kanan Rumah NO.18,Depan Kanan Rumah NO.18,1,Hadapan,KUALA LUMPUR,3.132593,101.706123,7,55c38deb-aae3-44c5-bfac-0bb919effec4,Wilayah Persekutuan Kuala Lumpur,137,WP Kuala Lumpur,1,Awam,4,Hilang,0,,2,Ground Hydrant,120,Bukit Bintang,0000-00-00,0,KUALA LUMPUR_JLN HANG TUAH_ZON N_WANI_20052015,1,KUALA LUMPUR (WP),88beb013-6a67-4936-9afd-b84a072cb60f
315568,886187a2-891c-42af-bba9-756697e4eebf,e795beb3-2cda-4ac4-b79d-7953221f1fb6,166,JHT,N,034,JHT-N-034,"Depan Syarikat Hyundai,Bangungan PK-1V(Butik Pengantin Venice)","Depan Syarikat Hyundai,Bangungan PK-1V(Butik Pengantin Venice)",1,Hadapan,KUALA LUMPUR,3.132826,101.707433,7,55c38deb-aae3-44c5-bfac-0bb919effec4,Wilayah Persekutuan Kuala Lumpur,137,WP Kuala Lumpur,1,Awam,4,Hilang,0,,1,Pillar Hydrant,120,Bukit Bintang,0000-00-00,0,KUALA LUMPUR_JLN HANG TUAH_ZON N_WANI_20052015,1,KUALA LUMPUR (WP),88beb013-6a67-4936-9afd-b84a072cb60f
315569,1fb48f95-bd02-471c-9dbd-53eedd45759a,e795beb3-2cda-4ac4-b79d-7953221f1fb6,166,JHT,N,035,JHT-N-035,Persimpangan Sebelah Kubur Kristian,Persimpangan Sebelah Kubur Kristian,3,Berhampiran,KUALA LUMPUR,3.132738,101.704239,7,55c38deb-aae3-44c5-bfac-0bb919effec4,Wilayah Persekutuan Kuala Lumpur,137,WP Kuala Lumpur,1,Awam,1,Berfungsi,438.14,,1,Pillar Hydrant,120,Bukit Bintang,0000-00-00,0,KUALA LUMPUR_JLN HANG TUAH_ZON N_WANI_20052015,1,KUALA LUMPUR (WP),88beb013-6a67-4936-9afd-b84a072cb60f
315570,e08475f2-9b9b-4c87-9ac1-228fd88f6598,e795beb3-2cda-4ac4-b79d-7953221f1fb6,166,JHT,N,036,JHT-N-036,"Kiri Bangunan Menara, Zurich Insurance","Kiri Bangunan Menara, Zurich Insurance",5,Kiri,KUALA LUMPUR,3.131471,101.703965,7,55c38deb-aae3-44c5-bfac-0bb919effec4,Wilayah Persekutuan Kuala Lumpur,137,WP Kuala Lumpur,2,Swasta,1,Berfungsi,438.14,,1,Pillar Hydrant,120,Bukit Bintang,0000-00-00,0,KUALA LUMPUR_JLN HANG TUAH_ZON N_WANI_20052015,1,KUALA LUMPUR (WP),88beb013-6a67-4936-9afd-b84a072cb60f
315571,b2f681ba-3bc6-4dc4-9c9c-5c173e20f903,e795beb3-2cda-4ac4-b79d-7953221f1fb6,166,JHT,N,037,JHT-N-037,"Belakang Kiri Bangunan, Zurich Insurance","Belakang Kiri Bangunan, Zurich Insurance",2,Belakang,KUALA LUMPUR,3.131393,101.70463,7,55c38deb-aae3-44c5-bfac-0bb919effec4,Wilayah Persekutuan Kuala Lumpur,137,WP Kuala Lumpur,2,Swasta,1,Berfungsi,112.427,,1,Pillar Hydrant,120,Bukit Bintang,0000-00-00,0,KUALA LUMPUR_JLN HANG TUAH_ZON N_WANI_20052015,1,KUALA LUMPUR (WP),88beb013-6a67-4936-9afd-b84a072cb60f
315572,b3ff1b63-63f9-4dce-af50-557786040016,e795beb3-2cda-4ac4-b79d-7953221f1fb6,166,JHT,N,038,JHT-N-038,"Belakang Kanan,Bangunan Zurich Insurance","Belakang Kanan,Bangunan Zurich Insurance",2,Belakang,KUALA LUMPUR,3.131021,101.704657,7,55c38deb-aae3-44c5-bfac-0bb919effec4,Wilayah Persekutuan Kuala Lumpur,137,WP Kuala Lumpur,2,Swasta,1,Berfungsi,112.427,,1,Pillar Hydrant,120,Bukit Bintang,0000-00-00,0,KUALA LUMPUR_JLN HANG TUAH_ZON N_WANI_20052015,1,KUALA LUMPUR (WP),88beb013-6a67-4936-9afd-b84a072cb60f
315573,8decbb99-84ac-44a0-bf84-2f74041663d1,e795beb3-2cda-4ac4-b79d-7953221f1fb6,166,JHT,N,039,JHT-N-039,Sebelah Kanan Menara Zurich Insurance LAPANGAN TERBANG LAMA,Sebelah Kanan Menara Zurich Insurance,6,Kanan,KUALA LUMPUR,3.130785,101.703743,7,55c38deb-aae3-44c5-bfac-0bb919effec4,Wilayah Persekutuan Kuala Lumpur,137,WP Kuala Lumpur,2,Swasta,2,Tidak Berfungsi,0,,1,Pillar Hydrant,120,Bukit Bintang,0000-00-00,0,KUALA LUMPUR_JLN HANG TUAH_ZON N_WANI_20052015,1,KUALA LUMPUR (WP),88beb013-6a67-4936-9afd-b84a072cb60f
315574,b79cd4cc-a65e-41b4-920a-c6beb7986af5,e795beb3-2cda-4ac4-b79d-7953221f1fb6,166,JHT,N,040,JHT-N-040,Sebelah Kanan Jalan Masuk Bangunan Pagoda Jalan Lapangan Terbang Lama,Sebelah Kanan Jalan Masuk Bangunan Pagoda Jalan Lapangan Terbang Lama,3,Berhampiran,KUALA LUMPUR,3.1301,101.704502,7,55c38deb-aae3-44c5-bfac-0bb919effec4,Wilayah Persekutuan Kuala Lumpur,137,WP Kuala Lumpur,2,Swasta,2,Tidak Berfungsi,0,,1,Pillar Hydrant,120,Bukit Bintang,0000-00-00,0,KUALA LUMPUR_JLN HANG TUAH_ZON N_WANI_20052015,1,KUALA LUMPUR (WP),88beb013-6a67-4936-9afd-b84a072cb60f
315575,730a68fc-5c81-4e6e-8656-af4094a81736,e795beb3-2cda-4ac4-b79d-7953221f1fb6,166,JHT,N,041,JHT-N-041,JALAN LAPANGAN TERBANG LAMA,Sebelah Kiri Jalan Keluar Bangunan Pagoda Jlan Lapangan Terbang Lama,5,Kiri,KUALA LUMPUR,3.129071,101.705234,7,55c38deb-aae3-44c5-bfac-0bb919effec4,Wilayah Persekutuan Kuala Lumpur,137,WP Kuala Lumpur,2,Swasta,2,Tidak Berfungsi,0,,1,Pillar Hydrant,120,Bukit Bintang,0000-00-00,0,KUALA LUMPUR_JLN HANG TUAH_ZON N_WANI_20052015,1,KUALA LUMPUR (WP),88beb013-6a67-4936-9afd-b84a072cb60f
315576,194ad944-9d92-4e17-8883-78fa1d8b7057,e795beb3-2cda-4ac4-b79d-7953221f1fb6,166,JHT,N,042,JHT-N-042,Sebelah Tepi Rumah Pengkebumian Jirat Kwong Tong Ki,Sebelah Tepi Rumah Pengkebumian Jirat Kwong Tong Ki,4,Tepi,KUALA LUMPUR,3.127162,101.703946,7,55c38deb-aae3-44c5-bfac-0bb919effec4,Wilayah Persekutuan Kuala Lumpur,137,WP Kuala Lumpur,1,Awam,2,Tidak Berfungsi,0,,2,Ground Hydrant,120,Bukit Bintang,0000-00-00,0,KUALA LUMPUR_JLN HANG TUAH_ZON N_WANI_20052015,1,KUALA LUMPUR (WP),88beb013-6a67-4936-9afd-b84a072cb60f
315577,a5adb8cd-7c7a-4aea-910a-69970ee97836,e795beb3-2cda-4ac4-b79d-7953221f1fb6,166,JHT,N,043,JHT-N-043,Depan Kedai Pengantin Redsense Jalan Loke Yew,Depan Kedai Pengantin Redsense Jalan Loke Yew,1,Hadapan,KUALA LUMPUR,3.130164,101.710014,7,55c38deb-aae3-44c5-bfac-0bb919effec4,Wilayah Persekutuan Kuala Lumpur,137,WP Kuala Lumpur,1,Awam,1,Berfungsi,252.96,,1,Pillar Hydrant,120,Bukit Bintang,0000-00-00,0,KUALA LUMPUR_JLN HANG TUAH_ZON N_WANI_20052015,1,KUALA LUMPUR (WP),88beb013-6a67-4936-9afd-b84a072cb60f
315578,97da4d3b-9ecd-445f-9d32-5be23c1f51ef,e795beb3-2cda-4ac4-b79d-7953221f1fb6,166,JHT,N,044,JHT-N-044,Tepi Sungai Berhampiran Bangunan DBoss Club Jalan Loke Yew,Tepi Sungai Berhampiran Bangunan DBoss Club Jalan Loke Yew,3,Berhampiran,KUALA LUMPUR,3.131768,101.708326,7,55c38deb-aae3-44c5-bfac-0bb919effec4,Wilayah Persekutuan Kuala Lumpur,137,WP Kuala Lumpur,1,Awam,2,Tidak Berfungsi,0,,1,Pillar Hydrant,120,Bukit Bintang,0000-00-00,0,KUALA LUMPUR_JLN HANG TUAH_ZON N_WANI_20052015,1,KUALA LUMPUR (WP),88beb013-6a67-4936-9afd-b84a072cb60f
315579,8e63845d-fd7b-45b0-8655-4ae81822448a,e795beb3-2cda-4ac4-b79d-7953221f1fb6,166,JHT,N,045,JHT-N-045,Sebelah Kiri Hotel U-Pac Jalan Lapangan  Permai 1,Sebelah Kiri Hotel U-Pac Jalan Lapangan  Permai 1,4,Tepi,KUALA LUMPUR,3.126056,101.709922,7,55c38deb-aae3-44c5-bfac-0bb919effec4,Wilayah Persekutuan Kuala Lumpur,137,WP Kuala Lumpur,1,Awam,1,Berfungsi,357.74,,1,Pillar Hydrant,120,Bukit Bintang,0000-00-00,0,KUALA LUMPUR_JLN HANG TUAH_ZON N_WANI_20052015,1,KUALA LUMPUR (WP),88beb013-6a67-4936-9afd-b84a072cb60f
315580,35c0e45c-644b-4e05-bef5-9e6627dfb7a1,e795beb3-2cda-4ac4-b79d-7953221f1fb6,166,JHT,N,046,JHT-N-046,Depan Blok 1 PPR Sri Alam Jalan Sungai Besi,Depan Blok 1 PPR Sri Alam Jalan Sungai Besi,4,Tepi,KUALA LUMPUR,3.123645,101.706299,7,55c38deb-aae3-44c5-bfac-0bb919effec4,Wilayah Persekutuan Kuala Lumpur,137,WP Kuala Lumpur,1,Awam,1,Berfungsi,438.14,,1,Pillar Hydrant,120,Bukit Bintang,0000-00-00,0,KUALA LUMPUR_JLN HANG TUAH_ZON N_WANI_20052015,45,KUALA LMPUR (WP),08d3c005-65d8-4c9b-b86d-53759fd3dff4
315581,e898fecf-140e-4061-8ce0-9ccb5f5c19f3,e795beb3-2cda-4ac4-b79d-7953221f1fb6,166,JHT,N,047,JHT-N-047,Belakang Blok 1 PPR Sri Alam Jalan Sungai Besi,Belakang Blok 1 PPR Sri Alam Jalan Sungai Besi,2,Belakang,KUALA LUMPUR,3.123528,101.706626,7,55c38deb-aae3-44c5-bfac-0bb919effec4,Wilayah Persekutuan Kuala Lumpur,137,WP Kuala Lumpur,1,Awam,1,Berfungsi,357.74,,1,Pillar Hydrant,120,Bukit Bintang,0000-00-00,0,KUALA LUMPUR_JLN HANG TUAH_ZON N_WANI_20052015,1,KUALA LUMPUR (WP),88beb013-6a67-4936-9afd-b84a072cb60f
315582,fe3f15fd-e4da-45fc-be6c-22606c1db5f8,e795beb3-2cda-4ac4-b79d-7953221f1fb6,166,JHT,N,048,JHT-N-048,Depan Blok 9 PPR Sri Alam Fasa II Jalan 1/78 Off Jalan Istana Jalan Lapangan Terbang,Depan Blok 9 PPR Sri Alam Fasa II Jalan 1/78 Off Jalan Istana,1,Hadapan,KUALA LUMPUR,3.127039,101.70834,7,55c38deb-aae3-44c5-bfac-0bb919effec4,Wilayah Persekutuan Kuala Lumpur,137,WP Kuala Lumpur,1,Awam,1,Berfungsi,438.14,,1,Pillar Hydrant,120,Bukit Bintang,0000-00-00,0,KUALA LUMPUR_JLN HANG TUAH_ZON N_WANI_20052015,1,KUALA LUMPUR (WP),88beb013-6a67-4936-9afd-b84a072cb60f
315583,dbe11e19-2551-43e7-bde1-becfa66d02e1,e795beb3-2cda-4ac4-b79d-7953221f1fb6,166,JHT,N,049,JHT-N-049,Depan Surau At-Taqwa PPR Sri Alam Fasa II Jalan 1/78 Off Jalan Istana jalan LAPANGAN TERBANG ,Depan Surau At-Taqwa PPR Sri Alam Fasa II Jalan 1/78 Off Jalan Istana,1,Hadapan,KUALA LUMPUR,3.127197,101.708941,7,55c38deb-aae3-44c5-bfac-0bb919effec4,Wilayah Persekutuan Kuala Lumpur,137,WP Kuala Lumpur,1,Awam,1,Berfungsi,112.427,,1,Pillar Hydrant,120,Bukit Bintang,0000-00-00,0,KUALA LUMPUR_JLN HANG TUAH_ZON N_WANI_20052015,1,KUALA LUMPUR (WP),88beb013-6a67-4936-9afd-b84a072cb60f
315584,453bfdbd-3622-412c-8a03-943e64afb6f9,e795beb3-2cda-4ac4-b79d-7953221f1fb6,166,JHT,N,050,JHT-N-050,Depan Kedai Maquip Sdn Bhd Menjual Alat Ganti Jentera Berat Jalan Loke Yew ,Depan Kedai Maquip Sdn Bhd Menjual Alat Ganti Jentera Berat Jalan Loke Yew,1,Hadapan,KUALA LUMPUR,3.133209,101.707098,7,55c38deb-aae3-44c5-bfac-0bb919effec4,Wilayah Persekutuan Kuala Lumpur,137,WP Kuala Lumpur,1,Awam,1,Berfungsi,112.427,,1,Pillar Hydrant,120,Bukit Bintang,0000-00-00,0,KUALA LUMPUR_JLN HANG TUAH_ZON N_WANI_20052015,1,KUALA LUMPUR (WP),88beb013-6a67-4936-9afd-b84a072cb60f
546555,ed7f55a4-0787-4af8-a230-b2ab7e242bab,e795beb3-2cda-4ac4-b79d-7953221f1fb6,166,JHT,O,001,JHT-O-001,Kedai Bebas Cukai Muzium Negara,,1,Hadapan,,3.137777,101.688582,7,55c38deb-aae3-44c5-bfac-0bb919effec4,Wilayah Persekutuan Kuala Lumpur,137,WP Kuala Lumpur,2,Swasta,1,Berfungsi,112.427,images/img_pili/20190709114110132.,1,Pillar Hydrant,121,Lembah Pantai,0000-00-00,0,,1,KUALA LUMPUR (WP),88beb013-6a67-4936-9afd-b84a072cb60f
546556,83aed1dd-256c-4b24-8dd1-2423a267960a,e795beb3-2cda-4ac4-b79d-7953221f1fb6,166,JHT,O,002,JHT-O-002,Surau Muzium Negara,,1,Hadapan,,3.137592,101.687962,7,55c38deb-aae3-44c5-bfac-0bb919effec4,Wilayah Persekutuan Kuala Lumpur,137,WP Kuala Lumpur,2,Swasta,1,Berfungsi,112.427,images/img_pili/20190709114834385.,1,Pillar Hydrant,121,Lembah Pantai,0000-00-00,0,,1,KUALA LUMPUR (WP),88beb013-6a67-4936-9afd-b84a072cb60f
546557,adbd94bf-6c88-47c0-8250-0bf273c4839c,e795beb3-2cda-4ac4-b79d-7953221f1fb6,166,JHT,O,003,JHT-O-003,Bangunan Muzium Negara,,4,Tepi,,3.137664,101.686664,7,55c38deb-aae3-44c5-bfac-0bb919effec4,Wilayah Persekutuan Kuala Lumpur,137,WP Kuala Lumpur,2,Swasta,1,Berfungsi,252.96,images/img_pili/2019070911521172.,1,Pillar Hydrant,121,Lembah Pantai,0000-00-00,0,,1,KUALA LUMPUR (WP),88beb013-6a67-4936-9afd-b84a072cb60f
546558,4af607aa-e058-40f4-85f6-6433e0a733bb,e795beb3-2cda-4ac4-b79d-7953221f1fb6,166,JHT,O,004,JHT-O-004,PAGAR BELAKANG AUDITORIUM MUZIUM NEGARA,,1,Hadapan,,3.137581,101.686246,7,55c38deb-aae3-44c5-bfac-0bb919effec4,Wilayah Persekutuan Kuala Lumpur,137,WP Kuala Lumpur,2,Swasta,1,Berfungsi,252.96,images/img_pili/2019070912005739.,1,Pillar Hydrant,121,Lembah Pantai,0000-00-00,0,,1,KUALA LUMPUR (WP),88beb013-6a67-4936-9afd-b84a072cb60f
546559,7fa90ed8-169a-4e22-a3a0-55b73fe50870,e795beb3-2cda-4ac4-b79d-7953221f1fb6,166,JHT,O,005,JHT-O-005,PEJABAT PENTADBIRAN MUZIUM NEGARA ,,1,Hadapan,,3.138122,101.687265,7,55c38deb-aae3-44c5-bfac-0bb919effec4,Wilayah Persekutuan Kuala Lumpur,137,WP Kuala Lumpur,2,Swasta,1,Berfungsi,252.96,images/img_pili/20190709120707998.,1,Pillar Hydrant,121,Lembah Pantai,0000-00-00,0,,1,KUALA LUMPUR (WP),88beb013-6a67-4936-9afd-b84a072cb60f
546587,48c119c3-016f-405b-af42-33c94c14626f,e795beb3-2cda-4ac4-b79d-7953221f1fb6,166,JHT,O,006,JHT-O-006,DEPAN TANDAS AWAM DBKL MUZIUM NEGARA,,1,Hadapan,,3.13776,101.689278,7,55c38deb-aae3-44c5-bfac-0bb919effec4,Wilayah Persekutuan Kuala Lumpur,137,WP Kuala Lumpur,1,Awam,1,Berfungsi,252.96,images/img_pili/20190712154208299.,1,Pillar Hydrant,121,Lembah Pantai,0000-00-00,0,,1,KUALA LUMPUR (WP),88beb013-6a67-4936-9afd-b84a072cb60f
546588,549ca0dc-57b9-4977-8b33-3e6bd67baed9,e795beb3-2cda-4ac4-b79d-7953221f1fb6,166,JHT,O,007,JHT-O-007,TEPI JALAN TRAVERS KE BRICKFIELDS,,4,Tepi,,3.132742,101.683366,7,55c38deb-aae3-44c5-bfac-0bb919effec4,Wilayah Persekutuan Kuala Lumpur,137,WP Kuala Lumpur,1,Awam,1,Berfungsi,357.74,images/img_pili/20190712155426963.,1,Pillar Hydrant,121,Lembah Pantai,0000-00-00,0,,1,KUALA LUMPUR (WP),88beb013-6a67-4936-9afd-b84a072cb60f
546589,8ccb1384-d6dd-4197-bdcb-a527164493b4,e795beb3-2cda-4ac4-b79d-7953221f1fb6,166,JHT,O,008,JHT-O-008,KIRI BELAKANG BANGUNAN MRCB JLN TRAVERS,,2,Belakang,,3.132388,101.686785,7,55c38deb-aae3-44c5-bfac-0bb919effec4,Wilayah Persekutuan Kuala Lumpur,137,WP Kuala Lumpur,2,Swasta,1,Berfungsi,357.74,images/img_pili/2019071216005569.,1,Pillar Hydrant,121,Lembah Pantai,0000-00-00,0,,1,KUALA LUMPUR (WP),88beb013-6a67-4936-9afd-b84a072cb60f
546590,aa184a0a-7a07-4a1e-9db9-956e1733df96,e795beb3-2cda-4ac4-b79d-7953221f1fb6,166,JHT,O,009,JHT-O-009,BELAKANG KANAN BANGUNAN MRCB JLN TRAVERS,,2,Belakang,,3.132388,101.686785,7,55c38deb-aae3-44c5-bfac-0bb919effec4,Wilayah Persekutuan Kuala Lumpur,137,WP Kuala Lumpur,2,Swasta,1,Berfungsi,438.14,images/img_pili/20190712160329390.,1,Pillar Hydrant,121,Lembah Pantai,0000-00-00,0,,1,KUALA LUMPUR (WP),88beb013-6a67-4936-9afd-b84a072cb60f
546591,8869c06e-4d9b-43cd-a98f-1cdfdf299f71,e795beb3-2cda-4ac4-b79d-7953221f1fb6,166,JHT,O,010,JHT-O-010,TEPI JLN TRAVERS KE KL SENTRAL DAN BRICKFIELDS,,4,Tepi,,3.132742,101.683366,7,55c38deb-aae3-44c5-bfac-0bb919effec4,Wilayah Persekutuan Kuala Lumpur,137,WP Kuala Lumpur,2,Swasta,1,Berfungsi,357.74,images/img_pili/20190712160630896.,1,Pillar Hydrant,121,Lembah Pantai,0000-00-00,0,,1,KUALA LUMPUR (WP),88beb013-6a67-4936-9afd-b84a072cb60f
546643,7824fd76-b407-40bc-8de2-c9981914c9b7,e795beb3-2cda-4ac4-b79d-7953221f1fb6,166,JHT,O,011,JHT-O-011,JLN BELAKANG KONDOMINIUM DARI PARKING KERETA KL SENTRAL,,2,Belakang,,3.131399,101.684576,7,55c38deb-aae3-44c5-bfac-0bb919effec4,Wilayah Persekutuan Kuala Lumpur,137,WP Kuala Lumpur,2,Swasta,1,Berfungsi,194.729,images/img_pili/20190715100714632.,1,Pillar Hydrant,121,Lembah Pantai,0000-00-00,0,,1,KUALA LUMPUR (WP),88beb013-6a67-4936-9afd-b84a072cb60f
546644,affd6363-8540-4496-a816-93d88a5ae23e,e795beb3-2cda-4ac4-b79d-7953221f1fb6,166,JHT,O,012,JHT-O-012,JLN BELAKANG KONDOMINIUM DARI PARKING KERETA KL SENTRAL,,2,Belakang,,3.131399,101.684576,7,55c38deb-aae3-44c5-bfac-0bb919effec4,Wilayah Persekutuan Kuala Lumpur,137,WP Kuala Lumpur,2,Swasta,1,Berfungsi,194.729,images/img_pili/20190715101113846.,1,Pillar Hydrant,121,Lembah Pantai,0000-00-00,0,,1,KUALA LUMPUR (WP),88beb013-6a67-4936-9afd-b84a072cb60f
546645,673bae42-4aa5-4d2d-9bd0-29e23ea4940b,e795beb3-2cda-4ac4-b79d-7953221f1fb6,166,JHT,O,013,JHT-O-013,JLN KELUAR PARKING KERETA BAWAH KL SENTRAL,,3,Berhampiran,,3.133906,101.687131,7,55c38deb-aae3-44c5-bfac-0bb919effec4,Wilayah Persekutuan Kuala Lumpur,137,WP Kuala Lumpur,2,Swasta,1,Berfungsi,194.729,images/img_pili/20190715104721865.,1,Pillar Hydrant,121,Lembah Pantai,0000-00-00,0,,1,KUALA LUMPUR (WP),88beb013-6a67-4936-9afd-b84a072cb60f
546646,2c9d9903-e1e9-4427-b144-52980f2e4f07,e795beb3-2cda-4ac4-b79d-7953221f1fb6,166,JHT,O,014,JHT-O-014,JLN MASUK KE BAWAH KL SENTRAL,,3,Berhampiran,,3.13276,101.684918,7,55c38deb-aae3-44c5-bfac-0bb919effec4,Wilayah Persekutuan Kuala Lumpur,137,WP Kuala Lumpur,2,Swasta,1,Berfungsi,143.493,images/img_pili/20190715105214762.,1,Pillar Hydrant,121,Lembah Pantai,0000-00-00,0,,1,KUALA LUMPUR (WP),88beb013-6a67-4936-9afd-b84a072cb60f
546647,6f63354f-9063-4b95-be62-2e9b92dc398f,e795beb3-2cda-4ac4-b79d-7953221f1fb6,166,JHT,O,015,JHT-O-015,JLN MASUK KE BAWAH KL SENTRAL,,3,Berhampiran,,3.13276,101.684918,7,55c38deb-aae3-44c5-bfac-0bb919effec4,Wilayah Persekutuan Kuala Lumpur,137,WP Kuala Lumpur,2,Swasta,1,Berfungsi,438.14,images/img_pili/20190715105942800.,1,Pillar Hydrant,121,Lembah Pantai,0000-00-00,0,,1,KUALA LUMPUR (WP),88beb013-6a67-4936-9afd-b84a072cb60f
546648,fb6b1c61-7502-4a84-91a8-b1b001f96983,e795beb3-2cda-4ac4-b79d-7953221f1fb6,166,JHT,O,016,JHT-O-016,JLN MASUK KE BAWAH KL SENTRAL,,3,Berhampiran,,3.13276,101.684918,7,55c38deb-aae3-44c5-bfac-0bb919effec4,Wilayah Persekutuan Kuala Lumpur,137,WP Kuala Lumpur,2,Swasta,1,Berfungsi,438.14,images/img_pili/20190715110058464.,1,Pillar Hydrant,121,Lembah Pantai,0000-00-00,0,,1,KUALA LUMPUR (WP),88beb013-6a67-4936-9afd-b84a072cb60f
546649,bd077bf5-39da-4672-ada6-dea328adaca6,e795beb3-2cda-4ac4-b79d-7953221f1fb6,166,JHT,O,017,JHT-O-017,JLN MASUK KE BAWAH KL SENTRAL,,3,Berhampiran,,3.13276,101.684918,7,55c38deb-aae3-44c5-bfac-0bb919effec4,Wilayah Persekutuan Kuala Lumpur,137,WP Kuala Lumpur,2,Swasta,1,Berfungsi,438.14,images/img_pili/20190715110230610.,1,Pillar Hydrant,121,Lembah Pantai,0000-00-00,0,,1,KUALA LUMPUR (WP),88beb013-6a67-4936-9afd-b84a072cb60f
546650,53d76f22-81df-4dff-a773-c14552d64100,e795beb3-2cda-4ac4-b79d-7953221f1fb6,166,JHT,O,018,JHT-O-018,PARKING BAS DAN TEKSI KL SENTRAL,,3,Berhampiran,,3.13382,101.687557,7,55c38deb-aae3-44c5-bfac-0bb919effec4,Wilayah Persekutuan Kuala Lumpur,137,WP Kuala Lumpur,2,Swasta,1,Berfungsi,357.74,images/img_pili/20190715110758781.,1,Pillar Hydrant,121,Lembah Pantai,0000-00-00,0,,1,KUALA LUMPUR (WP),88beb013-6a67-4936-9afd-b84a072cb60f
546651,7349e3e0-ae7a-4fbb-9f71-758541bc34ff,e795beb3-2cda-4ac4-b79d-7953221f1fb6,166,JHT,O,019,JHT-O-019,PARKING BAS DAN TEKSI KL SENTRAL,,3,Berhampiran,,3.13382,101.687557,7,55c38deb-aae3-44c5-bfac-0bb919effec4,Wilayah Persekutuan Kuala Lumpur,137,WP Kuala Lumpur,2,Swasta,1,Berfungsi,438.14,images/img_pili/20190715111010478.,1,Pillar Hydrant,121,Lembah Pantai,0000-00-00,0,,1,KUALA LUMPUR (WP),88beb013-6a67-4936-9afd-b84a072cb60f
546652,1145478d-fb70-424f-b51a-82cd90c44217,e795beb3-2cda-4ac4-b79d-7953221f1fb6,166,JHT,O,020,JHT-O-020,PARKING BAS DAN TEKSI KL SENTRAL,,3,Berhampiran,,3.13382,101.687557,7,55c38deb-aae3-44c5-bfac-0bb919effec4,Wilayah Persekutuan Kuala Lumpur,137,WP Kuala Lumpur,2,Swasta,1,Berfungsi,357.74,images/img_pili/20190715111152509.,1,Pillar Hydrant,121,Lembah Pantai,0000-00-00,0,,1,KUALA LUMPUR (WP),88beb013-6a67-4936-9afd-b84a072cb60f
546653,23f427e0-507c-4b11-93a7-eb6b4768838e,e795beb3-2cda-4ac4-b79d-7953221f1fb6,166,JHT,O,021,JHT-O-021,"JLN ATAS KE PARKING GROUND SUASANA SENTRAL,KL SENTRAL",,3,Berhampiran,,3.134071,101.688646,7,55c38deb-aae3-44c5-bfac-0bb919effec4,Wilayah Persekutuan Kuala Lumpur,137,WP Kuala Lumpur,2,Swasta,1,Berfungsi,357.74,images/img_pili/20190715112249135.,1,Pillar Hydrant,121,Lembah Pantai,0000-00-00,0,,1,KUALA LUMPUR (WP),88beb013-6a67-4936-9afd-b84a072cb60f
546654,ccfdb65c-d899-4780-8b4a-43c55a21f218,e795beb3-2cda-4ac4-b79d-7953221f1fb6,166,JHT,O,022,JHT-O-022,"DEPAN PLAZA SENTRAL 1,KL SENTRAL",,1,Hadapan,,3.131422,101.683344,7,55c38deb-aae3-44c5-bfac-0bb919effec4,Wilayah Persekutuan Kuala Lumpur,137,WP Kuala Lumpur,2,Swasta,1,Berfungsi,438.14,images/img_pili/20190715112710540.,1,Pillar Hydrant,121,Lembah Pantai,0000-00-00,0,,1,KUALA LUMPUR (WP),88beb013-6a67-4936-9afd-b84a072cb60f
546655,d0176233-b313-43ad-8299-82b4c6a1256f,e795beb3-2cda-4ac4-b79d-7953221f1fb6,166,JHT,O,023,JHT-O-023,"DEPAN PLAZA SENTRAL1,KL SENTRAL",,1,Hadapan,,3.131422,101.683344,7,55c38deb-aae3-44c5-bfac-0bb919effec4,Wilayah Persekutuan Kuala Lumpur,137,WP Kuala Lumpur,2,Swasta,1,Berfungsi,194.729,images/img_pili/20190715112828667.,1,Pillar Hydrant,121,Lembah Pantai,0000-00-00,0,,1,KUALA LUMPUR (WP),88beb013-6a67-4936-9afd-b84a072cb60f
546656,94550700-e29e-40df-b296-bd725b44c102,e795beb3-2cda-4ac4-b79d-7953221f1fb6,166,JHT,O,024,JHT-O-024,"DEPAN LOT PARKING MRCB ATAS,KL SENTRAL",,1,Hadapan,,3.134476,101.686293,7,55c38deb-aae3-44c5-bfac-0bb919effec4,Wilayah Persekutuan Kuala Lumpur,137,WP Kuala Lumpur,2,Swasta,1,Berfungsi,194.729,images/img_pili/20190715142239603.,1,Pillar Hydrant,121,Lembah Pantai,0000-00-00,0,,1,KUALA LUMPUR (WP),88beb013-6a67-4936-9afd-b84a072cb60f
546657,b6875e77-a378-4075-a379-03c65a02823c,e795beb3-2cda-4ac4-b79d-7953221f1fb6,166,JHT,O,025,JHT-O-025,"DEPAN LOT PARKING MRCB ATAS,KL SENTRAL",,1,Hadapan,,3.134476,101.686293,7,55c38deb-aae3-44c5-bfac-0bb919effec4,Wilayah Persekutuan Kuala Lumpur,137,WP Kuala Lumpur,2,Swasta,1,Berfungsi,194.729,images/img_pili/20190715142506963.,1,Pillar Hydrant,121,Lembah Pantai,0000-00-00,0,,1,KUALA LUMPUR (WP),88beb013-6a67-4936-9afd-b84a072cb60f
546658,043f7d49-e833-44c5-bdde-2f93b0000d2a,e795beb3-2cda-4ac4-b79d-7953221f1fb6,166,JHT,O,026,JHT-O-026,"BELAKANG BANGUNAN SENTRAL 1,KL SENTRAL",,2,Belakang,,3.13106,101.683265,7,55c38deb-aae3-44c5-bfac-0bb919effec4,Wilayah Persekutuan Kuala Lumpur,137,WP Kuala Lumpur,2,Swasta,1,Berfungsi,194.729,images/img_pili/20190715143321758.,1,Pillar Hydrant,121,Lembah Pantai,0000-00-00,0,,1,KUALA LUMPUR (WP),88beb013-6a67-4936-9afd-b84a072cb60f
546659,d169c50a-d21b-43b7-ae8b-df94033b998c,e795beb3-2cda-4ac4-b79d-7953221f1fb6,166,JHT,O,027,JHT-O-027,"BELAKANG PLAZA SENTRAL,KL SENTRAL",,2,Belakang,,3.132515,101.684368,7,55c38deb-aae3-44c5-bfac-0bb919effec4,Wilayah Persekutuan Kuala Lumpur,137,WP Kuala Lumpur,2,Swasta,1,Berfungsi,357.74,images/img_pili/20190715143832940.,1,Pillar Hydrant,121,Lembah Pantai,0000-00-00,0,,1,KUALA LUMPUR (WP),88beb013-6a67-4936-9afd-b84a072cb60f
546660,97a7db95-55f5-46af-9410-77095ad7d382,e795beb3-2cda-4ac4-b79d-7953221f1fb6,166,JHT,O,028,JHT-O-028,"DEPAN BANGUNAN MIDA,KL SENTRAL",,1,Hadapan,,3.132916,101.683993,7,55c38deb-aae3-44c5-bfac-0bb919effec4,Wilayah Persekutuan Kuala Lumpur,137,WP Kuala Lumpur,2,Swasta,1,Berfungsi,357.74,images/img_pili/20190715144230966.,1,Pillar Hydrant,121,Lembah Pantai,0000-00-00,0,,1,KUALA LUMPUR (WP),88beb013-6a67-4936-9afd-b84a072cb60f
546661,8785e86a-30fd-41a7-a5c3-da8722799c22,e795beb3-2cda-4ac4-b79d-7953221f1fb6,166,JHT,O,029,JHT-O-029,"BANGUNAN MIDA,LALUAN PEJALAN KAKI,KL SENTRAL",,1,Hadapan,,3.132916,101.683993,7,55c38deb-aae3-44c5-bfac-0bb919effec4,Wilayah Persekutuan Kuala Lumpur,137,WP Kuala Lumpur,2,Swasta,1,Berfungsi,357.74,images/img_pili/20190715144454914.,1,Pillar Hydrant,121,Lembah Pantai,0000-00-00,0,,1,KUALA LUMPUR (WP),88beb013-6a67-4936-9afd-b84a072cb60f
546662,ab1d93ea-ec34-483b-8e11-3ef8b55612ad,e795beb3-2cda-4ac4-b79d-7953221f1fb6,166,JHT,O,030,JHT-O-030,"BANGUNAN MIDA,LALUAN PEJALAN KAKI,KL SENTRAL",,3,Berhampiran,,3.132916,101.683993,7,55c38deb-aae3-44c5-bfac-0bb919effec4,Wilayah Persekutuan Kuala Lumpur,137,WP Kuala Lumpur,2,Swasta,1,Berfungsi,357.74,images/img_pili/20190715144636244.,1,Pillar Hydrant,121,Lembah Pantai,0000-00-00,0,,1,KUALA LUMPUR (WP),88beb013-6a67-4936-9afd-b84a072cb60f
546663,32f3b2f9-7e52-4880-bd3c-30922f6990e2,e795beb3-2cda-4ac4-b79d-7953221f1fb6,166,JHT,O,031,JHT-O-031,"BANGUNAN DEPAN PLAZA SENTRAL,KL SENTRAL",,1,Hadapan,,3.132398,101.684757,7,55c38deb-aae3-44c5-bfac-0bb919effec4,Wilayah Persekutuan Kuala Lumpur,137,WP Kuala Lumpur,2,Swasta,1,Berfungsi,357.74,images/img_pili/2019071514504613.,1,Pillar Hydrant,121,Lembah Pantai,0000-00-00,0,,1,KUALA LUMPUR (WP),88beb013-6a67-4936-9afd-b84a072cb60f
546664,67f928ba-99c5-4072-b8d6-9932ebfe952e,e795beb3-2cda-4ac4-b79d-7953221f1fb6,166,JHT,O,032,JHT-O-032,"DEPAN BANGUNAN MERCU UEM,KL SENTRAL",,1,Hadapan,,3.132639,101.683395,7,55c38deb-aae3-44c5-bfac-0bb919effec4,Wilayah Persekutuan Kuala Lumpur,137,WP Kuala Lumpur,2,Swasta,1,Berfungsi,778.915,images/img_pili/20190715155128880.,1,Pillar Hydrant,121,Lembah Pantai,0000-00-00,0,,1,KUALA LUMPUR (WP),88beb013-6a67-4936-9afd-b84a072cb60f
546665,456f7b19-e138-4506-a0ce-c02b05468686,e795beb3-2cda-4ac4-b79d-7953221f1fb6,166,JHT,O,033,JHT-O-033,"DEPAN BANGUNAN MERCU UEM/QUILL7,KL SENTRAL",,1,Hadapan,,3.134102,101.684646,7,55c38deb-aae3-44c5-bfac-0bb919effec4,Wilayah Persekutuan Kuala Lumpur,137,WP Kuala Lumpur,2,Swasta,1,Berfungsi,778.915,images/img_pili/2019071515554238.,1,Pillar Hydrant,121,Lembah Pantai,0000-00-00,0,,1,KUALA LUMPUR (WP),88beb013-6a67-4936-9afd-b84a072cb60f
546666,ffc37547-0fb5-4e95-a239-88a36887a7a0,e795beb3-2cda-4ac4-b79d-7953221f1fb6,166,JHT,O,034,JHT-O-034,"DEPAN BANGUNAN QUILL 7,KL SENTRAL",,1,Hadapan,,3.134102,101.684646,7,55c38deb-aae3-44c5-bfac-0bb919effec4,Wilayah Persekutuan Kuala Lumpur,137,WP Kuala Lumpur,2,Swasta,1,Berfungsi,778.915,images/img_pili/20190715155942433.,1,Pillar Hydrant,121,Lembah Pantai,0000-00-00,0,,1,KUALA LUMPUR (WP),88beb013-6a67-4936-9afd-b84a072cb60f
546667,3afa60b8-36c6-4935-9574-76d8a295dcac,e795beb3-2cda-4ac4-b79d-7953221f1fb6,166,JHT,O,035,JHT-O-035,"BELAKANG BANGUNAN QUILL 7,KL SENTRAL",,2,Belakang,,3.134102,101.684646,7,55c38deb-aae3-44c5-bfac-0bb919effec4,Wilayah Persekutuan Kuala Lumpur,137,WP Kuala Lumpur,2,Swasta,1,Berfungsi,194.729,images/img_pili/2019071516015936.,1,Pillar Hydrant,121,Lembah Pantai,0000-00-00,0,,1,KUALA LUMPUR (WP),88beb013-6a67-4936-9afd-b84a072cb60f
546668,72a8bbd7-a8d6-4fb4-a6cc-92218ecfadf1,e795beb3-2cda-4ac4-b79d-7953221f1fb6,166,JHT,O,036,JHT-O-036,"BELAKANG BANGUNAN MERCU UEM/QUILL7,KL SENTRAL",,2,Belakang,,3.134102,101.684646,7,55c38deb-aae3-44c5-bfac-0bb919effec4,Wilayah Persekutuan Kuala Lumpur,137,WP Kuala Lumpur,2,Swasta,1,Berfungsi,194.729,images/img_pili/20190715160350525.,1,Pillar Hydrant,121,Lembah Pantai,0000-00-00,0,,1,KUALA LUMPUR (WP),88beb013-6a67-4936-9afd-b84a072cb60f
546669,7f17c97d-5c36-4a01-bba2-48b4afd0c043,e795beb3-2cda-4ac4-b79d-7953221f1fb6,166,JHT,O,037,JHT-O-037,"BELAKANG BANGUNAN MERCU UEM,KL SENTRAL",,2,Belakang,,3.132639,101.683395,7,55c38deb-aae3-44c5-bfac-0bb919effec4,Wilayah Persekutuan Kuala Lumpur,137,WP Kuala Lumpur,2,Swasta,1,Berfungsi,194.729,images/img_pili/20190715160608966.,1,Pillar Hydrant,121,Lembah Pantai,0000-00-00,0,,1,KUALA LUMPUR (WP),88beb013-6a67-4936-9afd-b84a072cb60f
546670,71e7e21f-b7c6-476b-a376-76cc65b5465c,e795beb3-2cda-4ac4-b79d-7953221f1fb6,166,JHT,O,038,JHT-O-038,"BERHADAPAN CHEK IN TKT 2,KL SENTRAL",,1,Hadapan,,3.133799,101.685477,7,55c38deb-aae3-44c5-bfac-0bb919effec4,Wilayah Persekutuan Kuala Lumpur,137,WP Kuala Lumpur,2,Swasta,1,Berfungsi,194.729,images/img_pili/2019071516135575.,1,Pillar Hydrant,121,Lembah Pantai,0000-00-00,0,,1,KUALA LUMPUR (WP),88beb013-6a67-4936-9afd-b84a072cb60f
546671,9cd73013-a4d6-414c-8792-a3aceef3a0b9,e795beb3-2cda-4ac4-b79d-7953221f1fb6,166,JHT,O,039,JHT-O-039,"BERHADAPAN CHEK IN TKT 2,KL SENTRAL",,1,Hadapan,,3.133799,101.685477,7,55c38deb-aae3-44c5-bfac-0bb919effec4,Wilayah Persekutuan Kuala Lumpur,137,WP Kuala Lumpur,2,Swasta,1,Berfungsi,357.74,images/img_pili/20190715161556214.,1,Pillar Hydrant,121,Lembah Pantai,0000-00-00,0,,1,KUALA LUMPUR (WP),88beb013-6a67-4936-9afd-b84a072cb60f
546672,3ac6c4ba-d89d-4376-bebf-12a4868cc705,e795beb3-2cda-4ac4-b79d-7953221f1fb6,166,JHT,O,040,JHT-O-040,"SELEPAS PINTU CHEK IN TKT 2,KL SENTRAL",,3,Berhampiran,,3.133452,101.686287,7,55c38deb-aae3-44c5-bfac-0bb919effec4,Wilayah Persekutuan Kuala Lumpur,137,WP Kuala Lumpur,2,Swasta,1,Berfungsi,357.74,images/img_pili/20190715161759257.,1,Pillar Hydrant,121,Lembah Pantai,0000-00-00,0,,1,KUALA LUMPUR (WP),88beb013-6a67-4936-9afd-b84a072cb60f
546738,6fa8317a-99fe-4590-9b2a-645930b8cd16,e795beb3-2cda-4ac4-b79d-7953221f1fb6,166,JHT,O,041,JHT-O-041,SEBELUM KE PERHENTIAN TEKSI KL SENTRAL,,3,Berhampiran,,3.135178,101.686922,7,55c38deb-aae3-44c5-bfac-0bb919effec4,Wilayah Persekutuan Kuala Lumpur,137,WP Kuala Lumpur,2,Swasta,1,Berfungsi,357.74,images/img_pili/20190718141851959.,1,Pillar Hydrant,121,Lembah Pantai,0000-00-00,0,,1,KUALA LUMPUR (WP),88beb013-6a67-4936-9afd-b84a072cb60f
546739,3e95b87c-bbe2-4940-be0a-422ce38479e9,e795beb3-2cda-4ac4-b79d-7953221f1fb6,166,JHT,O,042,JHT-O-042,SEBELUM PERHENTIAN TEKSI KL SENTRAL,,3,Berhampiran,,3.135178,101.686922,7,55c38deb-aae3-44c5-bfac-0bb919effec4,Wilayah Persekutuan Kuala Lumpur,137,WP Kuala Lumpur,2,Swasta,1,Berfungsi,357.74,images/img_pili/20190718142035389.,1,Pillar Hydrant,121,Lembah Pantai,0000-00-00,0,,1,KUALA LUMPUR (WP),88beb013-6a67-4936-9afd-b84a072cb60f
546740,fe62cfd7-a7f2-419d-b2e4-0b9d92db3a68,e795beb3-2cda-4ac4-b79d-7953221f1fb6,166,JHT,O,043,JHT-O-043,DEPAN CHEK OUT TINGKAT 1,,1,Hadapan,,3.133827,101.685561,7,55c38deb-aae3-44c5-bfac-0bb919effec4,Wilayah Persekutuan Kuala Lumpur,137,WP Kuala Lumpur,2,Swasta,2,Tidak Berfungsi,0,images/img_pili/20190718142524104.,1,Pillar Hydrant,121,Lembah Pantai,0000-00-00,0,,1,KUALA LUMPUR (WP),88beb013-6a67-4936-9afd-b84a072cb60f
546741,e1f6bdc3-3a8d-41cc-bebc-1cbd5becee2c,e795beb3-2cda-4ac4-b79d-7953221f1fb6,166,JHT,O,044,JHT-O-044,"DEPAN GENSET TINGKAT 1,KL SENTRAL",,1,Hadapan,,3.133827,101.685561,7,55c38deb-aae3-44c5-bfac-0bb919effec4,Wilayah Persekutuan Kuala Lumpur,137,WP Kuala Lumpur,2,Swasta,2,Tidak Berfungsi,0,images/img_pili/20190718142752641.,1,Pillar Hydrant,121,Lembah Pantai,0000-00-00,0,,1,KUALA LUMPUR (WP),88beb013-6a67-4936-9afd-b84a072cb60f
546742,d0ad3247-c65e-4871-9c3e-e09c11441355,e795beb3-2cda-4ac4-b79d-7953221f1fb6,166,JHT,O,045,JHT-O-045,"DEPAN BALAI KETIBAAN BERLEPAS,KL SENTRAL",,1,Hadapan,,3.134778,101.686055,7,55c38deb-aae3-44c5-bfac-0bb919effec4,Wilayah Persekutuan Kuala Lumpur,137,WP Kuala Lumpur,2,Swasta,1,Berfungsi,357.74,images/img_pili/20190718143205885.,1,Pillar Hydrant,121,Lembah Pantai,0000-00-00,0,,1,KUALA LUMPUR (WP),88beb013-6a67-4936-9afd-b84a072cb60f
546743,49634988-9911-41fa-aacf-5349d01ee0eb,e795beb3-2cda-4ac4-b79d-7953221f1fb6,166,JHT,O,046,JHT-O-046,DEPAN BALAI KETIBAAN BERLEPAS/POLIS BANTUAN KL SENTRAL,,1,Hadapan,,3.134719,101.685463,7,55c38deb-aae3-44c5-bfac-0bb919effec4,Wilayah Persekutuan Kuala Lumpur,137,WP Kuala Lumpur,2,Swasta,1,Berfungsi,357.74,images/img_pili/20190718143722541.,1,Pillar Hydrant,121,Lembah Pantai,0000-00-00,0,,1,KUALA LUMPUR (WP),88beb013-6a67-4936-9afd-b84a072cb60f
546744,825bae20-0375-4b6e-b584-11848a90cd0c,e795beb3-2cda-4ac4-b79d-7953221f1fb6,166,JHT,O,047,JHT-O-047,JALAN MASUK KE HOTEL LEE MERADIEN KL SENTRAL,,3,Berhampiran,,3.135314,101.685764,7,55c38deb-aae3-44c5-bfac-0bb919effec4,Wilayah Persekutuan Kuala Lumpur,137,WP Kuala Lumpur,2,Swasta,1,Berfungsi,194.729,images/img_pili/20190718144146389.,1,Pillar Hydrant,121,Lembah Pantai,0000-00-00,0,,1,KUALA LUMPUR (WP),88beb013-6a67-4936-9afd-b84a072cb60f
546745,9fd0f110-f51f-4de2-8eac-b2d59f3b18cd,e795beb3-2cda-4ac4-b79d-7953221f1fb6,166,JHT,O,048,JHT-O-048,JALAN MASUK KE HOTEL LEE HILLTEN KL SENTRAL,,3,Berhampiran,,3.135373,101.685863,7,55c38deb-aae3-44c5-bfac-0bb919effec4,Wilayah Persekutuan Kuala Lumpur,137,WP Kuala Lumpur,2,Swasta,1,Berfungsi,194.729,images/img_pili/20190718144933530.,1,Pillar Hydrant,121,Lembah Pantai,0000-00-00,0,,1,KUALA LUMPUR (WP),88beb013-6a67-4936-9afd-b84a072cb60f
546746,b4b1e6bb-d17f-4d41-b9ac-848212570a7c,e795beb3-2cda-4ac4-b79d-7953221f1fb6,166,JHT,O,049,JHT-O-049,JALAN BELAKANG HOTEL LEE HILLTEN KL SENTRAL,,3,Berhampiran,,3.135373,101.685863,7,55c38deb-aae3-44c5-bfac-0bb919effec4,Wilayah Persekutuan Kuala Lumpur,137,WP Kuala Lumpur,2,Swasta,1,Berfungsi,194.729,images/img_pili/20190718145112648.,1,Pillar Hydrant,121,Lembah Pantai,0000-00-00,0,,1,KUALA LUMPUR (WP),88beb013-6a67-4936-9afd-b84a072cb60f
546747,250f21b0-8264-4388-a233-6dca4f4e8136,e795beb3-2cda-4ac4-b79d-7953221f1fb6,166,JHT,O,050,JHT-O-050,JALAN BELAKANG HOTEL LEE HILLTEN KL SENTRAL,,3,Berhampiran,,3.135373,101.685863,7,55c38deb-aae3-44c5-bfac-0bb919effec4,Wilayah Persekutuan Kuala Lumpur,137,WP Kuala Lumpur,2,Swasta,1,Berfungsi,194.729,images/img_pili/20190718145300168.,1,Pillar Hydrant,121,Lembah Pantai,0000-00-00,0,,1,KUALA LUMPUR (WP),88beb013-6a67-4936-9afd-b84a072cb60f
546748,2ea65034-c19d-41b1-8979-66adc581b801,e795beb3-2cda-4ac4-b79d-7953221f1fb6,166,JHT,O,051,JHT-O-051,JALAN BELAKANG HOTEL LEE HILLTEN KL SENTRAL,,3,Berhampiran,,3.135373,101.685863,7,55c38deb-aae3-44c5-bfac-0bb919effec4,Wilayah Persekutuan Kuala Lumpur,137,WP Kuala Lumpur,2,Swasta,1,Berfungsi,357.74,images/img_pili/20190718145444910.,1,Pillar Hydrant,121,Lembah Pantai,0000-00-00,0,,1,KUALA LUMPUR (WP),88beb013-6a67-4936-9afd-b84a072cb60f
546749,3c49c4d7-3642-429f-902f-dce836aea026,e795beb3-2cda-4ac4-b79d-7953221f1fb6,166,JHT,O,052,JHT-O-052,"BANGUNAN BARU BERHADAPAN SENTRAL,KL SENTRAL",,3,Berhampiran,,3.137404,101.690187,7,55c38deb-aae3-44c5-bfac-0bb919effec4,Wilayah Persekutuan Kuala Lumpur,137,WP Kuala Lumpur,2,Swasta,1,Berfungsi,357.74,images/img_pili/20190718150521796.,1,Pillar Hydrant,121,Lembah Pantai,0000-00-00,0,,1,KUALA LUMPUR (WP),88beb013-6a67-4936-9afd-b84a072cb60f
546750,b3dbda8c-cc68-4bfe-b9d0-69e3b5d670c6,e795beb3-2cda-4ac4-b79d-7953221f1fb6,166,JHT,O,053,JHT-O-053,"BANGUNAN BARU BERHADAPAN SENTRAL,KL SENTRAL",,3,Berhampiran,,3.137404,101.690187,7,55c38deb-aae3-44c5-bfac-0bb919effec4,Wilayah Persekutuan Kuala Lumpur,137,WP Kuala Lumpur,2,Swasta,1,Berfungsi,357.74,images/img_pili/20190718150709302.,1,Pillar Hydrant,121,Lembah Pantai,0000-00-00,0,,1,KUALA LUMPUR (WP),88beb013-6a67-4936-9afd-b84a072cb60f
546751,95d650ed-f8b6-45be-90b2-46ebc84cc682,e795beb3-2cda-4ac4-b79d-7953221f1fb6,166,JHT,O,054,JHT-O-054,"BANGUNAN BARU BERHADAPAN SENTRAL,KL SENTRAL",,3,Berhampiran,,3.137404,101.690187,7,55c38deb-aae3-44c5-bfac-0bb919effec4,Wilayah Persekutuan Kuala Lumpur,137,WP Kuala Lumpur,2,Swasta,1,Berfungsi,357.74,images/img_pili/20190718150830869.,1,Pillar Hydrant,121,Lembah Pantai,0000-00-00,0,,1,KUALA LUMPUR (WP),88beb013-6a67-4936-9afd-b84a072cb60f
546752,6caedb3d-5d5c-4e0d-8d24-15f4ff876336,e795beb3-2cda-4ac4-b79d-7953221f1fb6,166,JHT,O,055,JHT-O-055,"BANGUNAN BARU BERHADAPAN SENTRAL,KL SENTRAL",,3,Berhampiran,,3.137404,101.690187,7,55c38deb-aae3-44c5-bfac-0bb919effec4,Wilayah Persekutuan Kuala Lumpur,137,WP Kuala Lumpur,2,Swasta,1,Berfungsi,357.74,images/img_pili/20190718150946499.,1,Pillar Hydrant,121,Lembah Pantai,0000-00-00,0,,1,KUALA LUMPUR (WP),88beb013-6a67-4936-9afd-b84a072cb60f
546753,f16cc072-85b2-433f-a532-8589e83abc96,e795beb3-2cda-4ac4-b79d-7953221f1fb6,166,JHT,O,056,JHT-O-056,"BANGUNAN BARU BERHADAPAN SENTRAL,KL SENTRAL",,3,Berhampiran,,3.137404,101.690187,7,55c38deb-aae3-44c5-bfac-0bb919effec4,Wilayah Persekutuan Kuala Lumpur,137,WP Kuala Lumpur,2,Swasta,1,Berfungsi,778.915,images/img_pili/20190718151117603.,1,Pillar Hydrant,121,Lembah Pantai,0000-00-00,0,,1,KUALA LUMPUR (WP),88beb013-6a67-4936-9afd-b84a072cb60f
546754,e5994c23-53f8-402f-95b4-04c34b9f9c78,e795beb3-2cda-4ac4-b79d-7953221f1fb6,166,JHT,O,057,JHT-O-057,"BANGUNAN BARU BERHADAPAN SENTRAL,KL SENTRAL",,3,Berhampiran,,3.137404,101.690187,7,55c38deb-aae3-44c5-bfac-0bb919effec4,Wilayah Persekutuan Kuala Lumpur,137,WP Kuala Lumpur,2,Swasta,1,Berfungsi,778.915,images/img_pili/20190718151231832.,1,Pillar Hydrant,121,Lembah Pantai,0000-00-00,0,,1,KUALA LUMPUR (WP),88beb013-6a67-4936-9afd-b84a072cb60f
546755,32bc84fa-1431-4242-ae87-f0679123caba,e795beb3-2cda-4ac4-b79d-7953221f1fb6,166,JHT,O,058,JHT-O-058,"BANGUNAN BARU BERHADAPAN SENTRAL,KL SENTRAL",,3,Berhampiran,,3.137404,101.690187,7,55c38deb-aae3-44c5-bfac-0bb919effec4,Wilayah Persekutuan Kuala Lumpur,137,WP Kuala Lumpur,2,Swasta,1,Berfungsi,778.915,images/img_pili/20190718151341964.,1,Pillar Hydrant,121,Lembah Pantai,0000-00-00,0,,1,KUALA LUMPUR (WP),88beb013-6a67-4936-9afd-b84a072cb60f
546756,8a6852f1-d228-4a43-8461-4d2446976aae,e795beb3-2cda-4ac4-b79d-7953221f1fb6,166,JHT,O,059,JHT-O-059,KL SENTRAL KE JLN TRAVERS BERDEPAN TANDAS AWAM DBKL,,1,Hadapan,,3.126898,101.682451,7,55c38deb-aae3-44c5-bfac-0bb919effec4,Wilayah Persekutuan Kuala Lumpur,137,WP Kuala Lumpur,1,Awam,1,Berfungsi,357.74,images/img_pili/20190718152304923.,1,Pillar Hydrant,121,Lembah Pantai,0000-00-00,0,,1,KUALA LUMPUR (WP),88beb013-6a67-4936-9afd-b84a072cb60f
546757,4b517f61-414e-461c-921b-ca44333684c9,e795beb3-2cda-4ac4-b79d-7953221f1fb6,166,JHT,O,060,JHT-O-060,KL SENTRAL KE JLN TRAVERS BERDEPAN MUZIUM NEGARA,,1,Hadapan,,3.137338,101.687575,7,55c38deb-aae3-44c5-bfac-0bb919effec4,Wilayah Persekutuan Kuala Lumpur,137,WP Kuala Lumpur,2,Swasta,1,Berfungsi,224.853,images/img_pili/20190718152631829.,1,Pillar Hydrant,121,Lembah Pantai,0000-00-00,0,,1,KUALA LUMPUR (WP),88beb013-6a67-4936-9afd-b84a072cb60f
547392,2f0163dd-7896-4c3b-b414-fbfe6a9288c0,e795beb3-2cda-4ac4-b79d-7953221f1fb6,166,JHT,O,061,JHT-O-061,"JLN BAWAH KE MAINTANANCE KTMB,KL SENTRAL",,3,Berhampiran,,3.134398,101.68636,7,55c38deb-aae3-44c5-bfac-0bb919effec4,Wilayah Persekutuan Kuala Lumpur,137,WP Kuala Lumpur,2,Swasta,1,Berfungsi,224.853,images/img_pili/20190802143722696.,1,Pillar Hydrant,121,Lembah Pantai,0000-00-00,0,,1,KUALA LUMPUR (WP),88beb013-6a67-4936-9afd-b84a072cb60f
547393,dce9ec65-ad87-47c9-95b5-14142a85ce59,e795beb3-2cda-4ac4-b79d-7953221f1fb6,166,JHT,O,062,JHT-O-062,"JLN BAWAH KE MAINTANANCE KTMB,KL SENTRAL",,3,Berhampiran,,3.134398,101.68636,7,55c38deb-aae3-44c5-bfac-0bb919effec4,Wilayah Persekutuan Kuala Lumpur,137,WP Kuala Lumpur,2,Swasta,1,Berfungsi,224.853,images/img_pili/20190802144056877.,1,Pillar Hydrant,121,Lembah Pantai,0000-00-00,0,,1,KUALA LUMPUR (WP),88beb013-6a67-4936-9afd-b84a072cb60f
547396,0c70d534-100d-40bf-8d45-e94ddc70a375,e795beb3-2cda-4ac4-b79d-7953221f1fb6,166,JHT,O,063,JHT-O-063,"JLN BAWAH KELUAR DARIPADA MAINTANANCE KTMB,KL SENTRAL",,3,Berhampiran,,3.134241,101.686255,7,55c38deb-aae3-44c5-bfac-0bb919effec4,Wilayah Persekutuan Kuala Lumpur,137,WP Kuala Lumpur,2,Swasta,1,Berfungsi,357.74,images/img_pili/20190802145421310.,1,Pillar Hydrant,121,Lembah Pantai,0000-00-00,0,,1,KUALA LUMPUR (WP),88beb013-6a67-4936-9afd-b84a072cb60f
547397,7c5ec0ee-65b7-4ef6-9f58-502e55496ddd,e795beb3-2cda-4ac4-b79d-7953221f1fb6,166,JHT,O,064,JHT-O-064,"JLN BAWAH KELUAR DARIPADA MAINTANANCE KTMB,KL SENTRAL",,3,Berhampiran,,3.134241,101.686255,7,55c38deb-aae3-44c5-bfac-0bb919effec4,Wilayah Persekutuan Kuala Lumpur,137,WP Kuala Lumpur,2,Swasta,1,Berfungsi,357.74,images/img_pili/20190802145656557.,1,Pillar Hydrant,121,Lembah Pantai,0000-00-00,0,,1,KUALA LUMPUR (WP),88beb013-6a67-4936-9afd-b84a072cb60f
547398,acaf453f-6a04-4376-82f1-2c14338f46f7,e795beb3-2cda-4ac4-b79d-7953221f1fb6,166,JHT,O,065,JHT-O-065,"JLN BAWAH KELUAR DARIPADA MAINTANANCE KTMB,KL SENTRAL",,3,Berhampiran,,3.134241,101.686255,7,55c38deb-aae3-44c5-bfac-0bb919effec4,Wilayah Persekutuan Kuala Lumpur,137,WP Kuala Lumpur,2,Swasta,1,Berfungsi,357.74,images/img_pili/20190802150027484.,1,Pillar Hydrant,121,Lembah Pantai,0000-00-00,0,,1,KUALA LUMPUR (WP),88beb013-6a67-4936-9afd-b84a072cb60f
547400,8d731385-ffd8-498d-9140-347b689d90b0,e795beb3-2cda-4ac4-b79d-7953221f1fb6,166,JHT,O,066,JHT-O-066,"JLN BAWAH KELUAR DARIPADA MAINTANANCE KTMB,KL SENTRAL",,3,Berhampiran,,3.134241,101.686255,7,55c38deb-aae3-44c5-bfac-0bb919effec4,Wilayah Persekutuan Kuala Lumpur,137,WP Kuala Lumpur,2,Swasta,1,Berfungsi,357.74,images/img_pili/20190802150218969.,1,Pillar Hydrant,121,Lembah Pantai,0000-00-00,0,,1,KUALA LUMPUR (WP),88beb013-6a67-4936-9afd-b84a072cb60f
547401,82fd0c59-9585-4393-badf-72fb47d48fb0,e795beb3-2cda-4ac4-b79d-7953221f1fb6,166,JHT,O,067,JHT-O-067,"BANGUNAN SHELL,JLN TUN SAMBATHAN",,3,Berhampiran,,3.130997,101.684708,7,55c38deb-aae3-44c5-bfac-0bb919effec4,Wilayah Persekutuan Kuala Lumpur,137,WP Kuala Lumpur,2,Swasta,1,Berfungsi,778.915,images/img_pili/20190802150828644.,1,Pillar Hydrant,121,Lembah Pantai,0000-00-00,0,,30,BRICKFIELDS (WP),99785b29-b2fd-4979-99b5-36257d773818
547402,ba989a63-d8d0-4dd4-8599-99fb5d5cf5cd,e795beb3-2cda-4ac4-b79d-7953221f1fb6,166,JHT,O,068,JHT-O-068,"BANGUNAN SHELL,JLN TUN SAMBATHAN",,3,Berhampiran,,3.130997,101.684708,7,55c38deb-aae3-44c5-bfac-0bb919effec4,Wilayah Persekutuan Kuala Lumpur,137,WP Kuala Lumpur,2,Swasta,1,Berfungsi,778.915,images/img_pili/20190802151049578.,1,Pillar Hydrant,121,Lembah Pantai,0000-00-00,0,,30,BRICKFIELDS (WP),99785b29-b2fd-4979-99b5-36257d773818
547403,22f89280-e834-4ce6-b15f-b7e816549e9e,e795beb3-2cda-4ac4-b79d-7953221f1fb6,166,JHT,O,069,JHT-O-069,"BANGUNAN SHELL,JLN TUN SAMBATHAN",,3,Berhampiran,,3.130997,101.684708,7,55c38deb-aae3-44c5-bfac-0bb919effec4,Wilayah Persekutuan Kuala Lumpur,137,WP Kuala Lumpur,2,Swasta,1,Berfungsi,778.915,images/img_pili/20190802151334677.,1,Pillar Hydrant,121,Lembah Pantai,0000-00-00,0,,30,BRICKFIELDS (WP),99785b29-b2fd-4979-99b5-36257d773818
547404,d2523552-f5cd-4e14-b728-a6db766a22c4,e795beb3-2cda-4ac4-b79d-7953221f1fb6,166,JHT,O,070,JHT-O-070,"BANGUNAN SHELL,JLN TUN SAMBATHAN",,3,Berhampiran,,3.130997,101.684708,7,55c38deb-aae3-44c5-bfac-0bb919effec4,Wilayah Persekutuan Kuala Lumpur,137,WP Kuala Lumpur,2,Swasta,1,Berfungsi,778.915,images/img_pili/20190802151645790.,1,Pillar Hydrant,121,Lembah Pantai,0000-00-00,0,,30,BRICKFIELDS (WP),99785b29-b2fd-4979-99b5-36257d773818
547405,e588da8f-3757-4676-83f8-e6597384cfad,e795beb3-2cda-4ac4-b79d-7953221f1fb6,166,JHT,O,071,JHT-O-071,"BANGUNAN SHELL,JLN TUN SAMBATHAN",,3,Berhampiran,,3.130997,101.684708,7,55c38deb-aae3-44c5-bfac-0bb919effec4,Wilayah Persekutuan Kuala Lumpur,137,WP Kuala Lumpur,2,Swasta,1,Berfungsi,224.853,images/img_pili/2019080215263128.,1,Pillar Hydrant,121,Lembah Pantai,0000-00-00,0,,30,BRICKFIELDS (WP),99785b29-b2fd-4979-99b5-36257d773818
547406,79f6490e-0a5d-483f-b778-a205fb264b85,e795beb3-2cda-4ac4-b79d-7953221f1fb6,166,JHT,O,072,JHT-O-072,"BANGUNAN SHELL,JLN TUN SAMBATHAN",,3,Berhampiran,,3.130997,101.684708,7,55c38deb-aae3-44c5-bfac-0bb919effec4,Wilayah Persekutuan Kuala Lumpur,137,WP Kuala Lumpur,2,Swasta,1,Berfungsi,224.853,images/img_pili/20190802152805837.,1,Pillar Hydrant,121,Lembah Pantai,0000-00-00,0,,30,BRICKFIELDS (WP),99785b29-b2fd-4979-99b5-36257d773818
547407,d125d509-8177-43a4-9ac1-d906c5abd03f,e795beb3-2cda-4ac4-b79d-7953221f1fb6,166,JHT,O,073,JHT-O-073,"NU SENTRAL,JLN TUN SAMBATHAN",,3,Berhampiran,,3.133324,101.686628,7,55c38deb-aae3-44c5-bfac-0bb919effec4,Wilayah Persekutuan Kuala Lumpur,137,WP Kuala Lumpur,2,Swasta,1,Berfungsi,224.853,images/img_pili/20190802153611133.,1,Pillar Hydrant,121,Lembah Pantai,0000-00-00,0,,30,BRICKFIELDS (WP),99785b29-b2fd-4979-99b5-36257d773818
547408,6a2e6f97-103e-4fba-af61-c35f7d054f8b,e795beb3-2cda-4ac4-b79d-7953221f1fb6,166,JHT,O,074,JHT-O-074,"NU SENTRAL,JLN TUN SAMBATHAN",,3,Berhampiran,,3.133324,101.686628,7,55c38deb-aae3-44c5-bfac-0bb919effec4,Wilayah Persekutuan Kuala Lumpur,137,WP Kuala Lumpur,2,Swasta,1,Berfungsi,224.853,images/img_pili/20190802153855820.,1,Pillar Hydrant,121,Lembah Pantai,0000-00-00,0,,30,BRICKFIELDS (WP),99785b29-b2fd-4979-99b5-36257d773818
547409,c750faef-6f20-4650-b935-a0ec83cfcb4f,e795beb3-2cda-4ac4-b79d-7953221f1fb6,166,JHT,O,075,JHT-O-075,"NU SENTRAL,JLN TUN SAMBATHAN",,3,Berhampiran,,3.133324,101.686628,7,55c38deb-aae3-44c5-bfac-0bb919effec4,Wilayah Persekutuan Kuala Lumpur,137,WP Kuala Lumpur,2,Swasta,1,Berfungsi,357.74,images/img_pili/20190802154049188.,1,Pillar Hydrant,121,Lembah Pantai,0000-00-00,0,,30,BRICKFIELDS (WP),99785b29-b2fd-4979-99b5-36257d773818
547411,01811ec0-73c5-4c84-acbe-693f0bfd11ea,e795beb3-2cda-4ac4-b79d-7953221f1fb6,166,JHT,O,076,JHT-O-076,"NU SENTRAL,JLN TUN SAMBATHAN",,3,Berhampiran,,3.133324,101.686628,7,55c38deb-aae3-44c5-bfac-0bb919effec4,Wilayah Persekutuan Kuala Lumpur,137,WP Kuala Lumpur,2,Swasta,1,Berfungsi,357.74,images/img_pili/20190802154224840.,1,Pillar Hydrant,121,Lembah Pantai,0000-00-00,0,,30,BRICKFIELDS (WP),99785b29-b2fd-4979-99b5-36257d773818
546695,997de101-239a-483b-9f9d-4b8b824c8620,e795beb3-2cda-4ac4-b79d-7953221f1fb6,166,JHT,P,001,JHT-P-001,Jalan Travers Menghala Ke Jalan Tun Sambathan,Jalan Travers Menghala Ke Jalan Tun Sambathan,1,Hadapan,,3.12964,101.68414,7,55c38deb-aae3-44c5-bfac-0bb919effec4,Wilayah Persekutuan Kuala Lumpur,137,WP Kuala Lumpur,1,Awam,1,Berfungsi,357.74,images/img_pili/20190717090257910.,1,Pillar Hydrant,121,Lembah Pantai,0000-00-00,0,,1,KUALA LUMPUR (WP),88beb013-6a67-4936-9afd-b84a072cb60f
546696,162beaed-d2bc-447b-9569-b15bf197908d,e795beb3-2cda-4ac4-b79d-7953221f1fb6,166,JHT,P,002,JHT-P-002,Jln Tun Sambathan simpang Jln Sultan Abdul Samad Lot No 209,Jln Tun Sambathan simpang Jln Sultan Abdul Samad Lot No 209,3,Berhampiran,,3.148852,101.695683,7,55c38deb-aae3-44c5-bfac-0bb919effec4,Wilayah Persekutuan Kuala Lumpur,137,WP Kuala Lumpur,1,Awam,2,Tidak Berfungsi,0,images/img_pili/20190717090937686.,1,Pillar Hydrant,121,Lembah Pantai,0000-00-00,0,,1,KUALA LUMPUR (WP),88beb013-6a67-4936-9afd-b84a072cb60f
546697,0f6d49f5-f95e-4306-ad3b-d24d467f4d45,e795beb3-2cda-4ac4-b79d-7953221f1fb6,166,JHT,P,003,JHT-P-003,Jln Tun Sambathan SMK LA SALLE Pintu Masuk,SEBELAH KIRI PINTU MASUK SMK LASALLE  JLN TUN SAMBATHAN,3,Berhampiran,,3.126966,101.683868,7,55c38deb-aae3-44c5-bfac-0bb919effec4,Wilayah Persekutuan Kuala Lumpur,137,WP Kuala Lumpur,1,Awam,2,Tidak Berfungsi,0,images/img_pili/20190717091356693.,1,Pillar Hydrant,121,Lembah Pantai,0000-00-00,0,,1,KUALA LUMPUR (WP),88beb013-6a67-4936-9afd-b84a072cb60f
546698,75acf89e-ae2b-467a-aa8d-7b6960df7a57,e795beb3-2cda-4ac4-b79d-7953221f1fb6,166,JHT,P,004,JHT-P-004,Jln Tun Sambathan Tepi Ibu Pejabat Polis Daerah Brickfields,Jln Tun Sambathan Tepi Ibu Pejabat Polis Daerah Brickfields,4,Tepi,,3.132501,101.685512,7,55c38deb-aae3-44c5-bfac-0bb919effec4,Wilayah Persekutuan Kuala Lumpur,137,WP Kuala Lumpur,1,Awam,1,Berfungsi,357.74,images/img_pili/20190717092155816.,2,Ground Hydrant,121,Lembah Pantai,0000-00-00,0,,1,KUALA LUMPUR (WP),88beb013-6a67-4936-9afd-b84a072cb60f
546699,5d58998c-fd1a-4924-91e6-76962e071725,e795beb3-2cda-4ac4-b79d-7953221f1fb6,166,JHT,P,005,JHT-P-005,Jln Tun Sambathan Simpang Ke Jalan Tun Sambathan 2,Jln Tun Sambathan Simpang Ke Jalan Tun Sambathan 2,3,Berhampiran,,3.12594,101.68113,7,55c38deb-aae3-44c5-bfac-0bb919effec4,Wilayah Persekutuan Kuala Lumpur,137,WP Kuala Lumpur,1,Awam,1,Berfungsi,158.995,images/img_pili/20190717092612387.,2,Ground Hydrant,121,Lembah Pantai,0000-00-00,0,,1,KUALA LUMPUR (WP),88beb013-6a67-4936-9afd-b84a072cb60f
546700,78a33095-3652-47c0-bda5-3d8843020c13,e795beb3-2cda-4ac4-b79d-7953221f1fb6,166,JHT,P,006,JHT-P-006,Jln Tun Sambathan Simpang Ke Kelab Sukan DBKL,Jln Tun Sambathan Simpang Ke Kelab Sukan DBKL,3,Berhampiran,,3.126736,101.682084,7,55c38deb-aae3-44c5-bfac-0bb919effec4,Wilayah Persekutuan Kuala Lumpur,137,WP Kuala Lumpur,1,Awam,1,Berfungsi,357.74,images/img_pili/20190717093042418.,1,Pillar Hydrant,121,Lembah Pantai,0000-00-00,0,,1,KUALA LUMPUR (WP),88beb013-6a67-4936-9afd-b84a072cb60f
546703,123df8af-0d05-4e32-9e37-b346ed2deb68,e795beb3-2cda-4ac4-b79d-7953221f1fb6,166,JHT,P,007,JHT-P-007,Jalan  Tun Sambathan 2 Kuaters Polis Blok A,Jalan  Tun Sambathan 2 Kuaters Polis Blok A,3,Berhampiran,,3.12594,101.68113,7,55c38deb-aae3-44c5-bfac-0bb919effec4,Wilayah Persekutuan Kuala Lumpur,137,WP Kuala Lumpur,2,Swasta,2,Tidak Berfungsi,0,images/img_pili/20190717093611661.,1,Pillar Hydrant,121,Lembah Pantai,0000-00-00,0,,1,KUALA LUMPUR (WP),88beb013-6a67-4936-9afd-b84a072cb60f
546706,6b0cc7ad-087b-48d8-bb1b-0a6bd16a9e69,e795beb3-2cda-4ac4-b79d-7953221f1fb6,166,JHT,P,008,JHT-P-008,Jalan Tun Sambathan 2 Kuarters Polis Blok B ,Jalan Tun Sambathan 2 Kuarters Polis Blok B,3,Berhampiran,,3.12594,101.681129,7,55c38deb-aae3-44c5-bfac-0bb919effec4,Wilayah Persekutuan Kuala Lumpur,137,WP Kuala Lumpur,2,Swasta,2,Tidak Berfungsi,0,images/img_pili/20190717094048430.,1,Pillar Hydrant,121,Lembah Pantai,0000-00-00,0,,1,KUALA LUMPUR (WP),88beb013-6a67-4936-9afd-b84a072cb60f
546710,8636aa7e-13b0-40c3-bdac-742da6f084a8,e795beb3-2cda-4ac4-b79d-7953221f1fb6,166,JHT,P,009,JHT-P-009,Jalan Ang Seng 4 Depan Rumah Kedai No ,Jalan Ang Seng 4 Depan Rumah Kedai No ,1,Hadapan,,3.12591,101.67989,7,55c38deb-aae3-44c5-bfac-0bb919effec4,Wilayah Persekutuan Kuala Lumpur,137,WP Kuala Lumpur,1,Awam,1,Berfungsi,158.995,images/img_pili/20190717094615122.,1,Pillar Hydrant,121,Lembah Pantai,0000-00-00,0,,1,KUALA LUMPUR (WP),88beb013-6a67-4936-9afd-b84a072cb60f
546713,145ec2ed-2495-4134-9180-84160fb51431,e795beb3-2cda-4ac4-b79d-7953221f1fb6,166,JHT,P,010,JHT-P-010,Jalan Ang Seng 4 Depan Rumah Kedai No,Jalan Ang Seng 4 Depan Rumah Kedai No,3,Berhampiran,,3.12591,101.67989,7,55c38deb-aae3-44c5-bfac-0bb919effec4,Wilayah Persekutuan Kuala Lumpur,137,WP Kuala Lumpur,1,Awam,1,Berfungsi,158.995,images/img_pili/20190717095037695.,1,Pillar Hydrant,121,Lembah Pantai,0000-00-00,0,,1,KUALA LUMPUR (WP),88beb013-6a67-4936-9afd-b84a072cb60f
546716,c5e1fd25-8ec5-4bd4-81df-2fc32a5f1bc1,e795beb3-2cda-4ac4-b79d-7953221f1fb6,166,JHT,P,011,JHT-P-011,Jalan Ang Seng 4 Depan Rumah Kedai No,Jalan Ang Seng 4 Depan Rumah Kedai No,3,Berhampiran,,3.12591,101.67989,7,55c38deb-aae3-44c5-bfac-0bb919effec4,Wilayah Persekutuan Kuala Lumpur,137,WP Kuala Lumpur,1,Awam,1,Berfungsi,252.96,images/img_pili/20190717095416266.,1,Pillar Hydrant,121,Lembah Pantai,0000-00-00,0,,1,KUALA LUMPUR (WP),88beb013-6a67-4936-9afd-b84a072cb60f
546719,47bcdd0b-df4b-438c-8573-2ece2a480959,e795beb3-2cda-4ac4-b79d-7953221f1fb6,166,JHT,P,012,JHT-P-012,Lorong Tun Sambathan Depan Wisma(Leoperd),Lorong Tun Sambathan Depan Wisma(Leoperd),1,Hadapan,,3.12969,101.68405,7,55c38deb-aae3-44c5-bfac-0bb919effec4,Wilayah Persekutuan Kuala Lumpur,137,WP Kuala Lumpur,1,Awam,1,Berfungsi,252.96,images/img_pili/20190717095834166.,2,Ground Hydrant,121,Lembah Pantai,0000-00-00,0,,1,KUALA LUMPUR (WP),88beb013-6a67-4936-9afd-b84a072cb60f
546721,e834d6b8-0630-43a3-ac74-d104872bea3a,e795beb3-2cda-4ac4-b79d-7953221f1fb6,166,JHT,P,013,JHT-P-013,Lorong Tun Sambathan Depan Gereja,Lorong Tun Sambathan Depan Gereja,1,Hadapan,,3.12969,101.68405,7,55c38deb-aae3-44c5-bfac-0bb919effec4,Wilayah Persekutuan Kuala Lumpur,137,WP Kuala Lumpur,1,Awam,1,Berfungsi,252.96,images/img_pili/20190717100140319.,1,Pillar Hydrant,121,Lembah Pantai,0000-00-00,0,,1,KUALA LUMPUR (WP),88beb013-6a67-4936-9afd-b84a072cb60f
546725,69abaf5f-a70f-4978-8b57-81dcce35ae60,e795beb3-2cda-4ac4-b79d-7953221f1fb6,166,JHT,P,014,JHT-P-014,Lorong Tun Sambathan Wisma(Leoperd),Lorong Tun Sambathan Wisma(Leoperd),3,Berhampiran,,3.12969,101.68405,7,55c38deb-aae3-44c5-bfac-0bb919effec4,Wilayah Persekutuan Kuala Lumpur,137,WP Kuala Lumpur,2,Swasta,1,Berfungsi,252.96,images/img_pili/20190717100621572.,1,Pillar Hydrant,121,Lembah Pantai,0000-00-00,0,,1,KUALA LUMPUR (WP),88beb013-6a67-4936-9afd-b84a072cb60f
546726,a8c5a2b9-929b-4ce3-8bbc-bb311d732912,e795beb3-2cda-4ac4-b79d-7953221f1fb6,166,JHT,P,015,JHT-P-015,Lorong Tun Sambathan Wisma(Leoperd),Lorong Tun Sambathan Wisma(Leoperd),3,Berhampiran,,3.12969,101.68405,7,55c38deb-aae3-44c5-bfac-0bb919effec4,Wilayah Persekutuan Kuala Lumpur,137,WP Kuala Lumpur,2,Swasta,1,Berfungsi,357.74,images/img_pili/20190717101049476.,1,Pillar Hydrant,121,Lembah Pantai,0000-00-00,0,,1,KUALA LUMPUR (WP),88beb013-6a67-4936-9afd-b84a072cb60f
546727,b3d9c9dd-c16f-43b8-bd6f-d28a374bffac,e795beb3-2cda-4ac4-b79d-7953221f1fb6,166,JHT,P,016,JHT-P-016,Global Indian International School Lorong Abdul Samad,Global Indian International School Lorong Abdul Samad,1,Hadapan,,3.12753,101.68512,7,55c38deb-aae3-44c5-bfac-0bb919effec4,Wilayah Persekutuan Kuala Lumpur,137,WP Kuala Lumpur,2,Swasta,1,Berfungsi,357.74,images/img_pili/20190717101349544.,1,Pillar Hydrant,121,Lembah Pantai,0000-00-00,0,,1,KUALA LUMPUR (WP),88beb013-6a67-4936-9afd-b84a072cb60f
546728,13ea895a-7d18-449e-892c-d6cc80841bd9,e795beb3-2cda-4ac4-b79d-7953221f1fb6,166,JHT,P,017,JHT-P-017,Global Indian International School Lorong Abdul Samad,Global Indian International School Lorong Abdul Samad,1,Hadapan,,3.12753,101.68512,7,55c38deb-aae3-44c5-bfac-0bb919effec4,Wilayah Persekutuan Kuala Lumpur,137,WP Kuala Lumpur,2,Swasta,1,Berfungsi,357.74,images/img_pili/20190717101708146.,1,Pillar Hydrant,121,Lembah Pantai,0000-00-00,0,,1,KUALA LUMPUR (WP),88beb013-6a67-4936-9afd-b84a072cb60f
546729,dcae07f5-9849-416a-afc2-78545f137d7c,e795beb3-2cda-4ac4-b79d-7953221f1fb6,166,JHT,P,018,JHT-P-018,Jalan Tun Sambathan Sebelah Jalan Wisma Koperasi Polis,Jalan Tun Sambathan Sebelah Jalan Wisma Koperasi Polis,4,Tepi,,3.12969,101.68405,7,55c38deb-aae3-44c5-bfac-0bb919effec4,Wilayah Persekutuan Kuala Lumpur,137,WP Kuala Lumpur,1,Awam,1,Berfungsi,357.74,images/img_pili/20190717102144502.,1,Pillar Hydrant,121,Lembah Pantai,0000-00-00,0,,1,KUALA LUMPUR (WP),88beb013-6a67-4936-9afd-b84a072cb60f
546730,b954c002-4c68-4d33-8c57-4819adf49d7f,e795beb3-2cda-4ac4-b79d-7953221f1fb6,166,JHT,P,019,JHT-P-019,Jalan Thambi Abdullah Kanan Cuepacs Apartment,Jalan Thambi Abdullah Kanan Cuepacs Apartment,6,Kanan,,3.12873,101.68216,7,55c38deb-aae3-44c5-bfac-0bb919effec4,Wilayah Persekutuan Kuala Lumpur,137,WP Kuala Lumpur,1,Awam,1,Berfungsi,158.995,images/img_pili/20190717102506992.,2,Ground Hydrant,121,Lembah Pantai,0000-00-00,0,,1,KUALA LUMPUR (WP),88beb013-6a67-4936-9afd-b84a072cb60f
546731,ebadaed0-72e3-4fed-95a7-ea6dd126269f,e795beb3-2cda-4ac4-b79d-7953221f1fb6,166,JHT,P,020,JHT-P-020,Jalan Thambi Abdullah Kiri Cuepacs Apartment,Jalan Thambi Abdullah Kiri CuepacsApartment,5,Kiri,,3.12873,101.68216,7,55c38deb-aae3-44c5-bfac-0bb919effec4,Wilayah Persekutuan Kuala Lumpur,137,WP Kuala Lumpur,1,Awam,2,Tidak Berfungsi,0,images/img_pili/20190717102631279.,2,Ground Hydrant,121,Lembah Pantai,0000-00-00,0,,1,KUALA LUMPUR (WP),88beb013-6a67-4936-9afd-b84a072cb60f
546732,b257b168-7488-4015-a9dd-14caab296c4d,e795beb3-2cda-4ac4-b79d-7953221f1fb6,166,JHT,P,021,JHT-P-021,Jalan Thambi Abdullah Wisma PRY Lot 130 Hadapan Oyo Hotel,Jalan Thambi Abdullah Wisma PRY Lot 130 Hadapan Oyo Hotel,1,Hadapan,,3.12782,101.68135,7,55c38deb-aae3-44c5-bfac-0bb919effec4,Wilayah Persekutuan Kuala Lumpur,137,WP Kuala Lumpur,1,Awam,1,Berfungsi,158.995,images/img_pili/20190717103343343.,1,Pillar Hydrant,121,Lembah Pantai,0000-00-00,0,,1,KUALA LUMPUR (WP),88beb013-6a67-4936-9afd-b84a072cb60f
546733,6254619b-8ec1-478f-868a-33654822d3fd,e795beb3-2cda-4ac4-b79d-7953221f1fb6,166,JHT,P,022,JHT-P-022,Jalan Thambi Abdullah Depan Menara Putri Lot 135,Jalan Thambi Abdullah Depan Menara Putri Lot 135,1,Hadapan,,3.12774,101.6806,7,55c38deb-aae3-44c5-bfac-0bb919effec4,Wilayah Persekutuan Kuala Lumpur,137,WP Kuala Lumpur,1,Awam,1,Berfungsi,158.995,images/img_pili/20190717103724951.,1,Pillar Hydrant,121,Lembah Pantai,0000-00-00,0,,1,KUALA LUMPUR (WP),88beb013-6a67-4936-9afd-b84a072cb60f
546734,fbe5c271-4827-442f-81f4-93fc2ed025de,e795beb3-2cda-4ac4-b79d-7953221f1fb6,166,JHT,P,023,JHT-P-023,Jalan Thambi Abdullah Menara Putri Lot 135,Jalan Thambi Abdullah Menara Putri Lot 135,1,Hadapan,,3.12774,101.6806,7,55c38deb-aae3-44c5-bfac-0bb919effec4,Wilayah Persekutuan Kuala Lumpur,137,WP Kuala Lumpur,2,Swasta,1,Berfungsi,252.96,images/img_pili/20190717104152804.,1,Pillar Hydrant,121,Lembah Pantai,0000-00-00,0,,1,KUALA LUMPUR (WP),88beb013-6a67-4936-9afd-b84a072cb60f
546735,b0371e56-e54f-4d50-a70e-3b59e2adb1e4,e795beb3-2cda-4ac4-b79d-7953221f1fb6,166,JHT,P,024,JHT-P-024,Jalan Thambi Abdullah Menara Putri Lot 135,Jalan Thambi Abdullah Menara Putri Lot 135,1,Hadapan,,3.12774,101.6806,7,55c38deb-aae3-44c5-bfac-0bb919effec4,Wilayah Persekutuan Kuala Lumpur,137,WP Kuala Lumpur,2,Swasta,1,Berfungsi,252.96,images/img_pili/20190717104302955.,1,Pillar Hydrant,121,Lembah Pantai,0000-00-00,0,,1,KUALA LUMPUR (WP),88beb013-6a67-4936-9afd-b84a072cb60f
546758,1649ea46-ca3c-42e9-a40e-10ae7c9216a6,e795beb3-2cda-4ac4-b79d-7953221f1fb6,166,JHT,P,025,JHT-P-025,"Jalan Tun Sambathan 1,Belakang Flat Lot 14","Jalan Tun Sambathan 1,Belakang Flat Lot 14",2,Belakang,,3.128,101.68177,7,55c38deb-aae3-44c5-bfac-0bb919effec4,Wilayah Persekutuan Kuala Lumpur,137,WP Kuala Lumpur,1,Awam,1,Berfungsi,252.96,images/img_pili/2019071821361650.,2,Ground Hydrant,121,Lembah Pantai,0000-00-00,0,,1,KUALA LUMPUR (WP),88beb013-6a67-4936-9afd-b84a072cb60f
546759,89469624-5b4d-4f16-9657-0370bdc9ce42,e795beb3-2cda-4ac4-b79d-7953221f1fb6,166,JHT,P,026,JHT-P-026,Jalan Tun Sambathan simpang jalan Ang Seng Flat Lot 26,Jalan Tun Sambathan simpang jalan Ang Seng Flat Lot 26,3,Berhampiran,,3.12881,101.6808,7,55c38deb-aae3-44c5-bfac-0bb919effec4,Wilayah Persekutuan Kuala Lumpur,137,WP Kuala Lumpur,1,Awam,1,Berfungsi,252.96,images/img_pili/20190718214014292.,1,Pillar Hydrant,121,Lembah Pantai,0000-00-00,0,,1,KUALA LUMPUR (WP),88beb013-6a67-4936-9afd-b84a072cb60f
546760,229a2d7c-2f39-4564-83fb-14721541c651,e795beb3-2cda-4ac4-b79d-7953221f1fb6,166,JHT,P,027,JHT-P-027,Jalan Ang Seng Berhampiran Stesen Kuasa Lrt,Jalan Ang Seng Berhampiran Stesen Kuasa Lrt,3,Berhampiran,,3.12641,101.67974,7,55c38deb-aae3-44c5-bfac-0bb919effec4,Wilayah Persekutuan Kuala Lumpur,137,WP Kuala Lumpur,1,Awam,1,Berfungsi,357.74,images/img_pili/20190718214301352.,1,Pillar Hydrant,121,Lembah Pantai,0000-00-00,0,,1,KUALA LUMPUR (WP),88beb013-6a67-4936-9afd-b84a072cb60f
546761,ad278727-fdee-41ad-8fab-226ae6e21db7,e795beb3-2cda-4ac4-b79d-7953221f1fb6,166,JHT,P,028,JHT-P-028,Jalan Ang Seng Dalam Kawasan Kondo Sri Pelangi,Jalan Ang Seng Dalam Kawasan Kondo Sri Pelangi,3,Berhampiran,,3.12641,101.679741,7,55c38deb-aae3-44c5-bfac-0bb919effec4,Wilayah Persekutuan Kuala Lumpur,137,WP Kuala Lumpur,2,Swasta,1,Berfungsi,357.74,images/img_pili/20190718214602403.,1,Pillar Hydrant,121,Lembah Pantai,0000-00-00,0,,1,KUALA LUMPUR (WP),88beb013-6a67-4936-9afd-b84a072cb60f
546762,34caf1ae-99c2-4265-8d33-05441a60ce0e,e795beb3-2cda-4ac4-b79d-7953221f1fb6,166,JHT,P,029,JHT-P-029,Jalan Ang Seng Dalam Kawasan Kondo Sri Pelangi,Jalan Ang Seng Dalam Kawasan Kondo Sri Pelangi,3,Berhampiran,,3.12641,101.679741,7,55c38deb-aae3-44c5-bfac-0bb919effec4,Wilayah Persekutuan Kuala Lumpur,137,WP Kuala Lumpur,2,Swasta,1,Berfungsi,357.74,images/img_pili/20190718214750961.,1,Pillar Hydrant,121,Lembah Pantai,0000-00-00,0,,1,KUALA LUMPUR (WP),88beb013-6a67-4936-9afd-b84a072cb60f
546763,baa71271-7e37-4294-b8cf-f29989023fe0,e795beb3-2cda-4ac4-b79d-7953221f1fb6,166,JHT,P,030,JHT-P-030,Jalan Ang Seng Dalam Kawasan Kondo Sri Pelangi,Jalan Ang Seng Dalam Kawasan Kondo Sri Pelangi,3,Berhampiran,,3.12641,101.679741,7,55c38deb-aae3-44c5-bfac-0bb919effec4,Wilayah Persekutuan Kuala Lumpur,137,WP Kuala Lumpur,2,Swasta,1,Berfungsi,438.14,images/img_pili/20190718214952922.,1,Pillar Hydrant,121,Lembah Pantai,0000-00-00,0,,1,KUALA LUMPUR (WP),88beb013-6a67-4936-9afd-b84a072cb60f
546764,d77112c3-6e1f-4527-b465-03c97eba2fcc,e795beb3-2cda-4ac4-b79d-7953221f1fb6,166,JHT,P,031,JHT-P-031,Jalan Ang Seng Hadapan Sri Impiana Kondo,Jalan Ang Seng Hadapan  Sri Impian Kondo,1,Hadapan,,3.12641,101.67974,7,55c38deb-aae3-44c5-bfac-0bb919effec4,Wilayah Persekutuan Kuala Lumpur,137,WP Kuala Lumpur,2,Swasta,1,Berfungsi,158.995,images/img_pili/20190718215808328.,1,Pillar Hydrant,121,Lembah Pantai,0000-00-00,0,,1,KUALA LUMPUR (WP),88beb013-6a67-4936-9afd-b84a072cb60f
546765,7ce22195-0b81-4c4f-b300-a2668ca30c7b,e795beb3-2cda-4ac4-b79d-7953221f1fb6,166,JHT,P,032,JHT-P-032,Jalan Ang Seng Kanan Sri Impiana Kondo,,6,Kanan,,3.12641,101.67974,7,55c38deb-aae3-44c5-bfac-0bb919effec4,Wilayah Persekutuan Kuala Lumpur,137,WP Kuala Lumpur,2,Swasta,1,Berfungsi,158.995,images/img_pili/20190718215914566.,1,Pillar Hydrant,121,Lembah Pantai,0000-00-00,0,,1,KUALA LUMPUR (WP),88beb013-6a67-4936-9afd-b84a072cb60f
546766,5c23fb6c-23f4-4c9e-9235-956c3a37778a,e795beb3-2cda-4ac4-b79d-7953221f1fb6,166,JHT,P,033,JHT-P-033,Jalan Ang Seng Sri Impiana Kondo,Jalan Ang Seng Sri Impiana Kondo,3,Berhampiran,,3.12641,101.67974,7,55c38deb-aae3-44c5-bfac-0bb919effec4,Wilayah Persekutuan Kuala Lumpur,137,WP Kuala Lumpur,2,Swasta,1,Berfungsi,158.995,images/img_pili/20190718220048598.,1,Pillar Hydrant,121,Lembah Pantai,0000-00-00,0,,1,KUALA LUMPUR (WP),88beb013-6a67-4936-9afd-b84a072cb60f
546767,370974c2-2666-4e14-8e82-e2f9b283c5f3,e795beb3-2cda-4ac4-b79d-7953221f1fb6,166,JHT,P,034,JHT-P-034,Jalan Ang Seng Est Alila Residences,Jalan Ang Seng Est Alila Residences,1,Hadapan,,3.12641,101.67974,7,55c38deb-aae3-44c5-bfac-0bb919effec4,Wilayah Persekutuan Kuala Lumpur,137,WP Kuala Lumpur,1,Awam,1,Berfungsi,158.995,images/img_pili/2019071822035439.,1,Pillar Hydrant,121,Lembah Pantai,0000-00-00,0,,1,KUALA LUMPUR (WP),88beb013-6a67-4936-9afd-b84a072cb60f
546768,f64854ea-50ed-4e09-a773-afdd6c54cafb,e795beb3-2cda-4ac4-b79d-7953221f1fb6,166,JHT,P,035,JHT-P-035,"Jalan Ang Seng 3,Flat Rumah Lot 1","Jalan Ang Seng 3,Flat Rumah Lot 1",1,Hadapan,,3.12745,101.6798,7,55c38deb-aae3-44c5-bfac-0bb919effec4,Wilayah Persekutuan Kuala Lumpur,137,WP Kuala Lumpur,1,Awam,1,Berfungsi,252.96,images/img_pili/20190718220632840.,1,Pillar Hydrant,121,Lembah Pantai,0000-00-00,0,,1,KUALA LUMPUR (WP),88beb013-6a67-4936-9afd-b84a072cb60f
546769,91232b15-d25c-4041-b504-1c7f6419c333,e795beb3-2cda-4ac4-b79d-7953221f1fb6,166,JHT,P,036,JHT-P-036,Jalan Ang Seng 3 Flat Rumah Lot 70,Jalan Ang Seng 3 Flat Rumah Lot 70,1,Hadapan,,3.12745,101.6798,7,55c38deb-aae3-44c5-bfac-0bb919effec4,Wilayah Persekutuan Kuala Lumpur,137,WP Kuala Lumpur,1,Awam,1,Berfungsi,252.96,images/img_pili/20210709104653561.jpeg,1,Pillar Hydrant,121,Lembah Pantai,0000-00-00,0,,1,KUALA LUMPUR (WP),88beb013-6a67-4936-9afd-b84a072cb60f
546770,432773a9-50f3-4aac-bbef-b1ba021d4cda,e795beb3-2cda-4ac4-b79d-7953221f1fb6,166,JHT,P,037,JHT-P-037,Jln Ang Seng Belakang Flat Tepi Perkuburan Islam,Jln Ang Seng Belakang Flat Tepi Perkuburan Islam,2,Belakang,,3.126843,101.68006,7,55c38deb-aae3-44c5-bfac-0bb919effec4,Wilayah Persekutuan Kuala Lumpur,137,WP Kuala Lumpur,1,Awam,1,Berfungsi,252.96,images/img_pili/20190718221326861.,1,Pillar Hydrant,121,Lembah Pantai,0000-00-00,0,,1,KUALA LUMPUR (WP),88beb013-6a67-4936-9afd-b84a072cb60f
546771,f2ee5976-5ee1-4380-b6a4-d2aac4758fd1,e795beb3-2cda-4ac4-b79d-7953221f1fb6,166,JHT,P,038,JHT-P-038,"Jalan Ang Seng 4,Depan Rumah No 166","Jalan Ang Seng 4,Depan Rumah No 166",1,Hadapan,,3.12591,101.67989,7,55c38deb-aae3-44c5-bfac-0bb919effec4,Wilayah Persekutuan Kuala Lumpur,137,WP Kuala Lumpur,1,Awam,1,Berfungsi,252.96,images/img_pili/20190718221644423.,1,Pillar Hydrant,121,Lembah Pantai,0000-00-00,0,,1,KUALA LUMPUR (WP),88beb013-6a67-4936-9afd-b84a072cb60f
546772,5dd77119-504c-45d5-b0a5-a37fa17b1a75,e795beb3-2cda-4ac4-b79d-7953221f1fb6,166,JHT,P,039,JHT-P-039,"Jalan Ang Seng 4,Depan Kuarters Kerajaan","Jalan Ang Seng 4,Depan Kuarters Kerajaan",1,Hadapan,,3.12591,101.67989,7,55c38deb-aae3-44c5-bfac-0bb919effec4,Wilayah Persekutuan Kuala Lumpur,137,WP Kuala Lumpur,1,Awam,1,Berfungsi,438.14,images/img_pili/20190718221920543.,1,Pillar Hydrant,121,Lembah Pantai,0000-00-00,0,,1,KUALA LUMPUR (WP),88beb013-6a67-4936-9afd-b84a072cb60f
546773,fa3ab529-3cf6-4d45-a5a3-05d6c41aed5b,e795beb3-2cda-4ac4-b79d-7953221f1fb6,166,JHT,P,040,JHT-P-040,Jalan Ang Seng Sebelah Kanan,Jalan Ang Seng Sebelah Kanan,6,Kanan,,3.12641,101.67974,7,55c38deb-aae3-44c5-bfac-0bb919effec4,Wilayah Persekutuan Kuala Lumpur,137,WP Kuala Lumpur,1,Awam,1,Berfungsi,252.96,images/img_pili/20190718222245119.,1,Pillar Hydrant,121,Lembah Pantai,0000-00-00,0,,1,KUALA LUMPUR (WP),88beb013-6a67-4936-9afd-b84a072cb60f
546774,2c40d325-9f3f-49c2-b52e-da9923ece261,e795beb3-2cda-4ac4-b79d-7953221f1fb6,166,JHT,P,041,JHT-P-041,Jalan Ang Sing Tepi Kuil India Tepi Sungai Kelang,,4,Tepi,,3.04736,101.43073,7,55c38deb-aae3-44c5-bfac-0bb919effec4,Wilayah Persekutuan Kuala Lumpur,137,WP Kuala Lumpur,1,Awam,1,Berfungsi,357.74,images/img_pili/20190718223457954.,1,Pillar Hydrant,120,Bukit Bintang,0000-00-00,0,,1,KUALA LUMPUR (WP),88beb013-6a67-4936-9afd-b84a072cb60f
546775,bf2199fa-b51c-4965-8540-60c02ee46a13,e795beb3-2cda-4ac4-b79d-7953221f1fb6,166,JHT,P,042,JHT-P-042,"Jalan Ang Seng 6,Hadapan Kuarters Jabatan Parit Dan Saliran",,1,Hadapan,,3.125963,101.679829,7,55c38deb-aae3-44c5-bfac-0bb919effec4,Wilayah Persekutuan Kuala Lumpur,137,WP Kuala Lumpur,1,Awam,1,Berfungsi,357.74,images/img_pili/20190718224152140.,1,Pillar Hydrant,120,Bukit Bintang,0000-00-00,0,,1,KUALA LUMPUR (WP),88beb013-6a67-4936-9afd-b84a072cb60f
546776,0f543133-e459-477a-a947-9ae689373822,e795beb3-2cda-4ac4-b79d-7953221f1fb6,166,JHT,P,043,JHT-P-043,"Jalan Ang Seng 6,Hadapan Kuarters Jabatan Parit Dan Saliran",,1,Hadapan,,3.124809,101.678701,7,55c38deb-aae3-44c5-bfac-0bb919effec4,Wilayah Persekutuan Kuala Lumpur,137,WP Kuala Lumpur,1,Awam,1,Berfungsi,143.493,images/img_pili/20190718224646454.,1,Pillar Hydrant,121,Lembah Pantai,0000-00-00,0,,1,KUALA LUMPUR (WP),88beb013-6a67-4936-9afd-b84a072cb60f
546777,ec2c864e-8642-489e-9944-622b7b15c7f8,e795beb3-2cda-4ac4-b79d-7953221f1fb6,166,JHT,P,044,JHT-P-044,Jalan Ang Seng 4 Pintu Masuk Kuarters Kerajaan,,1,Hadapan,,3.12591,101.67989,7,55c38deb-aae3-44c5-bfac-0bb919effec4,Wilayah Persekutuan Kuala Lumpur,137,WP Kuala Lumpur,1,Awam,1,Berfungsi,143.493,images/img_pili/2019071822491890.,2,Ground Hydrant,121,Lembah Pantai,0000-00-00,0,,1,KUALA LUMPUR (WP),88beb013-6a67-4936-9afd-b84a072cb60f
546778,7524a1c4-d937-4dad-b670-4e33a785264b,e795beb3-2cda-4ac4-b79d-7953221f1fb6,166,JHT,P,045,JHT-P-045,Jalan Ang Seng 4 Tepi Dewan,,4,Tepi,,3.12591,101.67989,7,55c38deb-aae3-44c5-bfac-0bb919effec4,Wilayah Persekutuan Kuala Lumpur,137,WP Kuala Lumpur,1,Awam,1,Berfungsi,143.493,images/img_pili/20190718225131736.,2,Ground Hydrant,121,Lembah Pantai,0000-00-00,0,,1,KUALA LUMPUR (WP),88beb013-6a67-4936-9afd-b84a072cb60f
546779,ea7992f8-d6a3-4c82-bda8-c92aebade85d,e795beb3-2cda-4ac4-b79d-7953221f1fb6,166,JHT,P,046,JHT-P-046,Jalan Ang Seng 4 Belakang Dewan,,2,Belakang,,3.12591,101.67989,7,55c38deb-aae3-44c5-bfac-0bb919effec4,Wilayah Persekutuan Kuala Lumpur,137,WP Kuala Lumpur,1,Awam,1,Berfungsi,143.493,images/img_pili/20190718225449844.,2,Ground Hydrant,121,Lembah Pantai,0000-00-00,0,,1,KUALA LUMPUR (WP),88beb013-6a67-4936-9afd-b84a072cb60f
546780,93ae6cb4-9cc0-45ee-88b9-38fcbcc5225e,e795beb3-2cda-4ac4-b79d-7953221f1fb6,166,JHT,P,047,JHT-P-047,Jalan Ang Seng 4 Belakang Blok A,,2,Belakang,,3.12591,101.67989,7,55c38deb-aae3-44c5-bfac-0bb919effec4,Wilayah Persekutuan Kuala Lumpur,137,WP Kuala Lumpur,1,Awam,2,Tidak Berfungsi,0,images/img_pili/20190718225734821.,2,Ground Hydrant,121,Lembah Pantai,0000-00-00,0,,1,KUALA LUMPUR (WP),88beb013-6a67-4936-9afd-b84a072cb60f
546781,82e0e43f-c156-44a4-a306-ff4ac3e22477,e795beb3-2cda-4ac4-b79d-7953221f1fb6,166,JHT,P,048,JHT-P-048,Jalan Ang Seng 5 Kuarters Kastam,,3,Berhampiran,,3.12554,101.68049,7,55c38deb-aae3-44c5-bfac-0bb919effec4,Wilayah Persekutuan Kuala Lumpur,137,WP Kuala Lumpur,1,Awam,2,Tidak Berfungsi,0,images/img_pili/20190718225945682.,2,Ground Hydrant,121,Lembah Pantai,0000-00-00,0,,1,KUALA LUMPUR (WP),88beb013-6a67-4936-9afd-b84a072cb60f
546782,e1b53d58-a534-4e8d-8b6b-e4b519a83ef5,e795beb3-2cda-4ac4-b79d-7953221f1fb6,166,JHT,P,049,JHT-P-049,Jalan Ang Seng 5 Kuarters Kastam,,3,Berhampiran,,3.12554,101.68049,7,55c38deb-aae3-44c5-bfac-0bb919effec4,Wilayah Persekutuan Kuala Lumpur,137,WP Kuala Lumpur,1,Awam,2,Tidak Berfungsi,0,images/img_pili/20190718230230491.,2,Ground Hydrant,121,Lembah Pantai,0000-00-00,0,,1,KUALA LUMPUR (WP),88beb013-6a67-4936-9afd-b84a072cb60f
546783,1d1dd026-1d86-426c-972f-2e44a2f37181,e795beb3-2cda-4ac4-b79d-7953221f1fb6,166,JHT,P,050,JHT-P-050,Jalan Ang Seng 5 Kuarters Kastam,,3,Berhampiran,,3.12554,101.68049,7,55c38deb-aae3-44c5-bfac-0bb919effec4,Wilayah Persekutuan Kuala Lumpur,137,WP Kuala Lumpur,1,Awam,2,Tidak Berfungsi,0,images/img_pili/20190718230339796.,2,Ground Hydrant,121,Lembah Pantai,0000-00-00,0,,1,KUALA LUMPUR (WP),88beb013-6a67-4936-9afd-b84a072cb60f
546784,8118cd05-d33b-444e-8fcc-f52e35a621c2,e795beb3-2cda-4ac4-b79d-7953221f1fb6,166,JHT,P,051,JHT-P-051,Jalan Ang Seng 5 Kuarters Kastam,,3,Berhampiran,,3.12554,101.68049,7,55c38deb-aae3-44c5-bfac-0bb919effec4,Wilayah Persekutuan Kuala Lumpur,137,WP Kuala Lumpur,1,Awam,1,Berfungsi,357.74,images/img_pili/20190718230611838.,2,Ground Hydrant,121,Lembah Pantai,0000-00-00,0,,1,KUALA LUMPUR (WP),88beb013-6a67-4936-9afd-b84a072cb60f
546785,6f8aa5df-fa25-4294-9b2b-e45bd8540a9d,e795beb3-2cda-4ac4-b79d-7953221f1fb6,166,JHT,P,052,JHT-P-052,Jalan Travers bangunan Tiong Nam Hujung Bangunan,,3,Berhampiran,,3.134169,101.684308,7,55c38deb-aae3-44c5-bfac-0bb919effec4,Wilayah Persekutuan Kuala Lumpur,137,WP Kuala Lumpur,1,Awam,2,Tidak Berfungsi,0,images/img_pili/20190718231052263.,1,Pillar Hydrant,121,Lembah Pantai,0000-00-00,0,,1,KUALA LUMPUR (WP),88beb013-6a67-4936-9afd-b84a072cb60f
546786,cbcd4dad-110f-4011-aa83-9c9bf634983e,e795beb3-2cda-4ac4-b79d-7953221f1fb6,166,JHT,P,053,JHT-P-053,Jalan Tun Sambathan Hujung Kuarters Jalan Rozario,,3,Berhampiran,,3.13063,101.68512,7,55c38deb-aae3-44c5-bfac-0bb919effec4,Wilayah Persekutuan Kuala Lumpur,137,WP Kuala Lumpur,1,Awam,1,Berfungsi,438.14,images/img_pili/20190718231504256.,1,Pillar Hydrant,121,Lembah Pantai,0000-00-00,0,,1,KUALA LUMPUR (WP),88beb013-6a67-4936-9afd-b84a072cb60f
546787,56d3495a-8e15-4761-8449-db8f5d4d275e,e795beb3-2cda-4ac4-b79d-7953221f1fb6,166,JHT,P,054,JHT-P-054,Jalan Rozario Berhadapan Kuarters No 7/9,,1,Hadapan,,3.13038,101.68521,7,55c38deb-aae3-44c5-bfac-0bb919effec4,Wilayah Persekutuan Kuala Lumpur,137,WP Kuala Lumpur,1,Awam,1,Berfungsi,357.74,images/img_pili/20190718231837175.,1,Pillar Hydrant,121,Lembah Pantai,0000-00-00,0,,1,KUALA LUMPUR (WP),88beb013-6a67-4936-9afd-b84a072cb60f
546788,3ce75999-f5f3-42d0-916f-0f9d76d7bc2e,e795beb3-2cda-4ac4-b79d-7953221f1fb6,166,JHT,P,055,JHT-P-055,Jalan Tun Sambathan Hadapan Kedai Toto,,1,Hadapan,,3.12969,101.68405,7,55c38deb-aae3-44c5-bfac-0bb919effec4,Wilayah Persekutuan Kuala Lumpur,137,WP Kuala Lumpur,1,Awam,2,Tidak Berfungsi,0,images/img_pili/20190718232047429.,2,Ground Hydrant,121,Lembah Pantai,0000-00-00,0,,1,KUALA LUMPUR (WP),88beb013-6a67-4936-9afd-b84a072cb60f
546789,a6be773c-25fd-4036-9606-72ed4b5c2fff,e795beb3-2cda-4ac4-b79d-7953221f1fb6,166,JHT,P,056,JHT-P-056,Jalan Tun Sambathan Hadapan Kedai Mas May Chan No 138,,1,Hadapan,,3.12969,101.68405,7,55c38deb-aae3-44c5-bfac-0bb919effec4,Wilayah Persekutuan Kuala Lumpur,137,WP Kuala Lumpur,1,Awam,1,Berfungsi,778.915,images/img_pili/20190718232339676.,1,Pillar Hydrant,121,Lembah Pantai,0000-00-00,0,,1,KUALA LUMPUR (WP),88beb013-6a67-4936-9afd-b84a072cb60f
549424,8ba63de2-45b0-4e82-a05d-912f87d1d6b3,e795beb3-2cda-4ac4-b79d-7953221f1fb6,166,JHT,P,057,JHT-P-057,Jln Tun Sambathan depan kedai Tem restoren No 124,Jln Tun Sambathan depan kedai Tem restoren No 124,1,Hadapan,,3.137887,101.695205,7,55c38deb-aae3-44c5-bfac-0bb919effec4,Wilayah Persekutuan Kuala Lumpur,137,WP Kuala Lumpur,1,Awam,2,Tidak Berfungsi,0,images/img_pili/20191024150428458.,1,Pillar Hydrant,121,Lembah Pantai,0000-00-00,0,,30,BRICKFIELDS (WP),99785b29-b2fd-4979-99b5-36257d773818
549442,3581a7b0-3d02-406f-88e3-7bd74a4cccd7,e795beb3-2cda-4ac4-b79d-7953221f1fb6,166,JHT,P,058,JHT-P-058,Jln Tamby Pilley Depan Kedai No 28,Jln Tamby Pilley Depan Kedai No 28,1,Hadapan,,3.13428,101.69115,7,55c38deb-aae3-44c5-bfac-0bb919effec4,Wilayah Persekutuan Kuala Lumpur,137,WP Kuala Lumpur,1,Awam,2,Tidak Berfungsi,0,images/img_pili/2019102415573850.,1,Pillar Hydrant,121,Lembah Pantai,0000-00-00,0,,30,BRICKFIELDS (WP),99785b29-b2fd-4979-99b5-36257d773818
549444,2301515d-e9e7-4ba6-bcc0-aae79bdb214b,e795beb3-2cda-4ac4-b79d-7953221f1fb6,166,JHT,P,059,JHT-P-059,JLn Tamby Pilley Dpn Kedai No 28,JLn Tamby Pilley Dpn Kedai No 28,1,Hadapan,,3.13428,101.69115,7,55c38deb-aae3-44c5-bfac-0bb919effec4,Wilayah Persekutuan Kuala Lumpur,137,WP Kuala Lumpur,1,Awam,2,Tidak Berfungsi,0,images/img_pili/20191024155928686.,1,Pillar Hydrant,121,Lembah Pantai,0000-00-00,0,,30,BRICKFIELDS (WP),99785b29-b2fd-4979-99b5-36257d773818
549447,4a2f429c-cdce-4b68-8253-384e243d09ce,e795beb3-2cda-4ac4-b79d-7953221f1fb6,166,JHT,P,060,JHT-P-060,Jln Tamby Pilley Simpang JTS 5 Depan Restoren AN-NUR NO 33,Jln Tamby Pilley Simpang JTS 5 Depan Restoren AN-NUR NO 33,1,Hadapan,,3.13428,101.69115,7,55c38deb-aae3-44c5-bfac-0bb919effec4,Wilayah Persekutuan Kuala Lumpur,137,WP Kuala Lumpur,1,Awam,2,Tidak Berfungsi,0,images/img_pili/20191024160239460.,1,Pillar Hydrant,121,Lembah Pantai,0000-00-00,0,,30,BRICKFIELDS (WP),99785b29-b2fd-4979-99b5-36257d773818
549452,d4e80dd9-1620-4c79-a8e8-f1eb1364a645,e795beb3-2cda-4ac4-b79d-7953221f1fb6,166,JHT,P,061,JHT-P-061,Jalan Tamby Pilley Depan Kedai Speed Mart 99 No 30,Jalan Tamby Pilley Depan Kedai Speed Mart 99 No 30,1,Hadapan,,3.129814,101.687858,7,55c38deb-aae3-44c5-bfac-0bb919effec4,Wilayah Persekutuan Kuala Lumpur,137,WP Kuala Lumpur,1,Awam,2,Tidak Berfungsi,0,images/img_pili/20191024160854284.,1,Pillar Hydrant,121,Lembah Pantai,0000-00-00,0,,30,BRICKFIELDS (WP),99785b29-b2fd-4979-99b5-36257d773818
549454,3ffdfcf5-0220-46e3-80d7-8f5c09e1ce70,e795beb3-2cda-4ac4-b79d-7953221f1fb6,166,JHT,P,062,JHT-P-062,Jalan Tun Sambathan 4 DEPAN kedai,,1,Hadapan,,3.13214,101.69035,7,55c38deb-aae3-44c5-bfac-0bb919effec4,Wilayah Persekutuan Kuala Lumpur,137,WP Kuala Lumpur,1,Awam,2,Tidak Berfungsi,0,images/img_pili/20191024161114433.,1,Pillar Hydrant,121,Lembah Pantai,0000-00-00,0,,30,BRICKFIELDS (WP),99785b29-b2fd-4979-99b5-36257d773818
549458,d4f79742-8411-4595-a111-693c15230cc3,e795beb3-2cda-4ac4-b79d-7953221f1fb6,166,JHT,P,063,JHT-P-063,Jalan Tun Sambathan 4 Depan SMK(P) METHODIS,Jalan Tun Sambathan 4 Depan SMK(P) METHODIS,1,Hadapan,,3.13214,101.69035,7,55c38deb-aae3-44c5-bfac-0bb919effec4,Wilayah Persekutuan Kuala Lumpur,137,WP Kuala Lumpur,1,Awam,1,Berfungsi,357.74,images/img_pili/20191024161328131.,1,Pillar Hydrant,121,Lembah Pantai,0000-00-00,0,,30,BRICKFIELDS (WP),99785b29-b2fd-4979-99b5-36257d773818
549461,d49915b7-902c-4a57-aca6-872786d86fc9,e795beb3-2cda-4ac4-b79d-7953221f1fb6,166,JHT,P,064,JHT-P-064,Jalan SULTAN ABDUL SAMAD Berhadapan surau brickfields,Jalan SULTAN ABDUL SAMAD Berhadapan surau brickfields,1,Hadapan,,3.13078,101.68809,7,55c38deb-aae3-44c5-bfac-0bb919effec4,Wilayah Persekutuan Kuala Lumpur,137,WP Kuala Lumpur,1,Awam,1,Berfungsi,357.74,images/img_pili/20191024161541536.,1,Pillar Hydrant,121,Lembah Pantai,0000-00-00,0,,30,BRICKFIELDS (WP),99785b29-b2fd-4979-99b5-36257d773818
549464,4c80c004-afde-41e6-b21f-d6363a657325,e795beb3-2cda-4ac4-b79d-7953221f1fb6,166,JHT,P,065,JHT-P-065,Jalan SULTAN ABDUL SAMAD TAPAK rukun tetangga brickfields,Jalan SULTAN ABDUL SAMAD TAPAK rukun tetangga brickfields,1,Hadapan,,3.13078,101.68809,7,55c38deb-aae3-44c5-bfac-0bb919effec4,Wilayah Persekutuan Kuala Lumpur,137,WP Kuala Lumpur,1,Awam,1,Berfungsi,357.74,images/img_pili/20191024161757216.,1,Pillar Hydrant,121,Lembah Pantai,0000-00-00,0,,30,BRICKFIELDS (WP),99785b29-b2fd-4979-99b5-36257d773818
549465,ee0f23f7-06a4-4c23-aa48-35f3fbc05f99,e795beb3-2cda-4ac4-b79d-7953221f1fb6,166,JHT,P,066,JHT-P-066,Jalan SULTAN ABDUL SAMAD simpang 3 sk vivikananda,Jalan SULTAN ABDUL SAMAD simpang 3 sk vivikananda,1,Hadapan,,3.13078,101.68809,7,55c38deb-aae3-44c5-bfac-0bb919effec4,Wilayah Persekutuan Kuala Lumpur,137,WP Kuala Lumpur,1,Awam,1,Berfungsi,357.74,images/img_pili/20191024161955852.,1,Pillar Hydrant,121,Lembah Pantai,0000-00-00,0,,30,BRICKFIELDS (WP),99785b29-b2fd-4979-99b5-36257d773818
549467,7ddd4cab-a08e-4e31-b7ef-f0c5451ac65b,e795beb3-2cda-4ac4-b79d-7953221f1fb6,166,JHT,P,067,JHT-P-067,JALAN SULTAN ABDUL SAMAD simpang dalam SK vivikananda,JALAN SULTAN ABDUL SAMAD simpang dalam SK vivikananda,4,Tepi,,3.13078,101.68809,7,55c38deb-aae3-44c5-bfac-0bb919effec4,Wilayah Persekutuan Kuala Lumpur,137,WP Kuala Lumpur,1,Awam,1,Berfungsi,194.729,images/img_pili/20191024162158991.,1,Pillar Hydrant,121,Lembah Pantai,0000-00-00,0,,30,BRICKFIELDS (WP),99785b29-b2fd-4979-99b5-36257d773818
549468,997700d7-bacd-4345-bca1-c06f5fd1fbc0,e795beb3-2cda-4ac4-b79d-7953221f1fb6,166,JHT,P,068,JHT-P-068,Jalan vivikananda kedai n0 12,Jalan vivikananda kedai n0 12v,1,Hadapan,,3.13058,101.68645,7,55c38deb-aae3-44c5-bfac-0bb919effec4,Wilayah Persekutuan Kuala Lumpur,137,WP Kuala Lumpur,1,Awam,2,Tidak Berfungsi,0,images/img_pili/20191024162346229.,1,Pillar Hydrant,121,Lembah Pantai,0000-00-00,0,,30,BRICKFIELDS (WP),99785b29-b2fd-4979-99b5-36257d773818
549470,f2a1d184-e5f1-4c3c-860c-f259d975473a,e795beb3-2cda-4ac4-b79d-7953221f1fb6,166,JHT,P,069,JHT-P-069,jln vivikananda depan kedai no 42,jln vivikananda depan kedai no 42,1,Hadapan,,3.13048,101.686707,7,55c38deb-aae3-44c5-bfac-0bb919effec4,Wilayah Persekutuan Kuala Lumpur,137,WP Kuala Lumpur,1,Awam,4,Hilang,,images/img_pili/20191024162613712.,1,Pillar Hydrant,121,Lembah Pantai,0000-00-00,0,,30,BRICKFIELDS (WP),99785b29-b2fd-4979-99b5-36257d773818
549471,bf219537-f447-4777-898e-9229976d3b49,e795beb3-2cda-4ac4-b79d-7953221f1fb6,166,JHT,P,070,JHT-P-070,jalan sultan abdul samad depan sk vivikananda,jalan sultan abdul samad depan sk vivikananda,1,Hadapan,,3.13078,101.68809,7,55c38deb-aae3-44c5-bfac-0bb919effec4,Wilayah Persekutuan Kuala Lumpur,137,WP Kuala Lumpur,1,Awam,1,Berfungsi,194.729,images/img_pili/20191024162817445.,1,Pillar Hydrant,121,Lembah Pantai,0000-00-00,0,,30,BRICKFIELDS (WP),99785b29-b2fd-4979-99b5-36257d773818
550981,78d29298-7831-4bae-bc87-ba184391b8fc,e795beb3-2cda-4ac4-b79d-7953221f1fb6,166,JHT,P,071,JHT-P-071,JLN BERHALA DPN SK.BUNGA RAYA,JLN BERHALA DPN SK.BUNGA RAYA,3,Berhampiran,,3.19952,101.68349,7,55c38deb-aae3-44c5-bfac-0bb919effec4,Wilayah Persekutuan Kuala Lumpur,137,WP Kuala Lumpur,1,Awam,1,Berfungsi,194.729,images/img_pili/20191127202927330.,1,Pillar Hydrant,121,Lembah Pantai,0000-00-00,0,,30,BRICKFIELDS (WP),99785b29-b2fd-4979-99b5-36257d773818
550982,b3ef9fa6-c3af-4475-8ff6-d37d8ed1980b,e795beb3-2cda-4ac4-b79d-7953221f1fb6,166,JHT,P,072,JHT-P-072,"DEPAN KLINIK DERMA SIVASANTA  128, JLN BERHALA BRICKFIELDS","DEPAN KLINIK DERMA SIVASANTA  128, JLN BERHALA BRICKFIELDS",3,Berhampiran,,3.12841,101.687828,7,55c38deb-aae3-44c5-bfac-0bb919effec4,Wilayah Persekutuan Kuala Lumpur,137,WP Kuala Lumpur,1,Awam,2,Tidak Berfungsi,0,images/img_pili/20191127203446333.,1,Pillar Hydrant,121,Lembah Pantai,0000-00-00,0,,30,BRICKFIELDS (WP),99785b29-b2fd-4979-99b5-36257d773818
550984,816838bb-84c2-493a-b7dd-70407abd9e84,e795beb3-2cda-4ac4-b79d-7953221f1fb6,166,JHT,P,073,JHT-P-073,JLAN BERHALA DEPAN RUMAH NO 120,JLAN BERHALA DEPAN RUMAH NO 120,1,Hadapan,,3.12841,101.687828,7,55c38deb-aae3-44c5-bfac-0bb919effec4,Wilayah Persekutuan Kuala Lumpur,137,WP Kuala Lumpur,1,Awam,1,Berfungsi,252.96,images/img_pili/20191127203924100.,1,Pillar Hydrant,121,Lembah Pantai,0000-00-00,0,,30,BRICKFIELDS (WP),99785b29-b2fd-4979-99b5-36257d773818
550985,d8d28450-473b-4c3d-9a0d-8933f7919a25,e795beb3-2cda-4ac4-b79d-7953221f1fb6,166,JHT,P,074,JHT-P-074,JLN BERHALA DPN PERBADANAN KESENIAN INDIA MALAYSIA,JLN BERHALA DPN PERBADANAN KESENIAN INDIA MALAYSIA,1,Hadapan,,3.12841,101.687828,7,55c38deb-aae3-44c5-bfac-0bb919effec4,Wilayah Persekutuan Kuala Lumpur,137,WP Kuala Lumpur,1,Awam,1,Berfungsi,252.96,images/img_pili/2019112720434696.,1,Pillar Hydrant,121,Lembah Pantai,0000-00-00,0,,30,BRICKFIELDS (WP),99785b29-b2fd-4979-99b5-36257d773818
550986,d6b73157-4d50-473e-a20b-082148345d0c,e795beb3-2cda-4ac4-b79d-7953221f1fb6,166,JHT,P,075,JHT-P-075,JLN BERHALA KUIL BUDHA PINTU BELAKANG,JLN BERHALA KUIL BUDHA PINTU BELAKANG,2,Belakang,,3.12841,101.68783,7,55c38deb-aae3-44c5-bfac-0bb919effec4,Wilayah Persekutuan Kuala Lumpur,137,WP Kuala Lumpur,1,Awam,2,Tidak Berfungsi,0,images/img_pili/20191127204905877.,1,Pillar Hydrant,121,Lembah Pantai,0000-00-00,0,,30,BRICKFIELDS (WP),99785b29-b2fd-4979-99b5-36257d773818
550991,27b00eef-5224-4155-8da4-5454845432a0,e795beb3-2cda-4ac4-b79d-7953221f1fb6,166,JHT,P,076,JHT-P-076,JLN BERHALA ANTARA FLAT 3 DAN 4,JLN BERHALA ANTARA FLAT 3 DAN 4,7,Tengah,,3.12841,101.68783,7,55c38deb-aae3-44c5-bfac-0bb919effec4,Wilayah Persekutuan Kuala Lumpur,137,WP Kuala Lumpur,1,Awam,1,Berfungsi,252.96,images/img_pili/20191127205812445.,1,Pillar Hydrant,121,Lembah Pantai,0000-00-00,0,,30,BRICKFIELDS (WP),99785b29-b2fd-4979-99b5-36257d773818
551005,3a053853-f27c-47b7-9b24-4fa04763f287,e795beb3-2cda-4ac4-b79d-7953221f1fb6,166,JHT,P,077,JHT-P-077,"jln berhala , depan flat 5","jln berhala , depan flat 5",1,Hadapan,,3.12841,101.68783,7,55c38deb-aae3-44c5-bfac-0bb919effec4,Wilayah Persekutuan Kuala Lumpur,137,WP Kuala Lumpur,1,Awam,1,Berfungsi,252.96,images/img_pili/20191128085220770.,2,Ground Hydrant,121,Lembah Pantai,0000-00-00,0,,30,BRICKFIELDS (WP),99785b29-b2fd-4979-99b5-36257d773818
551006,71eb1aa8-7fe2-4267-84a6-d446d0b224bf,e795beb3-2cda-4ac4-b79d-7953221f1fb6,166,JHT,P,078,JHT-P-078,"jln berhala, blkng flat 5","jln berhala, blkng flat 5",2,Belakang,,3.128195,101.688135,7,55c38deb-aae3-44c5-bfac-0bb919effec4,Wilayah Persekutuan Kuala Lumpur,137,WP Kuala Lumpur,1,Awam,2,Tidak Berfungsi,0,images/img_pili/20191128085904572.,2,Ground Hydrant,121,Lembah Pantai,0000-00-00,0,,30,BRICKFIELDS (WP),99785b29-b2fd-4979-99b5-36257d773818
551007,189d6863-4180-41f5-b34b-e8e3b44945c3,e795beb3-2cda-4ac4-b79d-7953221f1fb6,166,JHT,P,079,JHT-P-079,jln berhala flat 4 tingkat,jln berhala flat 4 tingkat,3,Berhampiran,,3.128886,101.689267,7,55c38deb-aae3-44c5-bfac-0bb919effec4,Wilayah Persekutuan Kuala Lumpur,137,WP Kuala Lumpur,1,Awam,2,Tidak Berfungsi,0,images/img_pili/2019112810065517.,1,Pillar Hydrant,121,Lembah Pantai,0000-00-00,0,,30,BRICKFIELDS (WP),99785b29-b2fd-4979-99b5-36257d773818
551008,1958964a-c612-4461-9b5b-b431bcf0547c,e795beb3-2cda-4ac4-b79d-7953221f1fb6,166,JHT,P,080,JHT-P-080,"jln berhala, palm court, blok a","jln berhala, palm court, blok a",3,Berhampiran,,3.129599,101.688114,7,55c38deb-aae3-44c5-bfac-0bb919effec4,Wilayah Persekutuan Kuala Lumpur,137,WP Kuala Lumpur,1,Awam,1,Berfungsi,158.995,images/img_pili/20191128101241479.,1,Pillar Hydrant,121,Lembah Pantai,0000-00-00,0,,30,BRICKFIELDS (WP),99785b29-b2fd-4979-99b5-36257d773818
551009,26b90e3c-c666-4799-a98b-f33cb1f70616,e795beb3-2cda-4ac4-b79d-7953221f1fb6,166,JHT,P,081,JHT-P-081,"JLN BERHALA, PALM COURT BLOK A/B","JLN BERHALA, PALM COURT BLOK A,",3,Berhampiran,,3.129893,101.687551,7,55c38deb-aae3-44c5-bfac-0bb919effec4,Wilayah Persekutuan Kuala Lumpur,137,WP Kuala Lumpur,2,Swasta,1,Berfungsi,158.995,images/img_pili/20191128101746765.,1,Pillar Hydrant,121,Lembah Pantai,0000-00-00,0,,30,BRICKFIELDS (WP),99785b29-b2fd-4979-99b5-36257d773818
551010,5fbc9b48-cee3-4562-b90c-36a8574606bd,e795beb3-2cda-4ac4-b79d-7953221f1fb6,166,JHT,P,082,JHT-P-082,"JLN BERHALA , PALM COURT BLOK B",,6,Kanan,,3.129304,101.686875,7,55c38deb-aae3-44c5-bfac-0bb919effec4,Wilayah Persekutuan Kuala Lumpur,137,WP Kuala Lumpur,2,Swasta,1,Berfungsi,194.729,images/img_pili/20191128102150323.,1,Pillar Hydrant,121,Lembah Pantai,0000-00-00,0,,30,BRICKFIELDS (WP),99785b29-b2fd-4979-99b5-36257d773818
551011,aa972ae7-7059-4c75-9300-7506236469c7,e795beb3-2cda-4ac4-b79d-7953221f1fb6,166,JHT,P,083,JHT-P-083,"JLN BERHALA, PALM COURT BLOK C","JLN BERHALA, PALM COURT BLOK C",5,Kiri,,3.129229,101.687084,7,55c38deb-aae3-44c5-bfac-0bb919effec4,Wilayah Persekutuan Kuala Lumpur,137,WP Kuala Lumpur,2,Swasta,1,Berfungsi,194.729,images/img_pili/20191128102906236.,1,Pillar Hydrant,121,Lembah Pantai,0000-00-00,0,,30,BRICKFIELDS (WP),99785b29-b2fd-4979-99b5-36257d773818
551012,750025ba-8b5e-4ce2-9a4f-56fc43fea85f,e795beb3-2cda-4ac4-b79d-7953221f1fb6,166,JHT,P,084,JHT-P-084,"JLN BERHALA, PALM COURT C","JLN BERHALA, PALM COURT C",1,Hadapan,,3.128934,101.687395,7,55c38deb-aae3-44c5-bfac-0bb919effec4,Wilayah Persekutuan Kuala Lumpur,137,WP Kuala Lumpur,2,Swasta,1,Berfungsi,252.96,images/img_pili/20191128103311631.,1,Pillar Hydrant,121,Lembah Pantai,0000-00-00,0,,30,BRICKFIELDS (WP),99785b29-b2fd-4979-99b5-36257d773818
551013,2afe4cc0-b45b-4aa1-8c38-2e4e686dec3f,e795beb3-2cda-4ac4-b79d-7953221f1fb6,166,JHT,P,085,JHT-P-085,"JLN BERHALA, PALM COURT BLOK C ","JLN BERHALA, PALM COURT BLOK C ",2,Belakang,,3.128602,101.687385,7,55c38deb-aae3-44c5-bfac-0bb919effec4,Wilayah Persekutuan Kuala Lumpur,137,WP Kuala Lumpur,2,Swasta,1,Berfungsi,252.96,images/img_pili/20191128103750652.,1,Pillar Hydrant,121,Lembah Pantai,0000-00-00,0,,30,BRICKFIELDS (WP),99785b29-b2fd-4979-99b5-36257d773818
551014,4c05b010-76a9-499e-9eda-c034442c15fa,e795beb3-2cda-4ac4-b79d-7953221f1fb6,166,JHT,P,086,JHT-P-086,"JLN BERHALA, PALM COURT BLOK D","JLN BERHALA, PALM COURT BLOK D",3,Berhampiran,,3.129079,101.687958,7,55c38deb-aae3-44c5-bfac-0bb919effec4,Wilayah Persekutuan Kuala Lumpur,137,WP Kuala Lumpur,2,Swasta,2,Tidak Berfungsi,0,images/img_pili/20191128105602517.,1,Pillar Hydrant,121,Lembah Pantai,0000-00-00,0,,30,BRICKFIELDS (WP),99785b29-b2fd-4979-99b5-36257d773818
551015,abe8e6c2-284e-459a-8c6a-a7f0682c7504,e795beb3-2cda-4ac4-b79d-7953221f1fb6,166,JHT,P,087,JHT-P-087,"JLN BERHALA, PALM COURT BLOK D","JLN BERHALA, PALM COURT BLOK D",6,Kanan,,3.129374,101.688243,7,55c38deb-aae3-44c5-bfac-0bb919effec4,Wilayah Persekutuan Kuala Lumpur,137,WP Kuala Lumpur,2,Swasta,1,Berfungsi,252.96,images/img_pili/20191128110343895.,1,Pillar Hydrant,121,Lembah Pantai,0000-00-00,0,,30,BRICKFIELDS (WP),99785b29-b2fd-4979-99b5-36257d773818
551016,b29062de-7752-49ad-ae3a-4caf0a5dd180,e795beb3-2cda-4ac4-b79d-7953221f1fb6,166,JHT,P,088,JHT-P-088,"JLN BERHALA, DEPAN PALM COURT BLOK A","JLN BERHALA, DEPAN PALM COURT BLOK A",1,Hadapan,,3.130134,101.687755,7,55c38deb-aae3-44c5-bfac-0bb919effec4,Wilayah Persekutuan Kuala Lumpur,137,WP Kuala Lumpur,1,Awam,1,Berfungsi,252.96,images/img_pili/2019112811080169.,1,Pillar Hydrant,121,Lembah Pantai,0000-00-00,0,,30,BRICKFIELDS (WP),99785b29-b2fd-4979-99b5-36257d773818
551017,bb7ab7bd-7ee4-4c55-944e-2e52b0066e4e,e795beb3-2cda-4ac4-b79d-7953221f1fb6,166,JHT,P,089,JHT-P-089,JLN SULTAN ABD SAMAD RUKUN TETANGGA,JLN SULTAN ABD SAMAD RUKUN TETANGGA,1,Hadapan,,3.128404,101.685594,7,55c38deb-aae3-44c5-bfac-0bb919effec4,Wilayah Persekutuan Kuala Lumpur,137,WP Kuala Lumpur,1,Awam,2,Tidak Berfungsi,0,images/img_pili/20191128111708105.,1,Pillar Hydrant,121,Lembah Pantai,0000-00-00,0,,30,BRICKFIELDS (WP),99785b29-b2fd-4979-99b5-36257d773818
551018,7ad9407e-ce70-4b80-982c-5c3b800ad516,e795beb3-2cda-4ac4-b79d-7953221f1fb6,166,JHT,P,090,JHT-P-090,JLN SULTAN ABD SAMAD PINES CONDOMINIUM,JLN SULTAN ABD SAMAD PINES CONDOMINIUM,1,Hadapan,,3.128024,101.685096,7,55c38deb-aae3-44c5-bfac-0bb919effec4,Wilayah Persekutuan Kuala Lumpur,137,WP Kuala Lumpur,2,Swasta,1,Berfungsi,357.74,images/img_pili/20191128113130933.,1,Pillar Hydrant,121,Lembah Pantai,0000-00-00,0,,30,BRICKFIELDS (WP),99785b29-b2fd-4979-99b5-36257d773818
551019,4aca5946-9f43-445c-8ffc-b33995b7c29b,e795beb3-2cda-4ac4-b79d-7953221f1fb6,166,JHT,P,091,JHT-P-091,JLN SULTAN ABD SAMAD PINES CONDOMINIUM,JLN SULTAN ABD SAMAD PINES CONDOMINIUM,2,Belakang,,3.127601,101.68525700000001,7,55c38deb-aae3-44c5-bfac-0bb919effec4,Wilayah Persekutuan Kuala Lumpur,137,WP Kuala Lumpur,2,Swasta,1,Berfungsi,357.74,images/img_pili/20191128113409196.,1,Pillar Hydrant,121,Lembah Pantai,0000-00-00,0,,30,BRICKFIELDS (WP),99785b29-b2fd-4979-99b5-36257d773818
551020,62fb1c6e-3d69-469e-9f8b-f18795d341de,e795beb3-2cda-4ac4-b79d-7953221f1fb6,166,JHT,P,092,JHT-P-092,"JLN SULTAN ABD SAMAD,PINES CONDOMINIUM",SEBELAH PINES KONDOMINIUM,4,Tepi,,3.128168,101.684946,7,55c38deb-aae3-44c5-bfac-0bb919effec4,Wilayah Persekutuan Kuala Lumpur,137,WP Kuala Lumpur,1,Awam,1,Berfungsi,194.729,images/img_pili/20191128115135579.,1,Pillar Hydrant,121,Lembah Pantai,0000-00-00,0,,30,BRICKFIELDS (WP),99785b29-b2fd-4979-99b5-36257d773818
551021,420a3b31-758a-417d-bc03-f4f55905e3fe,e795beb3-2cda-4ac4-b79d-7953221f1fb6,166,JHT,P,093,JHT-P-093,JLN SULTAN ABD SAMAD DEPAN SEK REN  ST.TERESA,SEK REN ST.TERESA ,1,Hadapan,,3.127547,101.68508,7,55c38deb-aae3-44c5-bfac-0bb919effec4,Wilayah Persekutuan Kuala Lumpur,137,WP Kuala Lumpur,2,Swasta,1,Berfungsi,194.729,images/img_pili/20191128115724119.,1,Pillar Hydrant,121,Lembah Pantai,0000-00-00,0,,33,KEPONG (WP),fdea221b-d78a-4336-8178-d478ec4cca4a
551022,93b90d44-8c6a-473b-81a4-53eb7eb9e7c7,e795beb3-2cda-4ac4-b79d-7953221f1fb6,166,JHT,P,094,JHT-P-094,"JLN TUN SAMBATHAN 4, DEPAN PETRON ","JLN TUN SAMBATHAN 4, DEPAN PETRON ",1,Hadapan,,3.1339,101.688914,7,55c38deb-aae3-44c5-bfac-0bb919effec4,Wilayah Persekutuan Kuala Lumpur,137,WP Kuala Lumpur,1,Awam,4,Hilang,,images/img_pili/20191128120941927.,2,Ground Hydrant,121,Lembah Pantai,0000-00-00,0,,30,BRICKFIELDS (WP),99785b29-b2fd-4979-99b5-36257d773818
551023,89d0e13c-1792-4a7b-a481-3bd7fdb9e02f,e795beb3-2cda-4ac4-b79d-7953221f1fb6,166,JHT,P,095,JHT-P-095,"JLN TUN SAMBATHAN  4, BAWAH JEJANTAS HADAPAN PERSATUAN ORANG BUTA.","JLN TUN SAMBATHAN  4, BAWAH JEJANTAS HADAPAN PERSATUAN ORANG BUTA.",1,Hadapan,,3.131961,101.690533,7,55c38deb-aae3-44c5-bfac-0bb919effec4,Wilayah Persekutuan Kuala Lumpur,137,WP Kuala Lumpur,1,Awam,2,Tidak Berfungsi,0,images/img_pili/20191128121755529.,1,Pillar Hydrant,121,Lembah Pantai,0000-00-00,0,,30,BRICKFIELDS (WP),99785b29-b2fd-4979-99b5-36257d773818
551024,01997946-033a-4d38-ac11-fb3f54cc063e,e795beb3-2cda-4ac4-b79d-7953221f1fb6,166,JHT,P,096,JHT-P-096,"JLN TUN SAMBATHAN 4, HADAPAN STESEN KL MONOREL TUN SAMBATHAN","JLN TUN SAMBATHAN 4, HADAPAN STESEN KL MONOREL TUN SAMBATHAN",3,Berhampiran,,3.131597,101.690871,7,55c38deb-aae3-44c5-bfac-0bb919effec4,Wilayah Persekutuan Kuala Lumpur,137,WP Kuala Lumpur,1,Awam,1,Berfungsi,194.729,images/img_pili/20191128122220927.,1,Pillar Hydrant,121,Lembah Pantai,0000-00-00,0,,30,BRICKFIELDS (WP),99785b29-b2fd-4979-99b5-36257d773818
551025,bf580a08-7641-43d9-a279-b9e20e0a4d28,e795beb3-2cda-4ac4-b79d-7953221f1fb6,166,JHT,P,097,JHT-P-097,"JALAN TEBING,( DALAM KAWASAN ) HADAPAN PERSATUAN  ORANG BUTA MALAYSIA( MAB)",PERSATUAN ORANG BUTA MALAYSIA,1,Hadapan,,3.131972,101.690673,7,55c38deb-aae3-44c5-bfac-0bb919effec4,Wilayah Persekutuan Kuala Lumpur,137,WP Kuala Lumpur,2,Swasta,1,Berfungsi,357.74,images/img_pili/20191128125227221.,1,Pillar Hydrant,121,Lembah Pantai,0000-00-00,0,,30,BRICKFIELDS (WP),99785b29-b2fd-4979-99b5-36257d773818
551026,a8f0fe58-1434-41df-9e94-a76ab3441fbd,e795beb3-2cda-4ac4-b79d-7953221f1fb6,166,JHT,P,098,JHT-P-098,"JALAN TEBING,( DALAM KAWASAN ) BELAKANG PERSATUAN  ORANG BUTA MALAYSIA( MAB)","JALAN TEBING,( DALAM KAWASAN ) BELAKANG PERSATUAN  ORANG BUTA MALAYSIA( MAB)",2,Belakang,,3.132159,101.690898,7,55c38deb-aae3-44c5-bfac-0bb919effec4,Wilayah Persekutuan Kuala Lumpur,137,WP Kuala Lumpur,2,Swasta,1,Berfungsi,357.74,images/img_pili/20191128125542234.,1,Pillar Hydrant,121,Lembah Pantai,0000-00-00,0,,30,BRICKFIELDS (WP),99785b29-b2fd-4979-99b5-36257d773818
551028,79a5b67b-49f9-465b-93ae-10ccb192bb71,e795beb3-2cda-4ac4-b79d-7953221f1fb6,166,JHT,P,099,JHT-P-099,jln tebing dpn residensy 633,jln tebing dpn residensy 633,1,Hadapan,,3.133305,101.692775,7,55c38deb-aae3-44c5-bfac-0bb919effec4,Wilayah Persekutuan Kuala Lumpur,137,WP Kuala Lumpur,2,Swasta,1,Berfungsi,357.74,images/img_pili/20191128151239239.,1,Pillar Hydrant,121,Lembah Pantai,0000-00-00,0,,30,BRICKFIELDS (WP),99785b29-b2fd-4979-99b5-36257d773818
551029,ffa7a9e7-50d5-4506-9728-63b72cc8b91f,e795beb3-2cda-4ac4-b79d-7953221f1fb6,166,JHT,P,100,JHT-P-100,jln tebing dpn kuil hindu,jln tebing dpn kuil hindu,1,Hadapan,,3.133841,101.693248,7,55c38deb-aae3-44c5-bfac-0bb919effec4,Wilayah Persekutuan Kuala Lumpur,137,WP Kuala Lumpur,1,Awam,2,Tidak Berfungsi,0,images/img_pili/20191128151857811.,1,Pillar Hydrant,121,Lembah Pantai,0000-00-00,0,,30,BRICKFIELDS (WP),99785b29-b2fd-4979-99b5-36257d773818
551030,cae94cb4-3bd0-442e-8d23-9c31b66d645a,e795beb3-2cda-4ac4-b79d-7953221f1fb6,166,JHT,P,101,JHT-P-101,jln tebing bgnan sonali tepi pintu masuk,jln tebing bgnan sonali  pintu masuk,1,Hadapan,,3.134634,101.693816,7,55c38deb-aae3-44c5-bfac-0bb919effec4,Wilayah Persekutuan Kuala Lumpur,137,WP Kuala Lumpur,2,Swasta,2,Tidak Berfungsi,0,images/img_pili/20191128152716636.,1,Pillar Hydrant,121,Lembah Pantai,0000-00-00,0,,30,BRICKFIELDS (WP),99785b29-b2fd-4979-99b5-36257d773818
551031,396e5e6c-0dce-47b9-89f1-603783e05d54,e795beb3-2cda-4ac4-b79d-7953221f1fb6,166,JHT,P,102,JHT-P-102,jln tebing bgnan sonali belakang,jln tebing bgnan sonali belakang,2,Belakang,,3.134998,101.693623,7,55c38deb-aae3-44c5-bfac-0bb919effec4,Wilayah Persekutuan Kuala Lumpur,137,WP Kuala Lumpur,2,Swasta,2,Tidak Berfungsi,0,images/img_pili/20191128152947851.,1,Pillar Hydrant,121,Lembah Pantai,0000-00-00,0,,30,BRICKFIELDS (WP),99785b29-b2fd-4979-99b5-36257d773818
551032,051ed37a-fe44-496f-b8cc-798d1349459e,e795beb3-2cda-4ac4-b79d-7953221f1fb6,166,JHT,P,103,JHT-P-103,jln tebing depan villa scoot,jln tebing depan villa scoot,1,Hadapan,,3.134012,101.693172,7,55c38deb-aae3-44c5-bfac-0bb919effec4,Wilayah Persekutuan Kuala Lumpur,137,WP Kuala Lumpur,1,Awam,1,Berfungsi,357.74,images/img_pili/20191128153419322.,1,Pillar Hydrant,121,Lembah Pantai,0000-00-00,0,,30,BRICKFIELDS (WP),99785b29-b2fd-4979-99b5-36257d773818
551033,557bf800-8156-46db-a9c2-c08e24f75ed6,e795beb3-2cda-4ac4-b79d-7953221f1fb6,166,JHT,P,104,JHT-P-104,jln tebing dlm condo villa scoot (depan),jln tebing dlm condo villa scoot,1,Hadapan,,3.133454,101.692064,7,55c38deb-aae3-44c5-bfac-0bb919effec4,Wilayah Persekutuan Kuala Lumpur,137,WP Kuala Lumpur,2,Swasta,1,Berfungsi,357.74,images/img_pili/20191128153704301.,1,Pillar Hydrant,121,Lembah Pantai,0000-00-00,0,,30,BRICKFIELDS (WP),99785b29-b2fd-4979-99b5-36257d773818
551034,274445cc-6e8e-4f95-94e3-79224181e305,e795beb3-2cda-4ac4-b79d-7953221f1fb6,166,JHT,P,105,JHT-P-105,jln tebing dlm condo villa scoot (blkg),jln tebing dlm condo villa scoot (blkg),2,Belakang,,3.134215,101.692697,7,55c38deb-aae3-44c5-bfac-0bb919effec4,Wilayah Persekutuan Kuala Lumpur,137,WP Kuala Lumpur,2,Swasta,1,Berfungsi,252.96,images/img_pili/20191128154005150.,1,Pillar Hydrant,121,Lembah Pantai,0000-00-00,0,,30,BRICKFIELDS (WP),99785b29-b2fd-4979-99b5-36257d773818
551035,d101fdb9-0b9a-4c91-a919-a5068d930c23,e795beb3-2cda-4ac4-b79d-7953221f1fb6,166,JHT,P,106,JHT-P-106,jln tebing dlm kaw pencawang tnb dpn pengawal,jln tebing dlm kaw pencawang tnb dpn pengawal,1,Hadapan,,3.134403,101.693097,7,55c38deb-aae3-44c5-bfac-0bb919effec4,Wilayah Persekutuan Kuala Lumpur,137,WP Kuala Lumpur,2,Swasta,1,Berfungsi,194.729,images/img_pili/20191128155415957.,1,Pillar Hydrant,121,Lembah Pantai,0000-00-00,0,,30,BRICKFIELDS (WP),99785b29-b2fd-4979-99b5-36257d773818
551036,751f7af8-9263-40ff-bf16-4c4ac299f0f5,e795beb3-2cda-4ac4-b79d-7953221f1fb6,166,JHT,P,107,JHT-P-107,jln tebing depan tnb,jln tebing depan tnb,1,Hadapan,,3.134644,101.692781,7,55c38deb-aae3-44c5-bfac-0bb919effec4,Wilayah Persekutuan Kuala Lumpur,137,WP Kuala Lumpur,1,Awam,4,Hilang,,images/img_pili/20191128160007353.,2,Ground Hydrant,121,Lembah Pantai,0000-00-00,0,,30,BRICKFIELDS (WP),99785b29-b2fd-4979-99b5-36257d773818
551037,aa990e75-3a8d-4cff-a227-26820c191c11,e795beb3-2cda-4ac4-b79d-7953221f1fb6,166,JHT,P,108,JHT-P-108,jln tebing dlm kondo scoot center,,2,Belakang,,3.134093,101.692143,7,55c38deb-aae3-44c5-bfac-0bb919effec4,Wilayah Persekutuan Kuala Lumpur,137,WP Kuala Lumpur,2,Swasta,1,Berfungsi,194.729,images/img_pili/20191128160458915.,1,Pillar Hydrant,121,Lembah Pantai,0000-00-00,0,,30,BRICKFIELDS (WP),99785b29-b2fd-4979-99b5-36257d773818
551038,9b6a81c2-21a1-434e-b063-10b3012e21c9,e795beb3-2cda-4ac4-b79d-7953221f1fb6,166,JHT,P,109,JHT-P-109,jln tebing dlm kondo scoot center,jln tebing dlm kondo scoot center,4,Tepi,,3.134418,101.692203,7,55c38deb-aae3-44c5-bfac-0bb919effec4,Wilayah Persekutuan Kuala Lumpur,137,WP Kuala Lumpur,2,Swasta,1,Berfungsi,194.729,images/img_pili/20191128160951371.,1,Pillar Hydrant,121,Lembah Pantai,0000-00-00,0,,30,BRICKFIELDS (WP),99785b29-b2fd-4979-99b5-36257d773818
551039,e29f2e29-3d48-4317-b333-19a3bac0295c,e795beb3-2cda-4ac4-b79d-7953221f1fb6,166,JHT,P,110,JHT-P-110,jln tebing dlm kondo scoot center,jln tebing dlm kondo scoot center,1,Hadapan,,3.134682,101.692523,7,55c38deb-aae3-44c5-bfac-0bb919effec4,Wilayah Persekutuan Kuala Lumpur,137,WP Kuala Lumpur,2,Swasta,1,Berfungsi,252.96,images/img_pili/20191128161347318.,1,Pillar Hydrant,121,Lembah Pantai,0000-00-00,0,,30,BRICKFIELDS (WP),99785b29-b2fd-4979-99b5-36257d773818
551040,223b4987-aa96-4732-ba1f-211ad7060cb7,e795beb3-2cda-4ac4-b79d-7953221f1fb6,166,JHT,P,111,JHT-P-111,jln sultan abd samad depan petronas,jln sultan abd samad depan petronas,1,Hadapan,,3.136155,101.690539,7,55c38deb-aae3-44c5-bfac-0bb919effec4,Wilayah Persekutuan Kuala Lumpur,137,WP Kuala Lumpur,2,Swasta,1,Berfungsi,252.96,images/img_pili/20191128161942438.,1,Pillar Hydrant,121,Lembah Pantai,0000-00-00,0,,30,BRICKFIELDS (WP),99785b29-b2fd-4979-99b5-36257d773818
551041,9bdafd88-7142-4919-a96e-33973895bfd1,e795beb3-2cda-4ac4-b79d-7953221f1fb6,166,JHT,P,112,JHT-P-112,JLN SULTAN ABD SAMAD DEPAN NO 12 ,,1,Hadapan,,3.135753,101.690807,7,55c38deb-aae3-44c5-bfac-0bb919effec4,Wilayah Persekutuan Kuala Lumpur,137,WP Kuala Lumpur,1,Awam,2,Tidak Berfungsi,0,images/img_pili/20191128162618603.,1,Pillar Hydrant,121,Lembah Pantai,0000-00-00,0,,30,BRICKFIELDS (WP),99785b29-b2fd-4979-99b5-36257d773818
551042,36a1cea5-3d52-4fa9-9264-dd04f6a70ac2,e795beb3-2cda-4ac4-b79d-7953221f1fb6,166,JHT,P,113,JHT-P-113,"SEBELAH KANAN HADAPAN NUBE JALAN TUN SAMBATHAN 3,",JLN SULTAN ABD SAMAD DEPAN KEDAI NO 44,1,Hadapan,,3.134986,101.69143,7,55c38deb-aae3-44c5-bfac-0bb919effec4,Wilayah Persekutuan Kuala Lumpur,137,WP Kuala Lumpur,1,Awam,2,Tidak Berfungsi,0,images/img_pili/20191128162852748.,1,Pillar Hydrant,121,Lembah Pantai,0000-00-00,0,,30,BRICKFIELDS (WP),99785b29-b2fd-4979-99b5-36257d773818
551043,836cb835-1f4b-43a9-8b36-f3ae2bb9bab5,e795beb3-2cda-4ac4-b79d-7953221f1fb6,166,JHT,P,114,JHT-P-114,LORONG PADANG BELIA HADAPAN KEDAI NO,LORONG PADANG BELIA HADAPAN KEDAI NO,1,Hadapan,,3.134687,101.691976,7,55c38deb-aae3-44c5-bfac-0bb919effec4,Wilayah Persekutuan Kuala Lumpur,137,WP Kuala Lumpur,1,Awam,1,Berfungsi,357.74,images/img_pili/20191128163219360.,1,Pillar Hydrant,121,Lembah Pantai,0000-00-00,0,,30,BRICKFIELDS (WP),99785b29-b2fd-4979-99b5-36257d773818
551044,ce6a20d8-dd4f-4809-865b-bb69ea3b7e29,e795beb3-2cda-4ac4-b79d-7953221f1fb6,166,JHT,P,115,JHT-P-115,JLN SULTAN ABD SAMAD DEPAN KEDAI NO,JLN SULTAN ABD SAMAD DEPAN KEDAI NO,1,Hadapan,,3.13383,101.691595,7,55c38deb-aae3-44c5-bfac-0bb919effec4,Wilayah Persekutuan Kuala Lumpur,137,WP Kuala Lumpur,1,Awam,1,Berfungsi,252.96,images/img_pili/20191128163758982.,2,Ground Hydrant,121,Lembah Pantai,0000-00-00,0,,30,BRICKFIELDS (WP),99785b29-b2fd-4979-99b5-36257d773818
551045,b5c17e61-4a2f-443a-a03e-1fc02bd622dd,e795beb3-2cda-4ac4-b79d-7953221f1fb6,166,JHT,P,116,JHT-P-116,JLN SULTAN ABD SAMAD BELAKANG BANGUNAN SIEWDOR,JLN SULTAN ABD SAMAD BELAKANG BANGUNAN SIEWDOR,2,Belakang,,3.133295,101.691638,7,55c38deb-aae3-44c5-bfac-0bb919effec4,Wilayah Persekutuan Kuala Lumpur,137,WP Kuala Lumpur,1,Awam,1,Berfungsi,252.96,images/img_pili/2019112816442030.,2,Ground Hydrant,121,Lembah Pantai,0000-00-00,0,,30,BRICKFIELDS (WP),99785b29-b2fd-4979-99b5-36257d773818
551046,57c38105-890a-4ee1-9146-7f6df38805cf,e795beb3-2cda-4ac4-b79d-7953221f1fb6,166,JHT,P,117,JHT-P-117,JLN SULTAN ABD SAMAD HADAPAN KEDAI NO 145,JLN SULTAN ABD SAMAD HADAPAN KEDAI NO 145,1,Hadapan,,3.1333,101.690973,7,55c38deb-aae3-44c5-bfac-0bb919effec4,Wilayah Persekutuan Kuala Lumpur,137,WP Kuala Lumpur,1,Awam,1,Berfungsi,252.96,images/img_pili/2019112816465489.,2,Ground Hydrant,121,Lembah Pantai,0000-00-00,0,,30,BRICKFIELDS (WP),99785b29-b2fd-4979-99b5-36257d773818
551047,6da6ee46-0c53-413a-8ce6-9cbec1cc9759,e795beb3-2cda-4ac4-b79d-7953221f1fb6,166,JHT,P,118,JHT-P-118,JLN SULTAN ABD SAMAD HADAPAN KEDAI NO 52,JLN SULTAN ABD SAMAD HADAPAN KEDAI NO 52,1,Hadapan,,3.133037,101.690496,7,55c38deb-aae3-44c5-bfac-0bb919effec4,Wilayah Persekutuan Kuala Lumpur,137,WP Kuala Lumpur,1,Awam,1,Berfungsi,194.729,images/img_pili/20191128164950465.,2,Ground Hydrant,121,Lembah Pantai,0000-00-00,0,,30,BRICKFIELDS (WP),99785b29-b2fd-4979-99b5-36257d773818
551048,67f58aaa-611d-478f-adaf-6800d3a16e22,e795beb3-2cda-4ac4-b79d-7953221f1fb6,166,JHT,P,119,JHT-P-119,LORONG PADANG BELIA HADAPAN KEDAI NO 72,LORONG PADANG BELIA HADAPAN KEDAI NO 72,1,Hadapan,,3.133311,101.689938,7,55c38deb-aae3-44c5-bfac-0bb919effec4,Wilayah Persekutuan Kuala Lumpur,137,WP Kuala Lumpur,1,Awam,1,Berfungsi,194.729,images/img_pili/20191128165238615.,2,Ground Hydrant,121,Lembah Pantai,0000-00-00,0,,30,BRICKFIELDS (WP),99785b29-b2fd-4979-99b5-36257d773818
551049,8388983e-d6cb-461a-9092-b0b1f8de3341,e795beb3-2cda-4ac4-b79d-7953221f1fb6,166,JHT,P,120,JHT-P-120,LORONG PADANG BELIA HADAPAN KEDAI TOTO NO 40,LORONG PADANG BELIA HADAPAN KEDAI TOTO NO 40,1,Hadapan,,3.1336,101.690276,7,55c38deb-aae3-44c5-bfac-0bb919effec4,Wilayah Persekutuan Kuala Lumpur,137,WP Kuala Lumpur,1,Awam,1,Berfungsi,194.729,images/img_pili/20191128165632684.,1,Pillar Hydrant,121,Lembah Pantai,0000-00-00,0,,30,BRICKFIELDS (WP),99785b29-b2fd-4979-99b5-36257d773818
551050,6eb8f9de-a06a-4532-b709-98130ab5361b,e795beb3-2cda-4ac4-b79d-7953221f1fb6,166,JHT,P,121,JHT-P-121,LORONG PADANG BELIA BELAKANG YMCA,LORONG PADANG BELIA BELAKANG YMCA,2,Belakang,,3.133653,101.690067,7,55c38deb-aae3-44c5-bfac-0bb919effec4,Wilayah Persekutuan Kuala Lumpur,137,WP Kuala Lumpur,1,Awam,1,Berfungsi,194.729,images/img_pili/2019112816592126.,2,Ground Hydrant,121,Lembah Pantai,0000-00-00,0,,30,BRICKFIELDS (WP),99785b29-b2fd-4979-99b5-36257d773818
551051,329dcacb-59d2-45d7-82f1-dd934f7f213b,e795beb3-2cda-4ac4-b79d-7953221f1fb6,166,JHT,P,122,JHT-P-122,KOLEJ METHODIS OFF JLN TUN SAMBATHAN 4 ( HADAPAN ),KOLEJ METHODIS OFF JLN TUN SAMBATHAN 4 ( HADAPAN ),1,Hadapan,,3.13052,101.690394,7,55c38deb-aae3-44c5-bfac-0bb919effec4,Wilayah Persekutuan Kuala Lumpur,137,WP Kuala Lumpur,2,Swasta,1,Berfungsi,252.96,images/img_pili/2019112817052268.,1,Pillar Hydrant,121,Lembah Pantai,0000-00-00,0,,30,BRICKFIELDS (WP),99785b29-b2fd-4979-99b5-36257d773818
551052,30ed91b7-d648-412a-a927-c10ec52bcdf0,e795beb3-2cda-4ac4-b79d-7953221f1fb6,166,JHT,P,123,JHT-P-123,KOLEJ METHODIS OFF JLN TUN SAMBATHAN 4 ( PARKING ),KOLEJ METHODIS OFF JLN TUN SAMBATHAN 4 ( PARKING ),3,Berhampiran,,3.131082,101.690453,7,55c38deb-aae3-44c5-bfac-0bb919effec4,Wilayah Persekutuan Kuala Lumpur,137,WP Kuala Lumpur,2,Swasta,1,Berfungsi,252.96,images/img_pili/20191128170827197.,1,Pillar Hydrant,121,Lembah Pantai,0000-00-00,0,,30,BRICKFIELDS (WP),99785b29-b2fd-4979-99b5-36257d773818
551053,ae0e08ba-10d6-4da8-a58e-8a87727a9173,e795beb3-2cda-4ac4-b79d-7953221f1fb6,166,JHT,P,124,JHT-P-124,KOLEJ METHODIS OFF JLN TUN SAMBATHAN 4 ( BERHAMPIRAN KANTIN ),KOLEJ METHODIS OFF JLN TUN SAMBATHAN 4 ( BERHAMPIRAN KANTIN ),3,Berhampiran,,3.130997,101.689981,7,55c38deb-aae3-44c5-bfac-0bb919effec4,Wilayah Persekutuan Kuala Lumpur,137,WP Kuala Lumpur,2,Swasta,1,Berfungsi,252.96,images/img_pili/20191128171117156.,1,Pillar Hydrant,121,Lembah Pantai,0000-00-00,0,,30,BRICKFIELDS (WP),99785b29-b2fd-4979-99b5-36257d773818
551054,d196d343-fd61-44d9-a5de-d07869bdf02b,e795beb3-2cda-4ac4-b79d-7953221f1fb6,166,JHT,P,125,JHT-P-125,SK BRICKFIELD 2 JLN SULTAN ABD SAMAD,SK BRICKFIELD 2 JLN SULTAN ABD SAMAD,4,Tepi,,3.130959,101.688957,7,55c38deb-aae3-44c5-bfac-0bb919effec4,Wilayah Persekutuan Kuala Lumpur,137,WP Kuala Lumpur,2,Swasta,2,Tidak Berfungsi,0,images/img_pili/20191128171443784.,1,Pillar Hydrant,121,Lembah Pantai,0000-00-00,0,,30,BRICKFIELDS (WP),99785b29-b2fd-4979-99b5-36257d773818
551055,841f571c-8a0e-45f4-80ef-6b74dbf3d2bb,e795beb3-2cda-4ac4-b79d-7953221f1fb6,166,JHT,P,126,JHT-P-126,STESEN MONOREL JLN TEBING,STESEN MONOREL JLN TEBING,3,Berhampiran,,3.127119,101.687063,7,55c38deb-aae3-44c5-bfac-0bb919effec4,Wilayah Persekutuan Kuala Lumpur,137,WP Kuala Lumpur,2,Swasta,1,Berfungsi,357.74,images/img_pili/20191128171918669.,2,Ground Hydrant,121,Lembah Pantai,0000-00-00,0,,30,BRICKFIELDS (WP),99785b29-b2fd-4979-99b5-36257d773818
551057,e70667fe-86d9-414b-93b5-4b7eca9409fe,e795beb3-2cda-4ac4-b79d-7953221f1fb6,166,JHT,P,127,JHT-P-127,130 TONG SOON MASSION HADAPAN JLN BERHALA,130 TONG SOON MASSION HADAPAN JLN BERHALA,1,Hadapan,,3.128077,101.686173,7,55c38deb-aae3-44c5-bfac-0bb919effec4,Wilayah Persekutuan Kuala Lumpur,137,WP Kuala Lumpur,2,Swasta,1,Berfungsi,357.74,images/img_pili/2019112817223584.,2,Ground Hydrant,121,Lembah Pantai,0000-00-00,0,,30,BRICKFIELDS (WP),99785b29-b2fd-4979-99b5-36257d773818
551060,353bb512-2960-45ab-8413-ddafa26f3953,e795beb3-2cda-4ac4-b79d-7953221f1fb6,166,JHT,P,128,JHT-P-128,HADAPAN KOMPLEK SUKAN TUN SAMBATHAN,HADAPAN KOMPLEK SUKAN TUN SAMBATHAN,1,Hadapan,,3.126781,101.68276,7,55c38deb-aae3-44c5-bfac-0bb919effec4,Wilayah Persekutuan Kuala Lumpur,137,WP Kuala Lumpur,2,Swasta,1,Berfungsi,357.74,images/img_pili/20191128172710976.,1,Pillar Hydrant,121,Lembah Pantai,0000-00-00,0,,30,BRICKFIELDS (WP),99785b29-b2fd-4979-99b5-36257d773818
551061,281ea288-e416-4f74-b9f4-682181fb141c,e795beb3-2cda-4ac4-b79d-7953221f1fb6,166,JHT,P,129,JHT-P-129,BANGUNAN BANK RAKYAT JLN TUN SAMBATHAN,BANGUNAN BANK RAKYAT JLN TUN SAMBATHAN,3,Berhampiran,,3.130691,101.683092,7,55c38deb-aae3-44c5-bfac-0bb919effec4,Wilayah Persekutuan Kuala Lumpur,137,WP Kuala Lumpur,2,Swasta,1,Berfungsi,438.14,images/img_pili/20191128173004694.,2,Ground Hydrant,121,Lembah Pantai,0000-00-00,0,,30,BRICKFIELDS (WP),99785b29-b2fd-4979-99b5-36257d773818
551063,b6ff9c77-4ba2-4c72-96b8-52da34e3754b,e795beb3-2cda-4ac4-b79d-7953221f1fb6,166,JHT,P,130,JHT-P-130,BANGUNAN BANK RAKYAT JLN TUN SAMBATHAN,BANGUNAN BANK RAKYAT JLN TUN SAMBATHAN,3,Berhampiran,,3.13059,101.682985,7,55c38deb-aae3-44c5-bfac-0bb919effec4,Wilayah Persekutuan Kuala Lumpur,137,WP Kuala Lumpur,2,Swasta,1,Berfungsi,778.915,images/img_pili/20191128173144174.,1,Pillar Hydrant,121,Lembah Pantai,0000-00-00,0,,30,BRICKFIELDS (WP),99785b29-b2fd-4979-99b5-36257d773818
551065,43a73de1-6498-4777-8af0-be7db788f234,e795beb3-2cda-4ac4-b79d-7953221f1fb6,166,JHT,P,131,JHT-P-131,BANGUNAN BANK RAKYAT JLN TUN SAMBATHAN,BANGUNAN BANK RAKYAT JLN TUN SAMBATHAN,3,Berhampiran,,3.130809,101.682771,7,55c38deb-aae3-44c5-bfac-0bb919effec4,Wilayah Persekutuan Kuala Lumpur,137,WP Kuala Lumpur,2,Swasta,1,Berfungsi,778.915,images/img_pili/20191128173317587.,1,Pillar Hydrant,121,Lembah Pantai,0000-00-00,0,,30,BRICKFIELDS (WP),99785b29-b2fd-4979-99b5-36257d773818
551066,5b3d7d33-2004-4403-861c-885c13a14f0c,e795beb3-2cda-4ac4-b79d-7953221f1fb6,166,JHT,P,132,JHT-P-132,BANGUNAN BANK RAKYAT JLN TUN SAMBATHAN,BANGUNAN BANK RAKYAT JLN TUN SAMBATHAN,3,Berhampiran,,3.1309,101.682889,7,55c38deb-aae3-44c5-bfac-0bb919effec4,Wilayah Persekutuan Kuala Lumpur,137,WP Kuala Lumpur,2,Swasta,2,Tidak Berfungsi,0,images/img_pili/20191128173450522.,1,Pillar Hydrant,121,Lembah Pantai,0000-00-00,0,,30,BRICKFIELDS (WP),99785b29-b2fd-4979-99b5-36257d773818
551069,65fe1cdf-7c12-41e6-a613-8e1224a27959,e795beb3-2cda-4ac4-b79d-7953221f1fb6,166,JHT,P,133,JHT-P-133,HOTEL PRESCOTT JLN TUN SAMBATHAN,HOTEL PRESCOTT JLN TUN SAMBATHAN,3,Berhampiran,,3.136273,101.691029,7,55c38deb-aae3-44c5-bfac-0bb919effec4,Wilayah Persekutuan Kuala Lumpur,137,WP Kuala Lumpur,2,Swasta,1,Berfungsi,252.96,images/img_pili/20191128173847174.,1,Pillar Hydrant,121,Lembah Pantai,0000-00-00,0,,30,BRICKFIELDS (WP),99785b29-b2fd-4979-99b5-36257d773818
551070,7c5cb704-a5a7-4884-ab59-235a9239c3fa,e795beb3-2cda-4ac4-b79d-7953221f1fb6,166,JHT,P,134,JHT-P-134,HADAPAN SEBELAH KIRI BANGUNAN ALIA,HADAPAN SEBELAH KIRI BANGUNAN ALIA,5,Kiri,,3.128088,101.680374,7,55c38deb-aae3-44c5-bfac-0bb919effec4,Wilayah Persekutuan Kuala Lumpur,137,WP Kuala Lumpur,2,Swasta,1,Berfungsi,252.96,images/img_pili/20191128174104182.,1,Pillar Hydrant,121,Lembah Pantai,0000-00-00,0,,30,BRICKFIELDS (WP),99785b29-b2fd-4979-99b5-36257d773818
551072,120e664c-d18e-4f44-9458-f7d180aac200,e795beb3-2cda-4ac4-b79d-7953221f1fb6,166,JHT,P,135,JHT-P-135,HADAPAN SEBELAH KANAN BANGUNAN ALIA,HADAPAN SEBELAH KANAN BANGUNAN ALIA,6,Kanan,,3.127504,101.679929,7,55c38deb-aae3-44c5-bfac-0bb919effec4,Wilayah Persekutuan Kuala Lumpur,137,WP Kuala Lumpur,2,Swasta,2,Tidak Berfungsi,0,images/img_pili/20191128174318421.,1,Pillar Hydrant,121,Lembah Pantai,0000-00-00,0,,30,BRICKFIELDS (WP),99785b29-b2fd-4979-99b5-36257d773818
551073,2075fa8f-82e9-4fc2-967d-82e6aad800e7,e795beb3-2cda-4ac4-b79d-7953221f1fb6,166,JHT,P,136,JHT-P-136,DALAM KAWASAN BANGUNAN ALIA ( TENGAH ),DALAM KAWASAN BANGUNAN ALIA ( TENGAH ),7,Tengah,,3.127751,101.680202,7,55c38deb-aae3-44c5-bfac-0bb919effec4,Wilayah Persekutuan Kuala Lumpur,137,WP Kuala Lumpur,2,Swasta,1,Berfungsi,438.14,images/img_pili/20191128174542393.,1,Pillar Hydrant,121,Lembah Pantai,0000-00-00,0,,30,BRICKFIELDS (WP),99785b29-b2fd-4979-99b5-36257d773818
551075,f0bc0c25-1d08-48e3-9e4d-8faa8da45c6b,e795beb3-2cda-4ac4-b79d-7953221f1fb6,166,JHT,P,137,JHT-P-137,DALAM KAWASAN BANGUNAN ALIA ( BELAKANG ),DALAM KAWASAN BANGUNAN ALIA ( BELAKANG ),2,Belakang,,3.127467,101.680159,7,55c38deb-aae3-44c5-bfac-0bb919effec4,Wilayah Persekutuan Kuala Lumpur,137,WP Kuala Lumpur,2,Swasta,1,Berfungsi,438.14,images/img_pili/20191128174832690.,1,Pillar Hydrant,121,Lembah Pantai,0000-00-00,0,,30,BRICKFIELDS (WP),99785b29-b2fd-4979-99b5-36257d773818